{
"type": "FeatureCollection",
"name": "Kemihaara_Basin",
"crs": { "type": "name", "properties": { "name": "urn:ogc:def:crs:OGC:1.3:CRS84" } },
"features": [
{ "type": "Feature", "properties": { "OID": 0 }, "geometry": { "type": "Polygon", "coordinates": [ [ [ 29.069684438470667, 66.847393113675992 ], [ 29.068586638579784, 66.846268134183717 ], [ 29.068356425531466, 66.846173364404265 ], [ 29.063368914692447, 66.844120405316175 ], [ 29.062262650191123, 66.842618723310864 ], [ 29.05968111330094, 66.840642839074945 ], [ 29.055681098858873, 66.838048407470794 ], [ 29.053897605277793, 66.836340171651329 ], [ 29.05183576593641, 66.83484185485959 ], [ 29.049143023258591, 66.8334234576987 ], [ 29.046194510545533, 66.83303101670522 ], [ 29.041755453917542, 66.833886790909276 ], [ 29.034874898609353, 66.834423998831738 ], [ 29.028547188853175, 66.834487329521238 ], [ 29.025202556095934, 66.835364481070201 ], [ 29.021205414044946, 66.83551427664392 ], [ 29.015376041879666, 66.833327990230202 ], [ 29.011550109585393, 66.832506517234606 ], [ 29.00891498757629, 66.832315734499389 ], [ 29.008727853700933, 66.830586743389048 ], [ 29.009328254448953, 66.827905799589132 ], [ 29.006921357879335, 66.825765416025845 ], [ 29.004101880200267, 66.823029184267611 ], [ 29.00300417950303, 66.820459497115607 ], [ 29.002125895428126, 66.818344533142394 ], [ 29.002194721531261, 66.816396990317855 ], [ 29.000642021159852, 66.813824068769151 ], [ 28.998801642196071, 66.812465844475696 ], [ 28.995851284168641, 66.809488931137167 ], [ 28.993593218905765, 66.807463113993322 ], [ 28.991697762715997, 66.805414749722374 ], [ 28.991160253519109, 66.803555600543604 ], [ 28.991803896323859, 66.801672582687473 ], [ 28.989870832930134, 66.799714392489676 ], [ 28.986844023666425, 66.797446986598786 ], [ 28.985839918270653, 66.795154115685918 ], [ 28.985857301431391, 66.793117526133457 ], [ 28.985572433827514, 66.790716937903909 ], [ 28.985068689283278, 66.78813967490639 ], [ 28.985156181287365, 66.786407207207134 ], [ 28.985359185604231, 66.782726631006994 ], [ 28.981409560426606, 66.779412185645938 ], [ 28.98014439786261, 66.77781331237172 ], [ 28.979831119126413, 66.77589749320866 ], [ 28.979789223278644, 66.774247394585061 ], [ 28.976009402138278, 66.773020898992044 ], [ 28.970429093103828, 66.772005181269662 ], [ 28.966525153845744, 66.770636489066788 ], [ 28.965239621190264, 66.769333799685782 ], [ 28.964840211635739, 66.767176816704364 ], [ 28.96547012973263, 66.765392771092777 ], [ 28.965281117997375, 66.763879061172148 ], [ 28.966313855616516, 66.762305288150415 ], [ 28.969601655838357, 66.759680711485785 ], [ 28.972831036062303, 66.756052052658191 ], [ 28.971452536282939, 66.75414953729269 ], [ 28.968902222014783, 66.751786187307715 ], [ 28.967845318502139, 66.750776700034706 ], [ 28.969175022109365, 66.74923508232834 ], [ 28.972503857616765, 66.74856553595788 ], [ 28.97091175265621, 66.747392319096917 ], [ 28.970594595879597, 66.745413740982855 ], [ 28.968752648333336, 66.743382426673961 ], [ 28.968388463109651, 66.74166459101049 ], [ 28.969092651183651, 66.739969297454493 ], [ 28.971109359433651, 66.738230674962011 ], [ 28.971919002626812, 66.736722437536002 ], [ 28.972286439177502, 66.735076181242363 ], [ 28.972279727093245, 66.733291085489341 ], [ 28.972121981174766, 66.731319479069342 ], [ 28.973108606634757, 66.730042253250616 ], [ 28.974199210670569, 66.72808193131236 ], [ 28.97472415590487, 66.725007342132756 ], [ 28.974604303949299, 66.723510716161897 ], [ 28.973859327550262, 66.721286322921074 ], [ 28.973199232808582, 66.7195542510472 ], [ 28.973380820735549, 66.717856492969347 ], [ 28.973465655431308, 66.716366276969865 ], [ 28.972853606375391, 66.714382426262105 ], [ 28.970566463548089, 66.712993654439273 ], [ 28.967775653608228, 66.712391612093867 ], [ 28.964755886685207, 66.712043561585062 ], [ 28.959981939527118, 66.711582715872879 ], [ 28.954258402656407, 66.710577332113587 ], [ 28.950614234351345, 66.710066309144764 ], [ 28.946169977114945, 66.709179345631 ], [ 28.942771588287656, 66.709194386984549 ], [ 28.938705201165938, 66.711092444217954 ], [ 28.936266016473798, 66.714091738970012 ], [ 28.935573186369844, 66.716818366372308 ], [ 28.934031014784967, 66.719124819258781 ], [ 28.930573228610385, 66.723033564374518 ], [ 28.927195005053861, 66.725362426737036 ], [ 28.926857627088349, 66.727429793498757 ], [ 28.925247147633694, 66.730041985201552 ], [ 28.924206566149515, 66.733275137685993 ], [ 28.922333220517611, 66.736016084197985 ], [ 28.92050925967429, 66.737940080829006 ], [ 28.916928215968497, 66.739741888150846 ], [ 28.912393189870105, 66.740954151998451 ], [ 28.907137976853676, 66.741663679748569 ], [ 28.904100259198508, 66.742292436581792 ], [ 28.902065339118952, 66.74385992455035 ], [ 28.900010786852896, 66.745176442992289 ], [ 28.896475753608637, 66.746133979115697 ], [ 28.894251024329733, 66.747604960337398 ], [ 28.892997839429412, 66.749315427767826 ], [ 28.893409960743629, 66.751723545888922 ], [ 28.891335773648823, 66.753390020825876 ], [ 28.886750263634806, 66.753992127891308 ], [ 28.882064825345726, 66.754774691872598 ], [ 28.877748467930981, 66.756530506322406 ], [ 28.87256157743753, 66.757596833916566 ], [ 28.86855517178066, 66.758065935405369 ], [ 28.864857842649332, 66.758719663379935 ], [ 28.86257208798305, 66.75912341429796 ], [ 28.861004183157661, 66.759411024456853 ], [ 28.855031264884662, 66.762118634815835 ], [ 28.852041622628153, 66.764342509931382 ], [ 28.852668876561896, 66.766640518195899 ], [ 28.853934031498561, 66.766849922301915 ], [ 28.855618557684348, 66.767197916269581 ], [ 28.857001306089238, 66.767459730647147 ], [ 28.858965045564222, 66.767894108370797 ], [ 28.860442714651562, 66.768809614732135 ], [ 28.860726280701279, 66.769254791271564 ], [ 28.861291048286184, 66.769813259743614 ], [ 28.861543826573719, 66.770752168868228 ], [ 28.861538095698787, 66.771577509447141 ], [ 28.86207755615284, 66.772701418688897 ], [ 28.863869009698991, 66.773254379794608 ], [ 28.863608211213567, 66.774010976085634 ], [ 28.864511065368578, 66.77513057941529 ], [ 28.865568196130365, 66.776185564539048 ], [ 28.864918421908076, 66.777206895838233 ], [ 28.864404264256393, 66.778818662357054 ], [ 28.864569236931896, 66.780395504925096 ], [ 28.863295738435532, 66.782186663502387 ], [ 28.860312232057989, 66.783011230563616 ], [ 28.859033290903255, 66.783232610690092 ], [ 28.857778698524516, 66.783776621109979 ], [ 28.856300987452748, 66.784377069266682 ], [ 28.854319072584765, 66.785225620757245 ], [ 28.854180189237209, 66.786097372229293 ], [ 28.856102931610526, 66.786873154521686 ], [ 28.857717946306735, 66.787787080310736 ], [ 28.860171872334046, 66.788969198126296 ], [ 28.861596944178686, 66.789472692302596 ], [ 28.863255338116257, 66.790054151888171 ], [ 28.864585298704622, 66.79080094024863 ], [ 28.864893555550299, 66.790967734865234 ], [ 28.865072808383516, 66.792131766671332 ], [ 28.863961798192996, 66.793373817597271 ], [ 28.862397578175891, 66.794639141536919 ], [ 28.861004490993835, 66.796063900714614 ], [ 28.859532205126406, 66.797947069055724 ], [ 28.859354760227937, 66.799509993219942 ], [ 28.859541979919424, 66.800781576793753 ], [ 28.859571458651629, 66.802072964277627 ], [ 28.860125435351637, 66.803080085827958 ], [ 28.86270515304891, 66.804099229329424 ], [ 28.86475713195323, 66.804756781160393 ], [ 28.866098809000686, 66.805646945747142 ], [ 28.868998703002944, 66.806680158510829 ], [ 28.872697911523456, 66.807748694778994 ], [ 28.871901638577345, 66.808646190896141 ], [ 28.870399619661537, 66.809839094006492 ], [ 28.869541826504634, 66.81082700813846 ], [ 28.868918601568179, 66.812206845108562 ], [ 28.868444024975283, 66.813746381206101 ], [ 28.868107616730221, 66.815607218873325 ], [ 28.867868050485082, 66.817843663916548 ], [ 28.866467583033838, 66.819483838727592 ], [ 28.86438937130999, 66.819696728315364 ], [ 28.861549986786628, 66.819479019724355 ], [ 28.858436646523096, 66.820152529653342 ], [ 28.857129933094949, 66.820634336582657 ], [ 28.856541944155854, 66.820686092738967 ], [ 28.854499426624113, 66.82137386822167 ], [ 28.853140562656705, 66.822071535871217 ], [ 28.850404149206309, 66.822919879316643 ], [ 28.848003173912868, 66.823387495255545 ], [ 28.84484330348295, 66.823756287238439 ], [ 28.842962830844439, 66.824486859828454 ], [ 28.840152250751938, 66.825569114018435 ], [ 28.836104831836696, 66.82686301369273 ], [ 28.833922087668611, 66.828126231121217 ], [ 28.834573282699758, 66.828917025742513 ], [ 28.835170324751775, 66.829591831571477 ], [ 28.836148172939314, 66.830181495931953 ], [ 28.837744510204033, 66.830817777302755 ], [ 28.839743989972199, 66.831969639803873 ], [ 28.840099649627266, 66.832763850837637 ], [ 28.840124045422773, 66.833696468406814 ], [ 28.840725275170673, 66.834120047179141 ], [ 28.840720108731393, 66.834658321732093 ], [ 28.840432602568015, 66.83568427033309 ], [ 28.839702565440199, 66.836580819918467 ], [ 28.83885737228454, 66.837765740590697 ], [ 28.838092567856609, 66.8394161809168 ], [ 28.837215126432252, 66.840780869811681 ], [ 28.836311458469229, 66.842101014937199 ], [ 28.835682237193236, 66.843435900082653 ], [ 28.835735274543723, 66.844448920762431 ], [ 28.836514193682493, 66.845112649545356 ], [ 28.839085898914103, 66.845674823225181 ], [ 28.84027817276219, 66.846378572875111 ], [ 28.84221721162967, 66.847010842730569 ], [ 28.844523922745232, 66.847378671811825 ], [ 28.847523471826847, 66.848168946611494 ], [ 28.850545538638134, 66.849254923433392 ], [ 28.851684885411014, 66.850156563408618 ], [ 28.852594134662628, 66.851329997064994 ], [ 28.852919158513103, 66.85231292186927 ], [ 28.852050154866006, 66.852879246077549 ], [ 28.850428568879309, 66.853140405176504 ], [ 28.848117576773237, 66.853328868865148 ], [ 28.844793395217991, 66.854291570134407 ], [ 28.840800318190155, 66.855154346347021 ], [ 28.836341352011246, 66.85619285404556 ], [ 28.834243055986132, 66.85679126772547 ], [ 28.83145921833427, 66.857370680997434 ], [ 28.827200463080981, 66.858352782750416 ], [ 28.823009050174946, 66.859325026502759 ], [ 28.819706639294516, 66.859990916229933 ], [ 28.81582545295463, 66.861156739707383 ], [ 28.813308784111918, 66.861660998097747 ], [ 28.810268637468344, 66.862180165571004 ], [ 28.807862391672323, 66.862638222407341 ], [ 28.806084483638486, 66.863268478466679 ], [ 28.80436987555305, 66.864140182926619 ], [ 28.802186204144057, 66.864837795735028 ], [ 28.80098191252269, 66.86582923933716 ], [ 28.800138210665668, 66.866762741600169 ], [ 28.799550415076677, 66.867765102470244 ], [ 28.798835688275108, 66.868903444203411 ], [ 28.798031028803194, 66.8700607501668 ], [ 28.797159246880241, 66.871236751072928 ], [ 28.795278704756342, 66.872657398098355 ], [ 28.793105339395041, 66.87382120787197 ], [ 28.791279135043283, 66.87536677372465 ], [ 28.790055817477352, 66.876735078479129 ], [ 28.788841531435715, 66.878228838022451 ], [ 28.787855792288596, 66.879728990473708 ], [ 28.787620414322372, 66.884943216300073 ], [ 28.788000389572087, 66.887019969342674 ], [ 28.789077219109334, 66.887698505726505 ], [ 28.791512184454866, 66.888218165274949 ], [ 28.794521182372311, 66.889404050752432 ], [ 28.797650455966707, 66.890669244290947 ], [ 28.799728294329888, 66.892224386467149 ], [ 28.799967109158594, 66.893298079606041 ], [ 28.798540860505302, 66.894085695125099 ], [ 28.796109304315699, 66.894866743257921 ], [ 28.794573830214048, 66.89541336072898 ], [ 28.795237394885167, 66.897298525484317 ], [ 28.795597195252277, 66.898155567330988 ], [ 28.793932922965102, 66.898506296520878 ], [ 28.787729188516419, 66.899868055485754 ], [ 28.787141415665936, 66.900888283406104 ], [ 28.785756025500838, 66.901621491298812 ], [ 28.783495487706606, 66.902570843396205 ], [ 28.781843247033638, 66.903719629385733 ], [ 28.78103083748114, 66.905424075884468 ], [ 28.781220768210275, 66.907090359347706 ], [ 28.779118059181144, 66.908961767521106 ], [ 28.77715398821487, 66.910544554696642 ], [ 28.776990176747066, 66.911748367918761 ], [ 28.776736906790152, 66.913607981214597 ], [ 28.776927185138845, 66.916225070380278 ], [ 28.77589093901554, 66.917375853997399 ], [ 28.774580610043362, 66.918215748302401 ], [ 28.772407619492093, 66.918823084472237 ], [ 28.769648075142626, 66.918907703260274 ], [ 28.766638093775054, 66.918690089698842 ], [ 28.761729396539412, 66.918448674637148 ], [ 28.75712475667229, 66.918302395488354 ], [ 28.751277214377343, 66.918672032214644 ], [ 28.748825933957654, 66.9195511975865 ], [ 28.746260277461261, 66.920431591263394 ], [ 28.743739473887643, 66.921302484335456 ], [ 28.738948348426756, 66.922395558249647 ], [ 28.73624425306296, 66.922945420238079 ], [ 28.733230393102971, 66.923642130024817 ], [ 28.730161178826574, 66.924850659869477 ], [ 28.727740890904105, 66.92554079788772 ], [ 28.725136429041569, 66.926214953259304 ], [ 28.721969617647684, 66.926697834794027 ], [ 28.718763148638434, 66.927593683896703 ], [ 28.714203390677053, 66.928432338216908 ], [ 28.710266117506379, 66.929021962820443 ], [ 28.70814809464984, 66.929143442878313 ], [ 28.704536146061699, 66.928500576140578 ], [ 28.701704066974731, 66.927562240669175 ], [ 28.697296434033717, 66.926649688334862 ], [ 28.693577605794829, 66.925774515199222 ], [ 28.68969477087067, 66.924838217852709 ], [ 28.686032034826749, 66.923773909335281 ], [ 28.683185757931181, 66.921947415459286 ], [ 28.681506604582911, 66.92079916810961 ], [ 28.677953544065094, 66.919320921861669 ], [ 28.674234679089697, 66.918418400176392 ], [ 28.66967517714043, 66.917919301112406 ], [ 28.665971867852768, 66.917572538255399 ], [ 28.66284848284339, 66.917686037147419 ], [ 28.660576516501035, 66.91754837975347 ], [ 28.657644754436937, 66.916780743607603 ], [ 28.654439137209867, 66.91601591994376 ], [ 28.650922823391777, 66.916061524502169 ], [ 28.648445073302018, 66.916257707088064 ], [ 28.646241524787079, 66.91713269220584 ], [ 28.645007227804239, 66.917809235298364 ], [ 28.643126746688651, 66.918393802502521 ], [ 28.641692203680194, 66.919493956692975 ], [ 28.640952984619439, 66.920398553161832 ], [ 28.640808285956886, 66.921987648000652 ], [ 28.64121956928544, 66.923005913115333 ], [ 28.641559973962945, 66.924329878673817 ], [ 28.641348526382441, 66.925605731712039 ], [ 28.640058399722697, 66.926820977362425 ], [ 28.638756117995353, 66.927856956163055 ], [ 28.637030990893287, 66.929067692603354 ], [ 28.63539230790823, 66.930205769462972 ], [ 28.634996449813531, 66.931465572785228 ], [ 28.634716578553618, 66.933091922684255 ], [ 28.634887764712598, 66.934623941092653 ], [ 28.635359786970994, 66.935524989281916 ], [ 28.635549144741809, 66.936303388771123 ], [ 28.63480025142422, 66.936732665207103 ], [ 28.631374946703456, 66.938185066088081 ], [ 28.628874798472992, 66.938766840089883 ], [ 28.627819862942776, 66.939755333423463 ], [ 28.626386816098879, 66.941249966019612 ], [ 28.624237899916338, 66.94230344619973 ], [ 28.622430392445082, 66.94264482763127 ], [ 28.619811072645707, 66.943164886540373 ], [ 28.617376927734089, 66.94371888929858 ], [ 28.615623808811158, 66.94488481969222 ], [ 28.614879251701389, 66.946426152869634 ], [ 28.614822809180104, 66.95006829142973 ], [ 28.61574942585348, 66.950928896189296 ], [ 28.614750727401887, 66.95243693724062 ], [ 28.612309719068445, 66.953941679767667 ], [ 28.61135281955859, 66.954355010949612 ], [ 28.61017661686045, 66.954914072548107 ], [ 28.608760577904434, 66.955654932174554 ], [ 28.607004843585447, 66.956453034738715 ], [ 28.605300664654649, 66.957340289384575 ], [ 28.605474786814263, 66.958594238209031 ], [ 28.604977175875767, 66.959729406744856 ], [ 28.604275249369383, 66.960543736509464 ], [ 28.602669158636655, 66.961187798697495 ], [ 28.600623126111294, 66.962455156289607 ], [ 28.59916714083354, 66.963994601023487 ], [ 28.596701151050105, 66.966198934614496 ], [ 28.596607882849788, 66.967222369386633 ], [ 28.596664853308361, 66.968791425955459 ], [ 28.597270560860878, 66.970345995675274 ], [ 28.596342137294485, 66.97155721549575 ], [ 28.594846630928405, 66.972505031970343 ], [ 28.593352226408498, 66.97312096023451 ], [ 28.590507615022336, 66.97410916102622 ], [ 28.587216049202176, 66.975272193852689 ], [ 28.583792196332318, 66.976167395983225 ], [ 28.58093212493435, 66.977281147914908 ], [ 28.579268785669647, 66.978481618953296 ], [ 28.578415751989848, 66.980167345731559 ], [ 28.576451816254021, 66.981684700250497 ], [ 28.576467823938607, 66.98299405305012 ], [ 28.576929149105521, 66.984810234467787 ], [ 28.576902842609108, 66.986173816561177 ], [ 28.574829912758378, 66.987432122145549 ], [ 28.572175668652282, 66.988920367849147 ], [ 28.570175589148153, 66.990249634799355 ], [ 28.567820693501975, 66.991411952411795 ], [ 28.564183329592463, 66.992954599355812 ], [ 28.561044382957832, 66.99441153168533 ], [ 28.558494495804535, 66.995763982315594 ], [ 28.555005439837455, 66.995340696573365 ], [ 28.553065410921182, 66.994399952094156 ], [ 28.549487470449435, 66.993295757126234 ], [ 28.546470792420809, 66.993082950327349 ], [ 28.544340526319452, 66.993471385249521 ], [ 28.538857771266905, 66.993775659303537 ], [ 28.534851400339232, 66.994226949948001 ], [ 28.530543461092826, 66.995353721668295 ], [ 28.526597379606063, 66.996772873469254 ], [ 28.522427206160405, 66.997916041752077 ], [ 28.517502088341658, 66.997989997200989 ], [ 28.51402675357037, 66.998148681168374 ], [ 28.510754638215335, 66.99899597213853 ], [ 28.507542450216384, 66.998963661093285 ], [ 28.506675281939167, 66.998290227365374 ], [ 28.504062219430285, 66.996449398099742 ], [ 28.502462104803154, 66.996527299795105 ], [ 28.500481281918123, 66.996752284160252 ], [ 28.498486349845859, 66.997120883891526 ], [ 28.495709131070889, 66.997819692870962 ], [ 28.494526336059014, 66.997974306993314 ], [ 28.493508881841066, 66.998208086259709 ], [ 28.490699314438324, 66.999131342410081 ], [ 28.488186895974682, 67.000042786531182 ], [ 28.488469363960679, 67.001286834579943 ], [ 28.488755275582669, 67.002961361611597 ], [ 28.489215567840873, 67.003737351702981 ], [ 28.488892844382484, 67.004834591355817 ], [ 28.486457765073848, 67.005521055244969 ], [ 28.4836623226808, 67.005941781781758 ], [ 28.479817713173823, 67.006461898483963 ], [ 28.476985452913738, 67.007035318159694 ], [ 28.475119680828026, 67.007662511381355 ], [ 28.472311969013102, 67.009024883633671 ], [ 28.470235095838646, 67.009958908975378 ], [ 28.467811637737782, 67.010474575560238 ], [ 28.464975387150709, 67.010993995473882 ], [ 28.462798787797556, 67.01180327737697 ], [ 28.459217220181326, 67.012141090796177 ], [ 28.455413764224872, 67.01260642122476 ], [ 28.45139476544189, 67.013306818622937 ], [ 28.448365850586811, 67.014069859515899 ], [ 28.444991680777758, 67.01520369199072 ], [ 28.442685470186269, 67.016166344115163 ], [ 28.440228213971565, 67.016906098817572 ], [ 28.436980275025537, 67.017859246410879 ], [ 28.431355925665791, 67.017820225998733 ], [ 28.426791232746901, 67.018632527897424 ], [ 28.42446525277164, 67.019666828029202 ], [ 28.421832631850791, 67.020954958100504 ], [ 28.419779306636944, 67.021556258746898 ], [ 28.416097640039112, 67.021391735373996 ], [ 28.412225759412944, 67.020717589955453 ], [ 28.40905600794898, 67.02146317989326 ], [ 28.405371427459684, 67.022437458804689 ], [ 28.402664184168366, 67.023250586788492 ], [ 28.400201611435666, 67.023532349000746 ], [ 28.395427144155136, 67.023125836490422 ], [ 28.392661979377348, 67.022934791710895 ], [ 28.38954991655454, 67.023500108927536 ], [ 28.385998835534945, 67.024418959946473 ], [ 28.384827423611085, 67.02601660945443 ], [ 28.383752744879828, 67.027299505964734 ], [ 28.382276142858, 67.02878319139414 ], [ 28.380787648242944, 67.030060684355433 ], [ 28.381087434397621, 67.031295758128977 ], [ 28.381389267162756, 67.032566693531621 ], [ 28.382595916676333, 67.033596589270132 ], [ 28.383302824491512, 67.034720494389958 ], [ 28.383548768913208, 67.036619715914512 ], [ 28.383674840484961, 67.038026703358128 ], [ 28.383962101070811, 67.039441253690057 ], [ 28.383046974789547, 67.040713789572806 ], [ 28.382842914734798, 67.041567580267667 ], [ 28.3813138541318, 67.042953044537015 ], [ 28.379525484809655, 67.043820565392664 ], [ 28.375036360009446, 67.044460270691957 ], [ 28.370543755102428, 67.045449649125828 ], [ 28.368946900620109, 67.04687145013402 ], [ 28.368484919800963, 67.048050305788664 ], [ 28.368285623823027, 67.049406276148261 ], [ 28.367898273751461, 67.050279560428649 ], [ 28.366451353631234, 67.051924259719414 ], [ 28.365516380710051, 67.053277557900202 ], [ 28.365905038992423, 67.054467049162156 ], [ 28.367884054620323, 67.056145144100228 ], [ 28.369982473874437, 67.057490354534266 ], [ 28.371222108000893, 67.059497635426609 ], [ 28.37155773286235, 67.061369186093941 ], [ 28.36757393632428, 67.061654528318428 ], [ 28.363732034204141, 67.061194164964945 ], [ 28.360127847133192, 67.061691323788068 ], [ 28.357340362597537, 67.062818210276191 ], [ 28.354133939129913, 67.063446372289221 ], [ 28.351120201959464, 67.063821715693805 ], [ 28.347125708764811, 67.064339817886491 ], [ 28.343582574134281, 67.065123071277327 ], [ 28.339621359259837, 67.066250552374655 ], [ 28.335988667990939, 67.067922270106934 ], [ 28.334799346341825, 67.068873927701446 ], [ 28.331545881159663, 67.070345051109527 ], [ 28.330119266755393, 67.072007156925537 ], [ 28.328123653009289, 67.073781615653772 ], [ 28.325199262447271, 67.074980808016562 ], [ 28.322727558166154, 67.075629113572717 ], [ 28.318930957399171, 67.076871296235666 ], [ 28.319390662142403, 67.077710532017221 ], [ 28.320554939965326, 67.077969951331326 ], [ 28.323032780220238, 67.078272279227576 ], [ 28.325408455212727, 67.078808609815098 ], [ 28.327344410635156, 67.079294741556055 ], [ 28.328516812022723, 67.080119050010907 ], [ 28.329772028357624, 67.081193778381049 ], [ 28.330574798573885, 67.082406797970677 ], [ 28.331734302879521, 67.083410560780749 ], [ 28.333318242446836, 67.084599110759953 ], [ 28.335089305897913, 67.085839885757068 ], [ 28.336203636052598, 67.086852968071639 ], [ 28.337860496028334, 67.088103642361972 ], [ 28.339921164231125, 67.089162569273228 ], [ 28.34355127972567, 67.090297950753609 ], [ 28.346494267562672, 67.090658794554642 ], [ 28.352344454792487, 67.091972539494066 ], [ 28.355258289631546, 67.092629433214938 ], [ 28.355727078945282, 67.093603023795851 ], [ 28.355764776514594, 67.094687895511797 ], [ 28.356588805101019, 67.095837827141992 ], [ 28.357588550447019, 67.097246361476635 ], [ 28.359085622472204, 67.098489213144177 ], [ 28.359362665615244, 67.099733481548654 ], [ 28.358457448881534, 67.100835350801177 ], [ 28.359620628448024, 67.102278344556012 ], [ 28.360280968905705, 67.103375847334149 ], [ 28.362011951482454, 67.105083050722612 ], [ 28.360658864269933, 67.106412963162086 ], [ 28.357648226001416, 67.108169517676018 ], [ 28.352728710641049, 67.109161927791561 ], [ 28.350494051199316, 67.109566486875849 ], [ 28.345985979855776, 67.110097819474873 ], [ 28.342444891307132, 67.110208346027008 ], [ 28.338660415179575, 67.110500193894751 ], [ 28.33567351127089, 67.111054344991317 ], [ 28.33208912571305, 67.111218807861746 ], [ 28.328313710055891, 67.11168073817592 ], [ 28.324784614200169, 67.11243649428188 ], [ 28.321119595360472, 67.112816624586415 ], [ 28.31730751194878, 67.113036441368308 ], [ 28.315277811910622, 67.112990391734868 ], [ 28.311388033466688, 67.112627771674738 ], [ 28.308197590551529, 67.11284227439306 ], [ 28.305593891870792, 67.113258182801033 ], [ 28.300339492034105, 67.113220335116083 ], [ 28.295506801010731, 67.11374390107909 ], [ 28.291705762081932, 67.114608740578802 ], [ 28.289250153210102, 67.11565097224755 ], [ 28.287435838603763, 67.116625212126806 ], [ 28.285134557672286, 67.117110092340965 ], [ 28.281576002980461, 67.117784404954108 ], [ 28.277668761469826, 67.117968161861512 ], [ 28.274536138263141, 67.118423664477405 ], [ 28.273233329119257, 67.119061840830042 ], [ 28.27369139855325, 67.120322709464247 ], [ 28.274312755383242, 67.122057603412756 ], [ 28.274832145125924, 67.123604971624545 ], [ 28.273551542208079, 67.123794549224712 ], [ 28.269319307048217, 67.12263544743 ], [ 28.265473905810552, 67.121374527204622 ], [ 28.262478695989504, 67.12050139953233 ], [ 28.258060992117031, 67.119298630671238 ], [ 28.254313469708727, 67.11812635993131 ], [ 28.251644893878321, 67.117761655429135 ], [ 28.24805192258685, 67.117341355871659 ], [ 28.244380761122667, 67.116742221422925 ], [ 28.24077381978929, 67.116043851229634 ], [ 28.238159265094357, 67.114925180547118 ], [ 28.236184238403869, 67.113693903845061 ], [ 28.234344837549791, 67.112407734103058 ], [ 28.231302834707961, 67.111023212814416 ], [ 28.227818736311473, 67.109543381576898 ], [ 28.224302967005549, 67.107884356350127 ], [ 28.221467445692468, 67.106004822424836 ], [ 28.218504191918043, 67.10386613350461 ], [ 28.215329764139717, 67.102096697471026 ], [ 28.211586073290235, 67.100905479163487 ], [ 28.207164192988145, 67.099495110280913 ], [ 28.202548273395394, 67.098803524321582 ], [ 28.199455623100327, 67.099113767570799 ], [ 28.197336603715197, 67.099560144759664 ], [ 28.195135138783517, 67.10067075541474 ], [ 28.19255229447608, 67.102456781416876 ], [ 28.19119719393592, 67.103462358400208 ], [ 28.191223033067221, 67.10492396587253 ], [ 28.192907664588784, 67.106866435193126 ], [ 28.194790920748996, 67.108628040251176 ], [ 28.194607971452083, 67.110521679541918 ], [ 28.193273811567277, 67.111024906882605 ], [ 28.18982100354658, 67.110602262537085 ], [ 28.186309339715375, 67.110386248872388 ], [ 28.1824003631347, 67.110522851161207 ], [ 28.177618124445264, 67.110701676328063 ], [ 28.172440044797217, 67.110793583777095 ], [ 28.167841885278627, 67.110970755081254 ], [ 28.163799479146167, 67.110731230425742 ], [ 28.160402123164005, 67.110011603136215 ], [ 28.157056681709307, 67.109892383245437 ], [ 28.152332366115427, 67.110321136948855 ], [ 28.148368601934944, 67.110762217429723 ], [ 28.143559487776489, 67.111352735726527 ], [ 28.139685380242945, 67.111748116948846 ], [ 28.135324207134556, 67.112075120845446 ], [ 28.129999124009093, 67.112480572568217 ], [ 28.126778700953235, 67.112081832198257 ], [ 28.121793670228985, 67.111874789439597 ], [ 28.115069837567525, 67.111921872100794 ], [ 28.111737052126351, 67.111075219355115 ], [ 28.10910261386277, 67.110887271429434 ], [ 28.105643309520048, 67.111296877177622 ], [ 28.104333424611305, 67.112373123692052 ], [ 28.103199484735196, 67.113268785851972 ], [ 28.101009169363323, 67.114745664937075 ], [ 28.099167552911762, 67.115789653508031 ], [ 28.097391477466914, 67.114725719813322 ], [ 28.097907041582676, 67.11339492988688 ], [ 28.098479582006838, 67.112305876825857 ], [ 28.096757015512249, 67.11089181670215 ], [ 28.095306992749794, 67.10989736723441 ], [ 28.092571388920774, 67.108992412352222 ], [ 28.089184070282652, 67.107930443384859 ], [ 28.086351477704035, 67.107420627896417 ], [ 28.081603175673376, 67.107327311279818 ], [ 28.076462707373988, 67.107218563723578 ], [ 28.072556387146793, 67.106895096141102 ], [ 28.068842185447767, 67.107269748730261 ], [ 28.064874209336075, 67.107637035236593 ], [ 28.061845763193272, 67.107899328960329 ], [ 28.058659502208574, 67.107714230052494 ], [ 28.052433064077782, 67.107522217501369 ], [ 28.049705359993144, 67.107818174705812 ], [ 28.0479206545753, 67.10861906169626 ], [ 28.046086892091999, 67.109886571773657 ], [ 28.044123113015907, 67.110814141554982 ], [ 28.041837307573967, 67.112290815213598 ], [ 28.039587976541881, 67.113013929076132 ], [ 28.035768324068435, 67.113110486863278 ], [ 28.033734074746928, 67.113482374636462 ], [ 28.031213385198274, 67.114332669190333 ], [ 28.030082749347034, 67.115371253799367 ], [ 28.029262467438866, 67.116667900089823 ], [ 28.02716023702791, 67.118161105755632 ], [ 28.027204397471628, 67.119201081648484 ], [ 28.024659080085414, 67.120033492515475 ], [ 28.020036180821151, 67.120780490687565 ], [ 28.014744448427614, 67.122069664576699 ], [ 28.010407786785045, 67.123065668344367 ], [ 28.006269185798082, 67.123845066632811 ], [ 28.001347737428837, 67.124091212628727 ], [ 27.997364144645761, 67.12416993588073 ], [ 27.992911663765678, 67.124054178343258 ], [ 27.989712113037957, 67.124145770480155 ], [ 27.987780801627004, 67.123691405040177 ], [ 27.987012824198782, 67.122377908696507 ], [ 27.986401795867955, 67.121520784517998 ], [ 27.987317403512503, 67.120241725251418 ], [ 27.988005131071727, 67.119026832232137 ], [ 27.989378662473019, 67.117682155439311 ], [ 27.988712065136141, 67.116592221314775 ], [ 27.98637887925403, 67.115871298890013 ], [ 27.984372266047622, 67.115246969712743 ], [ 27.981628423514668, 67.114618185592775 ], [ 27.980447852525344, 67.113908024626554 ], [ 27.978938427098473, 67.113038451647881 ], [ 27.976866768522875, 67.112504114097646 ], [ 27.97391474686868, 67.11184059696042 ], [ 27.971158255760542, 67.110879912723121 ], [ 27.966400151102928, 67.109967172527419 ], [ 27.962785605421278, 67.109424040700716 ], [ 27.958586365402081, 67.108651185838127 ], [ 27.95361340484936, 67.108107024624601 ], [ 27.948644179300288, 67.107652372314575 ], [ 27.94348260624745, 67.107575339355279 ], [ 27.938732097444383, 67.106814184907179 ], [ 27.933304542834204, 67.105805764132654 ], [ 27.926800238084759, 67.104928955928429 ], [ 27.915664806341372, 67.103352142628083 ], [ 27.913641055329848, 67.103417534381137 ], [ 27.910921211328542, 67.10395320044951 ], [ 27.90827029190767, 67.104488418611453 ], [ 27.905619613192748, 67.105032552953944 ], [ 27.904333394572607, 67.105120554992027 ], [ 27.900754658142009, 67.104244030223327 ], [ 27.898066340057319, 67.103156175610494 ], [ 27.894518432621748, 67.102476623101197 ], [ 27.892402413144197, 67.103161025309021 ], [ 27.890104352945574, 67.103281468840251 ], [ 27.887261031443948, 67.102974459607324 ], [ 27.881528055097476, 67.102979316404699 ], [ 27.876192274892748, 67.10250651069488 ], [ 27.87169860723176, 67.102396602172661 ], [ 27.87038183257852, 67.102914928571735 ], [ 27.871762915119884, 67.103544088067181 ], [ 27.874081407014319, 67.105262127436262 ], [ 27.874711745828762, 67.105500804767601 ], [ 27.874712982116662, 67.106810042311992 ], [ 27.874748605299967, 67.107796268067261 ], [ 27.874657426827493, 67.109097058267196 ], [ 27.873225164103932, 67.11025273177053 ], [ 27.871119663579091, 67.111905274603572 ], [ 27.868541252354742, 67.112582912085401 ], [ 27.865521948600151, 67.113818876285649 ], [ 27.863470322417221, 67.115067487357592 ], [ 27.863059900774566, 67.115831937146311 ], [ 27.861906562519671, 67.117730295369753 ], [ 27.859615233363176, 67.120029342760191 ], [ 27.858298891955357, 67.121892673660639 ], [ 27.857310934111911, 67.123924617207948 ], [ 27.855835208197547, 67.124551284555594 ], [ 27.854521094265749, 67.125840658455189 ], [ 27.853759823433897, 67.126472445817569 ], [ 27.852077732787858, 67.127790667723758 ], [ 27.85213204958615, 67.128678147339699 ], [ 27.854249521642434, 67.130549998314436 ], [ 27.855449403147357, 67.131888700447504 ], [ 27.855882474836974, 67.133052144549637 ], [ 27.855337010169187, 67.133924900418592 ], [ 27.854522508469447, 67.135014315497941 ], [ 27.854763640650855, 67.136618186981323 ], [ 27.85418216977056, 67.138432715912501 ], [ 27.851711625954479, 67.138992910817336 ], [ 27.850886080770334, 67.138468225267601 ], [ 27.850631924460235, 67.137142402354812 ], [ 27.849697885271418, 67.136151994710659 ], [ 27.847935048707072, 67.13519287515976 ], [ 27.846273013554441, 67.134475329640338 ], [ 27.842808208810954, 67.133623800776277 ], [ 27.839298488519461, 67.132799337547297 ], [ 27.836462770552178, 67.131460125059306 ], [ 27.834175364725013, 67.130638111926103 ], [ 27.831853126575751, 67.130139076757288 ], [ 27.829074381136689, 67.129095373100654 ], [ 27.82786680802111, 67.128832611814786 ], [ 27.826148631245456, 67.128464875193416 ], [ 27.824212259131354, 67.128456940016022 ], [ 27.821653102315445, 67.128434251458657 ], [ 27.815850395697751, 67.12859848833439 ], [ 27.811240832188272, 67.128604028477611 ], [ 27.809748374075312, 67.129463493776896 ], [ 27.808574878224036, 67.130213725151307 ], [ 27.807934389623114, 67.130360444912043 ], [ 27.807747015993581, 67.130962201215226 ], [ 27.808497127274098, 67.131335034744893 ], [ 27.810847744965578, 67.132004639392122 ], [ 27.812955071102387, 67.132289859262428 ], [ 27.8155737432538, 67.13269798248453 ], [ 27.818217078380972, 67.133150773628159 ], [ 27.820132029510699, 67.133876280536825 ], [ 27.822605504807324, 67.134751334886843 ], [ 27.824207172263353, 67.135747426189425 ], [ 27.825532546464583, 67.137426451033946 ], [ 27.826385083237422, 67.138758186997634 ], [ 27.826379956787036, 67.140632385679908 ], [ 27.826207081422474, 67.141646591019978 ], [ 27.825291043968736, 67.143184741094089 ], [ 27.823735750810627, 67.144241946663556 ], [ 27.822426958865456, 67.145091609348725 ], [ 27.819626749642545, 67.146854624696374 ], [ 27.816785766241942, 67.148788172702041 ], [ 27.81444219196316, 67.149750663684742 ], [ 27.812636210057175, 67.150925600906106 ], [ 27.809801619358417, 67.152392688834439 ], [ 27.806505340432189, 67.153171563856262 ], [ 27.805530735891111, 67.15369658007954 ], [ 27.804539004463397, 67.154401022257204 ], [ 27.803678785832535, 67.154898547717764 ], [ 27.802321385208504, 67.155712426985062 ], [ 27.80001765463782, 67.156522049705387 ], [ 27.797701984590656, 67.157672465626987 ], [ 27.795914975784893, 67.158766410564709 ], [ 27.795288708049245, 67.159370330798083 ], [ 27.795283890030401, 67.160625773609596 ], [ 27.795834698055799, 67.161932260853618 ], [ 27.794724820043793, 67.163273906507229 ], [ 27.792953411832304, 67.163453069196606 ], [ 27.790670419307013, 67.163518173553996 ], [ 27.787342189895476, 67.163382142919744 ], [ 27.785132508546283, 67.163572354489688 ], [ 27.783738419002074, 67.164000647943112 ], [ 27.782061376973441, 67.164959385431033 ], [ 27.781593093756477, 67.166181223041235 ], [ 27.780361514255265, 67.166644566670129 ], [ 27.77713474189876, 67.167521127722623 ], [ 27.776204239565864, 67.168018841749074 ], [ 27.776291363912254, 67.168574386243137 ], [ 27.777254522494211, 67.169089813253805 ], [ 27.778614773893334, 67.169746773763279 ], [ 27.779246516374673, 67.170721133944724 ], [ 27.779355635046759, 67.17124070444514 ], [ 27.778853318618868, 67.172130902727744 ], [ 27.779502706223191, 67.172934793108737 ], [ 27.780007328969177, 67.174259488101001 ], [ 27.779760102973238, 67.175184319897809 ], [ 27.778872423003698, 67.1763005840142 ], [ 27.777039893514264, 67.177484200406056 ], [ 27.77487089107688, 67.178983276726711 ], [ 27.773420146358671, 67.180559555689868 ], [ 27.772178216608218, 67.182170687807002 ], [ 27.772026300258133, 67.183920027725151 ], [ 27.770493343688734, 67.186554806391058 ], [ 27.771030226955521, 67.187448943491546 ], [ 27.772277847399636, 67.188169279671925 ], [ 27.775269281294133, 67.187787166868361 ], [ 27.77706485139149, 67.18758117847878 ], [ 27.780091110742173, 67.187566465786176 ], [ 27.781953455576968, 67.187996773757121 ], [ 27.783238314226384, 67.188429894602706 ], [ 27.786331942024329, 67.189060373829406 ], [ 27.788963665445159, 67.18969306999179 ], [ 27.792136637648959, 67.190618959091694 ], [ 27.793927978339436, 67.191686158314383 ], [ 27.79637533643179, 67.192319648206222 ], [ 27.798828465868436, 67.193123455460466 ], [ 27.800265848654554, 67.193259751093478 ], [ 27.799723762959008, 67.193639090077156 ], [ 27.798279613807864, 67.19399601271671 ], [ 27.797484495065696, 67.194412470078134 ], [ 27.796439295349664, 67.194955704734198 ], [ 27.794343461571369, 67.195880776770338 ], [ 27.792627388530995, 67.196409378441345 ], [ 27.791234309493444, 67.197626841328727 ], [ 27.790073679699589, 67.198887981310634 ], [ 27.788975582780491, 67.200650972355319 ], [ 27.788348978987877, 67.201990178133883 ], [ 27.787286878959979, 67.202739681359887 ], [ 27.786538398012681, 67.20389116276732 ], [ 27.786055849736645, 67.205400024470364 ], [ 27.785458226864797, 67.206927380889894 ], [ 27.784743147497156, 67.208401511810507 ], [ 27.784301677881988, 67.209757724724739 ], [ 27.78372558356746, 67.210531717131673 ], [ 27.782360601039962, 67.21122886775575 ], [ 27.781067533911084, 67.212006357137795 ], [ 27.778917295633278, 67.212743167502722 ], [ 27.776185278145544, 67.214092528405942 ], [ 27.773935773280993, 67.215349849549284 ], [ 27.77126769410636, 67.216546383942969 ], [ 27.768906345059747, 67.217938677857191 ], [ 27.766009834698956, 67.219243821875494 ], [ 27.762311607315354, 67.220812770144761 ], [ 27.760122065301619, 67.220347904567063 ], [ 27.75875747524481, 67.219628034080472 ], [ 27.755930612996092, 67.218753643205332 ], [ 27.753346758068748, 67.218245709240534 ], [ 27.750137379002776, 67.217704797209194 ], [ 27.745757771045842, 67.216720912539358 ], [ 27.74000017302858, 67.216048164562068 ], [ 27.733754212811267, 67.215278805146667 ], [ 27.72748534319798, 67.213738140923525 ], [ 27.723462114907061, 67.213783253105561 ], [ 27.722266248556515, 67.214012823891622 ], [ 27.72135969342612, 67.214635633212779 ], [ 27.719746656271589, 67.214840167583361 ], [ 27.717338528981312, 67.215532465639427 ], [ 27.715405865641383, 67.215881854164721 ], [ 27.711648048383267, 67.216311070585732 ], [ 27.709487377068289, 67.216777973199754 ], [ 27.705814209180438, 67.217735731725313 ], [ 27.703815733618114, 67.218219775137001 ], [ 27.700984015808292, 67.219487581673292 ], [ 27.69872695705725, 67.220636250852692 ], [ 27.697976027961897, 67.221868017565583 ], [ 27.697880624786624, 67.223365931595978 ], [ 27.698133809571065, 67.224916133957365 ], [ 27.696540076242403, 67.226617845164569 ], [ 27.69407453898463, 67.228592326549872 ], [ 27.690569710600563, 67.230660916872125 ], [ 27.68933976120768, 67.231356668889475 ], [ 27.685707043308486, 67.232215148319554 ], [ 27.683800806393581, 67.232743376532909 ], [ 27.683874146020884, 67.234509577591169 ], [ 27.686333846741782, 67.236337315187143 ], [ 27.687603174194503, 67.238627435999632 ], [ 27.689046447936665, 67.23970625889703 ], [ 27.691633610117034, 67.241102950158776 ], [ 27.694680561374778, 67.242372075482905 ], [ 27.698006193419491, 67.243657864133468 ], [ 27.69954574442513, 67.244834807948507 ], [ 27.701905104326094, 67.246322000239459 ], [ 27.702207229609158, 67.247943717667269 ], [ 27.703221374240094, 67.249356072175487 ], [ 27.70527821797425, 67.249983701455591 ], [ 27.709020177486337, 67.250406595810887 ], [ 27.712548200874387, 67.251422182694327 ], [ 27.71582199926652, 67.252447788667922 ], [ 27.718440465825903, 67.253243125104362 ], [ 27.720397328005063, 67.25360199852031 ], [ 27.723361355069198, 67.253552803437131 ], [ 27.726821194309586, 67.25304397584398 ], [ 27.730239464810595, 67.252696680427732 ], [ 27.733201741629074, 67.252593496029164 ], [ 27.73729131695336, 67.252234011117181 ], [ 27.741069203093176, 67.252288350968414 ], [ 27.745580734373696, 67.252841347971355 ], [ 27.749262468530983, 67.253523630491387 ], [ 27.753474131001379, 67.254104709773856 ], [ 27.756392645288571, 67.254817314176037 ], [ 27.758123341934581, 67.255329243966116 ], [ 27.762078262476617, 67.255104270761066 ], [ 27.764888520181835, 67.255315073319736 ], [ 27.768173309282798, 67.255873289149193 ], [ 27.771430804533338, 67.256297053495473 ], [ 27.773732373878115, 67.257254420086696 ], [ 27.775622007346975, 67.257648822470443 ], [ 27.779858204359538, 67.25822909601068 ], [ 27.783065963270619, 67.259244703283812 ], [ 27.784593677980155, 67.25990080989105 ], [ 27.785648664234145, 67.260980679557207 ], [ 27.788057411031343, 67.261641410894953 ], [ 27.790787336374162, 67.261493471821751 ], [ 27.793284027372621, 67.261301811928703 ], [ 27.795683190327132, 67.262365999595332 ], [ 27.797021327859028, 67.263578891752104 ], [ 27.798787705944601, 67.264421994869295 ], [ 27.800689826896239, 67.265856238898166 ], [ 27.803152206475925, 67.26601431441803 ], [ 27.801097123825652, 67.266948200240094 ], [ 27.79925114900642, 67.26859840047068 ], [ 27.797260174338948, 67.270078907618228 ], [ 27.797056066025391, 67.271613308268286 ], [ 27.79734861545046, 67.273441161395795 ], [ 27.797904874258233, 67.27552774790253 ], [ 27.798105965265194, 67.277391918499475 ], [ 27.79856836207902, 67.278743664042054 ], [ 27.799065442408597, 67.281135428707671 ], [ 27.798506745438957, 67.283864215550281 ], [ 27.793937727347302, 67.285294704854323 ], [ 27.790994587267036, 67.286797767325268 ], [ 27.790000726781408, 67.289026505973041 ], [ 27.787975410135836, 67.289529650111689 ], [ 27.781431893483017, 67.290234134219531 ], [ 27.777171520175219, 67.291232212912902 ], [ 27.774293321954008, 67.292644976243821 ], [ 27.769869228726943, 67.293625714408734 ], [ 27.767424360548418, 67.296273735055024 ], [ 27.766368050383516, 67.298081161736505 ], [ 27.766021042009854, 67.299571345571579 ], [ 27.767275251554253, 67.301044941750618 ], [ 27.768206296063543, 67.301847532942944 ], [ 27.771004339965842, 67.303672382335066 ], [ 27.770703829818807, 67.304436033939865 ], [ 27.771118949806883, 67.305070701024775 ], [ 27.774617045344375, 67.305547076918145 ], [ 27.777871226235298, 67.305656903087794 ], [ 27.782770660693082, 67.306377388882765 ], [ 27.785394616665307, 67.307090923954803 ], [ 27.786685371340475, 67.308214472887514 ], [ 27.789189022708111, 67.310201862441687 ], [ 27.792265720808473, 67.311244855335559 ], [ 27.795081616465499, 67.312118699361989 ], [ 27.798964025192735, 67.312233957453131 ], [ 27.801210512621569, 67.312043439631836 ], [ 27.804817599218847, 67.312258569762989 ], [ 27.808294201264161, 67.31273432719459 ], [ 27.811435050195922, 67.31357935131733 ], [ 27.811194458637004, 67.314019959761481 ], [ 27.80740406471957, 67.315267525878198 ], [ 27.803861141673146, 67.316980061617556 ], [ 27.802751609733992, 67.317837478349404 ], [ 27.800315155735937, 67.319311259074553 ], [ 27.801490824622999, 67.320426294800853 ], [ 27.806425084259324, 67.322069515129158 ], [ 27.811045857174886, 67.32335548228022 ], [ 27.814596333538891, 67.323902476465221 ], [ 27.818238106396002, 67.325076618886015 ], [ 27.821338433386398, 67.326038237196414 ], [ 27.82429932547036, 67.326991549277807 ], [ 27.826492698075597, 67.327921839422203 ], [ 27.829207667474126, 67.328472804189062 ], [ 27.831198458179546, 67.329583427012821 ], [ 27.832576320917006, 67.331109681284474 ], [ 27.834061698824559, 67.333047859443354 ], [ 27.836288251488085, 67.334901465557095 ], [ 27.837989987405901, 67.336363232925081 ], [ 27.839597676265086, 67.337789590527976 ], [ 27.841502080306917, 67.339052980343922 ], [ 27.842216624093606, 67.340197040952845 ], [ 27.841885966681986, 67.341373470826653 ], [ 27.841111300003735, 67.342489442733665 ], [ 27.840874522102681, 67.343692282601296 ], [ 27.842212155773922, 67.34403500632402 ], [ 27.844953978281723, 67.343966834455273 ], [ 27.847670618894316, 67.34384494187681 ], [ 27.851379118832597, 67.344148196193572 ], [ 27.855366561714671, 67.345095509228173 ], [ 27.858575043980849, 67.345715096582424 ], [ 27.861958727802222, 67.346028802459273 ], [ 27.865625781124987, 67.346457489693464 ], [ 27.869697733756219, 67.347143952527276 ], [ 27.873404052721735, 67.347366004577651 ], [ 27.877271600711694, 67.347542248356817 ], [ 27.880132141337981, 67.348163314097036 ], [ 27.884487182165923, 67.348937530641749 ], [ 27.88771618219273, 67.349448825227981 ], [ 27.890677824459619, 67.34964768180032 ], [ 27.894091237508178, 67.349485287408882 ], [ 27.897360371151077, 67.349198077832696 ], [ 27.901180476594419, 67.348719412434576 ], [ 27.90404084601375, 67.348084643308994 ], [ 27.905209586535388, 67.347620744313886 ], [ 27.908675922437105, 67.347637086545888 ], [ 27.911327971279551, 67.348258769292045 ], [ 27.914001109164854, 67.350037071576438 ], [ 27.915736028886467, 67.351605448714849 ], [ 27.916099741371593, 67.352598750086997 ], [ 27.914752912964666, 67.354489529955373 ], [ 27.914512502907517, 67.355504197091733 ], [ 27.915694245559102, 67.356591486960454 ], [ 27.918086737910876, 67.357089000448539 ], [ 27.920013913314698, 67.35818994206474 ], [ 27.922161462147585, 67.35896678372589 ], [ 27.924027854329715, 67.359691403080475 ], [ 27.924712996321169, 67.359956489802187 ], [ 27.926450727039111, 67.360358994783269 ], [ 27.927696521733825, 67.362477067764104 ], [ 27.928982598189812, 67.362631069930416 ], [ 27.931268023215416, 67.363344219876296 ], [ 27.934169258830952, 67.363730951869471 ], [ 27.937474293018539, 67.364321523501403 ], [ 27.939081743208522, 67.364948843788397 ], [ 27.939066538846536, 67.36574701765133 ], [ 27.93880769059529, 67.366268630597659 ], [ 27.93859290945873, 67.366727208166139 ], [ 27.937336361142282, 67.367927173304764 ], [ 27.936673951410523, 67.368845686160796 ], [ 27.935436249166656, 67.369937920084354 ], [ 27.934359993550629, 67.370993333371956 ], [ 27.933068873693948, 67.37191548288969 ], [ 27.930846831061267, 67.372851962743979 ], [ 27.927639496262412, 67.373004964183323 ], [ 27.927091577118752, 67.373286105575133 ], [ 27.923989076250034, 67.373743313965761 ], [ 27.923261774447081, 67.374204815352101 ], [ 27.921916676373883, 67.374347023623216 ], [ 27.919753102142664, 67.375005033457001 ], [ 27.91804887576221, 67.375498976880166 ], [ 27.91556663620926, 67.375746247619219 ], [ 27.913994409827058, 67.37604212029018 ], [ 27.914344045746741, 67.376658881864216 ], [ 27.915185863381364, 67.37857308901765 ], [ 27.916652706484612, 67.379775331332894 ], [ 27.91834215752619, 67.381917852644776 ], [ 27.920070713586288, 67.383253073729335 ], [ 27.91999951494487, 67.384428191526794 ], [ 27.91878475767388, 67.384946248886067 ], [ 27.916470083511491, 67.385336052978857 ], [ 27.912974973146184, 67.385320015880708 ], [ 27.909183455762051, 67.386085720592192 ], [ 27.907468225362777, 67.38692933542265 ], [ 27.905557488936974, 67.388150650262148 ], [ 27.90565642266667, 67.389531040679771 ], [ 27.906893898637673, 67.390824331050069 ], [ 27.906916576492545, 67.392034776153807 ], [ 27.906382780873081, 67.393320088753114 ], [ 27.906954975724048, 67.394886132417724 ], [ 27.909901152303, 67.395138555093311 ], [ 27.913808247310925, 67.395528953052562 ], [ 27.916595917722702, 67.395898718698703 ], [ 27.918706217739327, 67.396227468930377 ], [ 27.922200998007408, 67.39740015973517 ], [ 27.928389818363637, 67.399507824295085 ], [ 27.92850843734664, 67.399560948582476 ], [ 27.928983964589577, 67.399800324383818 ], [ 27.929579271240058, 67.40072051313075 ], [ 27.930626892896683, 67.40188021377439 ], [ 27.930710930925933, 67.402839221313712 ], [ 27.930670015178691, 67.403583739544445 ], [ 27.931178896978924, 67.4046748040317 ], [ 27.933682420557059, 67.405494290792618 ], [ 27.936583745411085, 67.406939128780778 ], [ 27.938376305996506, 67.407457786860235 ], [ 27.94088676263824, 67.409030359961832 ], [ 27.943276339886982, 67.41048704381808 ], [ 27.945532506175827, 67.412688740793058 ], [ 27.945247151007695, 67.41313878379249 ], [ 27.943236233328832, 67.414190743879857 ], [ 27.941725822965196, 67.414925913997294 ], [ 27.938740400518977, 67.416118016573606 ], [ 27.936241649636266, 67.417235500660553 ], [ 27.933789515464579, 67.41895347724946 ], [ 27.931896682188849, 67.420067385143014 ], [ 27.929466582360345, 67.421767232767607 ], [ 27.928429778916907, 67.422104983569952 ], [ 27.9266924538755, 67.423630428298068 ], [ 27.925525986259728, 67.4248387207316 ], [ 27.925511348806417, 67.426264594852412 ], [ 27.925937587908241, 67.42762516365562 ], [ 27.926180356476273, 67.429067484927273 ], [ 27.926016344428369, 67.430852902976724 ], [ 27.926493896768122, 67.432329751172205 ], [ 27.926093708107011, 67.434044774928779 ], [ 27.925844304123935, 67.435436119374728 ], [ 27.924341728326045, 67.436422154075046 ], [ 27.922924015247684, 67.437793270906326 ], [ 27.920787312145446, 67.439294020045566 ], [ 27.917386225445235, 67.440712252674999 ], [ 27.91416661421685, 67.441394079256398 ], [ 27.911609484150752, 67.442305244660659 ], [ 27.90804054385303, 67.443634550956375 ], [ 27.90558093996529, 67.444051877396419 ], [ 27.90267861502387, 67.444498543236477 ], [ 27.900175201128761, 67.445615469500666 ], [ 27.897621498504112, 67.446024235553296 ], [ 27.894579698680651, 67.446498431929996 ], [ 27.891367733704151, 67.447421865093958 ], [ 27.888446719532386, 67.4480118524624 ], [ 27.88472160277853, 67.447709480328868 ], [ 27.882392968780096, 67.447901564124749 ], [ 27.879936093595134, 67.448417122648536 ], [ 27.876938686896391, 67.448845906628122 ], [ 27.873506976593411, 67.448900357965584 ], [ 27.870480530762777, 67.448540082492443 ], [ 27.868300330854833, 67.448964301245127 ], [ 27.865480036159664, 67.449131869226221 ], [ 27.86274724042606, 67.449137520673546 ], [ 27.860329089466497, 67.449446327594103 ], [ 27.857690565527328, 67.450123920737241 ], [ 27.85452177700931, 67.451001548129582 ], [ 27.851103852598044, 67.452104600586921 ], [ 27.848528735563928, 67.453265924066073 ], [ 27.846822155455076, 67.454548200899666 ], [ 27.845469412281624, 67.455272645200239 ], [ 27.843828756491877, 67.455128781137319 ], [ 27.841010000810861, 67.454704091782077 ], [ 27.836725048872633, 67.454439397133982 ], [ 27.834754565565227, 67.454880004504062 ], [ 27.834295435311997, 67.455779076360628 ], [ 27.834234360314191, 67.456702995607003 ], [ 27.834090519703839, 67.457932216544776 ], [ 27.833851622970219, 67.459117092414658 ], [ 27.83436921534711, 67.460549143026824 ], [ 27.834716678805005, 67.461793759750066 ], [ 27.835037993779711, 67.462957811284511 ], [ 27.836001327120055, 67.46443238899333 ], [ 27.837857614966918, 67.466036841680193 ], [ 27.84071506158153, 67.467519498821858 ], [ 27.842180776906641, 67.468641709773195 ], [ 27.842903093405468, 67.469893327938721 ], [ 27.842684411175998, 67.470979479415547 ], [ 27.84166550978188, 67.471917350574174 ], [ 27.841213291575816, 67.473013685226775 ], [ 27.841845016728101, 67.4743464783961 ], [ 27.841779230011273, 67.475790511936637 ], [ 27.840521893656096, 67.477267634912423 ], [ 27.838287653249076, 67.478238704668215 ], [ 27.836494670027065, 67.479790306929615 ], [ 27.834078816426693, 67.481596186828469 ], [ 27.832942791502212, 67.48255254333769 ], [ 27.835022532170179, 67.483824094127129 ], [ 27.837523834136856, 67.484438854583829 ], [ 27.839520511098851, 67.485334167231287 ], [ 27.84131740604137, 67.487189969775912 ], [ 27.84428028712118, 67.489586655186528 ], [ 27.846921331589645, 67.488846524493468 ], [ 27.848668473477932, 67.488631128336849 ], [ 27.851305844108442, 67.48910148979445 ], [ 27.853811532852884, 67.489160017585775 ], [ 27.858389573539561, 67.488938516724787 ], [ 27.862711523313948, 67.489399748763589 ], [ 27.867569445513624, 67.489795217200452 ], [ 27.872635734592215, 67.490763312848316 ], [ 27.876686933007253, 67.492113376605857 ], [ 27.879464300622384, 67.493811008253246 ], [ 27.884085988391522, 67.495372986254338 ], [ 27.884314283897037, 67.49584699466071 ], [ 27.884456648649703, 67.49652771629728 ], [ 27.88478957616535, 67.497297057803635 ], [ 27.885491293786878, 67.498539646151102 ], [ 27.884617991039786, 67.49960253444678 ], [ 27.883115625773328, 67.501377243239318 ], [ 27.883048593291388, 67.502722665282391 ], [ 27.882983243713518, 67.504112913066749 ], [ 27.882527258614889, 67.505702572211092 ], [ 27.881618606348916, 67.507716134552496 ], [ 27.881556391178155, 67.509823725972836 ], [ 27.881422018536199, 67.511250220654389 ], [ 27.879858395478617, 67.513294236429147 ], [ 27.877912159371625, 67.515134075394116 ], [ 27.878621484799062, 67.517210575928559 ], [ 27.878803678058205, 67.518967126676344 ], [ 27.875449783375672, 67.520769727194335 ], [ 27.871216400742117, 67.522245210178426 ], [ 27.869451440667468, 67.522676138750853 ], [ 27.866479856313731, 67.524072980678426 ], [ 27.863593309427902, 67.523953896210998 ], [ 27.86314262047819, 67.523803860864518 ], [ 27.861460359156574, 67.523292727388565 ], [ 27.858332911494269, 67.522340899648015 ], [ 27.855154344951277, 67.521263739338636 ], [ 27.849357039926655, 67.519016631013429 ], [ 27.846097229253424, 67.517607946385439 ], [ 27.843821514850177, 67.518830356671344 ], [ 27.839290598771978, 67.521212213612088 ], [ 27.835628872642868, 67.522352018990574 ], [ 27.831489256748689, 67.52390666676817 ], [ 27.8272656749464, 67.52508502583845 ], [ 27.824248292625764, 67.525243877869286 ], [ 27.815204811973064, 67.525980097817509 ], [ 27.806858145618307, 67.52586047869255 ], [ 27.801622006511749, 67.525554703927781 ], [ 27.796881116174699, 67.526035403565814 ], [ 27.792717642982616, 67.526970453801567 ], [ 27.787988772370475, 67.527827438877438 ], [ 27.784887453749711, 67.52900819043461 ], [ 27.783263368048619, 67.530217611989414 ], [ 27.782468242021945, 67.531692012729494 ], [ 27.783642349692524, 67.533174840394878 ], [ 27.785645604872503, 67.534913678040169 ], [ 27.788317426718987, 67.537007906766348 ], [ 27.787896481211114, 67.537745242289063 ], [ 27.786035685461382, 67.538193656927504 ], [ 27.782230236635201, 67.538687309088289 ], [ 27.778047782486947, 67.539128885516519 ], [ 27.772961393006071, 67.539897466270048 ], [ 27.768223709699761, 67.540583536269168 ], [ 27.76547751054845, 67.541950527587616 ], [ 27.763386643234433, 67.54328747550619 ], [ 27.761197123600756, 67.544481386062913 ], [ 27.756920343358328, 67.545685031986764 ], [ 27.753168835032302, 67.546455716691625 ], [ 27.749301525409461, 67.547280653015719 ], [ 27.745229687584665, 67.547577390908501 ], [ 27.74202421105926, 67.547080986426892 ], [ 27.737408461269005, 67.546483348148627 ], [ 27.735075883001269, 67.546897443384452 ], [ 27.732762350530813, 67.547930130364605 ], [ 27.731271998450683, 67.549039770699892 ], [ 27.72953453829243, 67.550509178488866 ], [ 27.727986722605689, 67.55204945122388 ], [ 27.726200553595724, 67.553474206079144 ], [ 27.723790360629106, 67.5552155618185 ], [ 27.72233952813221, 67.556880884125547 ], [ 27.722739614848741, 67.55845725060388 ], [ 27.723626216412164, 67.559825201022278 ], [ 27.724294838899116, 67.560969960733217 ], [ 27.722983071041011, 67.561818689715366 ], [ 27.720565785408191, 67.562591615375524 ], [ 27.710579994324405, 67.565352589890537 ], [ 27.707331725965847, 67.566622120726805 ], [ 27.704224485913361, 67.567908913692307 ], [ 27.701762938793838, 67.56960531724684 ], [ 27.698807776007911, 67.571294846705158 ], [ 27.697986789830516, 67.572912382579858 ], [ 27.698194447682077, 67.573583990570313 ], [ 27.70037433456304, 67.57424710008442 ], [ 27.702226950075172, 67.57495643034494 ], [ 27.703401697349889, 67.575767306885609 ], [ 27.7050690758618, 67.57655811348738 ], [ 27.706676045621926, 67.577680923005104 ], [ 27.70850282835228, 67.579080728783893 ], [ 27.707949298186531, 67.58020397968032 ], [ 27.706211511196134, 67.581000627496749 ], [ 27.703344961473359, 67.581757307748092 ], [ 27.702679586149895, 67.5822892193451 ], [ 27.700821274594361, 67.583785723072495 ], [ 27.698409757966466, 67.584854191866441 ], [ 27.695950256167482, 67.585895918839199 ], [ 27.694091236278219, 67.587392345387812 ], [ 27.693230103958808, 67.588472022965817 ], [ 27.691611158749332, 67.590155697694797 ], [ 27.689854943932172, 67.591974429027744 ], [ 27.69039470594555, 67.593559239722595 ], [ 27.691069257164703, 67.594928270213359 ], [ 27.691182766414904, 67.59639831392785 ], [ 27.694649570068403, 67.599997087196726 ], [ 27.698032986231667, 67.601533808518383 ], [ 27.700281584092892, 67.602842228180123 ], [ 27.703812975818206, 67.604584428410448 ], [ 27.705426057128339, 67.605850696708714 ], [ 27.707706379697136, 67.608190052703279 ], [ 27.709104649747502, 67.608551584866134 ], [ 27.711779947715762, 67.608369517148716 ], [ 27.715248392442707, 67.60797768108074 ], [ 27.71776642878967, 67.607267176472376 ], [ 27.722014585556764, 67.607006249213072 ], [ 27.728119987163595, 67.60673689914573 ], [ 27.732458176635141, 67.607111933391366 ], [ 27.736103472726761, 67.607884523580864 ], [ 27.740184596290817, 67.609049588556957 ], [ 27.743383668799677, 67.609824058062927 ], [ 27.746926337323771, 67.61030097435129 ], [ 27.751260345361604, 67.610514126648894 ], [ 27.753696700119207, 67.610215912756246 ], [ 27.757785257555746, 67.610107223646921 ], [ 27.760010288622976, 67.610554131179654 ], [ 27.763406450429969, 67.611578358206273 ], [ 27.765346057740793, 67.612645235074098 ], [ 27.767468450710066, 67.613540870927778 ], [ 27.773217410736464, 67.616714739856235 ], [ 27.77471892599868, 67.618025700042551 ], [ 27.776628161028075, 67.619567838454628 ], [ 27.778299738389091, 67.62103038696408 ], [ 27.779833022158584, 67.622574288313501 ], [ 27.77983852945863, 67.623453004651395 ], [ 27.780212067174379, 67.62478725385931 ], [ 27.78332369661074, 67.627076745335771 ], [ 27.784685527769245, 67.627688881456052 ], [ 27.784950952172299, 67.628593245455463 ], [ 27.786883463252614, 67.630081351115862 ], [ 27.79004386481683, 67.630272256846098 ], [ 27.792219274247014, 67.62986713168182 ], [ 27.795677804852179, 67.630522754163039 ], [ 27.796680841513776, 67.631647650239046 ], [ 27.794984571866234, 67.633000973162581 ], [ 27.795279783314395, 67.634774940500023 ], [ 27.796882368637707, 67.636219709832702 ], [ 27.799016411070227, 67.638056397084867 ], [ 27.799275844549474, 67.638763492854793 ], [ 27.801352561528766, 67.640286595670418 ], [ 27.802149630449936, 67.640874468319637 ], [ 27.803630754425868, 67.641494832137951 ], [ 27.806259267455264, 67.64192119517989 ], [ 27.808766764900405, 67.642249479695806 ], [ 27.811700833475804, 67.643337782845379 ], [ 27.813065199503136, 67.644658045780943 ], [ 27.812981762553086, 67.645653777919705 ], [ 27.814636389999436, 67.646506307373983 ], [ 27.814649087800529, 67.646873885065318 ], [ 27.816323724196803, 67.648300176573301 ], [ 27.818867431850496, 67.648968866247301 ], [ 27.822193827457088, 67.649785997795419 ], [ 27.823805037741689, 67.651400841008197 ], [ 27.826827002019719, 67.652255283965687 ], [ 27.828561121899671, 67.653331450014178 ], [ 27.831501761229674, 67.653872392983118 ], [ 27.83429451653863, 67.654225735139093 ], [ 27.835913578182161, 67.655365171166821 ], [ 27.83511380072359, 67.656068688264867 ], [ 27.83306784729146, 67.656850319640299 ], [ 27.832422290991648, 67.657920675432294 ], [ 27.832059418483816, 67.658989574719598 ], [ 27.832785188288419, 67.660187418505359 ], [ 27.833777308434989, 67.660917615248835 ], [ 27.834560566927017, 67.661738544784114 ], [ 27.834599328347245, 67.66283229236555 ], [ 27.835397673780037, 67.663411039275644 ], [ 27.836025048751331, 67.663820294964495 ], [ 27.835567327941181, 67.664871756798746 ], [ 27.835916698434232, 67.665416941156451 ], [ 27.837061392340356, 67.666451202638427 ], [ 27.837361430836971, 67.666933862933803 ], [ 27.838968746576263, 67.667714669013336 ], [ 27.839886254153576, 67.668983221758182 ], [ 27.839757072181001, 67.669988166412239 ], [ 27.841517814881733, 67.670436387670108 ], [ 27.845751028802304, 67.670791053731662 ], [ 27.849534135532679, 67.670430623542373 ], [ 27.85434035531841, 67.669679157306646 ], [ 27.857215511898332, 67.670291725918389 ], [ 27.858746750327576, 67.671547974869426 ], [ 27.860493905812852, 67.672901707945257 ], [ 27.862949830919113, 67.673641923734039 ], [ 27.867122777424331, 67.674256400794079 ], [ 27.870820378846677, 67.675402362430106 ], [ 27.874448644019832, 67.677212156202998 ], [ 27.876249643603469, 67.678708900213522 ], [ 27.878442597682927, 67.680589097022462 ], [ 27.880660480015628, 67.6824960240656 ], [ 27.882869365512772, 67.683524218290401 ], [ 27.885150873769643, 67.684596832021967 ], [ 27.88653056323912, 67.686149559370705 ], [ 27.887908382507508, 67.687648490047707 ], [ 27.891082618999718, 67.688599576701293 ], [ 27.899705161731511, 67.69194167784579 ], [ 27.90609427118385, 67.69300023101637 ], [ 27.912169219404252, 67.693854063541963 ], [ 27.917506805325605, 67.694550409017424 ], [ 27.920132924933601, 67.69591651305133 ], [ 27.919902705127051, 67.697271817277269 ], [ 27.91938876373235, 67.699220530696735 ], [ 27.919586713483405, 67.701263876168952 ], [ 27.919634763785858, 67.702492067203835 ], [ 27.918631733109674, 67.704013130824578 ], [ 27.918917342148937, 67.70467506739331 ], [ 27.919228687971025, 67.705390663295745 ], [ 27.919880484412584, 67.705754633472637 ], [ 27.920999145164362, 67.706582241227352 ], [ 27.921070199639335, 67.707792369547988 ], [ 27.922640045492834, 67.709280963625758 ], [ 27.925349853658037, 67.710323705225235 ], [ 27.928084233664016, 67.711384194973988 ], [ 27.931485774987141, 67.712584296029334 ], [ 27.933717285502965, 67.713459256137497 ], [ 27.936457408542648, 67.714645108856459 ], [ 27.940384762399976, 67.715384701495637 ], [ 27.941228919534495, 67.715227396904325 ], [ 27.942874597397946, 67.715029583658762 ], [ 27.9457291022463, 67.714932350655928 ], [ 27.949043238827137, 67.714518551429705 ], [ 27.952483708782307, 67.713727328097036 ], [ 27.957212790190596, 67.712103525148166 ], [ 27.957879801824237, 67.710503481391427 ], [ 27.959262935232243, 67.708513651471748 ], [ 27.961075259760211, 67.707785624072571 ], [ 27.964693211418528, 67.70732487455264 ], [ 27.969357274606615, 67.707611051036139 ], [ 27.974499812228025, 67.707472789598924 ], [ 27.978483994289189, 67.706740533740074 ], [ 27.983583915375061, 67.706153881196059 ], [ 27.990352724011782, 67.705951494294226 ], [ 27.995291101141703, 67.705464104126733 ], [ 28.001952512363243, 67.704410020878001 ], [ 28.006305900546263, 67.704060384710871 ], [ 28.010058740836996, 67.702925259180816 ], [ 28.015089704926233, 67.702418757888154 ], [ 28.020279840164545, 67.701776589023524 ], [ 28.024599421901652, 67.700126444003772 ], [ 28.029208683262283, 67.698635761993756 ], [ 28.033216415795337, 67.697973741474897 ], [ 28.037089561242368, 67.698011905496259 ], [ 28.037726649535756, 67.699074943493315 ], [ 28.039317024098199, 67.699271057472401 ], [ 28.041607362632899, 67.699812390518773 ], [ 28.041608390719801, 67.700368352817733 ], [ 28.04132202671375, 67.701365536406442 ], [ 28.039356576815127, 67.702301693233949 ], [ 28.038407559002057, 67.703267228864448 ], [ 28.036899434706562, 67.704406686513792 ], [ 28.036195810253695, 67.705585854344406 ], [ 28.034889326637725, 67.707019917498187 ], [ 28.035467177923028, 67.708343382260139 ], [ 28.035889589115641, 67.709353983958536 ], [ 28.034996073268481, 67.710516418506103 ], [ 28.032764730567653, 67.711337611605614 ], [ 28.028542129304633, 67.712538988194851 ], [ 28.026455962649742, 67.713448847818512 ], [ 28.027891243611691, 67.71439928475283 ], [ 28.031134164035816, 67.715087212209681 ], [ 28.035025548288555, 67.715475046795561 ], [ 28.038667386750049, 67.715559500563273 ], [ 28.042438099019034, 67.715885159745383 ], [ 28.046030653975095, 67.716983041412831 ], [ 28.048316467764099, 67.717909914981632 ], [ 28.050215304272392, 67.718633003530712 ], [ 28.053830033516046, 67.718627624883283 ], [ 28.057184523051113, 67.719664035167597 ], [ 28.062084373475827, 67.721425637696385 ], [ 28.064384708485715, 67.722128018164028 ], [ 28.067945007239974, 67.721952303435515 ], [ 28.073470607730062, 67.720831000738841 ], [ 28.076524507245857, 67.7209543471442 ], [ 28.07773525008923, 67.721591988298243 ], [ 28.077403746233127, 67.722607470321236 ], [ 28.076653937322803, 67.723778161310804 ], [ 28.076367574742893, 67.724748506820205 ], [ 28.077783239597153, 67.726756775388026 ], [ 28.079795103098839, 67.727846438856574 ], [ 28.082761613519974, 67.728104759538297 ], [ 28.087308061982217, 67.727769639949329 ], [ 28.093762870627632, 67.727305028446111 ], [ 28.096128321826882, 67.728356259289157 ], [ 28.096550359459712, 67.729294980698626 ], [ 28.095046743300916, 67.730506687772433 ], [ 28.091912677412338, 67.733262690169042 ], [ 28.091809511177622, 67.735110625409746 ], [ 28.090999644745871, 67.737017082624646 ], [ 28.089119601978386, 67.738796179170777 ], [ 28.091580845810775, 67.739344674700334 ], [ 28.094933481460693, 67.739734708188195 ], [ 28.097880377705522, 67.740548859031136 ], [ 28.099624924275084, 67.741944975599722 ], [ 28.101022097624806, 67.743998015834421 ], [ 28.101788584774251, 67.746216713143028 ], [ 28.101611737174515, 67.74849558014823 ], [ 28.101222487685988, 67.750282682796438 ], [ 28.101043133047167, 67.752005591416193 ], [ 28.102910794158944, 67.753481547996657 ], [ 28.103132440423703, 67.755174856298609 ], [ 28.108921593866455, 67.757494024203822 ], [ 28.111824744891294, 67.758326175518164 ], [ 28.114929122909604, 67.759901174736513 ], [ 28.119318320939716, 67.762597193139328 ], [ 28.120173126616855, 67.763147309738002 ], [ 28.120740563423137, 67.763627644901788 ], [ 28.122358322627235, 67.764289082172411 ], [ 28.123254977057229, 67.765215508594693 ], [ 28.122679966471793, 67.766555582203452 ], [ 28.121786084731689, 67.767171493969357 ], [ 28.121539314777426, 67.768446540226222 ], [ 28.121177662826856, 67.76930090755431 ], [ 28.119790704827146, 67.770503058227902 ], [ 28.120211684577736, 67.772374326169285 ], [ 28.119751278109948, 67.773641861375339 ], [ 28.120924507227134, 67.774898191111163 ], [ 28.124563781009961, 67.77670250262959 ], [ 28.125022724621331, 67.777874053778206 ], [ 28.125294863513357, 67.779593893453253 ], [ 28.125851207344468, 67.780818569889576 ], [ 28.12508993698129, 67.782231661154512 ], [ 28.123115015101956, 67.783536522566152 ], [ 28.119851035120348, 67.784150757740278 ], [ 28.116736465809993, 67.784423142342931 ], [ 28.114165072783877, 67.786153428896696 ], [ 28.113283860471938, 67.787056148899183 ], [ 28.112013783627496, 67.78925278727489 ], [ 28.108858877961939, 67.79069103246654 ], [ 28.104271780594477, 67.79142150867753 ], [ 28.099524538197709, 67.791776321835854 ], [ 28.093938828993902, 67.792450456233055 ], [ 28.087931624918394, 67.792732643416784 ], [ 28.084433036685084, 67.79395747541389 ], [ 28.084734414538172, 67.79483425586632 ], [ 28.087542818471011, 67.795586774633875 ], [ 28.091814417734081, 67.796194979826282 ], [ 28.09542517666986, 67.796861307616538 ], [ 28.09943189694711, 67.797372447582049 ], [ 28.103844192915016, 67.798436724638037 ], [ 28.107192880372967, 67.79956188397172 ], [ 28.110214353418613, 67.799281354692738 ], [ 28.113131744929273, 67.799306366511559 ], [ 28.115413291236049, 67.799918520009811 ], [ 28.119592985448726, 67.80006034300915 ], [ 28.124310133732962, 67.80053014224714 ], [ 28.129570458567844, 67.800951230244479 ], [ 28.138031361611567, 67.801358880890263 ], [ 28.138948393908745, 67.802661708692526 ], [ 28.137959169920467, 67.803287326234127 ], [ 28.135607584519203, 67.804182452860658 ], [ 28.134160607012493, 67.805151987318737 ], [ 28.133309855200281, 67.806682297731598 ], [ 28.132268895877733, 67.808204966078804 ], [ 28.13262643952449, 67.808731553179669 ], [ 28.134567222212944, 67.809623792010285 ], [ 28.137376361468906, 67.810321661276788 ], [ 28.141003819782895, 67.810771667288549 ], [ 28.143735646039634, 67.810367006911918 ], [ 28.145447333421131, 67.810928934991011 ], [ 28.145692369907817, 67.812057085083666 ], [ 28.144640142412516, 67.812853564673972 ], [ 28.143722204905099, 67.813971913254164 ], [ 28.14326531656376, 67.815302255163331 ], [ 28.143046026439528, 67.816639898236744 ], [ 28.142233246399339, 67.817972720861619 ], [ 28.140876791416037, 67.820322615557245 ], [ 28.139900087754821, 67.822678824226671 ], [ 28.137502779239689, 67.82462344351633 ], [ 28.136232427775493, 67.824856443187812 ], [ 28.133478520176357, 67.825332859218832 ], [ 28.130565233028207, 67.825460603370686 ], [ 28.127085886060144, 67.825663940734984 ], [ 28.122984315087578, 67.826750246652637 ], [ 28.114646828019055, 67.82762323136123 ], [ 28.107810531984384, 67.828629108783304 ], [ 28.103647356900794, 67.829446334178868 ], [ 28.098819361337863, 67.830267904752404 ], [ 28.092350045313992, 67.831028556307729 ], [ 28.087340942580617, 67.831034993312983 ], [ 28.084401279841149, 67.831126230115743 ], [ 28.08151387514506, 67.832346904904526 ], [ 28.07909812197618, 67.832990541233414 ], [ 28.075890690224522, 67.833459993012838 ], [ 28.071402143706372, 67.833955707028935 ], [ 28.068554972312935, 67.834521297786182 ], [ 28.064907930933806, 67.83525344835472 ], [ 28.062958789654974, 67.836252480275277 ], [ 28.06144862702234, 67.837508693222446 ], [ 28.058749962813199, 67.838745673256156 ], [ 28.055896592199776, 67.84024364373667 ], [ 28.051618939049337, 67.841768650962479 ], [ 28.048049943123221, 67.842159168538629 ], [ 28.045691619160998, 67.840945761540624 ], [ 28.043625404903242, 67.839353858945302 ], [ 28.041592934785545, 67.837447863791354 ], [ 28.03939422368763, 67.836601004345027 ], [ 28.036021969490996, 67.836595471955647 ], [ 28.030443084031546, 67.836630667577751 ], [ 28.0243642198614, 67.836094919450645 ], [ 28.020512018783812, 67.835428518938556 ], [ 28.021519669145896, 67.834579340812681 ], [ 28.01671055480919, 67.834286464945123 ], [ 28.013954246664344, 67.83424078278918 ], [ 28.009961574952019, 67.834704832779394 ], [ 28.008048163469621, 67.836034752909981 ], [ 28.005438537864748, 67.837745540847209 ], [ 28.003103792978255, 67.83923042075304 ], [ 27.999021606881332, 67.839847190694613 ], [ 27.995692490728622, 67.840306838878718 ], [ 27.992726163982208, 67.841481562126319 ], [ 27.98936819320555, 67.842389598145616 ], [ 27.991016792496257, 67.843177683437204 ], [ 27.992719472670963, 67.844117860049892 ], [ 27.993681131852277, 67.844945952453031 ], [ 27.995205127537449, 67.846147223410497 ], [ 27.996482992864202, 67.847143746587349 ], [ 27.99829728102571, 67.848459795863931 ], [ 27.998517245590222, 67.849713818866292 ], [ 27.998198512520098, 67.851150460618328 ], [ 27.998472908332541, 67.852565548468007 ], [ 28.000037886889526, 67.853596160464207 ], [ 28.001817975305102, 67.854652346054422 ], [ 28.005119769269825, 67.856273067074767 ], [ 28.00868896936241, 67.857470636606791 ], [ 28.01207389789629, 67.858794800705354 ], [ 28.016961706849461, 67.859688130265582 ], [ 28.023467625511802, 67.860069081588264 ], [ 28.027956560443087, 67.860525209460121 ], [ 28.032289586078029, 67.860677315877084 ], [ 28.036899869003602, 67.860648216086688 ], [ 28.040420429197692, 67.861235659457293 ], [ 28.045612360735245, 67.861982747065639 ], [ 28.049900337154085, 67.863237616110098 ], [ 28.052924915157373, 67.863881774903803 ], [ 28.05675876303, 67.865067645902087 ], [ 28.059216256445378, 67.866827246361396 ], [ 28.062196265665541, 67.868565487224046 ], [ 28.064086403062021, 67.870382496980923 ], [ 28.065723485652423, 67.872380470289087 ], [ 28.066904562541023, 67.874282754272485 ], [ 28.067535524593865, 67.874556620677964 ], [ 28.069403865394353, 67.875360442550246 ], [ 28.075094916783971, 67.876524810563964 ], [ 28.078324996395924, 67.877445147149643 ], [ 28.082058459669277, 67.878953910995037 ], [ 28.084583584889995, 67.879538026506935 ], [ 28.08586284798205, 67.878910834930622 ], [ 28.088233573302634, 67.878733719038962 ], [ 28.091270564303983, 67.878561100056743 ], [ 28.096783233569635, 67.878927848315598 ], [ 28.100108477891016, 67.879318064566931 ], [ 28.104441621503334, 67.879889735428449 ], [ 28.107669850485991, 67.88023561754305 ], [ 28.111353506638672, 67.880650090923865 ], [ 28.11449472421226, 67.880664648903817 ], [ 28.11827265947452, 67.880065044285644 ], [ 28.123009920478577, 67.879629159395606 ], [ 28.126195968295789, 67.879589379504296 ], [ 28.129982226834148, 67.879661979343837 ], [ 28.13498319908399, 67.879761958387448 ], [ 28.139409816033364, 67.880278266971445 ], [ 28.141743601265304, 67.880809033801199 ], [ 28.143341015567742, 67.881847055737779 ], [ 28.145575529999306, 67.883257243684056 ], [ 28.149121135826348, 67.883743578427442 ], [ 28.152355125813969, 67.883218725549881 ], [ 28.153976232864267, 67.882319586745794 ], [ 28.156167590832993, 67.881407443109083 ], [ 28.160147335235102, 67.881056520711226 ], [ 28.164689197729583, 67.88100640187389 ], [ 28.169059184593468, 67.880849777238865 ], [ 28.173949930249933, 67.880169210228672 ], [ 28.179463707810307, 67.879582661070515 ], [ 28.182362770749069, 67.879983243822423 ], [ 28.182059671619726, 67.881043563528166 ], [ 28.181684754429924, 67.882095428786883 ], [ 28.184729600890805, 67.882548728791377 ], [ 28.187486398536361, 67.88295025972505 ], [ 28.189947825248456, 67.884089191003625 ], [ 28.191181164514081, 67.884941093599735 ], [ 28.192239032680014, 67.886547517049209 ], [ 28.192642277579477, 67.88791656969768 ], [ 28.193363065442114, 67.888978429803586 ], [ 28.195009563937827, 67.889988713299743 ], [ 28.195130613715513, 67.890956297395093 ], [ 28.19420709403024, 67.892442616093746 ], [ 28.194532391172295, 67.894144018034439 ], [ 28.197314076521415, 67.894536240727433 ], [ 28.199802666988983, 67.894320792575186 ], [ 28.204348114364528, 67.893830163285614 ], [ 28.20686861164452, 67.89423311180083 ], [ 28.210183371565961, 67.894800543469557 ], [ 28.217432776146801, 67.894576546459461 ], [ 28.221081758886722, 67.894701886155644 ], [ 28.225179614578646, 67.893855322676075 ], [ 28.229639522054963, 67.894010282910884 ], [ 28.231319202165309, 67.895611803814589 ], [ 28.233664679601063, 67.896293639796838 ], [ 28.237113164657554, 67.896671210553393 ], [ 28.241037379205267, 67.897484519913291 ], [ 28.247808796122225, 67.898993502680838 ], [ 28.25140834928898, 67.900840275736797 ], [ 28.253374231936768, 67.902412505830114 ], [ 28.255907187624487, 67.904778462603801 ], [ 28.257161393434238, 67.906391957737029 ], [ 28.258591124865795, 67.908604912405423 ], [ 28.259416570020043, 67.910652113600435 ], [ 28.260828812857238, 67.912093994546879 ], [ 28.263242428657552, 67.912667292764155 ], [ 28.2674918300612, 67.912822867794205 ], [ 28.272441273396403, 67.913143289285372 ], [ 28.276519760128046, 67.914089091157166 ], [ 28.281473908224921, 67.914920348751451 ], [ 28.284835498890523, 67.916248170084884 ], [ 28.286135967919638, 67.918650225249451 ], [ 28.286397415120614, 67.92036096448912 ], [ 28.282675018638489, 67.92287404436297 ], [ 28.284889316366506, 67.922829840505131 ], [ 28.287688826002093, 67.922592701762284 ], [ 28.290757286649413, 67.922048512543199 ], [ 28.293831438804805, 67.921181387912554 ], [ 28.296329620526521, 67.920247016904526 ], [ 28.30149566374774, 67.919291485460306 ], [ 28.303912747297396, 67.919469594565783 ], [ 28.308769696959853, 67.920229080980079 ], [ 28.315559190499869, 67.921439264150877 ], [ 28.321537326028956, 67.922619832258334 ], [ 28.325246745959813, 67.923298389103948 ], [ 28.32860231153456, 67.924454998041426 ], [ 28.333318981833251, 67.925645340660125 ], [ 28.338086566507883, 67.9260549593631 ], [ 28.343162007025086, 67.926838570822468 ], [ 28.34620657653592, 67.927952532775549 ], [ 28.351217479521409, 67.928844038084364 ], [ 28.355517536372449, 67.928987972180877 ], [ 28.359023364717363, 67.929003849094372 ], [ 28.365043435043461, 67.929608589609686 ], [ 28.370615739984181, 67.930297551675679 ], [ 28.374312438374165, 67.930311512103785 ], [ 28.376065846689524, 67.929319368800947 ], [ 28.377414466647128, 67.927936015564526 ], [ 28.379024603379833, 67.926945030047207 ], [ 28.381140739086899, 67.92564488690995 ], [ 28.383237378898553, 67.925223696811727 ], [ 28.384258024173253, 67.924748783828562 ], [ 28.388107018871704, 67.923335282600661 ], [ 28.392348403445808, 67.921317527345309 ], [ 28.394319434598916, 67.919605915204755 ], [ 28.396441997586688, 67.917247304653614 ], [ 28.397949201559836, 67.914965653721381 ], [ 28.399426567268932, 67.911796427562592 ], [ 28.40242194052345, 67.908919137603917 ], [ 28.403798089067511, 67.908432086934752 ], [ 28.404938238786706, 67.908377498284381 ], [ 28.408239654377393, 67.908214696392093 ], [ 28.412153252282167, 67.908719149263305 ], [ 28.417292656524836, 67.91018146088085 ], [ 28.420130585460228, 67.911008879553592 ], [ 28.422932874772588, 67.91241946750192 ], [ 28.425108283017021, 67.913315323340512 ], [ 28.428725058105851, 67.914010292907037 ], [ 28.434172560312945, 67.914635399976362 ], [ 28.438140387699079, 67.914833868115736 ], [ 28.442544759170531, 67.915153954436576 ], [ 28.446477672705267, 67.916321052855452 ], [ 28.449040834437898, 67.916917243940873 ], [ 28.453218762014867, 67.917418403198212 ], [ 28.458734678616555, 67.917970364888674 ], [ 28.462170221179701, 67.918029493442731 ], [ 28.466740649355639, 67.917943902709311 ], [ 28.47105127086515, 67.918273040430662 ], [ 28.474825509515291, 67.918409588764433 ], [ 28.478248858996, 67.919024503582591 ], [ 28.478397108813066, 67.919857192403342 ], [ 28.477355552489136, 67.921095170913105 ], [ 28.477420458676605, 67.922116931478385 ], [ 28.480296763581794, 67.921992391550447 ], [ 28.483947371385355, 67.92204913180224 ], [ 28.486749233352182, 67.922624655901075 ], [ 28.489698756635395, 67.923270531355541 ], [ 28.495936242837711, 67.923886454154243 ], [ 28.499299874518258, 67.924662910176153 ], [ 28.504232253374969, 67.924994487428435 ], [ 28.50740688665076, 67.926525823011374 ], [ 28.506876843105179, 67.927911759374027 ], [ 28.506702447568539, 67.929267536242648 ], [ 28.509834172490852, 67.930494313187552 ], [ 28.512658008314368, 67.931015393838663 ], [ 28.516422555222238, 67.931698140057435 ], [ 28.51964539546886, 67.932116777682779 ], [ 28.522406472883162, 67.932037405360944 ], [ 28.52608788870516, 67.932173655156419 ], [ 28.530108552009533, 67.932028650097621 ], [ 28.532672004838901, 67.931484613374195 ], [ 28.53742963393303, 67.930946931485892 ], [ 28.541261091323609, 67.931189053102429 ], [ 28.544846548933211, 67.931675536763194 ], [ 28.547875614029312, 67.931682907000791 ], [ 28.552929918687404, 67.932020844913069 ], [ 28.5584646294827, 67.932407895813768 ], [ 28.562481483216882, 67.932208320900813 ], [ 28.571822978275957, 67.932460036941038 ], [ 28.576178604272354, 67.933037122072918 ], [ 28.579712596320675, 67.933101840325932 ], [ 28.584324608763634, 67.933586574071484 ], [ 28.587294689501224, 67.934122913461536 ], [ 28.592295408019545, 67.935401847048524 ], [ 28.594805033809386, 67.935825923860378 ], [ 28.597174627168393, 67.935946404791864 ], [ 28.599781610836317, 67.936396367576847 ], [ 28.602800359410221, 67.937281728898938 ], [ 28.604614433332021, 67.93799046101266 ], [ 28.609946325632183, 67.939202853289203 ], [ 28.613081914147504, 67.94004204569805 ], [ 28.615199744360396, 67.941680390506576 ], [ 28.615913139394983, 67.94301863489973 ], [ 28.617670790153728, 67.944274857837456 ], [ 28.620966122382697, 67.944995736076436 ], [ 28.623735806335493, 67.945703815237053 ], [ 28.626141072327144, 67.946657597906466 ], [ 28.627354842869643, 67.948313706492669 ], [ 28.628192851206585, 67.950395040424326 ], [ 28.628869679136763, 67.952217887321993 ], [ 28.629321221855673, 67.953890502763471 ], [ 28.628731386215627, 67.955690022377439 ], [ 28.627411254644787, 67.957290490302057 ], [ 28.625921421984245, 67.958856753172242 ], [ 28.625496940151809, 67.960295887813714 ], [ 28.628119193760536, 67.961256472169779 ], [ 28.62884707369696, 67.962101264210347 ], [ 28.628248756574788, 67.963443471401845 ], [ 28.626479747402197, 67.965120116339094 ], [ 28.627719582339406, 67.966112313175103 ], [ 28.629769641243485, 67.966396943814033 ], [ 28.632793872080775, 67.966609100497848 ], [ 28.633745223490909, 67.967909047419951 ], [ 28.635646221279298, 67.970141226970043 ], [ 28.635444158069127, 67.970663394769105 ], [ 28.635095858930953, 67.971482982814706 ], [ 28.634833030457393, 67.972499023762097 ], [ 28.633942522022679, 67.973422640043481 ], [ 28.632192329076297, 67.9740139771028 ], [ 28.628585456168235, 67.97470439527244 ], [ 28.624245125143769, 67.975500626722464 ], [ 28.622439844195725, 67.976334552728716 ], [ 28.620168768488316, 67.977343437473337 ], [ 28.618083507702099, 67.978278714521906 ], [ 28.61549071011072, 67.979819829438185 ], [ 28.612834659058311, 67.982518419745332 ], [ 28.611638422522226, 67.983875378707637 ], [ 28.613158829312798, 67.985116045442822 ], [ 28.614003054486105, 67.986255709889804 ], [ 28.614221280314833, 67.987329768336892 ], [ 28.614541437460691, 67.989523857123714 ], [ 28.614518598925098, 67.991254957452767 ], [ 28.614139396810327, 67.992675659231793 ], [ 28.613055483908305, 67.993592079420225 ], [ 28.61111894692705, 67.99428365367649 ], [ 28.610092998334839, 67.995692732667209 ], [ 28.604990540803072, 67.997634832892629 ], [ 28.603758925522477, 67.998498812177914 ], [ 28.601573286399262, 67.999748723073353 ], [ 28.600511745678489, 68.001346417694378 ], [ 28.600503077578939, 68.002951815542787 ], [ 28.600935637023312, 68.004364590263251 ], [ 28.601865055618134, 68.00535102908286 ], [ 28.604297051812839, 68.006959583812574 ], [ 28.605547213486041, 68.0084271636713 ], [ 28.605013149685199, 68.009696893718328 ], [ 28.605749810461653, 68.010658283509159 ], [ 28.606720142580134, 68.012227236458841 ], [ 28.607502480347897, 68.014533404622469 ], [ 28.607300206277628, 68.016445609292717 ], [ 28.60650390695082, 68.018076628856434 ], [ 28.604759934334478, 68.019851384451172 ], [ 28.602297000182691, 68.021964930017447 ], [ 28.600643526244998, 68.023326223660348 ], [ 28.600866710194104, 68.02482175003486 ], [ 28.60193670252773, 68.027134119447226 ], [ 28.602208698195845, 68.029678442476055 ], [ 28.604119859372418, 68.030646372478444 ], [ 28.605962833810725, 68.032009535410296 ], [ 28.606879550699112, 68.032449019953731 ], [ 28.607282896075887, 68.033772383120535 ], [ 28.609005848251059, 68.034437168379455 ], [ 28.610827563660123, 68.035486608703678 ], [ 28.611632312969359, 68.036034779005604 ], [ 28.612915696484972, 68.03691905361795 ], [ 28.615295988203439, 68.039442740163054 ], [ 28.618276118961305, 68.041628690227768 ], [ 28.621294850068406, 68.042648335312592 ], [ 28.624986868540546, 68.043356380486117 ], [ 28.628951337216318, 68.043846420114178 ], [ 28.633200777689844, 68.044297667210301 ], [ 28.635406283466015, 68.045325108086672 ], [ 28.637414207569751, 68.046605605295497 ], [ 28.637397984510219, 68.048067595981223 ], [ 28.634685890152941, 68.049708776234098 ], [ 28.631680069100153, 68.05059050643365 ], [ 28.629353450608377, 68.050909444583056 ], [ 28.625953885970571, 68.051310669721801 ], [ 28.621848797917178, 68.051566298458283 ], [ 28.615989771639256, 68.052108051616727 ], [ 28.611824253992442, 68.052875208276973 ], [ 28.606095342727716, 68.053917558889253 ], [ 28.600141249146144, 68.05517712225469 ], [ 28.593019713449596, 68.057595653019817 ], [ 28.590528882166556, 68.059377430493697 ], [ 28.586006801627516, 68.06126837031222 ], [ 28.581619213089091, 68.062682579122139 ], [ 28.577705651271032, 68.063670639184096 ], [ 28.574623803335069, 68.064901775732437 ], [ 28.572579667350553, 68.066230598987843 ], [ 28.571306499138348, 68.067964589171737 ], [ 28.57144639261406, 68.069667187253813 ], [ 28.571610456701301, 68.071019803078556 ], [ 28.572448518853676, 68.072052121247722 ], [ 28.572116159273303, 68.072808600761448 ], [ 28.571495269358859, 68.073908613440892 ], [ 28.571511231286234, 68.075199862811814 ], [ 28.572338887232966, 68.076429586352305 ], [ 28.572323905004684, 68.076914002160009 ], [ 28.572250253500737, 68.077946033177525 ], [ 28.571773649345502, 68.077995408032578 ], [ 28.575512917041397, 68.078632393984734 ], [ 28.578383552101929, 68.078497373104128 ], [ 28.581498356455185, 68.077723234361827 ], [ 28.58484713642515, 68.075816812203584 ], [ 28.586761739351591, 68.075045106529373 ], [ 28.589619008031178, 68.075071452032503 ], [ 28.594278467546516, 68.075134161722744 ], [ 28.597509120989706, 68.075354056365939 ], [ 28.600877741740639, 68.075832634122406 ], [ 28.602523342185087, 68.076031913609185 ], [ 28.603854078805863, 68.076189392814172 ], [ 28.605088943931772, 68.076347792854307 ], [ 28.614351591705699, 68.078060145403938 ], [ 28.621031398605719, 68.077492512000632 ], [ 28.6329380839816, 68.075169065079365 ], [ 28.638528621134078, 68.074485923752562 ], [ 28.642574220427399, 68.074687883377933 ], [ 28.647808237185572, 68.074393618085693 ], [ 28.653597652056494, 68.074820049528753 ], [ 28.659454208577216, 68.074842028907028 ], [ 28.662449487885066, 68.075116836424328 ], [ 28.664549579439871, 68.076952144170221 ], [ 28.664150969167071, 68.080408976945975 ], [ 28.666395670580577, 68.08157914319294 ], [ 28.668218539807011, 68.083219894025234 ], [ 28.669819984733603, 68.085777638203751 ], [ 28.673059438430787, 68.086749327106162 ], [ 28.678914767643484, 68.087371546268841 ], [ 28.687930872093578, 68.087216920198856 ], [ 28.69312829159486, 68.086392467779348 ], [ 28.698155929288333, 68.084896956794083 ], [ 28.701227582519799, 68.085206161769236 ], [ 28.704138447985805, 68.087561789293773 ], [ 28.703828143250409, 68.089860919472713 ], [ 28.706337244100411, 68.092292395759387 ], [ 28.710151562937348, 68.094181202647334 ], [ 28.71181119000514, 68.096155027593838 ], [ 28.714714518341104, 68.098698899105273 ], [ 28.715800100062943, 68.101019446792534 ], [ 28.71581955923174, 68.103862266625612 ], [ 28.716724036988897, 68.105682456516433 ], [ 28.719085340771652, 68.107379877727439 ], [ 28.724975163608086, 68.108053967634191 ], [ 28.732123816550626, 68.107566702454548 ], [ 28.733140144439883, 68.107340804684085 ], [ 28.73886024023151, 68.106078969313671 ], [ 28.746825450757964, 68.104963632524644 ], [ 28.751618321484735, 68.104796336362057 ], [ 28.756059011854941, 68.105368078200542 ], [ 28.760866987689344, 68.105397671936643 ], [ 28.765565134042109, 68.104621106847304 ], [ 28.772227765611788, 68.1047112736656 ], [ 28.778483026647379, 68.104814526180206 ], [ 28.782003887408607, 68.104668993667204 ], [ 28.784025142309865, 68.104396074756849 ], [ 28.784758219165472, 68.102693071954647 ], [ 28.786074224840057, 68.101073456983656 ], [ 28.789898499863874, 68.099893062711445 ], [ 28.793645215336767, 68.098955582488614 ], [ 28.796876188075458, 68.097261271103761 ], [ 28.802350307357095, 68.095999857768405 ], [ 28.805787533491582, 68.094805372402874 ], [ 28.810337440389752, 68.093410272133198 ], [ 28.814829645821678, 68.092204033995984 ], [ 28.817528249842738, 68.091403056064422 ], [ 28.820787080004553, 68.091008426353525 ], [ 28.826272581612475, 68.091441192431617 ], [ 28.830041002967288, 68.091417450542835 ], [ 28.834107055635883, 68.091210941402707 ], [ 28.838142935898208, 68.091228882338967 ], [ 28.843432555231932, 68.091609452072106 ], [ 28.849508759595558, 68.09311113577327 ], [ 28.854925702080561, 68.095364432848001 ], [ 28.8584640841649, 68.096948083865868 ], [ 28.860378563034974, 68.097751702300201 ], [ 28.86179170266017, 68.099484750507045 ], [ 28.864104072866041, 68.101342189183072 ], [ 28.867522023671491, 68.101124240771028 ], [ 28.871910867101164, 68.099845842811391 ], [ 28.875688432235641, 68.099031687009841 ], [ 28.879972129073749, 68.098830553336455 ], [ 28.883597696373684, 68.098807225792498 ], [ 28.889220900188285, 68.099415745592964 ], [ 28.892743443507413, 68.099599678972794 ], [ 28.896517464505287, 68.100211175736334 ], [ 28.900659074314511, 68.100325057863685 ], [ 28.904452092850565, 68.100290377382052 ], [ 28.907849435898864, 68.10069967278713 ], [ 28.912747084596329, 68.102105058393605 ], [ 28.917378330746494, 68.10347752022399 ], [ 28.920312785178737, 68.10380223104201 ], [ 28.92254758638132, 68.103516150151492 ], [ 28.922828163308957, 68.10342319518611 ], [ 28.923855212646888, 68.103061451483825 ], [ 28.923815786651694, 68.101438476684336 ], [ 28.923420193566734, 68.099577467665497 ], [ 28.924128647996593, 68.097416597356897 ], [ 28.924757315098393, 68.096315028663213 ], [ 28.925371050355654, 68.094173198655113 ], [ 28.925421653691533, 68.091903376951606 ], [ 28.925877737190614, 68.090175960955406 ], [ 28.928352603174115, 68.088182831093576 ], [ 28.931676403587073, 68.086870365684746 ], [ 28.935232321930773, 68.086039451971473 ], [ 28.940414618993252, 68.085422576910261 ], [ 28.945349442083913, 68.085005774504907 ], [ 28.950904454890296, 68.085110693014713 ], [ 28.956044056859334, 68.085695723728037 ], [ 28.962522139242274, 68.085923857971082 ], [ 28.967538261635852, 68.08590006825645 ], [ 28.972503552383817, 68.085562801177403 ], [ 28.978575236362506, 68.084969965323836 ], [ 28.985133682576496, 68.085572960614286 ], [ 28.989833951157021, 68.086619668519063 ], [ 28.995394973390042, 68.087063852497906 ], [ 29.000816290494381, 68.087832451705538 ], [ 29.004420007465079, 68.088129611829189 ], [ 29.009777952394266, 68.087337989369587 ], [ 29.013050291553249, 68.086589545609854 ], [ 29.015066303997443, 68.085479644773415 ], [ 29.016947638202861, 68.084478995223435 ], [ 29.019395543971083, 68.084467026699343 ], [ 29.022058504331735, 68.084443417167279 ], [ 29.024537128925395, 68.086422264573571 ], [ 29.026888342017735, 68.088312944518535 ], [ 29.030685810652844, 68.089441335187132 ], [ 29.033127493621038, 68.091259063079761 ], [ 29.036227407672257, 68.093454351098458 ], [ 29.04045744532203, 68.094299144544451 ], [ 29.045087235084296, 68.094502031443596 ], [ 29.048695143671182, 68.094286915547144 ], [ 29.053124453591295, 68.093586119161003 ], [ 29.058094880530934, 68.093300043866222 ], [ 29.062988752016977, 68.094306425425202 ], [ 29.066370273471815, 68.094515327846167 ], [ 29.071529659707128, 68.09445969786141 ], [ 29.074894750842486, 68.095018463509149 ], [ 29.078593020164195, 68.095007859174004 ], [ 29.080461293970949, 68.094150153394736 ], [ 29.080876136184159, 68.09235992414942 ], [ 29.081459668467957, 68.090576541969142 ], [ 29.083055952044973, 68.088574075593812 ], [ 29.084453416508321, 68.087031568228966 ], [ 29.087337660060324, 68.085470263843987 ], [ 29.092068943221886, 68.085482174856992 ], [ 29.098141445316234, 68.086248330312216 ], [ 29.104120052800958, 68.087033409618542 ], [ 29.107458037589591, 68.087035706336778 ], [ 29.111134105743101, 68.087320665219863 ], [ 29.11428176412285, 68.087603330986767 ], [ 29.117631035588179, 68.086681369442374 ], [ 29.120847396209101, 68.086667015370153 ], [ 29.124773320349131, 68.087056104473604 ], [ 29.127352935347623, 68.086646155581491 ], [ 29.127811975998554, 68.08511533627987 ], [ 29.127592083149771, 68.082992254070305 ], [ 29.128185850349524, 68.080580624343767 ], [ 29.129435141368173, 68.079550901611753 ], [ 29.133884638836669, 68.078345291954193 ], [ 29.13843486435918, 68.077972479950489 ], [ 29.144704942949332, 68.076994159009544 ], [ 29.14975053510943, 68.077305302338203 ], [ 29.156872407884528, 68.076458934134635 ], [ 29.159975486984653, 68.076274850567486 ], [ 29.162926425012284, 68.074980400106995 ], [ 29.165489720652118, 68.073906249983622 ], [ 29.169782280062229, 68.074890446485696 ], [ 29.174118421625089, 68.07684275723588 ], [ 29.178233926239063, 68.076958962928686 ], [ 29.179367992263135, 68.07651342684963 ], [ 29.182097639206617, 68.075427852726932 ], [ 29.183693233916134, 68.073774154436165 ], [ 29.186608765936963, 68.071869743561862 ], [ 29.190218342254088, 68.070709572153774 ], [ 29.193091174565442, 68.070133214332003 ], [ 29.198264999678212, 68.071042180101088 ], [ 29.201973798552689, 68.071683475440281 ], [ 29.20558856192114, 68.070585681386547 ], [ 29.210862772487481, 68.07028191314923 ], [ 29.213104687465368, 68.070888774507068 ], [ 29.217302965014827, 68.070626119614374 ], [ 29.220314444200081, 68.070998297408977 ], [ 29.225343978766304, 68.071890420533435 ], [ 29.228873025109063, 68.070909887762852 ], [ 29.231418346015296, 68.068444488351986 ], [ 29.233067057693955, 68.066637051039748 ], [ 29.234409255851215, 68.06488756939298 ], [ 29.234543053912375, 68.06379134898755 ], [ 29.230974652308436, 68.062117275804738 ], [ 29.225277738267831, 68.060005378633022 ], [ 29.219254343964288, 68.056731517539831 ], [ 29.216418546886299, 68.054921708698643 ], [ 29.214407431430168, 68.052454918027777 ], [ 29.214680413073893, 68.05080068466242 ], [ 29.215558227927215, 68.049703465956213 ], [ 29.218866812244517, 68.048205778499693 ], [ 29.222989173723661, 68.046948226292145 ], [ 29.22679420376701, 68.045138684377619 ], [ 29.229164647832039, 68.043868724030247 ], [ 29.233250540618144, 68.043239334593324 ], [ 29.237565329774295, 68.042005707330219 ], [ 29.243002698236399, 68.042218909971623 ], [ 29.247292074767802, 68.041963155395294 ], [ 29.247737968166724, 68.040387223172829 ], [ 29.24724741745117, 68.039039341565314 ], [ 29.247160676634845, 68.037407863855037 ], [ 29.246120264346995, 68.036318650574273 ], [ 29.244246802202042, 68.03528562254094 ], [ 29.242933397962702, 68.034343640129052 ], [ 29.242131206129045, 68.033977782275684 ], [ 29.238954147295068, 68.033581403971652 ], [ 29.237741453131342, 68.032934039892893 ], [ 29.236235843339919, 68.031734462955924 ], [ 29.234725753448373, 68.030238911385993 ], [ 29.233844512978642, 68.02929997163055 ], [ 29.234345621182456, 68.028288474954934 ], [ 29.236042566138082, 68.027754138924635 ], [ 29.237623611128441, 68.027508424882541 ], [ 29.241662431889818, 68.027166488462669 ], [ 29.244982625549014, 68.026825281666248 ], [ 29.247504624510974, 68.025911795100939 ], [ 29.250239067138498, 68.024968463286854 ], [ 29.2545337043559, 68.024308755586645 ], [ 29.257370023453774, 68.023677873061217 ], [ 29.259342291698076, 68.022538488451801 ], [ 29.261794913178228, 68.020926019818589 ], [ 29.266258921892966, 68.019806157232438 ], [ 29.268875452990123, 68.019384417865993 ], [ 29.274732944617192, 68.019536923437485 ], [ 29.282146526281355, 68.019927835806044 ], [ 29.288772984024085, 68.020105076976677 ], [ 29.294815934291165, 68.020433706315416 ], [ 29.29801937522512, 68.020380103742184 ], [ 29.30141439462588, 68.019363885796068 ], [ 29.301728200708851, 68.018426531138843 ], [ 29.301446745170498, 68.017282189706947 ], [ 29.300210632859901, 68.015926901309285 ], [ 29.2987689474622, 68.013946517352096 ], [ 29.297790900189153, 68.012776006996262 ], [ 29.298801292390529, 68.011380406186092 ], [ 29.30120042928224, 68.009750100926667 ], [ 29.301472096397895, 68.008149487202019 ], [ 29.301794216354146, 68.006575082074136 ], [ 29.301037079021256, 68.004495446000533 ], [ 29.299890908092554, 68.002833906136289 ], [ 29.297875184867333, 68.001570235051545 ], [ 29.29519613953596, 68.000611818827537 ], [ 29.291621815697575, 67.999791417627648 ], [ 29.287660200976813, 67.998680280308903 ], [ 29.286133022659207, 67.997750585671596 ], [ 29.286944396590641, 67.996761499121931 ], [ 29.289414601106085, 67.996099217599976 ], [ 29.290288611027222, 67.995019541349222 ], [ 29.291418843739059, 67.992662427685033 ], [ 29.292031618437452, 67.991362092493247 ], [ 29.294516506532581, 67.988923294806483 ], [ 29.294620907426896, 67.986113956496268 ], [ 29.294367144185319, 67.983309618312049 ], [ 29.292997423610029, 67.98323899395254 ], [ 29.288502794377006, 67.982996532298785 ], [ 29.285650133344436, 67.984130611964801 ], [ 29.28197760933093, 67.984468635808895 ], [ 29.278260967792946, 67.984358635336591 ], [ 29.275085576918446, 67.984160347262673 ], [ 29.271428175920889, 67.984165997287732 ], [ 29.267360278983293, 67.984374585182792 ], [ 29.262662240286438, 67.984986444599926 ], [ 29.257465453155795, 67.985389703038777 ], [ 29.254792564888245, 67.984457507521711 ], [ 29.253795693324349, 67.982811578943483 ], [ 29.255315391405247, 67.980494266750284 ], [ 29.25553976637898, 67.979360882298209 ], [ 29.252907409760319, 67.977853984764167 ], [ 29.251163629664447, 67.975895325293465 ], [ 29.24894154396306, 67.974176430181984 ], [ 29.245343041992438, 67.972305846164545 ], [ 29.240788029605351, 67.970421313423884 ], [ 29.23661501301509, 67.968773677067944 ], [ 29.232649527148123, 67.967042383835974 ], [ 29.228560921281048, 67.966012381917224 ], [ 29.223781211876535, 67.965493975659427 ], [ 29.219802854180674, 67.965359325593482 ], [ 29.214106881654342, 67.965498883293733 ], [ 29.208626479073793, 67.966146669578123 ], [ 29.205986699633588, 67.966522968922817 ], [ 29.201449198139265, 67.966790070342526 ], [ 29.196268543798521, 67.966321086914078 ], [ 29.194033000824835, 67.965669161795887 ], [ 29.192294647754036, 67.964463388197132 ], [ 29.190983170511078, 67.963476175538403 ], [ 29.189394928505795, 67.961326483235496 ], [ 29.18802781447722, 67.959999110500803 ], [ 29.184732650806524, 67.959244551159784 ], [ 29.18200285131633, 67.958913003593651 ], [ 29.179244294658233, 67.957765487472656 ], [ 29.17428145339882, 67.956790614023987 ], [ 29.170011968878306, 67.956586862989781 ], [ 29.168820315418738, 67.956100244361679 ], [ 29.166059338519304, 67.955427973167616 ], [ 29.162035330168241, 67.955292550117079 ], [ 29.150313802821081, 67.954800381592023 ], [ 29.14564874966857, 67.954959988300004 ], [ 29.142220161624159, 67.954547213535619 ], [ 29.137798268691654, 67.95397684324179 ], [ 29.132099604511037, 67.953539529599141 ], [ 29.128615559208637, 67.953037483721801 ], [ 29.126173580408242, 67.951920892441919 ], [ 29.124393873058253, 67.950212657249892 ], [ 29.121422138082288, 67.949040054402701 ], [ 29.120084760419282, 67.948510126653559 ], [ 29.115391845271269, 67.948875570892341 ], [ 29.11410870690565, 67.949726302290657 ], [ 29.111311259646637, 67.951251305684409 ], [ 29.108567154471789, 67.953367598031107 ], [ 29.10598896268149, 67.955212610128129 ], [ 29.104178614735073, 67.95552282434744 ], [ 29.103147933799541, 67.953634351154506 ], [ 29.103277403148272, 67.951901467312595 ], [ 29.103058444181848, 67.950011575307187 ], [ 29.101965362450159, 67.949011934533857 ], [ 29.097125585525006, 67.947755146207314 ], [ 29.092837829660564, 67.947056312716995 ], [ 29.08758947897287, 67.946288842748118 ], [ 29.084712168967194, 67.944280193600676 ], [ 29.083495284408482, 67.941622558616388 ], [ 29.081824222225549, 67.939751053895606 ], [ 29.078818080386242, 67.937887470089507 ], [ 29.077050145109652, 67.936259346424293 ], [ 29.075142489623424, 67.934399745911918 ], [ 29.074516990623142, 67.932470130431966 ], [ 29.076935019329959, 67.930968486097186 ], [ 29.081589932798988, 67.929680678964743 ], [ 29.086070028423872, 67.928045106337265 ], [ 29.087068300565591, 67.926148728206329 ], [ 29.085030152786452, 67.924694552237739 ], [ 29.08166577322838, 67.923337900482863 ], [ 29.078872748525857, 67.922234082271743 ], [ 29.074279544949704, 67.920991507629708 ], [ 29.070649453730688, 67.919315081646886 ], [ 29.070396932941254, 67.917282079000046 ], [ 29.072015738145812, 67.915117838268344 ], [ 29.073260360002589, 67.912769927916969 ], [ 29.070540630948912, 67.910328536060945 ], [ 29.066711097946786, 67.90906717211071 ], [ 29.063949908119113, 67.908294611942452 ], [ 29.059572832862205, 67.907838296830235 ], [ 29.055630843698459, 67.906640883419684 ], [ 29.055201383445013, 67.904206427200378 ], [ 29.057249843024579, 67.901776819289708 ], [ 29.056524407511215, 67.899767670595494 ], [ 29.052469727506665, 67.898625422589689 ], [ 29.048337098937701, 67.897134226418046 ], [ 29.045033049356409, 67.895309686966556 ], [ 29.041060135793508, 67.893726628380492 ], [ 29.039323640595406, 67.892931958864892 ], [ 29.037151316041751, 67.891236717693658 ], [ 29.034999946916574, 67.889505323742796 ], [ 29.033103434820539, 67.887690003134111 ], [ 29.040566920486537, 67.885381774479811 ], [ 29.03693812581194, 67.881722306187356 ], [ 29.035192297728134, 67.880263938821187 ], [ 29.024419814636051, 67.87680034721636 ], [ 29.021018480324411, 67.874895845044492 ], [ 29.020619044765422, 67.872209814256394 ], [ 29.016497589593854, 67.872143947646492 ], [ 29.012755611711107, 67.872064346816742 ], [ 29.009934134535168, 67.871623560736367 ], [ 29.007723978258316, 67.870269287351277 ], [ 29.006691227662039, 67.868496947707413 ], [ 29.001601755259518, 67.866567873180827 ], [ 28.999130398455698, 67.864929650254055 ], [ 29.000288955158695, 67.864018538064897 ], [ 29.002583682498027, 67.862492565179735 ], [ 29.002631563159099, 67.861388691439842 ], [ 29.002255638898191, 67.860056785308046 ], [ 28.998294757299096, 67.858786572531287 ], [ 28.996199110630958, 67.857080946669583 ], [ 28.991102984054546, 67.855591183362392 ], [ 28.988730749063208, 67.854256585082439 ], [ 28.98849913086142, 67.852375753819175 ], [ 28.989937219893068, 67.850564341566709 ], [ 28.984522728097154, 67.849221768044245 ], [ 28.979922723789091, 67.848227970516021 ], [ 28.977671697177371, 67.847465828361663 ], [ 28.975066992355575, 67.846734822801736 ], [ 28.976595544155867, 67.845702816385469 ], [ 28.97912283230372, 67.844120538187056 ], [ 28.980591761284956, 67.842389569036726 ], [ 28.980156157127656, 67.842296164583686 ], [ 28.977372697178261, 67.841692942784178 ], [ 28.97260755002528, 67.841535127050349 ], [ 28.970732327498045, 67.840992614405309 ], [ 28.966508210719482, 67.83992217916682 ], [ 28.960700696177131, 67.84035956149458 ], [ 28.952639231743142, 67.840267513503818 ], [ 28.950266681792304, 67.839452638038011 ], [ 28.944885257919204, 67.838162229071159 ], [ 28.942152649448882, 67.837010678236226 ], [ 28.942374559106657, 67.83568054318242 ], [ 28.943006522958306, 67.834426274547837 ], [ 28.943033954142717, 67.832757606894305 ], [ 28.942360077857568, 67.831222830443849 ], [ 28.939428031150165, 67.829373977636919 ], [ 28.935498065530322, 67.82837105024187 ], [ 28.934988625293347, 67.826807394237832 ], [ 28.935983908739548, 67.825351529130856 ], [ 28.935313684239024, 67.823852569681904 ], [ 28.934120290170508, 67.82205481911204 ], [ 28.933453227766584, 67.820017641011773 ], [ 28.931577786230434, 67.817142616135357 ], [ 28.929660403429118, 67.815478961041762 ], [ 28.925267259696707, 67.81429291917685 ], [ 28.921923509933073, 67.813166191152618 ], [ 28.920990990994571, 67.811347356565761 ], [ 28.920190881211632, 67.807383245224315 ], [ 28.91690498950463, 67.805789332520504 ], [ 28.909150770629591, 67.805243185977616 ], [ 28.901007553106126, 67.80457561809898 ], [ 28.897353228732531, 67.803389236079639 ], [ 28.897909982813061, 67.801481251284216 ], [ 28.901595597861292, 67.799554853600227 ], [ 28.905768705383611, 67.798089099265965 ], [ 28.908129021547953, 67.795917868393644 ], [ 28.9094662632384, 67.793417704434887 ], [ 28.910385587984486, 67.791900093442564 ], [ 28.912241626968758, 67.790532967982827 ], [ 28.912696062299037, 67.788841386439188 ], [ 28.912824751886536, 67.78635531957454 ], [ 28.914079445731399, 67.784017515697613 ], [ 28.913342282332017, 67.781667161464426 ], [ 28.912298473107608, 67.779912377610216 ], [ 28.910039098562262, 67.777777142664192 ], [ 28.905731504292948, 67.775504333793663 ], [ 28.90242998889255, 67.773650238642915 ], [ 28.900793210239723, 67.771579396861924 ], [ 28.898647910741378, 67.769074939910283 ], [ 28.894264051017597, 67.766704071104442 ], [ 28.89564381004698, 67.762974697392764 ], [ 28.896597294180793, 67.760712279620037 ], [ 28.897190981807579, 67.760149276938307 ], [ 28.90231643986213, 67.760582976303979 ], [ 28.9087024249589, 67.761665543561676 ], [ 28.9133016661239, 67.761737295702886 ], [ 28.919218050895484, 67.760833712127592 ], [ 28.922556832036246, 67.759395184328014 ], [ 28.926113228157785, 67.758016803240324 ], [ 28.930220368041891, 67.757582616967426 ], [ 28.935194240407942, 67.756465333444098 ], [ 28.937472456734927, 67.755101835064863 ], [ 28.939680143688282, 67.75346108530951 ], [ 28.944441979570534, 67.752085898672917 ], [ 28.949111268832571, 67.750173489341293 ], [ 28.951452517006381, 67.749015342838419 ], [ 28.952003554539179, 67.74795929906935 ], [ 28.953957743185637, 67.747272155959649 ], [ 28.955104095643417, 67.746262786437327 ], [ 28.952973164578324, 67.74567835856169 ], [ 28.944307272629185, 67.745037324917845 ], [ 28.940291530549025, 67.743972877027289 ], [ 28.936479180726923, 67.74192822101223 ], [ 28.933529320744185, 67.740581866646096 ], [ 28.929856046101808, 67.739351660775242 ], [ 28.928180533253418, 67.738824312179119 ], [ 28.927514825921484, 67.737343219974747 ], [ 28.929379806524313, 67.734998045098564 ], [ 28.931555940991736, 67.733277029221128 ], [ 28.932773491306445, 67.731405891820103 ], [ 28.933344936627737, 67.729156702800609 ], [ 28.932716859752276, 67.727271548375683 ], [ 28.931185526232998, 67.72503829200032 ], [ 28.928649954405106, 67.723525518692625 ], [ 28.924144413938059, 67.72191037956874 ], [ 28.920415615560412, 67.720537120470922 ], [ 28.918921396809015, 67.719316905309938 ], [ 28.91829127194794, 67.717099847810971 ], [ 28.920144293222794, 67.715194416061053 ], [ 28.924700424380244, 67.713696585046478 ], [ 28.928287294350483, 67.712775177662948 ], [ 28.932362983470053, 67.711480135163214 ], [ 28.935792117614543, 67.710659095919439 ], [ 28.940036730771606, 67.709702698976358 ], [ 28.944474886145947, 67.708519636262807 ], [ 28.948284883071221, 67.707173525814412 ], [ 28.949626315984961, 67.705973482063669 ], [ 28.949345007965903, 67.704290529457097 ], [ 28.947425145737984, 67.702214558438001 ], [ 28.945049487701258, 67.700619406419094 ], [ 28.942430184936452, 67.699215494929803 ], [ 28.941749299792669, 67.697833299254114 ], [ 28.941723601527226, 67.695806440648539 ], [ 28.941526330204461, 67.694274970846806 ], [ 28.941121173393924, 67.692512760658843 ], [ 28.940276058130422, 67.690567421611135 ], [ 28.939812929630079, 67.689245422090536 ], [ 28.939428748325277, 67.688021143491468 ], [ 28.939998773825351, 67.68663301065375 ], [ 28.942219708785874, 67.684660111915647 ], [ 28.944365209217104, 67.682921287762923 ], [ 28.94619164621832, 67.681607831233137 ], [ 28.947569989570933, 67.680299710999606 ], [ 28.948735307714497, 67.678985153188805 ], [ 28.950671021537477, 67.676719531056506 ], [ 28.951935254340484, 67.675179516394479 ], [ 28.952641601920238, 67.674309943091501 ], [ 28.953420110111768, 67.673457447218453 ], [ 28.954926052030387, 67.672560329940353 ], [ 28.958867290595936, 67.672584712549366 ], [ 28.960914416121117, 67.672524195216283 ], [ 28.965875293404036, 67.67232981652694 ], [ 28.970596224384369, 67.671806306600217 ], [ 28.975094348967584, 67.672002961017796 ], [ 28.977355986879502, 67.672531632707006 ], [ 28.979332079419841, 67.673871045980817 ], [ 28.98174730877399, 67.675940624597729 ], [ 28.984141222955394, 67.67747223568864 ], [ 28.987604670172317, 67.678533294472075 ], [ 28.992256130607672, 67.679409328482578 ], [ 28.99817397851502, 67.680467038144201 ], [ 29.003188425667012, 67.682271189295207 ], [ 29.005771551299834, 67.684060301404628 ], [ 29.006517063743459, 67.686437133985208 ], [ 29.006655519445044, 67.688337066374544 ], [ 29.006936371012625, 67.690522282525421 ], [ 29.007254387867349, 67.692312364122728 ], [ 29.008770704397381, 67.694033853182901 ], [ 29.010951946482066, 67.695244801672303 ], [ 29.013872824082775, 67.69516387851607 ], [ 29.019024614922294, 67.694391487040988 ], [ 29.023206771003082, 67.693604069064804 ], [ 29.028761938783511, 67.692315060714932 ], [ 29.031574457364009, 67.691257419631711 ], [ 29.034575330345621, 67.690197384087327 ], [ 29.037137255939271, 67.689250410443236 ], [ 29.040690578704467, 67.688578029605139 ], [ 29.044168856652188, 67.688130764456147 ], [ 29.046546219093539, 67.687239776727182 ], [ 29.048711038305179, 67.686620530591711 ], [ 29.051185369995601, 67.68603324334876 ], [ 29.052236160327993, 67.685903393920938 ], [ 29.058791456070278, 67.684484106410267 ], [ 29.063880484802223, 67.684652923220966 ], [ 29.067046507243298, 67.683886182765718 ], [ 29.071156205383161, 67.683654570505169 ], [ 29.075157849563794, 67.684339187607151 ], [ 29.078216375106773, 67.684497536523125 ], [ 29.078808910174089, 67.684525852784432 ], [ 29.081999570920566, 67.683776449671257 ], [ 29.084945328171518, 67.682662330573223 ], [ 29.087746504627528, 67.682581587150395 ], [ 29.09134914338517, 67.682490514939204 ], [ 29.09341201571787, 67.682069312304165 ], [ 29.095456884106532, 67.681181866491954 ], [ 29.096198822347205, 67.680768652300259 ], [ 29.098468784233351, 67.679761643103561 ], [ 29.103019565590579, 67.678931482007656 ], [ 29.107617363138036, 67.678629841375994 ], [ 29.112329843013608, 67.677241156306039 ], [ 29.114102078725477, 67.676482573848574 ], [ 29.115177961875556, 67.674539964999951 ], [ 29.111886261455943, 67.671245702808051 ], [ 29.110840722513117, 67.668792393291781 ], [ 29.109193933587928, 67.665943210389912 ], [ 29.111280679215206, 67.663440321018342 ], [ 29.113982605696219, 67.661754680565409 ], [ 29.117469166988826, 67.660408637027331 ], [ 29.121425360301988, 67.659307568097603 ], [ 29.124560470784367, 67.659562687037734 ], [ 29.130838187277554, 67.660153387884904 ], [ 29.134938222015787, 67.65934612932196 ], [ 29.139219529319377, 67.656643589259758 ], [ 29.141746567768898, 67.654879024155463 ], [ 29.143698912911059, 67.654315078090917 ], [ 29.145863616789342, 67.65323698481312 ], [ 29.148802476885265, 67.653413487364162 ], [ 29.153648543594315, 67.653824847105469 ], [ 29.159267351400253, 67.653149332907688 ], [ 29.163580225202509, 67.651602900959972 ], [ 29.166904868021756, 67.649567161771685 ], [ 29.170273460770094, 67.648015175742003 ], [ 29.174948527421652, 67.647091540652539 ], [ 29.179344251454914, 67.646718728909292 ], [ 29.184548579349102, 67.646935969073937 ], [ 29.189974611323077, 67.647508899380952 ], [ 29.193210058338018, 67.647330735687419 ], [ 29.194053256867772, 67.646009632324564 ], [ 29.195790956080433, 67.644174080353196 ], [ 29.198290429096048, 67.642678069789568 ], [ 29.201277411079634, 67.642117356863764 ], [ 29.206747344032987, 67.642159839612489 ], [ 29.210876086631743, 67.642220377212993 ], [ 29.215193749694812, 67.641282472670412 ], [ 29.219009326259233, 67.640019379476286 ], [ 29.225068948276732, 67.639075363781387 ], [ 29.228031673316735, 67.639016847011703 ], [ 29.23044965545165, 67.638678688925523 ], [ 29.23436340807471, 67.637718884207743 ], [ 29.239625208613095, 67.638059155177856 ], [ 29.244762337069098, 67.638078018103144 ], [ 29.247817799334317, 67.637264294456259 ], [ 29.25080803588429, 67.636756435212348 ], [ 29.254974856772552, 67.636976797767417 ], [ 29.261215299160583, 67.6359750712231 ], [ 29.263666375998042, 67.635007971688538 ], [ 29.266485305801879, 67.634439396788295 ], [ 29.269502969089224, 67.634469062017317 ], [ 29.26999035776317, 67.633170416379002 ], [ 29.271166256417398, 67.631440508485611 ], [ 29.273218384350162, 67.630496768297192 ], [ 29.277662676740846, 67.62994113349437 ], [ 29.279941932400646, 67.628671154441008 ], [ 29.282181924703199, 67.626997996453667 ], [ 29.283554155963422, 67.625606125735104 ], [ 29.285373894469299, 67.62397470263771 ], [ 29.287061813139196, 67.622686010769669 ], [ 29.28781533558714, 67.621231041008272 ], [ 29.287761726938257, 67.619706685613977 ], [ 29.287550589939077, 67.618014097974267 ], [ 29.287118362355127, 67.616468165906468 ], [ 29.285506894265499, 67.614409518442585 ], [ 29.285027874855828, 67.612864240855984 ], [ 29.283500218248463, 67.611181188439559 ], [ 29.288237144406907, 67.611742519009553 ], [ 29.293375522524514, 67.61304265518865 ], [ 29.298807158150669, 67.615415031902415 ], [ 29.304733238651213, 67.617295779106968 ], [ 29.308333921311615, 67.618976123328324 ], [ 29.310018017126254, 67.620791313785176 ], [ 29.310649034609472, 67.621706382782975 ], [ 29.310370103175007, 67.622463946271594 ], [ 29.310526043656914, 67.623816395414877 ], [ 29.31038954931164, 67.625307571875851 ], [ 29.311141267530893, 67.626732297555066 ], [ 29.318860898250694, 67.626936332367833 ], [ 29.322573071064785, 67.627331888290499 ], [ 29.324268788035113, 67.62805227544608 ], [ 29.32665462105448, 67.629561211350662 ], [ 29.330246214293599, 67.629922442193291 ], [ 29.335461013362057, 67.630027020388113 ], [ 29.338048749050607, 67.630949763394142 ], [ 29.339408942673636, 67.63255402215124 ], [ 29.341502503200338, 67.634425829533555 ], [ 29.344546550721539, 67.636140362601026 ], [ 29.349010657730126, 67.636497575617753 ], [ 29.354507737417705, 67.636346287147802 ], [ 29.359502476426961, 67.63635460856112 ], [ 29.364138523395056, 67.63701395270742 ], [ 29.370965268088188, 67.637434888144057 ], [ 29.379346570990041, 67.638317262593858 ], [ 29.387088847752917, 67.639397004025483 ], [ 29.39322025347613, 67.640383468403897 ], [ 29.405456967538328, 67.641853686458376 ], [ 29.41056555003604, 67.642962308952733 ], [ 29.415212884479626, 67.643934066381874 ], [ 29.419925281954178, 67.644617640099327 ], [ 29.426714142112161, 67.64440880819005 ], [ 29.428542499077206, 67.645000569376919 ], [ 29.42961382524242, 67.64533446661531 ], [ 29.430258607143248, 67.647702376819808 ], [ 29.430761801550371, 67.649839129409159 ], [ 29.432207410213906, 67.65151319035553 ], [ 29.433750678500697, 67.65344597842325 ], [ 29.435308317626923, 67.654831242178233 ], [ 29.438970546351644, 67.65627468385415 ], [ 29.443526563026921, 67.657238080505309 ], [ 29.445453009411356, 67.658079411041143 ], [ 29.446819569203029, 67.659431563934476 ], [ 29.446190267280798, 67.661091857363488 ], [ 29.445398565483217, 67.663005803129636 ], [ 29.445485774291335, 67.664754017281552 ], [ 29.443706914497945, 67.666476426113817 ], [ 29.441517820855534, 67.667657685835408 ], [ 29.437300537967534, 67.668618082533854 ], [ 29.433635770049168, 67.669677766111874 ], [ 29.432274441653572, 67.670658109734674 ], [ 29.432774453175874, 67.671843886963757 ], [ 29.437046304174224, 67.672542588121146 ], [ 29.439187985733433, 67.673174426800102 ], [ 29.440073957762362, 67.674892725075793 ], [ 29.442043871437651, 67.67591288835321 ], [ 29.442393251404887, 67.676096060719615 ], [ 29.445977581432203, 67.676526728964518 ], [ 29.449531943366491, 67.676894960124656 ], [ 29.456247566620053, 67.67702704755753 ], [ 29.462792958263961, 67.676658998939345 ], [ 29.467951623570009, 67.677020506664718 ], [ 29.471268733069561, 67.678271125703347 ], [ 29.47256721123432, 67.680072737112596 ], [ 29.475504187614121, 67.681517466405154 ], [ 29.479244624250718, 67.682519255513469 ], [ 29.481955072718346, 67.683823768897014 ], [ 29.48372474325069, 67.684487636462606 ], [ 29.487043112095105, 67.684392122688607 ], [ 29.48995536906309, 67.683136384667606 ], [ 29.49357891647756, 67.683027101533412 ], [ 29.495287671393307, 67.682668958913723 ], [ 29.499166365927977, 67.681407201495261 ], [ 29.502653160535303, 67.680680734439093 ], [ 29.505217412755826, 67.681045050262568 ], [ 29.507197360714269, 67.682127125058642 ], [ 29.509066663282599, 67.682834042836575 ], [ 29.512145180154089, 67.682705832495728 ], [ 29.517850149231684, 67.682196016879701 ], [ 29.521476291038226, 67.682112987981355 ], [ 29.523448057023138, 67.682010663153932 ], [ 29.526134934124237, 67.681753661417119 ], [ 29.527988826400964, 67.68165310959688 ], [ 29.531254634163908, 67.681512650888436 ], [ 29.537311952514404, 67.681211999243004 ], [ 29.541862027115808, 67.680943632826782 ], [ 29.545615048794414, 67.680508162303752 ], [ 29.550527768148591, 67.68053893914626 ], [ 29.555846506546658, 67.681047712406155 ], [ 29.560272149313551, 67.681372967868555 ], [ 29.565559635627331, 67.680509127452112 ], [ 29.571226527889078, 67.680096721085619 ], [ 29.574346464692891, 67.680352483500229 ], [ 29.576060644800904, 67.680056195008618 ], [ 29.578120382286855, 67.679036612002065 ], [ 29.580339915248135, 67.677538919993054 ], [ 29.581725798420244, 67.675973667097978 ], [ 29.582383323699712, 67.675083932361929 ], [ 29.583059370775651, 67.673718342521752 ], [ 29.584123010130643, 67.67244529790932 ], [ 29.58390171907417, 67.670214639043635 ], [ 29.583865103834363, 67.668806533902114 ], [ 29.584429927516936, 67.66707482870504 ], [ 29.584884734777916, 67.665201302502126 ], [ 29.584346749262753, 67.66373834431937 ], [ 29.581846796916221, 67.662019407072165 ], [ 29.578782194321381, 67.660524733635938 ], [ 29.576447724551198, 67.659233784632221 ], [ 29.575270966853843, 67.657529685556838 ], [ 29.574547273089927, 67.656733609508009 ], [ 29.573340385649818, 67.654967170263077 ], [ 29.572237793908727, 67.652642778598093 ], [ 29.571207003258035, 67.650326222860869 ], [ 29.568676227720779, 67.648302536956621 ], [ 29.566212362190086, 67.646672548676293 ], [ 29.565669265594284, 67.644931475676643 ], [ 29.566192716789274, 67.643245355190118 ], [ 29.568548194114189, 67.641072707080767 ], [ 29.571543209259875, 67.638934758157902 ], [ 29.574159260682098, 67.637430827719442 ], [ 29.577728397073447, 67.636243733581608 ], [ 29.581359912770974, 67.635199113089271 ], [ 29.587616190410507, 67.634462583963654 ], [ 29.593991283642449, 67.634809601202321 ], [ 29.598701162131569, 67.635649587809937 ], [ 29.602144722292305, 67.634831812074438 ], [ 29.603154839585535, 67.633738921452732 ], [ 29.603609335395877, 67.631667915264245 ], [ 29.603603188951201, 67.629478671750164 ], [ 29.602954632558426, 67.627443285811779 ], [ 29.603624105110033, 67.624974036593017 ], [ 29.60491193729257, 67.622988370643498 ], [ 29.607486253257708, 67.620928209950932 ], [ 29.610147998723711, 67.619449827543036 ], [ 29.6139311801921, 67.61704710126665 ], [ 29.616224422959032, 67.615224601008904 ], [ 29.6162648004549, 67.614102349944559 ], [ 29.615602672315219, 67.612587645553177 ], [ 29.616784956415064, 67.611150896517501 ], [ 29.618371994504056, 67.6089090342562 ], [ 29.61685633747248, 67.607336309556274 ], [ 29.614911826162082, 67.606138359266083 ], [ 29.61350745298526, 67.604079279579722 ], [ 29.612867389443981, 67.601909197328354 ], [ 29.615208937308825, 67.599260406667824 ], [ 29.615650228324224, 67.596023092042287 ], [ 29.613856332087071, 67.593413984324116 ], [ 29.610590823053759, 67.591528418740239 ], [ 29.608056201512547, 67.590295033057615 ], [ 29.602149151529986, 67.588326123306629 ], [ 29.597294376889653, 67.586510660068868 ], [ 29.593207850226012, 67.584619969433462 ], [ 29.58963013503373, 67.582003248353402 ], [ 29.587356264759055, 67.579266966686149 ], [ 29.58741517490159, 67.576798536671163 ], [ 29.590203961722569, 67.57458263859354 ], [ 29.59515714806636, 67.572825560801789 ], [ 29.599320079082073, 67.571152781413218 ], [ 29.599025821420405, 67.56847463685456 ], [ 29.600189709547191, 67.566239708596029 ], [ 29.603022519245918, 67.562524396247312 ], [ 29.604144757542404, 67.560343938414235 ], [ 29.606140310730702, 67.560338784253787 ], [ 29.610999472763286, 67.560108057004953 ], [ 29.616371301835809, 67.55984198987521 ], [ 29.620357532725972, 67.558727786057659 ], [ 29.620794332112691, 67.556522369875822 ], [ 29.622552386318127, 67.554376331691856 ], [ 29.624138703497671, 67.553013699845607 ], [ 29.627989518860439, 67.551327207333557 ], [ 29.633139919167341, 67.549933559178044 ], [ 29.640778626553502, 67.547915957140958 ], [ 29.645294980757026, 67.54653223356776 ], [ 29.645607442489531, 67.5451273473398 ], [ 29.644020445917931, 67.543735513236371 ], [ 29.640616580654022, 67.542463026025189 ], [ 29.637453766238135, 67.541034009374101 ], [ 29.635638287087311, 67.540112423944365 ], [ 29.634636283186111, 67.538064939501552 ], [ 29.63489606121324, 67.535126555088382 ], [ 29.635962300877427, 67.531636666737285 ], [ 29.63746710330788, 67.528507520085114 ], [ 29.640909297130797, 67.525301893128287 ], [ 29.645532477665771, 67.52281267385041 ], [ 29.649296055568993, 67.520821928227889 ], [ 29.65306560366994, 67.519728296145558 ], [ 29.658475114000264, 67.518419209727327 ], [ 29.665618545279518, 67.517108303475254 ], [ 29.672461597953443, 67.515218773810659 ], [ 29.675440082630132, 67.512531453776887 ], [ 29.673691529138704, 67.510326027383456 ], [ 29.672438267643692, 67.507313797265624 ], [ 29.671082701717793, 67.504222485750262 ], [ 29.667598813571626, 67.500116423323945 ], [ 29.665380066269133, 67.497254669532254 ], [ 29.667947340145673, 67.493838430744773 ], [ 29.666619375786311, 67.491814453861124 ], [ 29.665240353454273, 67.490168181428018 ], [ 29.668534100765733, 67.48884864392808 ], [ 29.675038311438939, 67.487350327113006 ], [ 29.678394312518456, 67.485760348605424 ], [ 29.682779072118276, 67.483955817973111 ], [ 29.68602744460161, 67.482250798256146 ], [ 29.687462296256552, 67.480450240996262 ], [ 29.688101572096695, 67.479066706018997 ], [ 29.689187688671009, 67.477496259423006 ], [ 29.694369318357115, 67.4761357558138 ], [ 29.699765726261518, 67.475229135369531 ], [ 29.70463363205474, 67.474205540683997 ], [ 29.707684465634077, 67.473050730855107 ], [ 29.709666874676937, 67.47196761992717 ], [ 29.712445297844955, 67.471095450678007 ], [ 29.710364362124054, 67.470286865141418 ], [ 29.705483318524724, 67.469130339971599 ], [ 29.695035420814154, 67.468389646009598 ], [ 29.688278360277938, 67.467595904369148 ], [ 29.683316666086462, 67.46653877432135 ], [ 29.677631331894336, 67.465906255243368 ], [ 29.669916453912954, 67.465944198656288 ], [ 29.662105268834086, 67.466584551782006 ], [ 29.65705659468518, 67.466829173250872 ], [ 29.653487958006195, 67.465873856067347 ], [ 29.653505249980981, 67.463513637505557 ], [ 29.651876140053819, 67.461279167670355 ], [ 29.647623102641617, 67.458997978440394 ], [ 29.643649067039728, 67.457115910859599 ], [ 29.640223927733544, 67.455960572673234 ], [ 29.635237589260473, 67.454005125627177 ], [ 29.634099432430087, 67.451538160274495 ], [ 29.633909673629969, 67.449190320013869 ], [ 29.635648841219659, 67.447376312078987 ], [ 29.64036447611495, 67.446482724411055 ], [ 29.64675770465119, 67.446387029572719 ], [ 29.651930941258502, 67.445620182538292 ], [ 29.653660117494727, 67.443940719173327 ], [ 29.653016987725618, 67.441734931540282 ], [ 29.651820234381134, 67.439592070732786 ], [ 29.650530624381322, 67.437872463840577 ], [ 29.648896419345032, 67.43620337862005 ], [ 29.646951634269573, 67.435311047157185 ], [ 29.642555054330739, 67.433794855441988 ], [ 29.639428063391371, 67.433190991617508 ], [ 29.63663956991622, 67.432267482572897 ], [ 29.63529675583921, 67.431742061613377 ], [ 29.632618569312726, 67.43139095796046 ], [ 29.630408316728758, 67.430834771132709 ], [ 29.629931304436248, 67.428841564301607 ], [ 29.630328889826171, 67.426520046719617 ], [ 29.631108238810675, 67.4242730557621 ], [ 29.632886966830942, 67.42261992319925 ], [ 29.634862698878703, 67.42148398118286 ], [ 29.637577037843265, 67.420694862267439 ], [ 29.640609048769782, 67.420456826492185 ], [ 29.64525635517704, 67.420048682494794 ], [ 29.646571022333024, 67.419273381722377 ], [ 29.645984626013099, 67.418197257074524 ], [ 29.641110412975618, 67.416554304277099 ], [ 29.637200550138079, 67.414339119684342 ], [ 29.635867841276632, 67.412207363357439 ], [ 29.633476351504012, 67.409572468875297 ], [ 29.631576241634857, 67.40779092743584 ], [ 29.631477660785706, 67.406051764633602 ], [ 29.633694269127897, 67.405629732678847 ], [ 29.638262990381396, 67.405590936403797 ], [ 29.648832520179408, 67.406853345508054 ], [ 29.652547163076491, 67.407734468611579 ], [ 29.658404604356932, 67.408158444183172 ], [ 29.663084781391561, 67.409113136205406 ], [ 29.671448697271806, 67.41003364088553 ], [ 29.67592196975421, 67.41121573175792 ], [ 29.681108254533655, 67.413130631494568 ], [ 29.685236876182831, 67.414973262095401 ], [ 29.688211540480349, 67.416099217329986 ], [ 29.691629127671817, 67.417424111754457 ], [ 29.693545692869865, 67.418684283509506 ], [ 29.703065306874297, 67.420490220518985 ], [ 29.706849084296245, 67.421736887087235 ], [ 29.709978919105115, 67.423389302011259 ], [ 29.713103784700984, 67.424584085883993 ], [ 29.715801921536684, 67.42531040871701 ], [ 29.721163293526271, 67.423999679139015 ], [ 29.72346269693502, 67.42327889086711 ], [ 29.722551715179851, 67.421436756933431 ], [ 29.71990098152618, 67.419282965896642 ], [ 29.718790937537964, 67.417533898419606 ], [ 29.720223822224845, 67.415975275684318 ], [ 29.721930414235377, 67.412931386412495 ], [ 29.72421414934669, 67.411878816609018 ], [ 29.726426027742566, 67.411015874586226 ], [ 29.729689561626838, 67.410574804075296 ], [ 29.731909952900587, 67.410196208133414 ], [ 29.733712356269308, 67.410040029367337 ], [ 29.735026646334767, 67.409901086300763 ], [ 29.735554618838492, 67.409698304589639 ], [ 29.746267862095788, 67.405582161418636 ], [ 29.75318754054242, 67.403471987310326 ], [ 29.758012103159562, 67.402016547060128 ], [ 29.761832679375154, 67.399752573727241 ], [ 29.763551873016741, 67.398080919807342 ], [ 29.763839080298943, 67.395123630611678 ], [ 29.761876906045739, 67.392276703197709 ], [ 29.75656047104404, 67.389253848551022 ], [ 29.752432462799007, 67.387224571936585 ], [ 29.749005467790617, 67.384393553465912 ], [ 29.746843385279135, 67.381406305897897 ], [ 29.745915612094695, 67.377392949825023 ], [ 29.74438783551636, 67.373021891508728 ], [ 29.744340097572803, 67.368347429978343 ], [ 29.743052159488801, 67.362608290102827 ], [ 29.740520923377613, 67.357392837956638 ], [ 29.740965985297368, 67.352135666472549 ], [ 29.74361337442879, 67.348222899433409 ], [ 29.747783140298846, 67.342982902424509 ], [ 29.756660342767091, 67.339842778753805 ], [ 29.771314103193163, 67.336979603573269 ], [ 29.783202216571812, 67.3343693262306 ], [ 29.795141002596061, 67.328230481001228 ], [ 29.80218080003122, 67.321808199567826 ], [ 29.80873465114772, 67.316031198063456 ], [ 29.812258710392417, 67.310010791367475 ], [ 29.815374281295604, 67.303494882365399 ], [ 29.817270037558792, 67.298077179756959 ], [ 29.818976389353992, 67.292438410384108 ], [ 29.82166457995347, 67.285283682098182 ], [ 29.82275410842195, 67.279153120367681 ], [ 29.822025303365727, 67.273548110900634 ], [ 29.821619957768291, 67.269310464987512 ], [ 29.814576443496048, 67.263654824082778 ], [ 29.808152234539328, 67.262672558655979 ], [ 29.802385421378784, 67.258573532465135 ], [ 29.79511449248125, 67.252490359002792 ], [ 29.787537112801587, 67.247130154507232 ], [ 29.780526482759512, 67.241831603331022 ], [ 29.775630308913151, 67.237160258504801 ], [ 29.77182657929076, 67.232101964723384 ], [ 29.767109758148369, 67.227346543476784 ], [ 29.765512518045963, 67.222115402481705 ], [ 29.756641138889869, 67.216632700788921 ], [ 29.750424179674301, 67.213482071754555 ], [ 29.745891902101175, 67.208651158102299 ], [ 29.747305383153151, 67.205827079615105 ], [ 29.752852397763363, 67.199494973370946 ], [ 29.754962736517598, 67.194280739125062 ], [ 29.759044645196177, 67.188117146307349 ], [ 29.76327517729867, 67.181654707276721 ], [ 29.767369890293292, 67.175840603257015 ], [ 29.768317931677789, 67.172019234989122 ], [ 29.768074078312132, 67.167276221321117 ], [ 29.769381612324477, 67.161357670280438 ], [ 29.772088815480366, 67.154562307356429 ], [ 29.77350500525479, 67.147995678276729 ], [ 29.778847925655619, 67.141665890943216 ], [ 29.784263266776406, 67.137990946664615 ], [ 29.790044425969295, 67.130504384896568 ], [ 29.790340442493207, 67.123876305937287 ], [ 29.794223278749019, 67.115767560416188 ], [ 29.800597956620685, 67.108700842227464 ], [ 29.807295314982525, 67.101269163902884 ], [ 29.808339637674891, 67.09478034964431 ], [ 29.814940243608227, 67.084191008907226 ], [ 29.821319499689125, 67.07748212676654 ], [ 29.828957924091345, 67.068381344115863 ], [ 29.833349946369257, 67.062057130846625 ], [ 29.843398532685018, 67.055156239596997 ], [ 29.854507072133018, 67.049886946305605 ], [ 29.868351898184919, 67.042135421496354 ], [ 29.87906265111814, 67.036512419778589 ], [ 29.891131682652539, 67.031725536249525 ], [ 29.897669644333877, 67.028752650741112 ], [ 29.903949066699351, 67.021323702695199 ], [ 29.905383586608234, 67.015266421957151 ], [ 29.910757209110283, 67.007988276297468 ], [ 29.917176315509987, 67.001992084054919 ], [ 29.927909093411103, 66.995072539056792 ], [ 29.936309654486895, 66.988832510108097 ], [ 29.94581386867916, 66.982652284619732 ], [ 29.966125048869795, 66.974142874837298 ], [ 29.978893095098169, 66.969272686491465 ], [ 29.996750967597414, 66.962232097368016 ], [ 30.001276305087906, 66.959723258428298 ], [ 30.006527379689548, 66.953448781720354 ], [ 30.003466014129501, 66.94867794074213 ], [ 29.995469966576881, 66.943982341059808 ], [ 29.982910787130667, 66.939569700106617 ], [ 29.967273684292238, 66.935779175156256 ], [ 29.951891320230246, 66.932350419423031 ], [ 29.938359842852957, 66.929244938047447 ], [ 29.923914738397105, 66.925930823428828 ], [ 29.909751520588195, 66.925715619864135 ], [ 29.892639192522353, 66.925319628150859 ], [ 29.87868936552627, 66.925160590086094 ], [ 29.861420439241293, 66.924979483925426 ], [ 29.850577456648125, 66.924779844783245 ], [ 29.849432172765638, 66.924423492095983 ], [ 29.843955348658668, 66.92271789499776 ], [ 29.833343541424547, 66.921148819409936 ], [ 29.824328299643074, 66.920914757363718 ], [ 29.81918560100052, 66.91876263558386 ], [ 29.812869274041716, 66.913956798055736 ], [ 29.805509447029479, 66.907805105182931 ], [ 29.802201042696215, 66.901877686220473 ], [ 29.799933173470453, 66.899036986394734 ], [ 29.793359788792081, 66.893301694645288 ], [ 29.784885003322156, 66.88889191694048 ], [ 29.77549249795798, 66.884417046503728 ], [ 29.769185035101543, 66.883567201613417 ], [ 29.756330322760462, 66.883172205263733 ], [ 29.750936390143973, 66.882314716040469 ], [ 29.748609450142112, 66.880910275193287 ], [ 29.747848254782909, 66.878401748926393 ], [ 29.742820229179994, 66.87753765250919 ], [ 29.739342948447018, 66.869314759655367 ], [ 29.739395390541283, 66.861829464946254 ], [ 29.740051271709905, 66.854845238989782 ], [ 29.739464719489675, 66.848376095399999 ], [ 29.736819161674298, 66.841224669822864 ], [ 29.727198949526997, 66.835889751743821 ], [ 29.725087153216094, 66.832677550060097 ], [ 29.725778342072861, 66.825979969376746 ], [ 29.72995108666888, 66.823763164690817 ], [ 29.734843778115316, 66.819021031150257 ], [ 29.732547813346166, 66.813945509383004 ], [ 29.727253653660682, 66.807692306341607 ], [ 29.723565860980202, 66.801124093623258 ], [ 29.719968431163373, 66.795559355238069 ], [ 29.717706742135466, 66.788688287535834 ], [ 29.709130892800207, 66.784348664313086 ], [ 29.694867493998206, 66.78202624744776 ], [ 29.681679716809143, 66.779325353848861 ], [ 29.672465514006358, 66.778225295665166 ], [ 29.654783739955469, 66.774072718097756 ], [ 29.643231377112144, 66.771278395040028 ], [ 29.633168392706796, 66.770908213455996 ], [ 29.620254391831928, 66.771293668073099 ], [ 29.604563937217655, 66.77336606020387 ], [ 29.597444856039466, 66.775475502139159 ], [ 29.577692873232998, 66.77918228137419 ], [ 29.567126814805285, 66.779237817606656 ], [ 29.558211324331566, 66.779642781644839 ], [ 29.546169664386824, 66.779720817794427 ], [ 29.534971318368129, 66.778716592280773 ], [ 29.523721450184382, 66.777200942639396 ], [ 29.510148121383835, 66.769386517856262 ], [ 29.508259681469561, 66.764014781985125 ], [ 29.502945815090253, 66.756669517401861 ], [ 29.505465861841387, 66.751748179473864 ], [ 29.505184483370822, 66.745857368037704 ], [ 29.504394071390355, 66.740539945128148 ], [ 29.498962656468141, 66.734210430954789 ], [ 29.491240675245507, 66.730779361452406 ], [ 29.482498458806432, 66.726206515388611 ], [ 29.476530142904146, 66.721894725243601 ], [ 29.470360156246272, 66.717585887293865 ], [ 29.460171744692111, 66.712747449495097 ], [ 29.45627927443962, 66.709631808536344 ], [ 29.447252948117878, 66.705707647380422 ], [ 29.439616072143423, 66.703430415217809 ], [ 29.430065739502133, 66.699657005353643 ], [ 29.429256201382842, 66.698799152308197 ], [ 29.424047158738457, 66.697210515778735 ], [ 29.419504093965848, 66.695243597048758 ], [ 29.4193622081299, 66.69518297048991 ], [ 29.419337549070118, 66.695335883540707 ], [ 29.418872373246838, 66.69827710125989 ], [ 29.4126276441554, 66.702311912032101 ], [ 29.403360572755247, 66.707451369821456 ], [ 29.3924076860886, 66.711610919157451 ], [ 29.381141422708478, 66.716555011555698 ], [ 29.366189230392035, 66.721185760035596 ], [ 29.352101587298307, 66.724949742650907 ], [ 29.339046315952402, 66.728401006502111 ], [ 29.330216828214567, 66.731950232925101 ], [ 29.322885172190048, 66.736490724732249 ], [ 29.312720673880417, 66.739412572203435 ], [ 29.307187021526076, 66.743575966028047 ], [ 29.304347877497559, 66.747197360636477 ], [ 29.30170611113774, 66.750753009549712 ], [ 29.298795167529551, 66.753379430934032 ], [ 29.294220770596549, 66.758389641715723 ], [ 29.292541220467896, 66.762792421462464 ], [ 29.293485601592089, 66.768538758710491 ], [ 29.294664294409955, 66.772406526620898 ], [ 29.297518661760844, 66.776689538266055 ], [ 29.297675000731569, 66.778849528915785 ], [ 29.296623475288563, 66.781951218572956 ], [ 29.29498921946551, 66.78441538059046 ], [ 29.286040049714959, 66.786958663092818 ], [ 29.278330400448468, 66.788909345122519 ], [ 29.2692247387428, 66.789300633200511 ], [ 29.257653295550938, 66.790578989887265 ], [ 29.24831476504573, 66.790173898134228 ], [ 29.23683787299225, 66.790507326554732 ], [ 29.236441854241232, 66.790154062350624 ], [ 29.233369380981841, 66.793131313016829 ], [ 29.230732145695182, 66.797403256539354 ], [ 29.230569473936704, 66.802878325643107 ], [ 29.2270922928539, 66.80794258015662 ], [ 29.228422846583317, 66.814329642695583 ], [ 29.228222961094346, 66.819150277559359 ], [ 29.22657619718191, 66.821829107357871 ], [ 29.219689592320545, 66.825496678351641 ], [ 29.208900403060433, 66.827836849915101 ], [ 29.197172938688556, 66.830404614088749 ], [ 29.185424628927386, 66.832254052908127 ], [ 29.1773286910867, 66.834204870375629 ], [ 29.171832450056161, 66.836711700661496 ], [ 29.164829884849041, 66.835847749128305 ], [ 29.160148420046887, 66.834171289915034 ], [ 29.15376954464152, 66.831575830960773 ], [ 29.146476380283222, 66.831791605261742 ], [ 29.13657105892656, 66.834186507696856 ], [ 29.129764361060055, 66.836341704956098 ], [ 29.117370435956413, 66.839773628245837 ], [ 29.110580915716437, 66.842430126459021 ], [ 29.101804279106503, 66.845319053146895 ], [ 29.09682585162534, 66.847600979472134 ], [ 29.088748274576353, 66.849905739065278 ], [ 29.083508418789723, 66.85074632645788 ], [ 29.078177005202043, 66.850511406323818 ], [ 29.076182310857831, 66.850376103707958 ], [ 29.074507953551791, 66.850254527053849 ], [ 29.073690523522313, 66.850023021869646 ], [ 29.072136931755438, 66.849442309465417 ], [ 29.070510703789971, 66.848270438327049 ], [ 29.069684438470667, 66.847393113675992 ] ] ] } }
]
}
