{
"type": "FeatureCollection",
"name": "Vikajarvi_Basin",
"crs": { "type": "name", "properties": { "name": "urn:ogc:def:crs:OGC:1.3:CRS84" } },
"features": [
{ "type": "Feature", "properties": { "OID": 0 }, "geometry": { "type": "Polygon", "coordinates": [ [ [ 26.59518078012983, 66.557362964580321 ], [ 26.592882825095522, 66.557437728314156 ], [ 26.592038092506762, 66.556771931151431 ], [ 26.590152560651021, 66.556417284487694 ], [ 26.588878833475274, 66.555831061164653 ], [ 26.587292506861679, 66.555091558721827 ], [ 26.584472513837188, 66.554079740582381 ], [ 26.581713377530257, 66.553480552433854 ], [ 26.579795166690975, 66.552417252571672 ], [ 26.578580880792021, 66.551006092193361 ], [ 26.575333599939775, 66.550019862593999 ], [ 26.572355263963367, 66.549115012204936 ], [ 26.569752816244616, 66.548614676317939 ], [ 26.567553277220295, 66.548249922181 ], [ 26.568068990623093, 66.547067629486975 ], [ 26.568560896444911, 66.545957011689538 ], [ 26.568525995939762, 66.545374024892539 ], [ 26.566940137916575, 66.544679142819604 ], [ 26.566775395316871, 66.54379987457429 ], [ 26.565693222187896, 66.542622126429734 ], [ 26.563278824661111, 66.54170969053888 ], [ 26.560265039835972, 66.541620559157792 ], [ 26.557713417709611, 66.542115566286284 ], [ 26.55569032689624, 66.541993263967299 ], [ 26.552929819590215, 66.541581873367946 ], [ 26.550559071477718, 66.542023471188955 ], [ 26.548950876140335, 66.542601743238109 ], [ 26.547585888400771, 66.543413861526787 ], [ 26.546993307825254, 66.543824652763178 ], [ 26.545195308170619, 66.543693903419211 ], [ 26.544961605434889, 66.544168508175659 ], [ 26.544338240651779, 66.545027587612992 ], [ 26.543624468386039, 66.545904325755899 ], [ 26.543137377845667, 66.546692054782682 ], [ 26.542263683329008, 66.547693880908696 ], [ 26.540803210449898, 66.548774680043735 ], [ 26.538377897972349, 66.549682256342308 ], [ 26.536631687360291, 66.55037657703339 ], [ 26.533431634499497, 66.550564370796693 ], [ 26.530956601826713, 66.550503176280742 ], [ 26.527726454544311, 66.549901623928918 ], [ 26.524850616094689, 66.549614935299118 ], [ 26.522912118240338, 66.549752532794145 ], [ 26.519545479286613, 66.550405848814947 ], [ 26.516986773761122, 66.551178173607198 ], [ 26.515547874313871, 66.551084057959898 ], [ 26.513458658584863, 66.550862360541117 ], [ 26.510071221259089, 66.551407809107957 ], [ 26.507530048207052, 66.55127429555678 ], [ 26.504412203563369, 66.550708481276232 ], [ 26.500981898654921, 66.550016058462887 ], [ 26.497826044846352, 66.549118191650393 ], [ 26.49550900948736, 66.547935991664914 ], [ 26.49420604208397, 66.546703231771758 ], [ 26.492161655115375, 66.545414250855799 ], [ 26.488512170226848, 66.544487688844569 ], [ 26.485787522982655, 66.544559487853476 ], [ 26.484413669703343, 66.544608775050492 ], [ 26.482881704271534, 66.544684442302469 ], [ 26.481192039637548, 66.544768534951828 ], [ 26.479028260843808, 66.544922777128093 ], [ 26.477084956474322, 66.545292944762451 ], [ 26.473835580864268, 66.545694585584769 ], [ 26.470313153999442, 66.546229742435372 ], [ 26.468506792058562, 66.546501628339826 ], [ 26.465864568492556, 66.546914124401837 ], [ 26.462597514336274, 66.547073348430331 ], [ 26.459847465470197, 66.547261182626983 ], [ 26.455249501710856, 66.547550176734674 ], [ 26.451409938420586, 66.548146579900902 ], [ 26.44803229794563, 66.549219813203507 ], [ 26.445373548942499, 66.549335981758389 ], [ 26.443205900467525, 66.548628818314398 ], [ 26.440831790824031, 66.548100241446321 ], [ 26.438231297971853, 66.547633598014798 ], [ 26.436402607972028, 66.546882715366849 ], [ 26.434983382818494, 66.545944962763286 ], [ 26.432115423408543, 66.545378604360621 ], [ 26.430418952646516, 66.54574908955712 ], [ 26.427436949686342, 66.546231447685884 ], [ 26.426333572418045, 66.546254318268538 ], [ 26.422986982863627, 66.546923582387208 ], [ 26.419550173481554, 66.54759244148778 ], [ 26.416223634578099, 66.548351304366179 ], [ 26.412849954378544, 66.549190635259293 ], [ 26.408056090568913, 66.550105252712271 ], [ 26.403956461091404, 66.551156881062852 ], [ 26.400938687747082, 66.552140788331471 ], [ 26.398938051366969, 66.552949195727891 ], [ 26.396083561673962, 66.553682547874374 ], [ 26.392322326534426, 66.553739758482891 ], [ 26.389264858791616, 66.55355748642927 ], [ 26.38443425410302, 66.554067695883504 ], [ 26.379606113375473, 66.554470146978318 ], [ 26.376118694833099, 66.554375602978354 ], [ 26.372988777199474, 66.554390022410672 ], [ 26.369116846197919, 66.554365519100656 ], [ 26.366280507871735, 66.554345118276899 ], [ 26.363457953808918, 66.554665489185254 ], [ 26.361832642224726, 66.55570810664544 ], [ 26.360458784406372, 66.556599283501271 ], [ 26.35819653477251, 66.55788140109162 ], [ 26.35489945415598, 66.559114385199493 ], [ 26.351215035667405, 66.560507129183435 ], [ 26.348018848971659, 66.561300971518349 ], [ 26.345050487082144, 66.561988089639613 ], [ 26.342104490293014, 66.562675245895193 ], [ 26.338769501478478, 66.563584901846824 ], [ 26.335752459442809, 66.564388214128243 ], [ 26.332441706999703, 66.565217133218155 ], [ 26.32887111438864, 66.565650284088477 ], [ 26.325206177241956, 66.566235398644324 ], [ 26.321768972512523, 66.566722772801285 ], [ 26.317997633126645, 66.567890165894099 ], [ 26.316552201458695, 66.568843434886332 ], [ 26.316847963929209, 66.570378208960349 ], [ 26.316729271257707, 66.571417958424448 ], [ 26.314766434083193, 66.572333080570175 ], [ 26.311957757431053, 66.572867826037978 ], [ 26.308284294646739, 66.572896511214864 ], [ 26.305271154753655, 66.57348403742246 ], [ 26.303780104027645, 66.574428017561601 ], [ 26.302243257665367, 66.576196815605414 ], [ 26.299711941889221, 66.578059804171701 ], [ 26.296829591389727, 66.579571439646088 ], [ 26.295664116928453, 66.581727455802465 ], [ 26.294458602735041, 66.582905788133615 ], [ 26.293405694782848, 66.582676855957359 ], [ 26.292536920049702, 66.582314229819758 ], [ 26.290138219749437, 66.582644176206927 ], [ 26.288390739837794, 66.583057756063866 ], [ 26.286542614234683, 66.583049364973022 ], [ 26.284259298273025, 66.583281097028333 ], [ 26.282207285273071, 66.583307592598615 ], [ 26.279664790500163, 66.583923690320191 ], [ 26.277665216558056, 66.58447051166776 ], [ 26.275232050297241, 66.585194653557139 ], [ 26.272425799266422, 66.58556728754597 ], [ 26.268789422810848, 66.585801488935658 ], [ 26.266738774466933, 66.585773987838024 ], [ 26.262710076671599, 66.586311118159898 ], [ 26.261553011551936, 66.586556779748506 ], [ 26.260418763718334, 66.586793568977981 ], [ 26.258711027986802, 66.587359450917376 ], [ 26.256091601049128, 66.588252813622319 ], [ 26.254587914646038, 66.588774788039458 ], [ 26.251752041409851, 66.590106472271856 ], [ 26.249576745663017, 66.591208097808021 ], [ 26.247089672424099, 66.592173689954436 ], [ 26.244033668097842, 66.592562556516413 ], [ 26.239840316607406, 66.593268707324171 ], [ 26.236363862905794, 66.59412171626397 ], [ 26.236239750210185, 66.59522416165882 ], [ 26.236500924354257, 66.596265698753598 ], [ 26.237803277872029, 66.597186755623298 ], [ 26.239049656500786, 66.59846623522445 ], [ 26.239695177432623, 66.599482731767012 ], [ 26.240144691003348, 66.60100944272142 ], [ 26.239128122613305, 66.601793693068828 ], [ 26.237329207081139, 66.602340971511794 ], [ 26.235937051380759, 66.602863312865992 ], [ 26.233771539497425, 66.603588124141908 ], [ 26.230841467007512, 66.604228456047821 ], [ 26.227940227095161, 66.604662612888703 ], [ 26.223800574848958, 66.605736285451684 ], [ 26.220082681703847, 66.606300778103289 ], [ 26.216870851138189, 66.606553831819866 ], [ 26.212276768183287, 66.60627976317619 ], [ 26.209027729278123, 66.606281367439564 ], [ 26.207218436845544, 66.606415734654973 ], [ 26.204674017501269, 66.606958877995567 ], [ 26.200836955112884, 66.607701672015835 ], [ 26.196934276054311, 66.60837229264159 ], [ 26.194070671091929, 66.609003321608952 ], [ 26.193124207444768, 66.610352611500517 ], [ 26.193917527253245, 66.610939598810816 ], [ 26.195247628839702, 66.612372321370543 ], [ 26.196579917018418, 66.613742260466509 ], [ 26.198114611881469, 66.614440628369167 ], [ 26.200959431806034, 66.615109781972492 ], [ 26.203256062037081, 66.615282870254717 ], [ 26.206341807657569, 66.614778350512466 ], [ 26.20863818560532, 66.614251862201513 ], [ 26.210961644837049, 66.614290454920166 ], [ 26.21356566023492, 66.61473396340746 ], [ 26.216078092655071, 66.615221819679391 ], [ 26.218082513384733, 66.616792223151407 ], [ 26.217643768367768, 66.617821343505966 ], [ 26.217021658893941, 66.618221798391517 ], [ 26.215190537895477, 66.619019770464575 ], [ 26.213617659012101, 66.620213605896765 ], [ 26.212014283817272, 66.620940936676604 ], [ 26.210452266244179, 66.621785043353995 ], [ 26.210145117022019, 66.62292241757909 ], [ 26.209006981383332, 66.623921092476081 ], [ 26.208351686411046, 66.624644193841604 ], [ 26.206835319148805, 66.625461590179796 ], [ 26.204457754331226, 66.62637326529449 ], [ 26.201600922312835, 66.62673543581684 ], [ 26.198941135226082, 66.627286879368199 ], [ 26.197792215861583, 66.627899799441792 ], [ 26.195770416505425, 66.628965612919856 ], [ 26.195512315958172, 66.629959730856356 ], [ 26.194805214366138, 66.630870832498942 ], [ 26.193695058520181, 66.631672251214582 ], [ 26.192219722767206, 66.632588370406381 ], [ 26.189795210045794, 66.633517520687917 ], [ 26.186398182329398, 66.634477480776624 ], [ 26.183281072754124, 66.635160814565324 ], [ 26.179643450085415, 66.63586826835639 ], [ 26.177243397948669, 66.636716648093227 ], [ 26.175621476702592, 66.637936752773456 ], [ 26.175148460133894, 66.639252561082955 ], [ 26.174241507103652, 66.640028006256017 ], [ 26.173094378194161, 66.6405510802294 ], [ 26.171714101409489, 66.641288153151848 ], [ 26.171414547856784, 66.642138526122949 ], [ 26.170892631947403, 66.642880113100631 ], [ 26.17023091420986, 66.643746507868627 ], [ 26.171014250587763, 66.644647439085048 ], [ 26.172699024925095, 66.645624838079229 ], [ 26.174055321196779, 66.646968189872979 ], [ 26.173240844194872, 66.647672370539965 ], [ 26.171728803763433, 66.648283204866317 ], [ 26.170694525425596, 66.64879789442368 ], [ 26.169904280339729, 66.649448384060719 ], [ 26.168135021538291, 66.650308920863679 ], [ 26.165399319541304, 66.651002888768758 ], [ 26.16323191704284, 66.65092859920415 ], [ 26.160171182591164, 66.650535635129771 ], [ 26.158910294647168, 66.651058000853311 ], [ 26.157503646445679, 66.651211896674042 ], [ 26.154955714243211, 66.65102784096257 ], [ 26.153426848270922, 66.651450081497302 ], [ 26.152062956838211, 66.652994187655622 ], [ 26.150095712450593, 66.654328759517284 ], [ 26.147478183527276, 66.65418903854777 ], [ 26.143414141790181, 66.654041412340419 ], [ 26.14045329493381, 66.654025260790277 ], [ 26.13811781867933, 66.654227717443078 ], [ 26.135856115498527, 66.654905839054521 ], [ 26.134929444578933, 66.655546436296689 ], [ 26.133922068755592, 66.656554273522588 ], [ 26.132555433209472, 66.657488378567024 ], [ 26.130293279624944, 66.658166419455057 ], [ 26.128485338032462, 66.65878418022146 ], [ 26.12820983623007, 66.659544930161672 ], [ 26.129045238222144, 66.660222153791864 ], [ 26.129273619350748, 66.661443054237949 ], [ 26.129015890758691, 66.662984122733931 ], [ 26.128184732623385, 66.664109476252975 ], [ 26.126617444576425, 66.664943777746871 ], [ 26.124773923696267, 66.665911038217445 ], [ 26.123806486567027, 66.667044592018684 ], [ 26.124095473968236, 66.667826411082515 ], [ 26.123115794913723, 66.668663939433969 ], [ 26.121697758326082, 66.669741158094681 ], [ 26.121700665714378, 66.670933914192716 ], [ 26.123065105697293, 66.67200870533506 ], [ 26.124727942655412, 66.673605295317927 ], [ 26.125019361045474, 66.674961069983212 ], [ 26.123854320106773, 66.675914166921189 ], [ 26.122286418878399, 66.676102725272983 ], [ 26.122227527199104, 66.677124739320959 ], [ 26.120930372071214, 66.677969465014399 ], [ 26.119346989442949, 66.678588371693039 ], [ 26.118654198080048, 66.678979080865503 ], [ 26.117846900059398, 66.680041750793265 ], [ 26.117012116057197, 66.681238772898396 ], [ 26.115150334689321, 66.682672164217735 ], [ 26.113419597128473, 66.684231819944969 ], [ 26.110605660260251, 66.68632342019616 ], [ 26.105132860532507, 66.688059109632022 ], [ 26.104320888046878, 66.688601533817334 ], [ 26.104088703489829, 66.688761638199196 ], [ 26.104191362535488, 66.68967695268266 ], [ 26.103455880682947, 66.690605440905969 ], [ 26.102708947961048, 66.691847730341777 ], [ 26.102321350007411, 66.692545024517756 ], [ 26.101039151148193, 66.693560064528739 ], [ 26.099515099478044, 66.694995195544635 ], [ 26.100732643598654, 66.696383223086642 ], [ 26.103355216216208, 66.697124581629794 ], [ 26.105108131453552, 66.698121024642418 ], [ 26.10561454645315, 66.699146243493857 ], [ 26.104203744715285, 66.699954314543561 ], [ 26.102512477280385, 66.700375151974598 ], [ 26.102088906500395, 66.700812164503049 ], [ 26.100377622229487, 66.701779914231878 ], [ 26.098327841576321, 66.70270983178294 ], [ 26.095285034130203, 66.703535373039685 ], [ 26.09181763809886, 66.704196993357897 ], [ 26.090502294548632, 66.704853032194421 ], [ 26.089050009342607, 66.705535183340729 ], [ 26.087803932926008, 66.706765556247532 ], [ 26.086009024947789, 66.707517432882923 ], [ 26.084253721424542, 66.709031797601696 ], [ 26.081037383251271, 66.710833575570987 ], [ 26.080575092872937, 66.71351230096127 ], [ 26.078555415781743, 66.715410687108985 ], [ 26.07691151677184, 66.716342705958908 ], [ 26.074059472410578, 66.717455946982795 ], [ 26.071657974243827, 66.718033712335227 ], [ 26.069906789321671, 66.719996346695794 ], [ 26.067491362155682, 66.72153354107887 ], [ 26.065561244043909, 66.721620763811089 ], [ 26.062145561743478, 66.72143008332803 ], [ 26.059295912643549, 66.721852542319127 ], [ 26.058479353378019, 66.72186560193272 ], [ 26.059456511351371, 66.721207806024864 ], [ 26.057416843550975, 66.721195623748329 ], [ 26.05629771613874, 66.72022934400438 ], [ 26.053684427731842, 66.719218233577578 ], [ 26.052156958146803, 66.718267414289301 ], [ 26.052384723827277, 66.717058100837193 ], [ 26.051432240935039, 66.715303597961679 ], [ 26.048841785503726, 66.713718581108822 ], [ 26.045320166354291, 66.712782550446889 ], [ 26.042448823805721, 66.712029752994184 ], [ 26.038718958954931, 66.710634932462384 ], [ 26.036293855200029, 66.709490141904155 ], [ 26.032258124897531, 66.708981137534181 ], [ 26.029644192554496, 66.708041349771634 ], [ 26.026642942309074, 66.70716190917895 ], [ 26.022000170837671, 66.706550235380718 ], [ 26.016740907183117, 66.706634082146763 ], [ 26.01359991881553, 66.707000080595066 ], [ 26.01082481553448, 66.707278633122669 ], [ 26.009254781422857, 66.708013124173007 ], [ 26.007446536300804, 66.709598070424718 ], [ 26.006504689502957, 66.71104496780228 ], [ 26.006303819167293, 66.712657970410035 ], [ 26.005373471420736, 66.714938969989404 ], [ 26.005300601879028, 66.716185073743418 ], [ 26.003875511967376, 66.718364298040271 ], [ 26.002699234232409, 66.71998905451278 ], [ 25.999654744451085, 66.72072309096184 ], [ 25.996629100012559, 66.721546861650069 ], [ 25.99539802910202, 66.722274405509424 ], [ 25.993856912009441, 66.723376629968413 ], [ 25.991504426601441, 66.724913086531345 ], [ 25.989469421657578, 66.725886550497265 ], [ 25.987147913071375, 66.727207911233549 ], [ 25.985035876516513, 66.728943116083613 ], [ 25.982874894623428, 66.729108554357552 ], [ 25.97899133726246, 66.72925384717081 ], [ 25.974698869023211, 66.729961390617888 ], [ 25.971425957542543, 66.730684434778055 ], [ 25.968273584883356, 66.7306907386495 ], [ 25.966514492310814, 66.729916925474015 ], [ 25.965325546732675, 66.72852803397835 ], [ 25.964522835416584, 66.727123726002091 ], [ 25.964354858277119, 66.72572358380647 ], [ 25.962507850114999, 66.724895341680451 ], [ 25.961146755021108, 66.723837103370556 ], [ 25.96075501265431, 66.722910796608303 ], [ 25.95929547639734, 66.722578310086405 ], [ 25.957993813070583, 66.722802888496474 ], [ 25.956317000565026, 66.72332091641627 ], [ 25.954669866785146, 66.724206823302438 ], [ 25.953199912680009, 66.724654451847044 ], [ 25.950541370736527, 66.725327327655066 ], [ 25.947273063877429, 66.726471406075817 ], [ 25.944384418780967, 66.72721439087276 ], [ 25.941399548195616, 66.728082238072986 ], [ 25.938891280533671, 66.728935294189085 ], [ 25.936900776149592, 66.72987252222579 ], [ 25.935519158312676, 66.730885584879431 ], [ 25.93317549133668, 66.732116327371173 ], [ 25.930985106127995, 66.732944513686718 ], [ 25.928155523166136, 66.734387132208496 ], [ 25.925522255895345, 66.736001432106079 ], [ 25.921792710146917, 66.737778601445626 ], [ 25.922451433699866, 66.738796516568925 ], [ 25.922011022872955, 66.740049061614869 ], [ 25.921765405902928, 66.740477860419688 ], [ 25.921664047812985, 66.741239468320757 ], [ 25.920994774062684, 66.742535287246398 ], [ 25.920025856779365, 66.743936669662986 ], [ 25.91865111642668, 66.745792649565828 ], [ 25.917756155874741, 66.74757119926339 ], [ 25.917970515546426, 66.748890999481617 ], [ 25.918356594566738, 66.750436182282158 ], [ 25.920504383382379, 66.75166160209244 ], [ 25.92201122014994, 66.752496978496353 ], [ 25.922077993006319, 66.753564659366035 ], [ 25.921389321608331, 66.754259477655168 ], [ 25.919666864318813, 66.755234201381413 ], [ 25.917822504955094, 66.756396407655757 ], [ 25.917409584432946, 66.75804372740545 ], [ 25.916420689925033, 66.75936424201015 ], [ 25.912647230259864, 66.761526548125858 ], [ 25.910856583089199, 66.762482775202869 ], [ 25.907565570094643, 66.763473448154969 ], [ 25.904596893960722, 66.764358664613198 ], [ 25.901723226747258, 66.765145841888511 ], [ 25.898045541309667, 66.766133629743024 ], [ 25.892680614467913, 66.767261967623782 ], [ 25.888914654152554, 66.768177188190364 ], [ 25.885336967194458, 66.768941181631604 ], [ 25.883597877493223, 66.769727068821965 ], [ 25.883913221745889, 66.770787558158133 ], [ 25.883681545625524, 66.771889021759122 ], [ 25.88189148560966, 66.772791120619885 ], [ 25.881164865041839, 66.774283676918444 ], [ 25.876614583527076, 66.77542622374564 ], [ 25.872709284595313, 66.776366974087168 ], [ 25.869398338505313, 66.777222202302937 ], [ 25.867904303299234, 66.778090396482497 ], [ 25.867308001368876, 66.779691445902785 ], [ 25.865669168135717, 66.780737947877867 ], [ 25.864101640889039, 66.781713197978561 ], [ 25.861489796164257, 66.782662974766865 ], [ 25.859781802471485, 66.782740338343388 ], [ 25.856191073194033, 66.782741285164263 ], [ 25.852304467667636, 66.782264676890151 ], [ 25.846653689161606, 66.78258225248301 ], [ 25.840794000645595, 66.783472074749938 ], [ 25.839711424071673, 66.783778019586151 ], [ 25.837303315134829, 66.784719927454049 ], [ 25.835007999152918, 66.785196277583481 ], [ 25.831646565768292, 66.786104169926134 ], [ 25.828973371968548, 66.78687359731741 ], [ 25.826673885207402, 66.787905836132481 ], [ 25.823807851716158, 66.788897955803861 ], [ 25.821812348065414, 66.790219384782901 ], [ 25.818159906194804, 66.791008226414533 ], [ 25.815965033976418, 66.790794490507849 ], [ 25.813724299569717, 66.790589342580191 ], [ 25.809785821118012, 66.791644906530678 ], [ 25.806466179899456, 66.792122101638213 ], [ 25.802706751503276, 66.792757320763286 ], [ 25.79972773569229, 66.7932369476394 ], [ 25.795725948180806, 66.793242378621329 ], [ 25.790366275364658, 66.793120718287909 ], [ 25.788199414498393, 66.793722945588186 ], [ 25.786450604390044, 66.794606372275993 ], [ 25.783788479284024, 66.795563466531959 ], [ 25.781004493500912, 66.796681011746244 ], [ 25.777558376239593, 66.797847203606423 ], [ 25.774471639494379, 66.799096822306723 ], [ 25.772943811008787, 66.800546835222065 ], [ 25.771503148530659, 66.802069261585501 ], [ 25.769246491750842, 66.803531509601584 ], [ 25.767374046642463, 66.804584177243285 ], [ 25.766483952334966, 66.806003223581143 ], [ 25.766615018219323, 66.807017689607903 ], [ 25.768258685054999, 66.80781076308979 ], [ 25.769940446126125, 66.808299189733461 ], [ 25.770893080367777, 66.809266226358446 ], [ 25.772724356293452, 66.809953089650918 ], [ 25.776067946630334, 66.810427433418639 ], [ 25.778136678945579, 66.810918765749676 ], [ 25.779720798103806, 66.812007216903481 ], [ 25.782219836485197, 66.813461447866786 ], [ 25.784361439074317, 66.814787316972954 ], [ 25.784710565669556, 66.81600971445063 ], [ 25.785516785452948, 66.816733384769975 ], [ 25.786636689885356, 66.817558114276679 ], [ 25.787858223459491, 66.819092118019782 ], [ 25.789876472960074, 66.819242100670067 ], [ 25.79150258105658, 66.818572929895495 ], [ 25.793366256246529, 66.817699288869775 ], [ 25.794640706500548, 66.817700035806709 ], [ 25.796568748075483, 66.817831310886348 ], [ 25.798184380031433, 66.818300990400985 ], [ 25.799392294624187, 66.819198035291095 ], [ 25.800451973478854, 66.819403388699854 ], [ 25.80141716557084, 66.819213394202734 ], [ 25.802816346004459, 66.818524462980164 ], [ 25.803639656397067, 66.817508288979624 ], [ 25.805763945235668, 66.816412266104479 ], [ 25.806829785522471, 66.815084013593022 ], [ 25.808443296037538, 66.8141903766345 ], [ 25.811482382460593, 66.812518215704984 ], [ 25.813912391611375, 66.811200175402533 ], [ 25.816477288523476, 66.809910006937201 ], [ 25.819637442391766, 66.809009886091772 ], [ 25.822467756235422, 66.809291080330226 ], [ 25.824811545873093, 66.809756938306748 ], [ 25.829217687061899, 66.809915181685668 ], [ 25.834698769179656, 66.809955675067101 ], [ 25.838767806288491, 66.809546159324995 ], [ 25.843560243339081, 66.809231525019015 ], [ 25.84659635487326, 66.809011560807392 ], [ 25.848531039798537, 66.808021204008369 ], [ 25.85008774830662, 66.806839746081209 ], [ 25.85163040214832, 66.805469842114775 ], [ 25.853882908093745, 66.804481739777501 ], [ 25.857573725731591, 66.80288518926605 ], [ 25.861628114660665, 66.801775458775708 ], [ 25.865909461497971, 66.802147032338524 ], [ 25.870030813904986, 66.80154876901301 ], [ 25.872951544096416, 66.800843188061492 ], [ 25.878165577894531, 66.799714406562032 ], [ 25.882084669268533, 66.798047177441077 ], [ 25.886337689173249, 66.797530136891979 ], [ 25.890778948274587, 66.797373034023764 ], [ 25.895653636177478, 66.797182966637891 ], [ 25.900167765293666, 66.796918492884288 ], [ 25.901732657124075, 66.797010095121891 ], [ 25.904043989715493, 66.798209943523517 ], [ 25.905013054289924, 66.799427369452872 ], [ 25.90510713576279, 66.800378655382644 ], [ 25.90528535315066, 66.801994167838188 ], [ 25.905022839908664, 66.803292739968157 ], [ 25.903524391505972, 66.804762107829745 ], [ 25.902320245871085, 66.805749226161865 ], [ 25.901665308458078, 66.807170619379733 ], [ 25.901750070315014, 66.808328112860323 ], [ 25.902266093698028, 66.810017721659079 ], [ 25.902879142600131, 66.811573478217625 ], [ 25.902664665035132, 66.812809594885024 ], [ 25.903824568424589, 66.814351206045757 ], [ 25.905181423098281, 66.815051155476752 ], [ 25.90716055435006, 66.815576039524927 ], [ 25.906513208308908, 66.816315917320935 ], [ 25.90606619913174, 66.816644656060831 ], [ 25.905123428736704, 66.817373521797279 ], [ 25.904598493550065, 66.818428135368137 ], [ 25.904274317300548, 66.819062626065829 ], [ 25.904192411526292, 66.819878167751654 ], [ 25.904557939340943, 66.821378386034709 ], [ 25.90475151283588, 66.822142031664868 ], [ 25.904973788977369, 66.823282528738858 ], [ 25.905196508064179, 66.824414056515096 ], [ 25.905617666456877, 66.825690460173064 ], [ 25.905719422736063, 66.826982578795636 ], [ 25.906728055192183, 66.82887287005488 ], [ 25.90768970131213, 66.830798707261621 ], [ 25.90643214523087, 66.831937948452762 ], [ 25.904081034068145, 66.832065166520962 ], [ 25.900871699145465, 66.832033941899411 ], [ 25.898107822984656, 66.832732173165894 ], [ 25.897406567415658, 66.833642041841287 ], [ 25.896602311863312, 66.834309050002318 ], [ 25.895127521208575, 66.834693365109715 ], [ 25.895098051905194, 66.83534783936328 ], [ 25.895223278688594, 66.836613223619466 ], [ 25.895281669296338, 66.837340058427074 ], [ 25.895541752645741, 66.838140048193921 ], [ 25.895479192022442, 66.839529681009495 ], [ 25.89420081661018, 66.841108121972894 ], [ 25.891628215466245, 66.842587813555653 ], [ 25.889941093915585, 66.844127489950537 ], [ 25.890818939903223, 66.845371256296147 ], [ 25.891510120390201, 66.84621014151432 ], [ 25.893207724203968, 66.847468594284692 ], [ 25.894589291512489, 66.848159832996643 ], [ 25.896867583922781, 66.849180159129915 ], [ 25.89897186432971, 66.850019886762112 ], [ 25.902714012866944, 66.849400152605568 ], [ 25.9068072748859, 66.849589898892404 ], [ 25.909841848003545, 66.849503208009622 ], [ 25.912395489288539, 66.850498295744956 ], [ 25.912606311277571, 66.851396557992032 ], [ 25.914498995303912, 66.85188485885115 ], [ 25.920691702274979, 66.853057182167149 ], [ 25.92166571124244, 66.854229674198933 ], [ 25.921414111384763, 66.855286200379084 ], [ 25.920993816320859, 66.857067988893888 ], [ 25.919592456363116, 66.858349848654498 ], [ 25.916616264390917, 66.85915458160909 ], [ 25.91194894577767, 66.859535121422013 ], [ 25.908030343052445, 66.859992426628352 ], [ 25.903731378067103, 66.860285583729535 ], [ 25.901446226847508, 66.860915454423832 ], [ 25.900156109641021, 66.86172260613381 ], [ 25.899252819321902, 66.863052582461634 ], [ 25.897135905355263, 66.863988484751189 ], [ 25.894339058399339, 66.864829933214381 ], [ 25.890090415984218, 66.865499738333966 ], [ 25.886032857719897, 66.86597346755542 ], [ 25.883797120451927, 66.866998041758507 ], [ 25.881291435099246, 66.867437746994554 ], [ 25.879692806812027, 66.867489224720345 ], [ 25.87520734227202, 66.867834101586055 ], [ 25.873423235756974, 66.868942449021304 ], [ 25.872142917157429, 66.869507309440365 ], [ 25.871449638850475, 66.870695145400163 ], [ 25.871465999912886, 66.871825259351994 ], [ 25.868310032062642, 66.873488772783759 ], [ 25.86541576316252, 66.873925447114175 ], [ 25.863070167389203, 66.875316650899123 ], [ 25.860861540833149, 66.876699825225529 ], [ 25.858193804807765, 66.877649194909907 ], [ 25.854697250292141, 66.878753962762218 ], [ 25.851487640225905, 66.880058034468377 ], [ 25.846735115543748, 66.881655739582712 ], [ 25.842719110163767, 66.883106226697336 ], [ 25.841552495749063, 66.884613344522194 ], [ 25.841515625308048, 66.887321485790409 ], [ 25.844345502181412, 66.887808498447612 ], [ 25.846706472889817, 66.88759251559307 ], [ 25.84867287525476, 66.888001408971036 ], [ 25.851345345852671, 66.8884423108466 ], [ 25.853643323162547, 66.888109179506259 ], [ 25.856395660348554, 66.888308424103556 ], [ 25.858735945139461, 66.889024812759644 ], [ 25.862195325050731, 66.889238007252359 ], [ 25.86443096233106, 66.889263009519851 ], [ 25.867496336734398, 66.889607787862488 ], [ 25.872175235862059, 66.890107497275764 ], [ 25.876381283034714, 66.890469185179498 ], [ 25.880773312484934, 66.890760326774242 ], [ 25.886071552823338, 66.892707861292806 ], [ 25.887191760312824, 66.893173098078321 ], [ 25.888920876893081, 66.893804032316169 ], [ 25.890114189817091, 66.894673326372171 ], [ 25.89070645305133, 66.895708806995685 ], [ 25.892412785444684, 66.897352942783513 ], [ 25.892858125007155, 66.898611591065702 ], [ 25.893044693192028, 66.900038822379145 ], [ 25.894392979324827, 66.901025759023497 ], [ 25.894632625167795, 66.902291929451692 ], [ 25.895932532364366, 66.904354688576575 ], [ 25.898121103531494, 66.904441654977958 ], [ 25.902763214786706, 66.903801220255176 ], [ 25.907159548473022, 66.903033416868624 ], [ 25.90980145303071, 66.903195083160952 ], [ 25.914236500518641, 66.903090985909699 ], [ 25.914602093749313, 66.904115854714831 ], [ 25.914189416158706, 66.905180227849272 ], [ 25.913084154519417, 66.90641025445538 ], [ 25.911485581396711, 66.907430621683218 ], [ 25.910225808271605, 66.908534019465236 ], [ 25.907578133141588, 66.910022448362213 ], [ 25.906602917100365, 66.911396811634432 ], [ 25.907932769525715, 66.91333410949261 ], [ 25.910672144293237, 66.914922355062075 ], [ 25.913227156565398, 66.916554128734177 ], [ 25.915156367293104, 66.917876671340707 ], [ 25.915758589001271, 66.919755108377174 ], [ 25.916523193560405, 66.921580847942124 ], [ 25.91693982088054, 66.923009617749955 ], [ 25.916243577502584, 66.924278326663298 ], [ 25.914284356047343, 66.925161741837556 ], [ 25.910682391868995, 66.92545991535907 ], [ 25.909035947685386, 66.925986690927758 ], [ 25.906853024037051, 66.926240713812064 ], [ 25.90381849587591, 66.926623348991711 ], [ 25.900950564398443, 66.927365812532926 ], [ 25.900450187913062, 66.928833108861795 ], [ 25.897990435251391, 66.929641113413922 ], [ 25.893256049375179, 66.93069331870889 ], [ 25.89021790485253, 66.931138456693503 ], [ 25.890975203599702, 66.932587607276133 ], [ 25.892234173020505, 66.933564952929316 ], [ 25.893702343675784, 66.934974215801205 ], [ 25.893440430644706, 66.935707772013075 ], [ 25.892764169168544, 66.936501222678956 ], [ 25.891849539837594, 66.938010445365151 ], [ 25.890392175641402, 66.939381359201022 ], [ 25.889770857644706, 66.940471121626814 ], [ 25.89045332389334, 66.942565457787396 ], [ 25.890687820405695, 66.943445970130156 ], [ 25.891459420173696, 66.945092518740068 ], [ 25.891709912341245, 66.946125596161878 ], [ 25.890841021521247, 66.947626170134257 ], [ 25.889473246562403, 66.948522392957031 ], [ 25.887817818334824, 66.949703567599244 ], [ 25.885069478627823, 66.951262688389491 ], [ 25.881845610048305, 66.953204046883869 ], [ 25.87825535018516, 66.955636001372483 ], [ 25.878710663975497, 66.956186272888061 ], [ 25.879309467649698, 66.956603024720891 ], [ 25.880459495857465, 66.95697882764803 ], [ 25.881363616754552, 66.9572273322988 ], [ 25.883067481247867, 66.957006145267016 ], [ 25.884351240301164, 66.956961352498681 ], [ 25.886392891011262, 66.9573613043883 ], [ 25.88865524271041, 66.956937703477635 ], [ 25.891496113548421, 66.95687683977431 ], [ 25.89410895616076, 66.956796395075244 ], [ 25.896581494767332, 66.956275492952045 ], [ 25.898641909113575, 66.956262891866572 ], [ 25.900774037945567, 66.956690182113789 ], [ 25.903642933377387, 66.956512709084365 ], [ 25.907174066973788, 66.957388999241658 ], [ 25.907448637846663, 66.957902063645932 ], [ 25.90728445356098, 66.958501791116021 ], [ 25.907240272265632, 66.959487970951088 ], [ 25.907092513904193, 66.960231303260713 ], [ 25.906983703285348, 66.961127358058235 ], [ 25.907704346013617, 66.961903567315431 ], [ 25.908585681755909, 66.963183080750099 ], [ 25.910345979267039, 66.963751175726443 ], [ 25.912779308010158, 66.964117599155799 ], [ 25.915288932827266, 66.964314108066461 ], [ 25.917325126454298, 66.965377247430524 ], [ 25.919553988055583, 66.966746586805201 ], [ 25.920866792933108, 66.967607465256677 ], [ 25.921760822572992, 66.969138091486357 ], [ 25.922759901236347, 66.970884651839739 ], [ 25.92308248519435, 66.972913606141887 ], [ 25.924266226175828, 66.974114364108118 ], [ 25.924825084150587, 66.975983486192391 ], [ 25.925901653699267, 66.978062359805563 ], [ 25.926286194200475, 66.97921285933036 ], [ 25.926671589586388, 66.980865573228229 ], [ 25.926736339418767, 66.983036256767306 ], [ 25.927707101410697, 66.984405943138896 ], [ 25.927593805463331, 66.985938695471276 ], [ 25.926512347615844, 66.987079300807423 ], [ 25.924929956494985, 66.9881447775808 ], [ 25.922783769171104, 66.989000147965271 ], [ 25.921009167915944, 66.989741434732622 ], [ 25.918446292657599, 66.99068360967081 ], [ 25.916090781946117, 66.992111424690265 ], [ 25.914787774449145, 66.993062113103548 ], [ 25.914360375965263, 66.994422328171154 ], [ 25.91389642803939, 66.996087209295055 ], [ 25.91496623956473, 66.997287251558717 ], [ 25.916511709745656, 66.998104901101186 ], [ 25.9192090465686, 66.998284671624461 ], [ 25.921764925104391, 66.99855310827401 ], [ 25.922768947925647, 66.999178703464239 ], [ 25.923481322398874, 67.000178962432329 ], [ 25.924606403728504, 67.000661873422629 ], [ 25.928258124472016, 67.001045228661994 ], [ 25.931759320003302, 67.001203290601168 ], [ 25.933270785566386, 67.001769440276561 ], [ 25.933197809116272, 67.002387734841776 ], [ 25.933139509554604, 67.003194457902865 ], [ 25.932438927634241, 67.004005845079476 ], [ 25.931948255837014, 67.00525806332594 ], [ 25.931425067412533, 67.006205155734463 ], [ 25.931943160101909, 67.007464143691337 ], [ 25.932437973660758, 67.00873194485159 ], [ 25.932916717290073, 67.010367324760722 ], [ 25.933166614458582, 67.011992188522512 ], [ 25.933563937663653, 67.013393850047734 ], [ 25.933804716027367, 67.014704782565289 ], [ 25.934170161193894, 67.016312483056211 ], [ 25.93605705268568, 67.01671072588961 ], [ 25.938070584027557, 67.016311641624057 ], [ 25.939549219539064, 67.015550254026749 ], [ 25.941331388866949, 67.014665324865888 ], [ 25.943535935346194, 67.01408808495205 ], [ 25.944670254628402, 67.013324365841314 ], [ 25.947131921514359, 67.012632206052487 ], [ 25.951731992299973, 67.011819577982308 ], [ 25.955073560565246, 67.010926817289089 ], [ 25.956501995326441, 67.01024566310582 ], [ 25.958852637083616, 67.00891587477507 ], [ 25.961599292368025, 67.007974248297103 ], [ 25.963359839027106, 67.008102308671369 ], [ 25.966248970497336, 67.008659171111049 ], [ 25.969782944578977, 67.009157382209196 ], [ 25.972060797591606, 67.009530823117828 ], [ 25.974624597014095, 67.009107929960422 ], [ 25.976367349677908, 67.00857210548341 ], [ 25.979473766853751, 67.0072379154918 ], [ 25.981551845813399, 67.00580740191387 ], [ 25.984033870058099, 67.005132744570076 ], [ 25.986948503200516, 67.005079579846864 ], [ 25.989313470697734, 67.005560941172718 ], [ 25.992122336266419, 67.005847788467833 ], [ 25.993429983722901, 67.00528211888512 ], [ 25.994708386910045, 67.004312711658983 ], [ 25.995467550425406, 67.003142718845652 ], [ 25.997302605824171, 67.002571384353317 ], [ 25.999397521685374, 67.002369337828455 ], [ 26.001142948990349, 67.001743594756405 ], [ 26.002304535017082, 67.001374227053404 ], [ 26.003818366499946, 67.000800804459459 ], [ 26.005911634616325, 67.000634539432767 ], [ 26.007972100875325, 67.000710171014518 ], [ 26.011090263270308, 67.000711646117935 ], [ 26.013240944685009, 67.000258674634495 ], [ 26.015880138695845, 66.999629332075017 ], [ 26.018615391376674, 66.999457907710763 ], [ 26.02185003984507, 66.999980014284816 ], [ 26.025315444596231, 67.001041542317338 ], [ 26.0290254340979, 67.00230177443369 ], [ 26.032078824452896, 67.003360628292512 ], [ 26.033767963562063, 67.004133150644947 ], [ 26.036015084300661, 67.005294649458591 ], [ 26.038754271771754, 67.005616116387728 ], [ 26.042938316256347, 67.005354366865035 ], [ 26.045606002796656, 67.005747028898341 ], [ 26.047452370465795, 67.006618993977881 ], [ 26.0488885929846, 67.007425705400365 ], [ 26.051632588062034, 67.008222276177236 ], [ 26.05480839512272, 67.007945231250815 ], [ 26.058100512685321, 67.007623973200594 ], [ 26.063318214511433, 67.007322953610526 ], [ 26.066868432834717, 67.007442455267977 ], [ 26.071907054400356, 67.008225195766926 ], [ 26.074652673840085, 67.009604263773753 ], [ 26.077980940102311, 67.010143703040058 ], [ 26.078225209604849, 67.010961177483296 ], [ 26.079985236350183, 67.011123807691888 ], [ 26.081988171342221, 67.010929113647407 ], [ 26.084222401463613, 67.010681915942158 ], [ 26.086538514501601, 67.010085431759933 ], [ 26.088908093958707, 67.009282954094189 ], [ 26.091214436504327, 67.008327632854773 ], [ 26.09226851100253, 67.007123017810883 ], [ 26.093063580910901, 67.006096272972869 ], [ 26.095034126355163, 67.005524594003617 ], [ 26.098709812258306, 67.004729394850386 ], [ 26.102440816242876, 67.004293128447472 ], [ 26.105551344041135, 67.003889164920622 ], [ 26.109844750098834, 67.003742847501584 ], [ 26.11077356904693, 67.004052934879482 ], [ 26.110486988209338, 67.004365208380563 ], [ 26.110565907976991, 67.005343114342068 ], [ 26.108622618751379, 67.005807527085494 ], [ 26.107398469306137, 67.006670522165351 ], [ 26.106934534699402, 67.007439137216068 ], [ 26.107369775466463, 67.008078282129119 ], [ 26.107523955684908, 67.008877259681952 ], [ 26.108270083779178, 67.00979613482167 ], [ 26.109610532115909, 67.011399872393213 ], [ 26.11074702339738, 67.01293968703969 ], [ 26.111678578455685, 67.015070204653881 ], [ 26.110561216637418, 67.016140076821657 ], [ 26.107344604927363, 67.016893291223923 ], [ 26.104755396915493, 67.017425780524832 ], [ 26.10094141474686, 67.018812201499557 ], [ 26.099183728513797, 67.019806645927687 ], [ 26.096643827310587, 67.02146919736407 ], [ 26.095852401764223, 67.022388370981531 ], [ 26.096887458160911, 67.023560032882486 ], [ 26.097207328228844, 67.024216483304301 ], [ 26.098081574155767, 67.025396196043417 ], [ 26.099884096799951, 67.026303153348138 ], [ 26.102241781715989, 67.027096639302087 ], [ 26.105414729692853, 67.027571834067388 ], [ 26.107317706321123, 67.028255079657868 ], [ 26.108924668860727, 67.029501605327923 ], [ 26.111778074167361, 67.030566746479309 ], [ 26.115076302969875, 67.031401155692976 ], [ 26.117076702444038, 67.032578038682033 ], [ 26.117599431549014, 67.033988839754471 ], [ 26.11722531767149, 67.035439518409902 ], [ 26.117727125557032, 67.036796393416708 ], [ 26.117578628404146, 67.037091502075285 ], [ 26.117257073267268, 67.0377264206831 ], [ 26.116089733157228, 67.038885730907509 ], [ 26.114509013224971, 67.040042736210168 ], [ 26.114226457342941, 67.041493907788862 ], [ 26.115786789592935, 67.042793906264407 ], [ 26.118631498096878, 67.0447825249299 ], [ 26.119979094324844, 67.046260644987939 ], [ 26.120968037835322, 67.04813135192272 ], [ 26.120781557097555, 67.04947545355013 ], [ 26.119390312901821, 67.050463173302745 ], [ 26.11834089560498, 67.051524514409948 ], [ 26.118352328033151, 67.052475130997067 ], [ 26.1194716738033, 67.053288395830322 ], [ 26.121119086444672, 67.054750233736101 ], [ 26.123841373176923, 67.057634825280473 ], [ 26.12617186943891, 67.058651975117073 ], [ 26.129059171977492, 67.059528657517205 ], [ 26.132082647385683, 67.060459827508623 ], [ 26.134602333171753, 67.061989026207243 ], [ 26.135519980598794, 67.063330165827622 ], [ 26.134370182199454, 67.06398751964602 ], [ 26.133189321926654, 67.06486889294905 ], [ 26.131971934665714, 67.066126692073396 ], [ 26.12955079742915, 67.067611066651523 ], [ 26.128618269598793, 67.068610332697887 ], [ 26.127175731031393, 67.069723382738758 ], [ 26.125838315469789, 67.071106030347437 ], [ 26.126121108349725, 67.072192642076828 ], [ 26.126446030643145, 67.073387100910679 ], [ 26.127374920410379, 67.07441448482146 ], [ 26.127974568893141, 67.075646308665739 ], [ 26.128809245547551, 67.076099243476875 ], [ 26.128022581334786, 67.076229458118604 ], [ 26.127922989740124, 67.077080825488068 ], [ 26.128120068289096, 67.07799658488274 ], [ 26.128806669305796, 67.079372363007053 ], [ 26.129805372920675, 67.081027835603592 ], [ 26.130080069850059, 67.082347551641902 ], [ 26.130694567215116, 67.084458258266224 ], [ 26.133076787357115, 67.085394869071308 ], [ 26.133929069353705, 67.086654942690117 ], [ 26.133963174369356, 67.08763257844673 ], [ 26.132352076517488, 67.08828742625758 ], [ 26.130234402851389, 67.088948460466909 ], [ 26.128428736429896, 67.089889166476482 ], [ 26.126949238658945, 67.090715057950135 ], [ 26.124249500150498, 67.091552179074085 ], [ 26.121882774119349, 67.092086196698418 ], [ 26.120151747893772, 67.092856834169538 ], [ 26.117899206283365, 67.093409356138366 ], [ 26.115443372526155, 67.093853112264171 ], [ 26.112478591675863, 67.094365735009305 ], [ 26.110208310576617, 67.094765605428194 ], [ 26.107942492909803, 67.095667643708637 ], [ 26.10664239960467, 67.096592999668175 ], [ 26.104955460095763, 67.098018352127838 ], [ 26.103668200500437, 67.099212772917497 ], [ 26.101958021001373, 67.099391484145968 ], [ 26.097699349340157, 67.099385406976737 ], [ 26.093243121134368, 67.099736804338519 ], [ 26.090822613653089, 67.101050235492963 ], [ 26.091048571729946, 67.101777886271833 ], [ 26.092066420485803, 67.102877722315881 ], [ 26.093548804380582, 67.103872571463086 ], [ 26.093897578490662, 67.10501342398527 ], [ 26.094844429530291, 67.107404156316647 ], [ 26.095389144294391, 67.10885100673309 ], [ 26.094888666986037, 67.110534065171066 ], [ 26.094230277539523, 67.112126551541024 ], [ 26.093133701019394, 67.113115726835161 ], [ 26.091796640271053, 67.113144005791753 ], [ 26.090379617969933, 67.112848975133076 ], [ 26.088836233744626, 67.112239356787896 ], [ 26.086608197092787, 67.111464392226722 ], [ 26.084892989415462, 67.111140711212187 ], [ 26.082745331205125, 67.111289809596897 ], [ 26.080840728121878, 67.111709304102931 ], [ 26.078395843001168, 67.112403657044354 ], [ 26.074762569920871, 67.112848963233375 ], [ 26.073154692081246, 67.113332856715857 ], [ 26.072408475415681, 67.113570647126309 ], [ 26.070156707351437, 67.114023866111069 ], [ 26.067303631295328, 67.11453632403321 ], [ 26.064129047716722, 67.115019943840807 ], [ 26.060995851949489, 67.115620324558463 ], [ 26.056859898751949, 67.115936729311713 ], [ 26.053546347248599, 67.116428282329892 ], [ 26.050222810945133, 67.117170810948792 ], [ 26.047354370416429, 67.117467597418681 ], [ 26.042937627220809, 67.117880616603273 ], [ 26.040185605970997, 67.118142105752625 ], [ 26.039491635396541, 67.118792571614009 ], [ 26.039602895016117, 67.118891878680074 ], [ 26.040223693598502, 67.119505407726493 ], [ 26.04163802812009, 67.119863639341716 ], [ 26.043812929258895, 67.119634538219387 ], [ 26.045234068095546, 67.119822388863724 ], [ 26.046614148547238, 67.120467332188824 ], [ 26.048666750993419, 67.121591543429659 ], [ 26.050533812801312, 67.121575744473589 ], [ 26.052680496549819, 67.121480877235541 ], [ 26.056232088377545, 67.121403247942197 ], [ 26.059497786751958, 67.12156597957069 ], [ 26.061633310744259, 67.121757886552118 ], [ 26.063061746874123, 67.122358122228974 ], [ 26.064956083386107, 67.123427391484682 ], [ 26.065720198076139, 67.124525899898018 ], [ 26.066725191711999, 67.125356793802311 ], [ 26.068680404283636, 67.126650551605394 ], [ 26.069565545192159, 67.127606269941609 ], [ 26.070196228135227, 67.128587407128663 ], [ 26.070744069494658, 67.129926752110407 ], [ 26.069936728356907, 67.130540821179778 ], [ 26.068689400623299, 67.131206123047363 ], [ 26.066180639685914, 67.131702633275268 ], [ 26.063274764882138, 67.132331299923351 ], [ 26.062155265553788, 67.132665503730038 ], [ 26.059623533480185, 67.133152815382246 ], [ 26.058118734037496, 67.133314335286641 ], [ 26.055778599582645, 67.133614402329158 ], [ 26.054542290316952, 67.133983730149453 ], [ 26.052918534731372, 67.13482603586526 ], [ 26.051021228392248, 67.135585997422723 ], [ 26.049394798188043, 67.136491032537791 ], [ 26.048856402133229, 67.137868831128159 ], [ 26.048764427473007, 67.139034075823915 ], [ 26.047799903345361, 67.140104441549695 ], [ 26.047023633007427, 67.141077277130279 ], [ 26.045898594591687, 67.142119779622078 ], [ 26.042958669672029, 67.142981033008382 ], [ 26.042700377990798, 67.143678958840255 ], [ 26.041964925756673, 67.144777566680332 ], [ 26.039422499071382, 67.146071583141975 ], [ 26.037888947928984, 67.14693222565927 ], [ 26.037898307633871, 67.147855934624019 ], [ 26.037206130291629, 67.149017562218901 ], [ 26.036274112506156, 67.149827992322813 ], [ 26.0346230947709, 67.150732734881501 ], [ 26.033571547010688, 67.151067154038017 ], [ 26.032232416055304, 67.151668853898215 ], [ 26.030938244759049, 67.152297719764292 ], [ 26.027942099179249, 67.153364620376976 ], [ 26.023246467807581, 67.154797734549263 ], [ 26.022828558223736, 67.155431884682642 ], [ 26.022556650021713, 67.155878602975321 ], [ 26.024416261988996, 67.156114144592294 ], [ 26.027692925720121, 67.156116151781958 ], [ 26.031581640552183, 67.155816904358048 ], [ 26.033429376578436, 67.15577427960126 ], [ 26.035098435572888, 67.156160991907328 ], [ 26.037257230781698, 67.15699901271519 ], [ 26.039120616364986, 67.157144729352453 ], [ 26.041177162788372, 67.157076355323653 ], [ 26.043288689769973, 67.157366994723432 ], [ 26.045190152112131, 67.157719114439573 ], [ 26.046690935128499, 67.158284050565726 ], [ 26.048704483398936, 67.159309370111373 ], [ 26.050509110956007, 67.16036929017055 ], [ 26.052445429509401, 67.161017467957194 ], [ 26.055816432387619, 67.16157544815367 ], [ 26.058047055612679, 67.161785879537177 ], [ 26.059987552047094, 67.162335342748634 ], [ 26.061579618089009, 67.163537359948521 ], [ 26.06241305407254, 67.164663184228203 ], [ 26.062589894582082, 67.166054192801283 ], [ 26.062700291615769, 67.167373060900218 ], [ 26.062364810938021, 67.168877638111454 ], [ 26.061412649371817, 67.170208220271107 ], [ 26.059637347082468, 67.170735849594294 ], [ 26.056907100722547, 67.170881201839194 ], [ 26.055363528283088, 67.171383254341237 ], [ 26.052200402206665, 67.171965376129918 ], [ 26.050456305516427, 67.172277872981056 ], [ 26.047306485969326, 67.173102108452923 ], [ 26.045439038455662, 67.174193990245186 ], [ 26.045331830000119, 67.175152874531548 ], [ 26.045044191496604, 67.176585963097907 ], [ 26.044398413058961, 67.178312852759404 ], [ 26.044519609582, 67.17991875939417 ], [ 26.045899966250339, 67.181227281899027 ], [ 26.04846034803116, 67.1819061206036 ], [ 26.052335201693715, 67.18264649363563 ], [ 26.056602598414653, 67.183398065021734 ], [ 26.061358077239525, 67.184080632535128 ], [ 26.065644760522641, 67.184347823970541 ], [ 26.068922323940615, 67.185622361974865 ], [ 26.069276187211532, 67.187229592931899 ], [ 26.071262031501348, 67.188460701254769 ], [ 26.071986780081907, 67.189442361599745 ], [ 26.072599849157132, 67.189723898845102 ], [ 26.073753640291859, 67.190367269155843 ], [ 26.074985089704189, 67.191396672787008 ], [ 26.075514857859027, 67.192045386508951 ], [ 26.076391102543777, 67.192095279082224 ], [ 26.078386505724712, 67.192492375329778 ], [ 26.080503479060678, 67.193338516550554 ], [ 26.083075326408427, 67.193774727749556 ], [ 26.084233395510193, 67.193709611608497 ], [ 26.088485595009995, 67.193106136989044 ], [ 26.09055802045809, 67.193306236932074 ], [ 26.094022769790566, 67.193971524208294 ], [ 26.095955756220992, 67.193578911914358 ], [ 26.096692212276782, 67.19304501291424 ], [ 26.100312070670238, 67.191415377528003 ], [ 26.100571490713072, 67.190035856681234 ], [ 26.102028594522917, 67.189380439289749 ], [ 26.106035942701347, 67.189115903079724 ], [ 26.109265671801104, 67.188631720890214 ], [ 26.111582115163813, 67.188474202100053 ], [ 26.115648907454784, 67.187842089694385 ], [ 26.120450648737162, 67.187958198718547 ], [ 26.123716997974597, 67.188361703765608 ], [ 26.127091702341009, 67.187689638947376 ], [ 26.130105812687024, 67.187401143972721 ], [ 26.132339688667781, 67.188247229226249 ], [ 26.132473856736215, 67.189655838809642 ], [ 26.132374550279248, 67.190489267051831 ], [ 26.133183411697431, 67.191130323781437 ], [ 26.13289734439347, 67.19201654899409 ], [ 26.132180964124863, 67.192658317026343 ], [ 26.1312297667975, 67.194043100957572 ], [ 26.130861834485788, 67.19463295411154 ], [ 26.131769398873782, 67.196386509981281 ], [ 26.131907472983624, 67.197687524349377 ], [ 26.131070794293919, 67.19845418424174 ], [ 26.131516091113649, 67.199568555745898 ], [ 26.131229537528363, 67.200463737110269 ], [ 26.131486541060131, 67.201030075290333 ], [ 26.129996596467283, 67.2013179159771 ], [ 26.128847150653471, 67.201777970786281 ], [ 26.127055382786892, 67.202736694686365 ], [ 26.12442706871855, 67.203807407465519 ], [ 26.122944250476909, 67.205162343643721 ], [ 26.124588529375526, 67.206363994971312 ], [ 26.126536112340762, 67.207495541374513 ], [ 26.128294063948985, 67.208760541950895 ], [ 26.127741245067472, 67.20997708764672 ], [ 26.125994761002207, 67.210945019030902 ], [ 26.124859769902347, 67.211629318589289 ], [ 26.121855059967682, 67.213478095011212 ], [ 26.119784505164301, 67.215071899489189 ], [ 26.119773875595925, 67.215995480180908 ], [ 26.122223024966843, 67.217345041163838 ], [ 26.123855353276763, 67.218896351936024 ], [ 26.127442062617249, 67.220153407641149 ], [ 26.132165597846974, 67.221335827389524 ], [ 26.134158428625703, 67.222539257352011 ], [ 26.137037705180369, 67.22355014668635 ], [ 26.141052493580183, 67.224522242290675 ], [ 26.144430665855193, 67.226486205265502 ], [ 26.143777538547582, 67.22728081431238 ], [ 26.142869206862734, 67.228091980825866 ], [ 26.142173245321825, 67.228787710768898 ], [ 26.141326554814004, 67.229814428151712 ], [ 26.14142307541934, 67.230352982910318 ], [ 26.142699692374816, 67.231552455428513 ], [ 26.144828090282132, 67.232236365046703 ], [ 26.147071781473333, 67.232284186903968 ], [ 26.151004965717036, 67.23234092027748 ], [ 26.15399413357736, 67.232912684374966 ], [ 26.156375693478225, 67.233651572052565 ], [ 26.158669465442383, 67.234919037366254 ], [ 26.160613160287827, 67.236274309790289 ], [ 26.163028450948822, 67.237389904544855 ], [ 26.166200314343111, 67.238061033312079 ], [ 26.168112315795369, 67.239012511635508 ], [ 26.168618970046381, 67.240431964640379 ], [ 26.165972039892509, 67.242642114503866 ], [ 26.163937799990407, 67.243869009499136 ], [ 26.162980169966009, 67.245433285391115 ], [ 26.164916284311747, 67.245703428526681 ], [ 26.167203351476395, 67.245204174584728 ], [ 26.170021985641753, 67.244734542354266 ], [ 26.173456153282707, 67.244546020770898 ], [ 26.177675096389347, 67.244433189320972 ], [ 26.181460155698186, 67.244138680947046 ], [ 26.185707391203248, 67.244554845091713 ], [ 26.190206785705687, 67.245052879175603 ], [ 26.195081386471262, 67.245418151899102 ], [ 26.200392236689027, 67.245902034581789 ], [ 26.205060488192352, 67.246212176708241 ], [ 26.211449000429102, 67.246333360173125 ], [ 26.216637440231281, 67.246322907417508 ], [ 26.219109929693669, 67.247213741784293 ], [ 26.218255400601155, 67.248563616991845 ], [ 26.2173701896639, 67.249429124155654 ], [ 26.216136931015285, 67.250310850613005 ], [ 26.214575487646297, 67.251307537042123 ], [ 26.213074313833769, 67.252582489814117 ], [ 26.210852209944875, 67.253934596023512 ], [ 26.209694630964915, 67.255318811250021 ], [ 26.208927200199518, 67.256812554703529 ], [ 26.208575248248991, 67.258353170259852 ], [ 26.205967217205181, 67.261541576785021 ], [ 26.207611381662609, 67.262285005129357 ], [ 26.20907394308442, 67.26221151574353 ], [ 26.210606313878898, 67.262129376597173 ], [ 26.2127452649828, 67.261924670690135 ], [ 26.216496835522591, 67.261306351005658 ], [ 26.220320013091879, 67.260616553219094 ], [ 26.224415809949342, 67.260089392720644 ], [ 26.228339164637344, 67.259875158227771 ], [ 26.233745648159967, 67.259658934107719 ], [ 26.237758964568116, 67.259525599840387 ], [ 26.240920868206135, 67.259935130527893 ], [ 26.24359770443635, 67.261032788402801 ], [ 26.245881972614132, 67.262092683385617 ], [ 26.24762615901847, 67.263383163292289 ], [ 26.248253075859182, 67.264829806023002 ], [ 26.248601280281413, 67.267037335885007 ], [ 26.248700549464747, 67.268311134763252 ], [ 26.247236205731962, 67.269174083733503 ], [ 26.243319156991959, 67.269882014115396 ], [ 26.24000769557783, 67.27049407491937 ], [ 26.238286332454965, 67.270674232798484 ], [ 26.234956605507257, 67.271124693932677 ], [ 26.23288514145408, 67.271374855888766 ], [ 26.230118685061548, 67.272330068850096 ], [ 26.227811602292416, 67.273412989086538 ], [ 26.226876252501842, 67.274376940152678 ], [ 26.227100137346522, 67.275346468017275 ], [ 26.227670663921899, 67.276353527270771 ], [ 26.228802362870919, 67.277219810813335 ], [ 26.228982546549446, 67.278108416126798 ], [ 26.228595553919934, 67.279326088876132 ], [ 26.227445529638899, 67.280468354629591 ], [ 26.226907424465281, 67.282052951794427 ], [ 26.226616780625864, 67.28315450921292 ], [ 26.226625908226122, 67.284311306451087 ], [ 26.227581261656002, 67.286342471082165 ], [ 26.228854488772981, 67.287872993388689 ], [ 26.230677847015251, 67.288895016486251 ], [ 26.232091454895158, 67.290399280209584 ], [ 26.233608673825191, 67.292298581878967 ], [ 26.233989695066633, 67.294174524702953 ], [ 26.233415318859862, 67.296171448125179 ], [ 26.233231099662774, 67.29830473703791 ], [ 26.233665759104181, 67.299956757815494 ], [ 26.235275682064898, 67.301883374536857 ], [ 26.237061754942161, 67.303389359081962 ], [ 26.238470942085954, 67.305072888421719 ], [ 26.237441926071227, 67.30603645677094 ], [ 26.23563174350333, 67.306736257082676 ], [ 26.232036607889054, 67.308064197689092 ], [ 26.229055290260614, 67.309789550751987 ], [ 26.230376964350878, 67.310576014734139 ], [ 26.23251921054398, 67.310397940071084 ], [ 26.235818685489097, 67.310341913583699 ], [ 26.239134546369367, 67.310501102835289 ], [ 26.241962525838293, 67.311402201030759 ], [ 26.243658542766671, 67.31285387578113 ], [ 26.245023555424442, 67.313021697633474 ], [ 26.245529007607736, 67.312459143613623 ], [ 26.247382090663894, 67.311875997019669 ], [ 26.259052507651429, 67.310746530194749 ], [ 26.263325305962969, 67.31075718810169 ], [ 26.267733582655797, 67.310893884053627 ], [ 26.272214099938374, 67.311712282367793 ], [ 26.277796050335485, 67.312212697446768 ], [ 26.282151360587346, 67.311801777614463 ], [ 26.284283568073874, 67.313506047319805 ], [ 26.287154210978429, 67.316164056636865 ], [ 26.288166417109224, 67.318060567135092 ], [ 26.286599554301915, 67.319972565979668 ], [ 26.285696511746881, 67.322210304509923 ], [ 26.285283620021481, 67.324369516694915 ], [ 26.284643336903112, 67.326357347810699 ], [ 26.285368123996143, 67.327768381704658 ], [ 26.286287964429679, 67.328875403465247 ], [ 26.288952429710687, 67.329936331752478 ], [ 26.294936153193643, 67.330366171280488 ], [ 26.299999602195253, 67.331275999253478 ], [ 26.304153654885496, 67.332298309354044 ], [ 26.310348727234796, 67.33510472391589 ], [ 26.312062153011617, 67.336152223536047 ], [ 26.314836913769135, 67.336675171165282 ], [ 26.318595053758337, 67.337776124388569 ], [ 26.32213185875063, 67.339315431852143 ], [ 26.32408993198219, 67.3407852729013 ], [ 26.325870115790995, 67.342801320111505 ], [ 26.327214484134128, 67.343784332083715 ], [ 26.32873644670655, 67.345072952727776 ], [ 26.328588868796054, 67.347018161338852 ], [ 26.328579791719037, 67.348999801951891 ], [ 26.328523717865838, 67.350999187107433 ], [ 26.32827789861167, 67.352298370271981 ], [ 26.327308902997942, 67.353666262189108 ], [ 26.327354579915234, 67.355352221017768 ], [ 26.326907599860817, 67.356354652545662 ], [ 26.325788642673547, 67.357255623435066 ], [ 26.324959925435742, 67.358588224633692 ], [ 26.324401509449338, 67.359410835658323 ], [ 26.325182997111856, 67.360579806295917 ], [ 26.326824725044144, 67.360954320377317 ], [ 26.330189520696031, 67.360466195933853 ], [ 26.334641216343513, 67.359381715460216 ], [ 26.33617139798973, 67.359585297431337 ], [ 26.342335631462763, 67.359673346023428 ], [ 26.345371741125994, 67.359273241527404 ], [ 26.348163105494251, 67.359311453504205 ], [ 26.350099910072302, 67.359113039062819 ], [ 26.352064330448464, 67.358753316326428 ], [ 26.35572575676666, 67.356723557517341 ], [ 26.359287258117909, 67.355796243738354 ], [ 26.362272155037751, 67.354669292375505 ], [ 26.366760247067404, 67.353871013188638 ], [ 26.371353984148545, 67.353467568376644 ], [ 26.375878969514755, 67.353018892477849 ], [ 26.38143292954647, 67.353255518349826 ], [ 26.387306669510203, 67.353726309918073 ], [ 26.393488314966774, 67.353991807845318 ], [ 26.398399424801784, 67.353902616975915 ], [ 26.40324294962311, 67.352790814662441 ], [ 26.408000089751134, 67.351391614773931 ], [ 26.412588584307915, 67.350206860189701 ], [ 26.416478010408941, 67.349055308151407 ], [ 26.418027260044589, 67.347518628621941 ], [ 26.418121940448302, 67.345537306791357 ], [ 26.418517782080258, 67.343601906322291 ], [ 26.422299864842891, 67.341059976660119 ], [ 26.426360172453315, 67.339487375274857 ], [ 26.429690944326982, 67.338261781955552 ], [ 26.433281550891987, 67.336848747400495 ], [ 26.43605267352185, 67.335665886747194 ], [ 26.436816543079779, 67.334816716913579 ], [ 26.438535109427118, 67.332903833181874 ], [ 26.438113145447648, 67.331073131489063 ], [ 26.437368881521653, 67.329115770199948 ], [ 26.436670130311768, 67.327203397923668 ], [ 26.434615707784456, 67.322676931951065 ], [ 26.434442808389445, 67.321142998166025 ], [ 26.435653968191968, 67.320026401267612 ], [ 26.439034514823067, 67.318522830133503 ], [ 26.443804955299935, 67.317167472777982 ], [ 26.449220425572875, 67.316020414117958 ], [ 26.454023577627559, 67.315220807259379 ], [ 26.458561060768357, 67.313828352581254 ], [ 26.463004332162726, 67.312471329106501 ], [ 26.467701351661095, 67.311168819326099 ], [ 26.471825626533697, 67.309487690938425 ], [ 26.4750995693202, 67.308440329112344 ], [ 26.47699499190615, 67.306706945707788 ], [ 26.476986276409875, 67.304976328575208 ], [ 26.477130695809898, 67.30367661608615 ], [ 26.475694454798393, 67.302470385830659 ], [ 26.474932083120585, 67.301239451139722 ], [ 26.483410845590548, 67.297734003580402 ], [ 26.486599402835552, 67.296237789674507 ], [ 26.489737556148221, 67.294911736310212 ], [ 26.490396478543229, 67.293389466467502 ], [ 26.492189336267259, 67.29091134652991 ], [ 26.49621618412834, 67.2892023920502 ], [ 26.499983925098082, 67.287653935455893 ], [ 26.500952958551554, 67.286796134166053 ], [ 26.50107481091289, 67.285397701725444 ], [ 26.501971956668701, 67.283526424141343 ], [ 26.503068412733416, 67.282104096694809 ], [ 26.505215774290438, 67.280326339715728 ], [ 26.506982011682023, 67.279022617085772 ], [ 26.509335967347351, 67.278455944909524 ], [ 26.51253892344679, 67.278331193898353 ], [ 26.515224018355688, 67.277433671771149 ], [ 26.516530436487681, 67.275895317764849 ], [ 26.517607730300362, 67.274212802421118 ], [ 26.51948894757928, 67.272900327984019 ], [ 26.521469671996254, 67.271238418980758 ], [ 26.522071188054202, 67.270137295753329 ], [ 26.521094552408918, 67.269121139727076 ], [ 26.520430595315169, 67.267541002977566 ], [ 26.518571916466492, 67.265437219759377 ], [ 26.517301883811509, 67.264043556370723 ], [ 26.516260701338609, 67.262803005459858 ], [ 26.514956178558975, 67.261983098062927 ], [ 26.51328415171854, 67.259861872963725 ], [ 26.513837763451516, 67.258841340036682 ], [ 26.51603767933441, 67.257763001911528 ], [ 26.518296489903658, 67.257204886150888 ], [ 26.520676916602451, 67.256351196295796 ], [ 26.521326209845732, 67.255160549433995 ], [ 26.522005720739429, 67.253611318433926 ], [ 26.523838603139165, 67.252307611676258 ], [ 26.525438389129931, 67.251065960938348 ], [ 26.526522085664261, 67.250145580695104 ], [ 26.528792410136493, 67.248950707636666 ], [ 26.530294006336703, 67.247968762988265 ], [ 26.531275836265444, 67.247505362560346 ], [ 26.532755469510931, 67.247644179108875 ], [ 26.535646388568313, 67.24666621496138 ], [ 26.536882933697502, 67.244993001703861 ], [ 26.537245425078602, 67.243003414184543 ], [ 26.536623304657148, 67.241638669021228 ], [ 26.537071122274764, 67.240025939862207 ], [ 26.537679503194958, 67.237283852830629 ], [ 26.538765202587829, 67.236201992664618 ], [ 26.53789681909339, 67.234406134881596 ], [ 26.537117839806434, 67.232780904240059 ], [ 26.536474929979931, 67.231308487349366 ], [ 26.535919107775271, 67.230123264251233 ], [ 26.535818431395011, 67.229342862976381 ], [ 26.53618492059417, 67.22833963424398 ], [ 26.536606137466993, 67.228098749994857 ], [ 26.537746180935187, 67.226577683612334 ], [ 26.536767021600774, 67.225749913983307 ], [ 26.541066916276566, 67.224757988316412 ], [ 26.544422415713409, 67.22352116587561 ], [ 26.546619418769996, 67.222352738491864 ], [ 26.54807166459927, 67.221406353883424 ], [ 26.550728637317039, 67.220364707172592 ], [ 26.557547359390927, 67.219442146736966 ], [ 26.561688707866786, 67.219426619862773 ], [ 26.566262632398388, 67.219797721518304 ], [ 26.570927331467175, 67.220276543871336 ], [ 26.575304170091993, 67.221346269789123 ], [ 26.577372493420501, 67.22214081292222 ], [ 26.581108643640167, 67.222832086279368 ], [ 26.583169993270428, 67.222711926936242 ], [ 26.589176556534664, 67.221893508953571 ], [ 26.592866809413593, 67.221212482595945 ], [ 26.596931493636255, 67.220263301605897 ], [ 26.600243690412793, 67.220029484417992 ], [ 26.60274303424324, 67.219981892445119 ], [ 26.607250946408374, 67.220190265226336 ], [ 26.610471898081482, 67.221301035004217 ], [ 26.613574012246456, 67.222626651302164 ], [ 26.615317337841113, 67.223572351313848 ], [ 26.61748156894684, 67.224250025370196 ], [ 26.618812939639866, 67.224925701269427 ], [ 26.617503366526687, 67.225792363928392 ], [ 26.617348726166593, 67.226787297688801 ], [ 26.61844668967208, 67.227596920120334 ], [ 26.61881154274586, 67.227938525531499 ], [ 26.625594696773444, 67.230761083912526 ], [ 26.628059922249953, 67.231493128020816 ], [ 26.630976468494548, 67.231481924060915 ], [ 26.634315349465957, 67.231095038969826 ], [ 26.638184427387905, 67.230843773292293 ], [ 26.642028937889727, 67.230682026764313 ], [ 26.645481511188713, 67.230411723551654 ], [ 26.648960582923479, 67.229908266024978 ], [ 26.652320532871013, 67.229628651825792 ], [ 26.653967460122978, 67.229372173568891 ], [ 26.655732864459967, 67.228918666997885 ], [ 26.656479695549852, 67.228480903200307 ], [ 26.65918784720494, 67.228450808796808 ], [ 26.665996123727982, 67.228142327270731 ], [ 26.669957815941732, 67.227827724182731 ], [ 26.675421782974453, 67.227650562374251 ], [ 26.678114099531204, 67.227064192065285 ], [ 26.680827628798767, 67.2266123104272 ], [ 26.6833808718124, 67.226025566204399 ], [ 26.684614437180333, 67.225481024977384 ], [ 26.684697597274251, 67.22443208688594 ], [ 26.68303020184285, 67.222778921805045 ], [ 26.682048215419236, 67.221799610877852 ], [ 26.679907176278455, 67.220997318034861 ], [ 26.678482018459054, 67.220304032113447 ], [ 26.678073023791793, 67.219747268520507 ], [ 26.681113529677585, 67.219000145120418 ], [ 26.685148198969536, 67.218281803743352 ], [ 26.687815532242034, 67.217740056396707 ], [ 26.689322098842261, 67.217509845170142 ], [ 26.691626488991101, 67.216393447671109 ], [ 26.696477168105464, 67.215102533545064 ], [ 26.699213846348748, 67.214515886113119 ], [ 26.702688149308777, 67.214118857184133 ], [ 26.705932939178915, 67.213568909159818 ], [ 26.709277091473822, 67.212436231712161 ], [ 26.711905326399652, 67.211194601065358 ], [ 26.713751003369108, 67.209619774826876 ], [ 26.716081053192969, 67.208126473907939 ], [ 26.718084920611826, 67.206820870024302 ], [ 26.71881383525157, 67.205782010119563 ], [ 26.720931606868422, 67.204593139451134 ], [ 26.721475977116299, 67.203500151110205 ], [ 26.721947861493234, 67.202676036073456 ], [ 26.721522181565142, 67.201500655467044 ], [ 26.719553239756426, 67.199856312888286 ], [ 26.718066915725938, 67.198472835274046 ], [ 26.716211929199449, 67.197007984998734 ], [ 26.715213510633799, 67.195437038924396 ], [ 26.715785384046303, 67.193976478667764 ], [ 26.716171897992979, 67.192551460108433 ], [ 26.716467635650066, 67.190982799753783 ], [ 26.717681025496173, 67.189971702368638 ], [ 26.720460725748133, 67.189366839442954 ], [ 26.72409629335538, 67.188664767640418 ], [ 26.726529432389242, 67.188032300401503 ], [ 26.729032865393211, 67.18730128680923 ], [ 26.733119800342926, 67.187514376628585 ], [ 26.739697211551853, 67.188170803253129 ], [ 26.743764894470523, 67.188042853202134 ], [ 26.748827952609933, 67.18772806864429 ], [ 26.752507637333146, 67.187124059711891 ], [ 26.756160945126442, 67.186824790503351 ], [ 26.761059543273895, 67.186742507005306 ], [ 26.765282937180046, 67.187197078360299 ], [ 26.773009397025643, 67.188589082685411 ], [ 26.777893376634502, 67.190129228410072 ], [ 26.780870015620454, 67.190572692470553 ], [ 26.783321752018278, 67.190298057105224 ], [ 26.784357080236465, 67.188210214834569 ], [ 26.785321482445813, 67.186283672648173 ], [ 26.786310007964861, 67.184222656194819 ], [ 26.787178863720996, 67.182618770197976 ], [ 26.787844604274746, 67.180458677078775 ], [ 26.788481722480576, 67.178917250318008 ], [ 26.78913682531034, 67.177949709496673 ], [ 26.791551766384668, 67.17642853353054 ], [ 26.794977684158727, 67.175464543581185 ], [ 26.797730022744513, 67.17493901330414 ], [ 26.800090743644986, 67.174287399131572 ], [ 26.802500373339754, 67.173286121980155 ], [ 26.805277111002439, 67.172545286236883 ], [ 26.807517234261137, 67.172485221546992 ], [ 26.810740962187293, 67.173600940915776 ], [ 26.814628559364028, 67.175506417589148 ], [ 26.818173473265144, 67.176998956776657 ], [ 26.820663348383317, 67.177566659226699 ], [ 26.824820138377753, 67.177580231765404 ], [ 26.829338541056128, 67.178714908459384 ], [ 26.83168727252588, 67.179712690837917 ], [ 26.833438395566958, 67.180315287705383 ], [ 26.83436065177305, 67.180549381630797 ], [ 26.837291804151516, 67.180866211739897 ], [ 26.838858508957887, 67.181450629994842 ], [ 26.840704983960297, 67.181649742615804 ], [ 26.842514977030426, 67.180369296830236 ], [ 26.843705426876088, 67.178433657785959 ], [ 26.845720592333635, 67.177503081529181 ], [ 26.849606020419643, 67.176592170366945 ], [ 26.852890886546163, 67.175662682731655 ], [ 26.85525747833136, 67.173790798950279 ], [ 26.853946821379388, 67.172883979261485 ], [ 26.854003515316514, 67.171144489497536 ], [ 26.856831986172576, 67.169156442702715 ], [ 26.859466206723823, 67.168737336049034 ], [ 26.862308244652873, 67.168291472132623 ], [ 26.866443911718545, 67.167667299913063 ], [ 26.869933739772176, 67.166908006090665 ], [ 26.871535182179205, 67.165277356082214 ], [ 26.872746147053302, 67.163242887931716 ], [ 26.873887129948585, 67.161315953549021 ], [ 26.874911248455135, 67.159639979492354 ], [ 26.876535254704546, 67.157946531079659 ], [ 26.87868819641815, 67.15655834083708 ], [ 26.8799208690508, 67.154595559650204 ], [ 26.881155126223671, 67.152265140619363 ], [ 26.882065618618061, 67.150051042012308 ], [ 26.883179712755137, 67.148635119302369 ], [ 26.886211434989971, 67.146494258086008 ], [ 26.888639738077845, 67.145070256342891 ], [ 26.891276082113063, 67.143467025134555 ], [ 26.893379981286945, 67.142257936618989 ], [ 26.89534571828078, 67.140959053955655 ], [ 26.896709246720985, 67.140242604062848 ], [ 26.898422564190554, 67.138566929188528 ], [ 26.896283434921969, 67.137372981742928 ], [ 26.894860333002828, 67.135910476520692 ], [ 26.89311287537226, 67.134860214149853 ], [ 26.891941046477712, 67.133989656886072 ], [ 26.89008032732287, 67.13255371375962 ], [ 26.887389393669256, 67.131260636957037 ], [ 26.885250070763661, 67.130353482205308 ], [ 26.882929103749412, 67.128917123697519 ], [ 26.880928973185487, 67.127902404650257 ], [ 26.878883035660252, 67.12686073263302 ], [ 26.876953157850206, 67.125693584012481 ], [ 26.874057080433523, 67.124247681076952 ], [ 26.871644041756984, 67.123026291153238 ], [ 26.869760991943647, 67.121841160626133 ], [ 26.866033179868673, 67.120977268719741 ], [ 26.86253464869981, 67.120355596064343 ], [ 26.859774382581943, 67.11959103379877 ], [ 26.858003265076555, 67.119105260351702 ], [ 26.855519758025039, 67.118331899650627 ], [ 26.854047436169317, 67.117989823521697 ], [ 26.852347774786278, 67.117154361946746 ], [ 26.852238012652357, 67.116266547439253 ], [ 26.851669052586598, 67.115136215695429 ], [ 26.850663110289535, 67.113906827051267 ], [ 26.850343871335877, 67.113386464103442 ], [ 26.847701556616574, 67.112361752060963 ], [ 26.842939781726013, 67.111469436409322 ], [ 26.840041418275337, 67.110937525486875 ], [ 26.837858890792493, 67.110137287397208 ], [ 26.835721062675546, 67.109561234191176 ], [ 26.83236175039546, 67.109136308026677 ], [ 26.82987469079583, 67.109133678421486 ], [ 26.824141061445612, 67.109064712057105 ], [ 26.819349095012832, 67.109337337454235 ], [ 26.815386048636633, 67.109610779388504 ], [ 26.812186357971107, 67.109436684222061 ], [ 26.807771270059444, 67.108624422775875 ], [ 26.805885711267855, 67.108281403374676 ], [ 26.803888772348181, 67.107480925041457 ], [ 26.801292688339277, 67.106751413195738 ], [ 26.799685527025158, 67.106184497076555 ], [ 26.797250376354434, 67.105517886535111 ], [ 26.796378210262009, 67.105185008031981 ], [ 26.792648362235656, 67.102472243612993 ], [ 26.791349699176106, 67.100892394918773 ], [ 26.791202987830083, 67.099215416425196 ], [ 26.791673776675456, 67.098005515390213 ], [ 26.792013335734989, 67.095988431074417 ], [ 26.792651871634515, 67.093989674934178 ], [ 26.793083201813843, 67.091990638432563 ], [ 26.793740343642426, 67.090485065932739 ], [ 26.79381899084219, 67.089355356881057 ], [ 26.795232261886134, 67.08820942463845 ], [ 26.797773453256024, 67.086984206406441 ], [ 26.79999043695436, 67.085982720700855 ], [ 26.804467785401062, 67.084239743751425 ], [ 26.808800593516494, 67.083240705256301 ], [ 26.810761521759726, 67.082525698941964 ], [ 26.813509238283768, 67.081183914266759 ], [ 26.813680856949656, 67.079803231557705 ], [ 26.813836812081558, 67.077463075386461 ], [ 26.814607598371648, 67.075912714450595 ], [ 26.815056928547708, 67.074290250006968 ], [ 26.815342970788432, 67.072963492497237 ], [ 26.815857617321729, 67.071807373033693 ], [ 26.814210568963006, 67.07070254419169 ], [ 26.812012568786898, 67.069507381591606 ], [ 26.81121877207676, 67.068107626928381 ], [ 26.809528747214411, 67.06667989798153 ], [ 26.811702707468989, 67.0649967163925 ], [ 26.813484569145778, 67.063447549263671 ], [ 26.8149670923409, 67.061942849190288 ], [ 26.816056834989908, 67.060688755352771 ], [ 26.816478320987912, 67.059658056769322 ], [ 26.815981772163219, 67.058464895570296 ], [ 26.812327020219456, 67.055600222503372 ], [ 26.810638988482875, 67.054020070342688 ], [ 26.812925343788979, 67.052498408754573 ], [ 26.814450456921239, 67.051352435190822 ], [ 26.816370407209511, 67.049615096871165 ], [ 26.818634259885062, 67.047931922593392 ], [ 26.820877045855188, 67.045943814695576 ], [ 26.82168779112936, 67.045012176622905 ], [ 26.823629957924602, 67.043238902543862 ], [ 26.826234847797441, 67.041878806748514 ], [ 26.829898096570357, 67.040188021496093 ], [ 26.832732073396475, 67.038810132074573 ], [ 26.835542311404868, 67.037494924893849 ], [ 26.840627881882504, 67.03577846156621 ], [ 26.843297817129859, 67.034740952949903 ], [ 26.845921330758578, 67.033748188949517 ], [ 26.849533469268223, 67.032478351927779 ], [ 26.85022855455518, 67.031438849810471 ], [ 26.8508311456516, 67.03049789683628 ], [ 26.852375811703595, 67.029387450914783 ], [ 26.852769320031285, 67.028840834090119 ], [ 26.850777855791076, 67.027960228420369 ], [ 26.846054607817521, 67.027202531037887 ], [ 26.842046066806038, 67.025988081772084 ], [ 26.837830142294859, 67.024961627572452 ], [ 26.833866824919422, 67.023962227404041 ], [ 26.830863208983931, 67.023591421280628 ], [ 26.828986061793085, 67.022943804801542 ], [ 26.828418274204481, 67.022109283487836 ], [ 26.828080675641939, 67.021176360680187 ], [ 26.826983152651291, 67.020637160452353 ], [ 26.825882959233379, 67.020474565011597 ], [ 26.823229337142358, 67.019377686049737 ], [ 26.818094591087455, 67.018762154638608 ], [ 26.81389706689178, 67.018622810229928 ], [ 26.810342641165018, 67.018403415181396 ], [ 26.806491143191863, 67.018040106468106 ], [ 26.80247730184432, 67.017909645435012 ], [ 26.800159554646701, 67.017978490265648 ], [ 26.797658498993286, 67.018020166128849 ], [ 26.795363324916725, 67.01813380422756 ], [ 26.793182437161089, 67.018292392120713 ], [ 26.791712596129667, 67.018469813796031 ], [ 26.790963962921044, 67.017482476364094 ], [ 26.793594671543435, 67.01567460080004 ], [ 26.795350842096759, 67.01416145989208 ], [ 26.797079981924753, 67.013114550039461 ], [ 26.797981609902923, 67.012263843081655 ], [ 26.798218116103829, 67.011403327846978 ], [ 26.795338890196724, 67.010126356814666 ], [ 26.792455859807152, 67.009333536483652 ], [ 26.791436357948559, 67.007870608599163 ], [ 26.790620650364982, 67.006721774160297 ], [ 26.791711472414775, 67.005198834020888 ], [ 26.792662843032033, 67.003881944963865 ], [ 26.795262607562684, 67.002836177004099 ], [ 26.796743532802147, 67.00121507306406 ], [ 26.796574354003415, 66.99951114696087 ], [ 26.793814449532061, 66.997857689427477 ], [ 26.792931642416502, 66.996538410663405 ], [ 26.792022807458288, 66.995595700741788 ], [ 26.795951081781361, 66.994551652360713 ], [ 26.797378909856334, 66.993737494463829 ], [ 26.799725595672722, 66.992655467061937 ], [ 26.804337559016734, 66.991988679322375 ], [ 26.809320070447182, 66.990793168088317 ], [ 26.812490702931893, 66.989738840780845 ], [ 26.814329323633562, 66.989032606827763 ], [ 26.815780018704725, 66.988101739329309 ], [ 26.8121000765987, 66.986904835145154 ], [ 26.807616296093826, 66.985993823272452 ], [ 26.802728455201137, 66.984095823842537 ], [ 26.797931907894498, 66.982332292707937 ], [ 26.794207653756935, 66.981161818162576 ], [ 26.792136015951993, 66.979643718270339 ], [ 26.791622743757078, 66.978055903360243 ], [ 26.793655557871389, 66.976023064646114 ], [ 26.800014126924562, 66.974255727751896 ], [ 26.803917679788842, 66.972969356483276 ], [ 26.806380058175169, 66.971447997376345 ], [ 26.809030624017538, 66.969245336449262 ], [ 26.812111776396012, 66.967554253715775 ], [ 26.816108563874486, 66.965819347574779 ], [ 26.820886112198924, 66.963672731647378 ], [ 26.82384882997022, 66.96232204216156 ], [ 26.826513919204636, 66.960935099803052 ], [ 26.827620596934391, 66.959797496872284 ], [ 26.827349823670492, 66.959250225598709 ], [ 26.830175009897292, 66.957800619946738 ], [ 26.83291078905879, 66.95599220180155 ], [ 26.831937710919611, 66.954404030199001 ], [ 26.830529907048824, 66.952833321189416 ], [ 26.829368888648098, 66.951989190053624 ], [ 26.826538242776476, 66.951071498810208 ], [ 26.825764646911882, 66.9504698690928 ], [ 26.822607928785885, 66.950394638401733 ], [ 26.819723824208523, 66.950579701269277 ], [ 26.816889421747707, 66.950235723021791 ], [ 26.814399089546896, 66.949784485935425 ], [ 26.810341453473715, 66.947896634629913 ], [ 26.806506414186188, 66.946860819327824 ], [ 26.802717177584341, 66.945860823128186 ], [ 26.799268771607476, 66.945175019617125 ], [ 26.795475187207121, 66.944757705643397 ], [ 26.790808277998075, 66.94484129751099 ], [ 26.787369799108713, 66.94569756366252 ], [ 26.783611610871464, 66.946463650753472 ], [ 26.778849757691347, 66.94688750866753 ], [ 26.776379636021776, 66.946839215788486 ], [ 26.772559503871772, 66.946833801096417 ], [ 26.767182550513354, 66.946960515975249 ], [ 26.76210190078951, 66.947195103744903 ], [ 26.758363865989278, 66.948130993585053 ], [ 26.754951872178129, 66.948466513724497 ], [ 26.750440514586629, 66.948916809912973 ], [ 26.746613059541378, 66.94958327424817 ], [ 26.742942256537365, 66.950563753215462 ], [ 26.738957833344081, 66.950889032666694 ], [ 26.735611304461234, 66.951457390703368 ], [ 26.733252264291977, 66.951677621908658 ], [ 26.729088965902402, 66.951598839718045 ], [ 26.725684452463735, 66.951189492746892 ], [ 26.722122356795424, 66.95056458407619 ], [ 26.718376587273781, 66.950010998460797 ], [ 26.714397700004934, 66.949842496660807 ], [ 26.711497191808945, 66.94941580899021 ], [ 26.707798341010822, 66.948799291297931 ], [ 26.704827834384524, 66.948506866596915 ], [ 26.703158380178024, 66.948458920876135 ], [ 26.699732627963051, 66.947986200444319 ], [ 26.695964677888998, 66.947449984103883 ], [ 26.692948596134656, 66.947166202164212 ], [ 26.69068564903634, 66.94702731579001 ], [ 26.68822393950358, 66.946332045454611 ], [ 26.687977582776078, 66.945919075726451 ], [ 26.691822134510488, 66.943980742128801 ], [ 26.693478286282026, 66.943239683302522 ], [ 26.696268840310257, 66.941388866209621 ], [ 26.697977957591007, 66.940038112503686 ], [ 26.700121247734213, 66.938697122547183 ], [ 26.702674392899421, 66.937482406270036 ], [ 26.704763886858764, 66.936768943952131 ], [ 26.705753272996397, 66.936259653608758 ], [ 26.706014707074043, 66.935435174671682 ], [ 26.703988261965534, 66.934731990167705 ], [ 26.701477744753639, 66.934359638991154 ], [ 26.697757024286002, 66.933868384917545 ], [ 26.694493567649953, 66.933386894481231 ], [ 26.692100922300728, 66.932754581258592 ], [ 26.690116950494676, 66.932356176088206 ], [ 26.690585198314267, 66.931487289792784 ], [ 26.691050577656913, 66.930842563139592 ], [ 26.690923165223442, 66.930071156372279 ], [ 26.692970711922264, 66.929034950860881 ], [ 26.696978716436515, 66.928414959997909 ], [ 26.69979638040979, 66.927918156406051 ], [ 26.702132199569313, 66.927563875503495 ], [ 26.703549330936173, 66.927566528225469 ], [ 26.706742918025519, 66.926200504028799 ], [ 26.708786477101448, 66.92541516656695 ], [ 26.709941150959576, 66.924412967213769 ], [ 26.711274745636917, 66.923733910367062 ], [ 26.712836877059889, 66.923046285391507 ], [ 26.713872183803762, 66.922456328121612 ], [ 26.713382479248875, 66.921343537405861 ], [ 26.711562106540757, 66.920685645056025 ], [ 26.709050460940826, 66.920519652313246 ], [ 26.706033882670507, 66.920540996493671 ], [ 26.703362886169682, 66.920329792249845 ], [ 26.702158287776697, 66.919798485000157 ], [ 26.702129727588645, 66.918390600261716 ], [ 26.701963117272797, 66.917063173710403 ], [ 26.7002758416901, 66.916782014212814 ], [ 26.695504862853195, 66.916450123371675 ], [ 26.693563687121834, 66.91638361924079 ], [ 26.692722990498879, 66.916014350308217 ], [ 26.69431248945612, 66.914968269351746 ], [ 26.696788899725373, 66.914237725204217 ], [ 26.701388858326933, 66.913573920626661 ], [ 26.704846184310618, 66.912925784947447 ], [ 26.70725246690435, 66.912284618007476 ], [ 26.709029046328698, 66.910799354320645 ], [ 26.710507552766671, 66.90939423588982 ], [ 26.713421057358921, 66.908305548726361 ], [ 26.718024205178121, 66.907228782221125 ], [ 26.72180146152736, 66.90644635032605 ], [ 26.723935234726536, 66.905571306780246 ], [ 26.726203971447532, 66.904866837737799 ], [ 26.729406846184432, 66.90434328229918 ], [ 26.73198742303742, 66.904329722209198 ], [ 26.734245388182451, 66.904584599878945 ], [ 26.736016505787614, 66.905520124734579 ], [ 26.738960682023823, 66.90568640522369 ], [ 26.743227178946388, 66.906069972959642 ], [ 26.746393984422419, 66.906801399756858 ], [ 26.750268337963711, 66.907596636787744 ], [ 26.752436607194845, 66.907734540510077 ], [ 26.755498762660778, 66.907559949140264 ], [ 26.758362427187965, 66.906667635171047 ], [ 26.761019374349534, 66.905873590182807 ], [ 26.763810577138127, 66.905348711269426 ], [ 26.765888073504524, 66.905414558232778 ], [ 26.770630239329691, 66.906255419960388 ], [ 26.774737947137439, 66.906584113087845 ], [ 26.779172229693721, 66.906168891177813 ], [ 26.783835205226779, 66.905700060606321 ], [ 26.78778882261566, 66.90537362144353 ], [ 26.792246347559612, 66.904859433921459 ], [ 26.795497050488169, 66.903904181440879 ], [ 26.798720864947438, 66.903415119767018 ], [ 26.803314217872078, 66.902972531832503 ], [ 26.807908249794419, 66.902422200651955 ], [ 26.811861775280004, 66.901996521523301 ], [ 26.815864334417615, 66.901104518688243 ], [ 26.819158502448413, 66.900256434915377 ], [ 26.825769567305414, 66.898479405972537 ], [ 26.829702676803286, 66.897569037014549 ], [ 26.831947458318794, 66.896477459488807 ], [ 26.834060175319529, 66.894632478587795 ], [ 26.836009236836524, 66.893316358752969 ], [ 26.837933793831258, 66.892224364955084 ], [ 26.840295871299922, 66.890514060425232 ], [ 26.843500020841024, 66.889109428654677 ], [ 26.846019506520012, 66.88765924260602 ], [ 26.848468434184703, 66.886495891479754 ], [ 26.850024244628617, 66.885824845485445 ], [ 26.852449670735247, 66.884715207302818 ], [ 26.853687098500284, 66.88382862409884 ], [ 26.854402682168274, 66.882439396627007 ], [ 26.854045702187868, 66.88108504616541 ], [ 26.853961835911186, 66.879847528451194 ], [ 26.853762076910883, 66.87891476951242 ], [ 26.852696828554617, 66.877766012331051 ], [ 26.851450013738607, 66.876482563430727 ], [ 26.850591340970229, 66.875154635740429 ], [ 26.850325097542736, 66.873934875205151 ], [ 26.851316402829863, 66.872187239321661 ], [ 26.854614500157371, 66.869814038764758 ], [ 26.856788054255343, 66.868578567200331 ], [ 26.859554974457822, 66.867209087526831 ], [ 26.861566810394613, 66.866260349937917 ], [ 26.863417801180631, 66.865508729964205 ], [ 26.866821234955825, 66.864345905326715 ], [ 26.872891104490886, 66.863283810549575 ], [ 26.87709209780126, 66.86203174211677 ], [ 26.881950857279623, 66.861371872334729 ], [ 26.887263439178348, 66.861106731804298 ], [ 26.891527029786658, 66.860912427266342 ], [ 26.894583187432893, 66.860537877478677 ], [ 26.898688374980281, 66.860020467239366 ], [ 26.900765896519598, 66.859223711876339 ], [ 26.904893883652242, 66.858616484925093 ], [ 26.909478309752409, 66.857794206955688 ], [ 26.913491660568891, 66.857249457841689 ], [ 26.917731601882291, 66.857045473682305 ], [ 26.922062144378629, 66.856993858269576 ], [ 26.92502514938537, 66.856959415208792 ], [ 26.927509569764251, 66.856906766129342 ], [ 26.92944611817175, 66.857158719127753 ], [ 26.930948434389268, 66.857840869590731 ], [ 26.933592252432053, 66.857877873675235 ], [ 26.937424069525541, 66.856812353011833 ], [ 26.940345183219147, 66.855235280616824 ], [ 26.941760217101645, 66.854366007769485 ], [ 26.941695598286561, 66.852787783886171 ], [ 26.94092489048256, 66.851101704223936 ], [ 26.940837107599233, 66.849702811276572 ], [ 26.941682910231957, 66.848537411058103 ], [ 26.943190294034331, 66.8469507961956 ], [ 26.945221223294308, 66.845462980737452 ], [ 26.946476612965956, 66.844342530761097 ], [ 26.94811870435915, 66.843419470924189 ], [ 26.950124911225771, 66.842604111774435 ], [ 26.951788790103706, 66.842048672739594 ], [ 26.952269740957025, 66.8406948010511 ], [ 26.951657628111541, 66.839250918228402 ], [ 26.952798794723765, 66.837995876822916 ], [ 26.95330266509416, 66.836498531871797 ], [ 26.953168177356467, 66.835368640913998 ], [ 26.95346682892448, 66.833987807497763 ], [ 26.954493447535121, 66.832929992651799 ], [ 26.95683991503072, 66.832213286165455 ], [ 26.960209330041664, 66.832402471919465 ], [ 26.963054686129375, 66.832887378794339 ], [ 26.965855867522553, 66.832475529186127 ], [ 26.968519565052659, 66.83266438412312 ], [ 26.971775709283513, 66.832485657438681 ], [ 26.9738027705706, 66.831876244972477 ], [ 26.97498871320153, 66.82991264775724 ], [ 26.976537802542872, 66.828872712547508 ], [ 26.977700264842042, 66.827312608211457 ], [ 26.978816664772552, 66.826182918258311 ], [ 26.981321899749368, 66.824425687468448 ], [ 26.983120858277569, 66.823224298649706 ], [ 26.98448696150767, 66.822444306275131 ], [ 26.98535227446321, 66.82169115942483 ], [ 26.986194575628879, 66.821278746860145 ], [ 26.984943552515066, 66.820157750202299 ], [ 26.983442152050046, 66.819278835321526 ], [ 26.982487316454058, 66.817969537743465 ], [ 26.983102167776806, 66.817297074839843 ], [ 26.985332853885744, 66.816086743678483 ], [ 26.989929354433674, 66.815333864239989 ], [ 26.992022805412994, 66.814742162676367 ], [ 26.992569155653889, 66.813737870556324 ], [ 26.992410160931531, 66.812894962151105 ], [ 26.992820051104498, 66.811612688523667 ], [ 26.994367190568433, 66.810751917772379 ], [ 26.995459233254852, 66.810187025586544 ], [ 27.000805006414126, 66.809980835308863 ], [ 27.002693089091469, 66.809998746774923 ], [ 27.00526361681532, 66.810142158845679 ], [ 27.007379155448316, 66.810025500539936 ], [ 27.008698613385672, 66.810294445625615 ], [ 27.008561837897446, 66.809433610541603 ], [ 27.008970768710949, 66.808052662094497 ], [ 27.011358572494405, 66.80688678880216 ], [ 27.012745522657898, 66.80595410173872 ], [ 27.015428546387, 66.804689501115746 ], [ 27.017679366081801, 66.803675992661866 ], [ 27.019520783420383, 66.802823894407652 ], [ 27.020770962780226, 66.802124309926384 ], [ 27.020974777681854, 66.801137903965298 ], [ 27.021360202947836, 66.799819683888487 ], [ 27.021996219575868, 66.799075335801206 ], [ 27.023223603374849, 66.798599902908194 ], [ 27.024609285844914, 66.797317398061807 ], [ 27.025244117419302, 66.795577677415267 ], [ 27.024766049963667, 66.794950065740579 ], [ 27.023719270379789, 66.793883137136575 ], [ 27.022149903554116, 66.793022529461709 ], [ 27.021603307505842, 66.791847912377733 ], [ 27.021330110728965, 66.791354759331526 ], [ 27.019147614797699, 66.790915654819841 ], [ 27.01726092871678, 66.790817239506964 ], [ 27.016102037930359, 66.791328484417221 ], [ 27.014579211152402, 66.791534877197051 ], [ 27.012714813809747, 66.790620396399817 ], [ 27.012486876455455, 66.78936502122977 ], [ 27.011736255503411, 66.788181423791841 ], [ 27.011463142668482, 66.787356472633235 ], [ 27.01191728692908, 66.786540429453908 ], [ 27.012757701644741, 66.78567055694559 ], [ 27.014348050533808, 66.784970984876296 ], [ 27.016551739904322, 66.78406508852099 ], [ 27.017596068920607, 66.782693016070695 ], [ 27.018390414726309, 66.781455463374826 ], [ 27.018525868520829, 66.780280753080163 ], [ 27.018342669941624, 66.778361816995428 ], [ 27.01747894821721, 66.777788023536885 ], [ 27.014570294009612, 66.776559826335799 ], [ 27.013638507742588, 66.775833569949782 ], [ 27.013433244384064, 66.774362984694179 ], [ 27.013069475482745, 66.773717384829496 ], [ 27.012478555943478, 66.773053860780053 ], [ 27.012500973683458, 66.772453064091536 ], [ 27.012500604826784, 66.771726733120843 ], [ 27.012999760193708, 66.770749271705256 ], [ 27.012590487378251, 66.76985259307763 ], [ 27.011908577200135, 66.768642093869744 ], [ 27.0109540772111, 66.767126714201936 ], [ 27.010499463702679, 66.766077593597018 ], [ 27.010113126759901, 66.765306451609405 ], [ 27.009431666902898, 66.76462498878054 ], [ 27.009749041238621, 66.763360610252761 ], [ 27.011383498665381, 66.762741763777555 ], [ 27.014811560114872, 66.762257249150323 ], [ 27.017013350728067, 66.761602425118767 ], [ 27.017580361333316, 66.760804292151604 ], [ 27.017851792070694, 66.759432289052711 ], [ 27.01794208798216, 66.758714908343549 ], [ 27.015421801302551, 66.757890200360592 ], [ 27.01356039340908, 66.757836573831426 ], [ 27.012810835720146, 66.756948893896464 ], [ 27.012266008133373, 66.756823391926545 ], [ 27.011471662614181, 66.757065562456688 ], [ 27.008747928569797, 66.757487199321474 ], [ 27.007476815525951, 66.757621771633836 ], [ 27.006614018858528, 66.756841671388344 ], [ 27.009768737461904, 66.755810287283538 ], [ 27.011016563152456, 66.754563767952575 ], [ 27.011515664431304, 66.754088472316042 ], [ 27.012150851035898, 66.753451763362037 ], [ 27.013194575544379, 66.752958486994928 ], [ 27.013512014692431, 66.752438364334424 ], [ 27.012263602008932, 66.751990109349634 ], [ 27.011922907976071, 66.75146107783408 ], [ 27.010946838845694, 66.750896216957273 ], [ 27.008064814640708, 66.750977100195627 ], [ 27.005228152068018, 66.75104895857649 ], [ 27.002618358953264, 66.75065447288236 ], [ 27.001710604060634, 66.750224060794523 ], [ 27.002005533067912, 66.749228701047471 ], [ 27.00191470731664, 66.748358891158389 ], [ 27.000961632385181, 66.747480117998478 ], [ 26.998987602213173, 66.747166276609363 ], [ 26.997694303502094, 66.746933113669243 ], [ 26.997013628839216, 66.746798595086034 ], [ 26.995810998938314, 66.747390402857505 ], [ 26.991363544875899, 66.7479730864587 ], [ 26.988708742686857, 66.747972918827557 ], [ 26.985555171134639, 66.747255299119985 ], [ 26.983580960965703, 66.747533082137252 ], [ 26.980994246974294, 66.747577636475484 ], [ 26.978158159339753, 66.747353090790199 ], [ 26.976388156464193, 66.747532178751769 ], [ 26.972780812297216, 66.747172911947118 ], [ 26.971238292849808, 66.746849826483086 ], [ 26.972101515582455, 66.745935334380903 ], [ 26.974438752543968, 66.745657745187927 ], [ 26.977411568212855, 66.744967730260143 ], [ 26.979567356159581, 66.744438957074436 ], [ 26.9824254756359, 66.745111837360596 ], [ 26.983650494795622, 66.745300273750843 ], [ 26.987190128543965, 66.744744639509022 ], [ 26.991160679033541, 66.74417100908903 ], [ 26.993247991099924, 66.74381242630291 ], [ 26.994473352098804, 66.742557073145335 ], [ 26.99483651394798, 66.741579660703351 ], [ 26.994768666174028, 66.740691914088671 ], [ 26.994451309294043, 66.739660680732328 ], [ 26.994632951610257, 66.738862613957565 ], [ 26.994791885872409, 66.738091440432072 ], [ 26.995381760826636, 66.737194743285229 ], [ 26.995926190651502, 66.736719497224399 ], [ 26.999917897061724, 66.733742455167501 ], [ 27.001210436539946, 66.732173197448887 ], [ 27.002434842843282, 66.730980548941403 ], [ 27.003772429689278, 66.729474037324621 ], [ 27.004656514740766, 66.72853246136269 ], [ 27.006991365153556, 66.727025889363034 ], [ 27.009076917094777, 66.726451887958106 ], [ 27.010527785647408, 66.726317290244225 ], [ 27.013225636050681, 66.726352952130512 ], [ 27.014835333279258, 66.726496278213631 ], [ 27.016104895930059, 66.726505124417741 ], [ 27.018281764029055, 66.72711464730537 ], [ 27.018688876757658, 66.725823330932144 ], [ 27.019322987360056, 66.725007238484366 ], [ 27.019436038322137, 66.724630605234125 ], [ 27.019662122745547, 66.723868367677483 ], [ 27.01948047297391, 66.723491770814277 ], [ 27.018799950528368, 66.722864151378374 ], [ 27.018595566331292, 66.722353048564074 ], [ 27.019592496375207, 66.721832829981423 ], [ 27.021496217333304, 66.72152769261983 ], [ 27.022334566863158, 66.721195792431047 ], [ 27.023195180907177, 66.720451390847785 ], [ 27.024373393495299, 66.72006563172242 ], [ 27.024735381584645, 66.719428902239187 ], [ 27.025028682035156, 66.718128615224387 ], [ 27.024823716413803, 66.717151228743361 ], [ 27.021718257845727, 66.716326708451177 ], [ 27.017774729527314, 66.715735373934834 ], [ 27.016052226662961, 66.715341006390361 ], [ 27.015235852879179, 66.714399533353188 ], [ 27.010975320166175, 66.713252095396555 ], [ 27.008709447001245, 66.713189459428705 ], [ 27.00603562839888, 66.712821935356445 ], [ 27.002999449021864, 66.713064134539508 ], [ 27.001209446863793, 66.713378009850786 ], [ 26.999192808658666, 66.713664969451742 ], [ 26.998014536271661, 66.713700824155978 ], [ 26.997130847908842, 66.713620109491501 ], [ 26.996133885770288, 66.713440744533912 ], [ 26.990944705102422, 66.714256549032356 ], [ 26.988973025540076, 66.714964827196368 ], [ 26.987159906967335, 66.715529624127953 ], [ 26.984803466060391, 66.715081055514389 ], [ 26.98426043159456, 66.713780760831085 ], [ 26.981632429238566, 66.713170715215384 ], [ 26.978120868133757, 66.712596361726483 ], [ 26.975402553323477, 66.711932392853399 ], [ 26.974157168641312, 66.711187915363766 ], [ 26.974000237355799, 66.709609661041796 ], [ 26.97329887119686, 66.708721795699034 ], [ 26.973526426491379, 66.707780279186238 ], [ 26.975385165894853, 66.706614845688435 ], [ 26.977312000113987, 66.705135548186448 ], [ 26.978535706182409, 66.704508016097748 ], [ 26.980642991547612, 66.703503956140665 ], [ 26.98107438674824, 66.702123064031824 ], [ 26.980010832244634, 66.700984100471402 ], [ 26.978811388142471, 66.699961677746984 ], [ 26.978562959704039, 66.699163566990478 ], [ 26.979039215619355, 66.698356583056224 ], [ 26.979425633640002, 66.696608029672021 ], [ 26.977727923152244, 66.69599802719037 ], [ 26.975350820209798, 66.695594148998637 ], [ 26.972907427390403, 66.693764432476399 ], [ 26.97336093104115, 66.693127843542158 ], [ 26.974357522345215, 66.692715513820573 ], [ 26.974199646780015, 66.692141590335638 ], [ 26.975105501872736, 66.691863749072752 ], [ 26.975920811227677, 66.691541052733214 ], [ 26.976532600004429, 66.690967247291653 ], [ 26.975989821318375, 66.690420162109589 ], [ 26.972707954505275, 66.689863662356572 ], [ 26.972301513956896, 66.688939966846846 ], [ 26.973999879228934, 66.688339454973402 ], [ 26.975947433867248, 66.687434072375027 ], [ 26.975563457944055, 66.686609031383043 ], [ 26.972621941476625, 66.685756662046003 ], [ 26.970676344027201, 66.68502100185647 ], [ 26.970926747266951, 66.68378357053578 ], [ 26.973303804264678, 66.683111450125907 ], [ 26.974503678688873, 66.682681220695073 ], [ 26.975364570670742, 66.681757732352253 ], [ 26.976360824505232, 66.681183986572762 ], [ 26.976497899683636, 66.679803049631332 ], [ 26.977449394886744, 66.678574681065868 ], [ 26.978830892217712, 66.677095280882668 ], [ 26.979736217528998, 66.676727740191495 ], [ 26.982586924191029, 66.676817753572436 ], [ 26.984940126037237, 66.676531046854166 ], [ 26.986343243266411, 66.675867594729525 ], [ 26.986162769739042, 66.674926020154146 ], [ 26.987610748552097, 66.674773699701902 ], [ 26.990687467216024, 66.674935314697862 ], [ 26.993357089975817, 66.674738172783591 ], [ 26.994692087473151, 66.673698021420719 ], [ 26.994579199054488, 66.672675757032977 ], [ 26.99442101447643, 66.671958373089609 ], [ 26.994308072979194, 66.671249952412651 ], [ 26.994737907915177, 66.670971988572916 ], [ 26.998990467991288, 66.670532673546987 ], [ 27.00168217238501, 66.670254680002955 ], [ 27.003423801599133, 66.669851126277578 ], [ 27.005368905156789, 66.669322008767253 ], [ 27.006861560357915, 66.668774945910371 ], [ 27.007585196859928, 66.668335521793722 ], [ 27.008286202437041, 66.667958855399192 ], [ 27.010864374336641, 66.667537240264153 ], [ 27.011610478546771, 66.666990181998884 ], [ 27.013758910395076, 66.666810664102016 ], [ 27.016020245460425, 66.666371059129119 ], [ 27.018303684043243, 66.665366472293144 ], [ 27.01925300887158, 66.664729690434967 ], [ 27.020315493269202, 66.664263253223965 ], [ 27.022463747265665, 66.664218125021492 ], [ 27.024724592151035, 66.663679751619114 ], [ 27.025018007895486, 66.663123738095223 ], [ 27.025424136171793, 66.662262814195799 ], [ 27.02700567728569, 66.661069905584256 ], [ 27.028158148638674, 66.66047786185753 ], [ 27.029649906209691, 66.660047158273287 ], [ 27.031345293716718, 66.659759879596066 ], [ 27.032181360218768, 66.659383088283391 ], [ 27.032881106452379, 66.658531055181129 ], [ 27.033196259130687, 66.657517688224189 ], [ 27.032472487801616, 66.657266754528592 ], [ 27.030460155889486, 66.657042975796699 ], [ 27.030572040388169, 66.656110363771802 ], [ 27.028401436650242, 66.65576104248737 ], [ 27.027157491295178, 66.655205294425116 ], [ 27.026614220483186, 66.654532843454945 ], [ 27.027132910927229, 66.653411848352718 ], [ 27.027922977206725, 66.652461186639087 ], [ 27.028058053692284, 66.651994858218103 ], [ 27.027537639444034, 66.651501751186203 ], [ 27.026835769602997, 66.650380965567322 ], [ 27.027084035593234, 66.650076039889598 ], [ 27.029230730124674, 66.649743859918999 ], [ 27.030518064321086, 66.649035205661875 ], [ 27.030675504500788, 66.648407466961615 ], [ 27.030268119178075, 66.647923317502205 ], [ 27.028617998024963, 66.647582868768453 ], [ 27.028391292047168, 66.646955201675354 ], [ 27.029566097542791, 66.646712862003966 ], [ 27.031215529474107, 66.646542168907786 ], [ 27.032411803669291, 66.645483788278227 ], [ 27.027959252745244, 66.644596887525609 ], [ 27.02782246191504, 66.643502907444883 ], [ 27.027121676807891, 66.643198137506104 ], [ 27.024026408051554, 66.643395927874806 ], [ 27.022512234078921, 66.643037461366447 ], [ 27.02366354243664, 66.641970182415335 ], [ 27.024318208236707, 66.641423075723466 ], [ 27.023007550741717, 66.641145293083213 ], [ 27.023684116095669, 66.639871842473994 ], [ 27.022982910605549, 66.638948316080487 ], [ 27.022033234043441, 66.637971014263925 ], [ 27.020880370981715, 66.637056511788273 ], [ 27.020157198177234, 66.636653078958432 ], [ 27.018688441229344, 66.635998647765547 ], [ 27.018349414348076, 66.635720707638043 ], [ 27.019478283419438, 66.635056988243775 ], [ 27.020720714906084, 66.635218242112785 ], [ 27.023046794139098, 66.63478748739854 ], [ 27.026051021229573, 66.634957392892105 ], [ 27.027948524579489, 66.635109508870059 ], [ 27.030432340169391, 66.634490309353652 ], [ 27.032961460493386, 66.634050397567904 ], [ 27.035558101935692, 66.633520766007109 ], [ 27.038719778404158, 66.633304799053164 ], [ 27.040706837183009, 66.633026307902824 ], [ 27.041903410559048, 66.632756975183284 ], [ 27.043664446290922, 66.632424708414334 ], [ 27.045945098973117, 66.6322088472903 ], [ 27.047887205655087, 66.632127556768495 ], [ 27.049334200201208, 66.632916231582968 ], [ 27.050102035299602, 66.632889085109781 ], [ 27.052111130781149, 66.63242213526209 ], [ 27.054165412747867, 66.631999971550641 ], [ 27.05597200381753, 66.631927598634704 ], [ 27.057799732906865, 66.631245429305295 ], [ 27.059130751550349, 66.630653090114379 ], [ 27.060281193562961, 66.630123578124739 ], [ 27.06134364137359, 66.630553598410984 ], [ 27.062226489424091, 66.63138721035422 ], [ 27.063674150855956, 66.632283358665788 ], [ 27.064715255827238, 66.633125854207051 ], [ 27.066974309923268, 66.633322186337566 ], [ 27.069365811057711, 66.632406488501331 ], [ 27.070606083250269, 66.631742361103875 ], [ 27.070197328428222, 66.630953421569004 ], [ 27.06895104718302, 66.629447467839455 ], [ 27.07012302759502, 66.628639893748002 ], [ 27.072402472560093, 66.628208428770733 ], [ 27.075879874913234, 66.628188846698848 ], [ 27.079807821714947, 66.627837180707772 ], [ 27.083420666178572, 66.627826333820281 ], [ 27.086424555229648, 66.628021989333121 ], [ 27.089157653808574, 66.628253615827035 ], [ 27.090738125620987, 66.628198904041611 ], [ 27.092002700114126, 66.628207130816165 ], [ 27.093717413895668, 66.627829493396916 ], [ 27.094616815595149, 66.62683358172886 ], [ 27.093167073627665, 66.625596968774133 ], [ 27.091038868936085, 66.624010998019628 ], [ 27.089429156402154, 66.62214673224149 ], [ 27.086196524498941, 66.620893117271422 ], [ 27.084499113896189, 66.619620675889223 ], [ 27.079665650435498, 66.618744412847661 ], [ 27.075374917657662, 66.618091915220035 ], [ 27.072145950824197, 66.617671969839947 ], [ 27.070496857721984, 66.617179517018243 ], [ 27.069996761603882, 66.615933289648609 ], [ 27.069700678670905, 66.614982883878355 ], [ 27.068930877467881, 66.614095464295289 ], [ 27.068071586869888, 66.613477089760522 ], [ 27.066626960047465, 66.613361141328454 ], [ 27.064008873049236, 66.613254624037424 ], [ 27.06362484171126, 66.613102328728871 ], [ 27.06470468101702, 66.611810599642155 ], [ 27.065604594837094, 66.610778986388908 ], [ 27.066211789403216, 66.610007539765746 ], [ 27.065375565692218, 66.609505717285629 ], [ 27.062667848493902, 66.609479926146264 ], [ 27.058043800986749, 66.610136317963438 ], [ 27.056624320160971, 66.611051499298611 ], [ 27.054075490643925, 66.61152766624366 ], [ 27.052225290375894, 66.611617965275556 ], [ 27.0503516505749, 66.611277826681345 ], [ 27.047508215958342, 66.611180068440035 ], [ 27.044078365897274, 66.611234875692659 ], [ 27.040152367597969, 66.611478043610376 ], [ 27.037896035904708, 66.611622084541168 ], [ 27.033472691890218, 66.611291300991027 ], [ 27.032478619399271, 66.610394779475854 ], [ 27.032633701730113, 66.608215690748125 ], [ 27.031752224976557, 66.607014256055081 ], [ 27.030420544789315, 66.606584087117255 ], [ 27.029991163193383, 66.605983361919598 ], [ 27.031433757804745, 66.60496977222796 ], [ 27.031477496537342, 66.603884715463778 ], [ 27.031859414942915, 66.602656118696899 ], [ 27.031474403175881, 66.601463542049004 ], [ 27.029759059055749, 66.600585078007953 ], [ 27.025991751134399, 66.600119448240463 ], [ 27.02416447088212, 66.599805884071628 ], [ 27.022472471113609, 66.599402606185649 ], [ 27.019901215996349, 66.599376058345541 ], [ 27.016653660447837, 66.599815831154885 ], [ 27.015029885252499, 66.600129850945692 ], [ 27.013135267381049, 66.600183828324518 ], [ 27.013721150762262, 66.599197373691865 ], [ 27.014960802794061, 66.597825259437897 ], [ 27.015298494775376, 66.596838822063702 ], [ 27.01324553375926, 66.595520814724992 ], [ 27.011147777287334, 66.594435928460342 ], [ 27.009072903342037, 66.593736618269617 ], [ 27.005983466027701, 66.593135957698806 ], [ 27.003322602855423, 66.592454516523958 ], [ 27.001789276017465, 66.592068944834026 ], [ 27.000391294294314, 66.591808905773533 ], [ 26.998384537690939, 66.591898571177069 ], [ 26.996918941345044, 66.591737135649367 ], [ 26.99626506288752, 66.59174609236571 ], [ 26.995633732430807, 66.591674335698215 ], [ 26.992229763947076, 66.589351670692537 ], [ 26.991531537566669, 66.587307082247833 ], [ 26.990360118513859, 66.585110018980018 ], [ 26.98837729328206, 66.583280543615913 ], [ 26.985830920084897, 66.582114589996223 ], [ 26.982540816630774, 66.581280294534409 ], [ 26.978552075359492, 66.580661057508934 ], [ 26.975081969134798, 66.579987994628368 ], [ 26.97327990517859, 66.579144763017737 ], [ 26.97470134008552, 66.577512944717739 ], [ 26.974635497632374, 66.575782235498266 ], [ 26.972947119417483, 66.574293379948969 ], [ 26.970357451434563, 66.573028512882672 ], [ 26.969457882703512, 66.571674267486813 ], [ 26.971735244606066, 66.570015734980302 ], [ 26.975183931253849, 66.568106271168148 ], [ 26.977618431340876, 66.566250397406478 ], [ 26.979061270582015, 66.564744079451856 ], [ 26.981562632410789, 66.562977817244573 ], [ 26.982982284351561, 66.561839125162763 ], [ 26.983658535405517, 66.560879691551236 ], [ 26.986383927169193, 66.559911475264272 ], [ 26.990955579654351, 66.559015060567361 ], [ 26.993162666234877, 66.557903223111495 ], [ 26.994986921762706, 66.555894597321497 ], [ 26.995054762780665, 66.554432917168143 ], [ 26.995077609275533, 66.552684281328794 ], [ 26.994852737658764, 66.551464708378745 ], [ 26.993502512146513, 66.549733962925316 ], [ 26.991161882359624, 66.548684658738438 ], [ 26.989204059086909, 66.547680192124702 ], [ 26.988754588428407, 66.546110869944414 ], [ 26.987472551506038, 66.5444697410109 ], [ 26.986775311408213, 66.543716427568611 ], [ 26.986910898972621, 66.542622420494837 ], [ 26.987699046089627, 66.541546398693171 ], [ 26.987564466707571, 66.540658611925508 ], [ 26.986867260749872, 66.539994972346534 ], [ 26.985337681152931, 66.539205705187882 ], [ 26.982908128669447, 66.538514972261027 ], [ 26.979420738566045, 66.538487649159649 ], [ 26.976427466669961, 66.539383965937503 ], [ 26.972624411190818, 66.539840687920929 ], [ 26.96805702483509, 66.539642542894214 ], [ 26.964727602657725, 66.539184497692887 ], [ 26.959823962600964, 66.538313482707181 ], [ 26.955685478748308, 66.537541168234057 ], [ 26.951253995747191, 66.537154261926545 ], [ 26.94646315901138, 66.536551885167867 ], [ 26.940928821279879, 66.536505059715068 ], [ 26.936494664035056, 66.53733729452567 ], [ 26.931901738897803, 66.538528030518478 ], [ 26.929221162292581, 66.539629833334573 ], [ 26.926339435526934, 66.540193452593641 ], [ 26.923976466229586, 66.540308902000874 ], [ 26.920579144746487, 66.540199601360158 ], [ 26.916439880613343, 66.539928427404547 ], [ 26.91427861808754, 66.540268022752116 ], [ 26.912519103476399, 66.541531455879593 ], [ 26.909795431118841, 66.541781000615387 ], [ 26.906600416596504, 66.541689455302333 ], [ 26.903785556858324, 66.54222579591017 ], [ 26.899999466801329, 66.543622342189167 ], [ 26.89612413695205, 66.544731774307735 ], [ 26.892788175585519, 66.545940125317159 ], [ 26.89055501728075, 66.547086409251804 ], [ 26.887690426233462, 66.548456394834304 ], [ 26.884420941792733, 66.549691519273651 ], [ 26.882617993117925, 66.550156481857556 ], [ 26.879984839768767, 66.550046881383707 ], [ 26.879904828528716, 66.547966388434816 ], [ 26.880453156136213, 66.546271965890284 ], [ 26.880055252066064, 66.544774109651058 ], [ 26.879926788387134, 66.543410969609624 ], [ 26.878040859369076, 66.542512774198386 ], [ 26.874665410664505, 66.542510111317071 ], [ 26.869469081257886, 66.542147174021835 ], [ 26.866093683275661, 66.542144326545767 ], [ 26.8619759878347, 66.542086946462945 ], [ 26.858015058448899, 66.542164120235242 ], [ 26.853782441534342, 66.54251892470991 ], [ 26.850656238138562, 66.542229013087095 ], [ 26.847150046085403, 66.541535144786465 ], [ 26.844340351980804, 66.54103917223847 ], [ 26.841845688064058, 66.540561400437127 ], [ 26.838179036730036, 66.540396251283582 ], [ 26.83370065049461, 66.540490199335068 ], [ 26.829580971876041, 66.540772738054031 ], [ 26.827126945077353, 66.540967331599717 ], [ 26.8253937530577, 66.541046113354724 ], [ 26.823911187789005, 66.540685758217677 ], [ 26.824030097870565, 66.53978018862621 ], [ 26.824646959308474, 66.538453701231731 ], [ 26.825084457721733, 66.537028365991929 ], [ 26.823087995677188, 66.536201124362989 ], [ 26.820572882179022, 66.535561574452913 ], [ 26.819274377246998, 66.534690244401105 ], [ 26.820810541915701, 66.533795266720333 ], [ 26.823490259819781, 66.533403745482858 ], [ 26.826124345453728, 66.533092831021818 ], [ 26.828448003451886, 66.532117938377425 ], [ 26.830610191405047, 66.531707786027482 ], [ 26.833176104622844, 66.53145945857203 ], [ 26.836646270640802, 66.530512565164159 ], [ 26.837843831136059, 66.529670875465072 ], [ 26.83778417904621, 66.528469174083781 ], [ 26.834986958389003, 66.526340975377522 ], [ 26.832888571416621, 66.524025153287624 ], [ 26.83190678069889, 66.522894203259796 ], [ 26.82991116286895, 66.522076018191385 ], [ 26.827688914592173, 66.521535543332448 ], [ 26.825236265032572, 66.521801848831117 ], [ 26.82111288515291, 66.523016759187584 ], [ 26.818118865718613, 66.523488586913516 ], [ 26.814769877035111, 66.523296351639175 ], [ 26.811536624221194, 66.522673736336372 ], [ 26.808931386592015, 66.52227601634921 ], [ 26.804998677489792, 66.522002146407658 ], [ 26.803839348520242, 66.520745257165018 ], [ 26.802117532551343, 66.519559390666927 ], [ 26.799002915203182, 66.518264107006004 ], [ 26.795817452361518, 66.517426011919753 ], [ 26.79375918347338, 66.516221680231581 ], [ 26.792712208292141, 66.515072462372515 ], [ 26.790675587374029, 66.514011591949981 ], [ 26.78710400316028, 66.513737753110462 ], [ 26.783481861558709, 66.514118388931323 ], [ 26.779587819153839, 66.514731716061178 ], [ 26.778094866931088, 66.515787760269959 ], [ 26.777024643386667, 66.517319678615195 ], [ 26.773823763432919, 66.518274604431198 ], [ 26.769457456686514, 66.518806285118401 ], [ 26.766012148350409, 66.519402002352834 ], [ 26.7624058825599, 66.522714532067695 ], [ 26.76079412645014, 66.524308287685926 ], [ 26.756772283207585, 66.523970300187656 ], [ 26.75282584140724, 66.522843190098314 ], [ 26.747229057824175, 66.52263696673775 ], [ 26.742187598159521, 66.523095065032479 ], [ 26.738333490976814, 66.523958516263647 ], [ 26.73503897928742, 66.525038045040517 ], [ 26.730710032293914, 66.526088825728337 ], [ 26.726306646542948, 66.527740175608358 ], [ 26.722493526565462, 66.528845429788404 ], [ 26.720525301076616, 66.529873189770285 ], [ 26.71767684828415, 66.53115043231729 ], [ 26.714159877148681, 66.531852490760485 ], [ 26.711122036614892, 66.531954526982915 ], [ 26.707702756928889, 66.531975089545426 ], [ 26.704870305843347, 66.53182629660833 ], [ 26.701199838135935, 66.532160105505895 ], [ 26.699593940151864, 66.532892365889154 ], [ 26.697938937379668, 66.533956318980458 ], [ 26.697175871243886, 66.535658666179273 ], [ 26.698467759672351, 66.536728283031664 ], [ 26.700703187402389, 66.53792524375811 ], [ 26.700867881001827, 66.539198936837167 ], [ 26.699416419141485, 66.540146714743003 ], [ 26.696869485202889, 66.540500507847909 ], [ 26.693915574996602, 66.541005919505594 ], [ 26.69179588987549, 66.54136942629583 ], [ 26.686473295837224, 66.542327357782895 ], [ 26.681781864286826, 66.5431698128194 ], [ 26.676982970796807, 66.543599407946743 ], [ 26.672136286629108, 66.544226039162837 ], [ 26.666680048694669, 66.544976766972198 ], [ 26.660824485849957, 66.545278067612756 ], [ 26.656049920861864, 66.545518754881158 ], [ 26.651366807812327, 66.545651892223646 ], [ 26.647217776115987, 66.546207562981579 ], [ 26.645453885576345, 66.546795432377195 ], [ 26.642817524964617, 66.547004672520401 ], [ 26.639255876622798, 66.547382120587542 ], [ 26.636022419600202, 66.548396937178239 ], [ 26.633336063804155, 66.548928726738055 ], [ 26.631380681359182, 66.550251332559426 ], [ 26.627435553649878, 66.552143123689191 ], [ 26.625518550571492, 66.553869285526417 ], [ 26.623817894472065, 66.554672289250149 ], [ 26.620805682307026, 66.555839770398762 ], [ 26.617101124473926, 66.556619909654842 ], [ 26.6140529342766, 66.55716842898255 ], [ 26.610447036465164, 66.557374728882692 ], [ 26.607207415985393, 66.557196268294874 ], [ 26.602140778772821, 66.557219361253985 ], [ 26.59837673264742, 66.557451895769205 ], [ 26.59518078012983, 66.557362964580321 ] ] ] } }
]
}
