{
"type": "FeatureCollection",
"name": "Kongas_Basin",
"crs": { "type": "name", "properties": { "name": "urn:ogc:def:crs:OGC:1.3:CRS84" } },
"features": [
{ "type": "Feature", "properties": { "OID": 0 }, "geometry": { "type": "Polygon", "coordinates": [ [ [ 24.907496186408288, 67.974999495957306 ], [ 24.907303579362296, 67.974485755062105 ], [ 24.909781356909189, 67.97377271682339 ], [ 24.913285123573171, 67.972543426271329 ], [ 24.91580198571679, 67.97139126890356 ], [ 24.916863646882664, 67.970211695662698 ], [ 24.918090329586047, 67.968522905794643 ], [ 24.918481442781296, 67.967092649579158 ], [ 24.920652152065962, 67.966061623390473 ], [ 24.922449934395146, 67.965725533531597 ], [ 24.924040309831792, 67.96503697204048 ], [ 24.926534826428426, 67.964386705335869 ], [ 24.930876565959387, 67.96391212388346 ], [ 24.934209805224224, 67.963227440766943 ], [ 24.934871694405114, 67.962231107424429 ], [ 24.934906225873203, 67.960769434631843 ], [ 24.933658787685321, 67.960027207495159 ], [ 24.931487536314396, 67.959201584810245 ], [ 24.928848855157334, 67.958531517354558 ], [ 24.92671826093185, 67.958056175761953 ], [ 24.924300736031327, 67.957586158493541 ], [ 24.922405626458062, 67.957149616203452 ], [ 24.920737276524985, 67.956581358715681 ], [ 24.91918313219989, 67.955539123621634 ], [ 24.917977182305794, 67.953810580209023 ], [ 24.917806185463292, 67.952256595925746 ], [ 24.917873381722547, 67.950974728506949 ], [ 24.916348148283955, 67.949349764322577 ], [ 24.915353207951043, 67.948467059713181 ], [ 24.913352809212167, 67.947087202035974 ], [ 24.911785469224224, 67.945937070177592 ], [ 24.910122914975478, 67.944785720239125 ], [ 24.908491967641094, 67.943284914772818 ], [ 24.907617522803161, 67.941865475128154 ], [ 24.906848997852787, 67.939801532792146 ], [ 24.907821487675257, 67.938010920347708 ], [ 24.909064480851896, 67.936394173265612 ], [ 24.91095966611546, 67.935216275968713 ], [ 24.913209479245662, 67.933540534032232 ], [ 24.916339139642734, 67.932423101059328 ], [ 24.920354603157236, 67.931532102133673 ], [ 24.921133470215153, 67.930824353248227 ], [ 24.920277707976368, 67.929459042584497 ], [ 24.919420465150427, 67.928111645781016 ], [ 24.919320746685639, 67.926827662345261 ], [ 24.918593740784363, 67.925625433257608 ], [ 24.919505158887411, 67.924766883164665 ], [ 24.918176904451578, 67.923888926611525 ], [ 24.916285451228397, 67.923443354584663 ], [ 24.914160240420923, 67.922680839006432 ], [ 24.911197595299239, 67.921952498371454 ], [ 24.910041340161015, 67.921022842582801 ], [ 24.910826603697508, 67.920243460928205 ], [ 24.911633686256447, 67.919751394869706 ], [ 24.913742666910782, 67.919096464578047 ], [ 24.915719916906063, 67.918314250251683 ], [ 24.919303014891085, 67.917166650009733 ], [ 24.921741892271406, 67.916282575471115 ], [ 24.92206563856222, 67.915326877030367 ], [ 24.922204496483801, 67.914306041376406 ], [ 24.924782097857186, 67.914266871279679 ], [ 24.928196018034992, 67.914471429349433 ], [ 24.931734782881463, 67.914076498330658 ], [ 24.934676565192866, 67.914230124437879 ], [ 24.93661136985039, 67.913913583622374 ], [ 24.938423123340563, 67.913371225905578 ], [ 24.941354466435907, 67.912564815065664 ], [ 24.943665896830179, 67.911759556822915 ], [ 24.948311554311587, 67.910965511394522 ], [ 24.950046781683255, 67.910744996255062 ], [ 24.951507402964815, 67.910395452886604 ], [ 24.95298119628703, 67.909624466690431 ], [ 24.953849268057866, 67.90842434451605 ], [ 24.953786648037134, 67.907239524675816 ], [ 24.953108390772794, 67.906011163020253 ], [ 24.951963880927302, 67.9049384337075 ], [ 24.95160003151511, 67.903929252283405 ], [ 24.951352681811592, 67.902679345489645 ], [ 24.950352092303017, 67.901868523395223 ], [ 24.95136289894609, 67.900939295948788 ], [ 24.94787878555162, 67.901281485940444 ], [ 24.946784231886241, 67.901267798602291 ], [ 24.945013147381321, 67.901362256341102 ], [ 24.943186571291662, 67.901545690742196 ], [ 24.941482847932253, 67.901416695889779 ], [ 24.938497460869471, 67.900966615257147 ], [ 24.935989625609302, 67.900504537524426 ], [ 24.932618896024824, 67.900372426406292 ], [ 24.930356145721895, 67.900370823217301 ], [ 24.927512257512781, 67.899940261507609 ], [ 24.923804751328813, 67.899579454637248 ], [ 24.920536404253571, 67.89963676363989 ], [ 24.917803710751613, 67.899297140503393 ], [ 24.914843137085182, 67.898577824449603 ], [ 24.911135881615039, 67.897687496467015 ], [ 24.906593087206634, 67.896822312101719 ], [ 24.902803783633917, 67.896056321463121 ], [ 24.899891297444157, 67.895077218217892 ], [ 24.898584405568656, 67.894253172552055 ], [ 24.898069453933601, 67.893098392529765 ], [ 24.899542312440502, 67.892345813118553 ], [ 24.901973248455683, 67.891793842324489 ], [ 24.903848171691337, 67.891333410116161 ], [ 24.905669393671229, 67.890674930258314 ], [ 24.908017767634753, 67.889978302458545 ], [ 24.910996849921013, 67.889415252143948 ], [ 24.913685290989623, 67.889171381747644 ], [ 24.918481682806295, 67.888783786597898 ], [ 24.921727142227763, 67.8886993415056 ], [ 24.92459159625351, 67.888080773440166 ], [ 24.926719553003284, 67.887443886855834 ], [ 24.927633941079222, 67.886531520638442 ], [ 24.929622281077876, 67.885587856511393 ], [ 24.930953534807543, 67.88426810791357 ], [ 24.931038681651405, 67.88330937859817 ], [ 24.931576512775106, 67.881809189980729 ], [ 24.931510223696094, 67.880947225033935 ], [ 24.933121531938124, 67.879953919146359 ], [ 24.934428341438867, 67.879441143230693 ], [ 24.936495798109164, 67.878668827866576 ], [ 24.937503747123497, 67.878035656282165 ], [ 24.937506929638626, 67.877730718673675 ], [ 24.936720189811229, 67.877209532688795 ], [ 24.931849772842725, 67.877121284818941 ], [ 24.930810287297913, 67.877036410998329 ], [ 24.928518969862886, 67.876846032020794 ], [ 24.926840272774829, 67.876457043341745 ], [ 24.923683183889757, 67.876103159321204 ], [ 24.921228842657744, 67.875874727020246 ], [ 24.919164999353193, 67.875803702840543 ], [ 24.916093045377181, 67.87529825142181 ], [ 24.914401314593949, 67.87479236181494 ], [ 24.913480089541459, 67.873919515474526 ], [ 24.912113221184249, 67.873507426245311 ], [ 24.91122538078708, 67.87332569030238 ], [ 24.909253991501561, 67.873022497653267 ], [ 24.908180089858227, 67.87279351259123 ], [ 24.905999370650026, 67.872702898814211 ], [ 24.90381502441398, 67.872917182978838 ], [ 24.899527087825462, 67.873768315048252 ], [ 24.897562821522531, 67.874442820376174 ], [ 24.895916266744877, 67.875022713147388 ], [ 24.895005645477585, 67.875621003035491 ], [ 24.893582071567806, 67.876365192530784 ], [ 24.892045769536068, 67.876776034243065 ], [ 24.890202615278444, 67.87689586039842 ], [ 24.888360698417465, 67.877526983710254 ], [ 24.886112763587484, 67.877910659883 ], [ 24.883437703399718, 67.878279829572989 ], [ 24.879611683672785, 67.878481578712808 ], [ 24.877511835792863, 67.878804263785909 ], [ 24.873850625601492, 67.879806374428966 ], [ 24.872062964809079, 67.880357295950191 ], [ 24.870087468582, 67.880878847126667 ], [ 24.866069935783067, 67.880566492395388 ], [ 24.863527242199929, 67.880004145528133 ], [ 24.860484675477952, 67.879444211863742 ], [ 24.857552021699572, 67.878984324576294 ], [ 24.854631714547629, 67.878650135733722 ], [ 24.852811693454722, 67.877998391296302 ], [ 24.851085344590334, 67.877105654112782 ], [ 24.848857570790674, 67.876233224722426 ], [ 24.846608646854122, 67.87533358137442 ], [ 24.844776932752016, 67.874556006387238 ], [ 24.843189328565504, 67.873969994121637 ], [ 24.840494522053405, 67.873521892576377 ], [ 24.837235313034501, 67.873003510896837 ], [ 24.834910163463292, 67.872676799247643 ], [ 24.832809806318437, 67.872747731405838 ], [ 24.82868113312124, 67.873392820538896 ], [ 24.826332189181716, 67.873576997059772 ], [ 24.824863688119336, 67.874015023536828 ], [ 24.822820569120275, 67.874490261846901 ], [ 24.821418734198549, 67.874722820121065 ], [ 24.818581460082985, 67.875546275920158 ], [ 24.816655233384477, 67.876040943386769 ], [ 24.814192631267659, 67.876671964247848 ], [ 24.811752808929544, 67.877312218705342 ], [ 24.810309441676019, 67.877983693996967 ], [ 24.808014021049338, 67.87911023977307 ], [ 24.80532115777698, 67.880410849756345 ], [ 24.803152564664863, 67.881449323597479 ], [ 24.798749895211191, 67.882197660503536 ], [ 24.798760132625141, 67.882341331259411 ], [ 24.797484183454532, 67.882996999211272 ], [ 24.795387961710063, 67.883516059412329 ], [ 24.790592413671483, 67.88337977873563 ], [ 24.787615677338096, 67.88289112392097 ], [ 24.786150371565594, 67.88227929508993 ], [ 24.784261605637777, 67.88136568931688 ], [ 24.781676358613154, 67.881519132791482 ], [ 24.778550162966738, 67.881853598618363 ], [ 24.774444926375388, 67.88221957824635 ], [ 24.772053966715294, 67.882330654282057 ], [ 24.769287428953628, 67.881889378635094 ], [ 24.766011206465734, 67.881799935018989 ], [ 24.763270579722548, 67.881834352193735 ], [ 24.7607089045453, 67.881987797774627 ], [ 24.758213492461305, 67.882689313083432 ], [ 24.756005792385661, 67.883367823167148 ], [ 24.754595856332173, 67.883671480993726 ], [ 24.751541592753963, 67.884239669156244 ], [ 24.749966833054273, 67.885016484436008 ], [ 24.748782347664701, 67.885448774473119 ], [ 24.747562400640337, 67.885754981483203 ], [ 24.745299894438851, 67.88551757762535 ], [ 24.743620879020483, 67.885646994026587 ], [ 24.742930334933263, 67.886139865475329 ], [ 24.743124316418221, 67.887577870313336 ], [ 24.745190916193675, 67.888611019708122 ], [ 24.747733287867625, 67.889650672873202 ], [ 24.750691810196226, 67.891314981040182 ], [ 24.749201604932967, 67.892936206585162 ], [ 24.746646091765925, 67.89448898468433 ], [ 24.742676431468968, 67.896129919731194 ], [ 24.738447746483025, 67.897489104333815 ], [ 24.733214847086586, 67.898636960848677 ], [ 24.728378149126602, 67.900113087729707 ], [ 24.724241334336917, 67.901491144211249 ], [ 24.721884309014968, 67.903423085450342 ], [ 24.720055354283165, 67.90458186254773 ], [ 24.717183600211616, 67.905681268442805 ], [ 24.714828076568466, 67.90685957436834 ], [ 24.713387273337943, 67.908669602840874 ], [ 24.711066516728462, 67.910216157804967 ], [ 24.70930344155974, 67.911905029261291 ], [ 24.707995101208539, 67.912846673521244 ], [ 24.704617843357944, 67.915912448554764 ], [ 24.704505543963204, 67.917050193363167 ], [ 24.705611888644093, 67.918160121711196 ], [ 24.70685055352423, 67.919379529817704 ], [ 24.706978237740305, 67.920502685087499 ], [ 24.706304325187265, 67.921291698034267 ], [ 24.702595722653928, 67.921903725767194 ], [ 24.699107198477385, 67.922940399815388 ], [ 24.696948227495358, 67.924273745826483 ], [ 24.696355783634068, 67.926642768673119 ], [ 24.692645487728598, 67.927981218414246 ], [ 24.68912086799812, 67.929367056170179 ], [ 24.684900848552424, 67.930545664344891 ], [ 24.682400313621105, 67.932179036225648 ], [ 24.681145702034282, 67.9335159727666 ], [ 24.680943964774361, 67.935298377027394 ], [ 24.680572727740103, 67.937105303975969 ], [ 24.680487127707337, 67.938440792711049 ], [ 24.68058580454122, 67.940559364229955 ], [ 24.680883857253843, 67.942115568392353 ], [ 24.679123978780389, 67.943248004141751 ], [ 24.676410557439898, 67.944366947242727 ], [ 24.672337269194415, 67.945000103121231 ], [ 24.667682271697934, 67.945481366849208 ], [ 24.665156933902594, 67.946620742330097 ], [ 24.663566410629485, 67.947719539227009 ], [ 24.659973126857924, 67.949265312006148 ], [ 24.657041480054517, 67.950874262919143 ], [ 24.65416855948078, 67.952134131104046 ], [ 24.650846289655092, 67.952876167882238 ], [ 24.647688006423365, 67.953647401434438 ], [ 24.642757565448118, 67.95423170744823 ], [ 24.638679524034046, 67.95441542029468 ], [ 24.633601670030099, 67.954333459195183 ], [ 24.630270942028382, 67.954446988083973 ], [ 24.628194819152689, 67.955134760864013 ], [ 24.624352224151064, 67.956048198429031 ], [ 24.620911078711742, 67.956769999136014 ], [ 24.617937562078303, 67.957121691314882 ], [ 24.615097815056554, 67.957564993407203 ], [ 24.611680914963305, 67.958277983704676 ], [ 24.609405752232018, 67.95903441226227 ], [ 24.60698625303063, 67.960030946161197 ], [ 24.604638054884088, 67.962185794023014 ], [ 24.600840146560454, 67.961260214510816 ], [ 24.595433759946072, 67.960185438784279 ], [ 24.592338979161493, 67.959395529924095 ], [ 24.589389340358412, 67.958589746509958 ], [ 24.586938081207794, 67.958275687475648 ], [ 24.582963621319134, 67.958369837280358 ], [ 24.578791362285447, 67.958757051052629 ], [ 24.574907459200531, 67.95935475149831 ], [ 24.571049611964234, 67.959701550577577 ], [ 24.567538109518377, 67.960161040631917 ], [ 24.564151007845073, 67.960344176472816 ], [ 24.560030816064963, 67.960229270020989 ], [ 24.556792819617318, 67.959903085362996 ], [ 24.554404413455739, 67.959221630067134 ], [ 24.551961636894632, 67.958377837180208 ], [ 24.548363090343386, 67.957624447035244 ], [ 24.544889851935299, 67.957043304766202 ], [ 24.541704922876178, 67.956672739481292 ], [ 24.539756007026064, 67.955907913795457 ], [ 24.537591482878909, 67.954700214184328 ], [ 24.535404379346897, 67.953707472086734 ], [ 24.533485594017264, 67.953562074652368 ], [ 24.530450123689914, 67.953363994072745 ], [ 24.527379389922842, 67.953945870453524 ], [ 24.524750959648681, 67.954633043544519 ], [ 24.521242132869087, 67.955288965713692 ], [ 24.518472239154306, 67.955955968222526 ], [ 24.516374977340934, 67.95591533901586 ], [ 24.513985162945215, 67.955484468883824 ], [ 24.511255892058522, 67.955102251301739 ], [ 24.508911853855185, 67.954914236923443 ], [ 24.50675909897334, 67.955168717113793 ], [ 24.504564681689203, 67.956032619443903 ], [ 24.503082725595203, 67.957598157924878 ], [ 24.502587921261814, 67.959088950912275 ], [ 24.502114265486838, 67.960382693011354 ], [ 24.500399858150423, 67.962106169113582 ], [ 24.498432217584295, 67.963960366998165 ], [ 24.495922681177067, 67.96485526827 ], [ 24.493839075140318, 67.966007839612857 ], [ 24.492090206639414, 67.967156515031959 ], [ 24.490883400898944, 67.968151945361129 ], [ 24.489338656386202, 67.96917809541381 ], [ 24.486711829519276, 67.970044159724736 ], [ 24.484777677996558, 67.970911808799613 ], [ 24.483235829243174, 67.971686742796791 ], [ 24.481443129812543, 67.972789786135507 ], [ 24.479747161260097, 67.97366101788981 ], [ 24.478240989169322, 67.974544118154313 ], [ 24.477218297172261, 67.975156482950851 ], [ 24.475791327613578, 67.975968999386708 ], [ 24.473984901729192, 67.976533437342411 ], [ 24.473243075116951, 67.976979625829458 ], [ 24.472972629793336, 67.977486886295409 ], [ 24.471555565089666, 67.978425126663225 ], [ 24.468161902824992, 67.98126196121693 ], [ 24.467423562095931, 67.984956072619866 ], [ 24.465558192537731, 67.986488507202097 ], [ 24.462927174182944, 67.986492839389172 ], [ 24.459816028207129, 67.986731975142774 ], [ 24.454803549425552, 67.987515879111996 ], [ 24.448053386948601, 67.989959482373436 ], [ 24.445751225080734, 67.988712539720893 ], [ 24.441165562196705, 67.987788970486037 ], [ 24.435980258660468, 67.98645218935016 ], [ 24.430936834925628, 67.985350724206668 ], [ 24.426728407222569, 67.984917122085037 ], [ 24.425619412487922, 67.983706467961142 ], [ 24.425558839076132, 67.981238146434222 ], [ 24.425823433372056, 67.977778984963422 ], [ 24.425277657450067, 67.974944170677276 ], [ 24.425001347713508, 67.973558110437452 ], [ 24.422772868861244, 67.970598248558801 ], [ 24.419016164639419, 67.968278334482193 ], [ 24.414068412639381, 67.966361302539966 ], [ 24.410300985212949, 67.964579332257088 ], [ 24.408724696863469, 67.963504741045668 ], [ 24.40834011021829, 67.962242549125662 ], [ 24.407950697459338, 67.960809798969152 ], [ 24.40168224202273, 67.958763870442823 ], [ 24.397337475886744, 67.957250598392832 ], [ 24.391211279995261, 67.955655120133528 ], [ 24.386298778130815, 67.955801417532797 ], [ 24.3806949813922, 67.956358273968888 ], [ 24.37500482353455, 67.957676231111634 ], [ 24.372546673980199, 67.959978814244977 ], [ 24.371847069719177, 67.960882843777156 ], [ 24.369678142434257, 67.960839192011676 ], [ 24.36666131216122, 67.959005361925492 ], [ 24.36243614383601, 67.957089294608323 ], [ 24.356176151291454, 67.955221143793665 ], [ 24.355446219371863, 67.954500569168829 ], [ 24.352887641253705, 67.952853283078682 ], [ 24.349845929588117, 67.950839265953476 ], [ 24.346722851279821, 67.949541679068474 ], [ 24.341114844741668, 67.949513883812116 ], [ 24.335000177400552, 67.949531515140791 ], [ 24.328286743683453, 67.948112508001273 ], [ 24.321439160425363, 67.94579375439757 ], [ 24.319504610683584, 67.94476622635942 ], [ 24.321609280638292, 67.943284122712996 ], [ 24.324577644763476, 67.94196859492132 ], [ 24.323701544479302, 67.94004311497568 ], [ 24.322575020973499, 67.93842759714542 ], [ 24.321708563314157, 67.936627875218448 ], [ 24.319634767476774, 67.934745646160508 ], [ 24.321130239578554, 67.931916668125837 ], [ 24.321074455569381, 67.929089300397067 ], [ 24.322001504383255, 67.927462383159565 ], [ 24.32053219183997, 67.926343724750723 ], [ 24.31730446761846, 67.925994939259326 ], [ 24.311789231675188, 67.924801093763193 ], [ 24.306038637163585, 67.923378871142631 ], [ 24.302798323405234, 67.922527096166803 ], [ 24.298475487985414, 67.921962526832758 ], [ 24.294070504007419, 67.922105359933298 ], [ 24.292903663682441, 67.923728191756979 ], [ 24.290100217667192, 67.926293110003499 ], [ 24.28807290995665, 67.926699332442027 ], [ 24.284129799499969, 67.926759807078284 ], [ 24.282016182343849, 67.928106701281777 ], [ 24.280265159212291, 67.9298184983368 ], [ 24.278828466344027, 67.930270279560204 ], [ 24.275367257229867, 67.930284701625041 ], [ 24.271901212988059, 67.929527278971193 ], [ 24.265780217007475, 67.927612931050604 ], [ 24.263830953900126, 67.926135787973948 ], [ 24.260819067528232, 67.92456912006547 ], [ 24.258443789541555, 67.924888422728927 ], [ 24.255222501183887, 67.924897437421819 ], [ 24.249991707503042, 67.926164904437229 ], [ 24.246669171044221, 67.927832119585076 ], [ 24.241574810209041, 67.929146487281059 ], [ 24.234287018543835, 67.929840522996116 ], [ 24.225233043991611, 67.930935148697827 ], [ 24.216184830818325, 67.932172963224573 ], [ 24.20842448205903, 67.932812999634706 ], [ 24.207495452801609, 67.933990690984359 ], [ 24.207755243154182, 67.935601361396763 ], [ 24.207539663384406, 67.936997560603629 ], [ 24.204452478747179, 67.937860363059528 ], [ 24.200665010008521, 67.939976447828613 ], [ 24.199840242062475, 67.94087769885968 ], [ 24.199984794650675, 67.942450532924724 ], [ 24.201323447656002, 67.943029690982485 ], [ 24.202540170694213, 67.944423351954285 ], [ 24.200869514426163, 67.945408911519678 ], [ 24.197782184643504, 67.946854891726105 ], [ 24.194734720373848, 67.950141071030259 ], [ 24.191411300695659, 67.951358568908162 ], [ 24.184044964349358, 67.954202829133735 ], [ 24.182036498480457, 67.956187479848523 ], [ 24.184718440751112, 67.958692179495401 ], [ 24.186070188014835, 67.960940771447525 ], [ 24.183811119848556, 67.962427613969027 ], [ 24.182881560405676, 67.964179493610786 ], [ 24.185896551299475, 67.965523299792338 ], [ 24.188527204135799, 67.966097725483564 ], [ 24.189273828987442, 67.967627019316751 ], [ 24.189070802775564, 67.969696439713687 ], [ 24.18478222009044, 67.971947263497896 ], [ 24.18075571485668, 67.973215384855649 ], [ 24.175713537660343, 67.973398116844194 ], [ 24.173585603876415, 67.973989733712116 ], [ 24.173236766896274, 67.974890079181378 ], [ 24.175169325953213, 67.976098818327586 ], [ 24.175773602611002, 67.977221915084769 ], [ 24.174248048945401, 67.978164882664245 ], [ 24.171872684552664, 67.979604728547443 ], [ 24.168416426675627, 67.981277212245516 ], [ 24.16844564160753, 67.983386528634597 ], [ 24.168490250382462, 67.986348604578893 ], [ 24.167805121821843, 67.988822520992883 ], [ 24.166640046092123, 67.989547284492573 ], [ 24.161806225312453, 67.987803890273213 ], [ 24.155672707409963, 67.985158462612532 ], [ 24.147515796655671, 67.982836675594186 ], [ 24.14245595170221, 67.981591279306116 ], [ 24.139694595289512, 67.980520295894593 ], [ 24.135494411441414, 67.98025878804583 ], [ 24.131566808703997, 67.980307039662506 ], [ 24.127478840657989, 67.979912673430533 ], [ 24.123031226448294, 67.977986353613275 ], [ 24.121216793469745, 67.976231620187846 ], [ 24.117478392031451, 67.973994475467194 ], [ 24.114718219701974, 67.973506369415318 ], [ 24.113644145823187, 67.973684962005265 ], [ 24.113315918210255, 67.975168882750751 ], [ 24.113329908452531, 67.976784448644679 ], [ 24.11371266178703, 67.979662836164252 ], [ 24.113769188157182, 67.983432893716113 ], [ 24.112027567185336, 67.987620114720258 ], [ 24.111688034619821, 67.989767914126546 ], [ 24.107993856117801, 67.990806860048878 ], [ 24.099541135074983, 67.993924703798001 ], [ 24.090561045460685, 67.995507227884971 ], [ 24.079922064063659, 67.997140639575363 ], [ 24.072754302674049, 67.998942822474604 ], [ 24.065345294039322, 67.999807087408612 ], [ 24.059731289805057, 68.000667186456909 ], [ 24.055534255249547, 67.999416566711361 ], [ 24.053711911925703, 67.997750643119289 ], [ 24.051045423903854, 67.99519907233821 ], [ 24.049360206276628, 67.993400931916625 ], [ 24.046246796186686, 67.992860487878687 ], [ 24.041674538051456, 67.991566845583421 ], [ 24.037610119828969, 67.989860415182378 ], [ 24.034216761052964, 67.987214669873438 ], [ 24.031225020570137, 67.985733802306456 ], [ 24.029190814058762, 67.985741966156809 ], [ 24.026542738151264, 67.985873631438082 ], [ 24.023933156287207, 67.986822639087549 ], [ 24.020835120923696, 67.989521768547462 ], [ 24.0151211078554, 67.993205503270858 ], [ 24.013695878841816, 67.995907920616105 ], [ 24.013600848542016, 67.997386991310094 ], [ 24.013988500859096, 68.001432568858604 ], [ 24.014007091083307, 68.002958580853914 ], [ 24.012694372299151, 68.005339952179554 ], [ 24.012104195294633, 68.005831813150138 ], [ 24.010687588982375, 68.006604844077941 ], [ 24.007573467267434, 68.009025276600042 ], [ 24.004492283221552, 68.01118600013443 ], [ 24.002835701890465, 68.014916222441627 ], [ 24.002606660486016, 68.017792902064286 ], [ 24.002023115177803, 68.018598973789537 ], [ 24.000228149581631, 68.019140681947036 ], [ 23.998318774857101, 68.019455923035466 ], [ 23.995489437704077, 68.019476154231427 ], [ 23.992511520954345, 68.019717990482476 ], [ 23.989547542291618, 68.020588261975035 ], [ 23.987991674092857, 68.023153506309015 ], [ 23.988087818979853, 68.02517456677208 ], [ 23.988418950647734, 68.027047353474714 ], [ 23.989404372315551, 68.027944872221113 ], [ 23.989102922344415, 68.028971448301604 ], [ 23.992304504295571, 68.030519689710644 ], [ 23.995688817450137, 68.031218597541724 ], [ 23.997092163774614, 68.031854441660641 ], [ 24.004044616416056, 68.033874575997714 ], [ 24.005819036178341, 68.035719665723903 ], [ 24.008823960808638, 68.037506292619426 ], [ 24.00980780794243, 68.03916648268553 ], [ 24.007201642445924, 68.042628248169535 ], [ 24.007008757566343, 68.046708168715242 ], [ 24.011362817926738, 68.049757679954311 ], [ 24.017279263578015, 68.051677604661947 ], [ 24.025265431108302, 68.055788498655374 ], [ 24.031453937785749, 68.061024329886209 ], [ 24.037862675558436, 68.065501020102843 ], [ 24.044408816903605, 68.069486288504208 ], [ 24.052273264467452, 68.074446075889554 ], [ 24.052807044391628, 68.074778680421545 ], [ 24.056052199258279, 68.076819867704828 ], [ 24.061988445905239, 68.080174244031411 ], [ 24.067199725525942, 68.084520618083175 ], [ 24.067338018474931, 68.085321767357712 ], [ 24.066920340252693, 68.085583574763788 ], [ 24.06496198643201, 68.086814153917928 ], [ 24.062335663806966, 68.088382823608626 ], [ 24.055284903366072, 68.091855958291433 ], [ 24.052539910601471, 68.093027513366152 ], [ 24.050477987097906, 68.092990715963083 ], [ 24.046295663316407, 68.095060856506009 ], [ 24.041736312830572, 68.096504931899787 ], [ 24.036582415656934, 68.098081812051575 ], [ 24.033846109207566, 68.100105796596523 ], [ 24.038335704914761, 68.102205522049346 ], [ 24.044140959539611, 68.10417609521636 ], [ 24.049344371265377, 68.107661314447441 ], [ 24.051071790937232, 68.109944667766996 ], [ 24.051334858979825, 68.111833950917614 ], [ 24.056771125550792, 68.113707694462548 ], [ 24.059914749539111, 68.114328987542123 ], [ 24.065721376441086, 68.115571836340095 ], [ 24.071998375110738, 68.116903573168827 ], [ 24.073454172917238, 68.118697232820011 ], [ 24.072888009315285, 68.120311522461833 ], [ 24.069181837744562, 68.122965053744565 ], [ 24.067924072371522, 68.126604201946947 ], [ 24.06780784101371, 68.128271326059263 ], [ 24.070872552883785, 68.131987040428086 ], [ 24.073301143035163, 68.133331254990665 ], [ 24.072729685446198, 68.134227529367109 ], [ 24.067077421721589, 68.135132553251097 ], [ 24.05828153711882, 68.135200787641296 ], [ 24.054522046856601, 68.134667264160754 ], [ 24.053326960654196, 68.134224193251526 ], [ 24.051503137637901, 68.133240446288085 ], [ 24.045236162566887, 68.13405301377729 ], [ 24.038262956569266, 68.134924497997446 ], [ 24.028036444824505, 68.136374486548704 ], [ 24.025877988739683, 68.137798532634832 ], [ 24.025167999386952, 68.138261412395835 ], [ 24.027247250705344, 68.140057746015245 ], [ 24.032328442495587, 68.142293779756159 ], [ 24.035494282043032, 68.144262033730939 ], [ 24.036363221473231, 68.146862182218911 ], [ 24.035915748164381, 68.148837494562329 ], [ 24.035585228128223, 68.152520009688658 ], [ 24.038504647890687, 68.154169659900674 ], [ 24.040710631595104, 68.156497526639356 ], [ 24.04011500288042, 68.157940713641167 ], [ 24.038318631866062, 68.158976537315596 ], [ 24.034101421338658, 68.159161335137597 ], [ 24.029398954806783, 68.159929621087613 ], [ 24.025812272698015, 68.162315247288802 ], [ 24.023103796858415, 68.167031976800374 ], [ 24.022450688147888, 68.170394597025947 ], [ 24.022408038459783, 68.170537414293122 ], [ 24.02257757037636, 68.173134053478179 ], [ 24.024805457624861, 68.177526607939214 ], [ 24.026773845202403, 68.18057729814204 ], [ 24.029441851310359, 68.182141793995527 ], [ 24.036581487159967, 68.183831095168756 ], [ 24.038168684373442, 68.185178670239466 ], [ 24.038082814270894, 68.187151472529834 ], [ 24.037388807414558, 68.189535195511397 ], [ 24.031499049067779, 68.192902909249511 ], [ 24.028867744150496, 68.194210900382799 ], [ 24.02525295340137, 68.194352514093978 ], [ 24.021262485672732, 68.194227041599675 ], [ 24.016550051508275, 68.194456436169943 ], [ 24.007028564839487, 68.196761821363538 ], [ 24.001828267226205, 68.19776277526077 ], [ 24.000053032095387, 68.199337110606791 ], [ 23.997778337654886, 68.201404954203639 ], [ 23.996365625852608, 68.202788373929351 ], [ 23.994766525475775, 68.204670980701962 ], [ 23.991849649960692, 68.207759187589687 ], [ 23.985887010113426, 68.210307443641994 ], [ 23.977877184814854, 68.21151692317558 ], [ 23.97206883150481, 68.211599509968323 ], [ 23.956307262127559, 68.213868954523491 ], [ 23.952797907660813, 68.213553263892578 ], [ 23.949439173239277, 68.212288942341203 ], [ 23.944380831816943, 68.210006032502989 ], [ 23.939780251350445, 68.209185319342367 ], [ 23.936858671669402, 68.210441729528739 ], [ 23.936232307382472, 68.212054616734449 ], [ 23.930297701314561, 68.213075772876209 ], [ 23.926299665123484, 68.212804325943992 ], [ 23.922688433801763, 68.212171972430752 ], [ 23.909506497141418, 68.210679481463302 ], [ 23.895697775229067, 68.211328193399112 ], [ 23.894022470813628, 68.211925094702508 ], [ 23.889373267469296, 68.213606107550319 ], [ 23.88789754525077, 68.215220881267754 ], [ 23.887859227472205, 68.217813980055638 ], [ 23.887799078317776, 68.222345292853234 ], [ 23.887498504931102, 68.226333582331435 ], [ 23.887566303023945, 68.229745405605001 ], [ 23.890114921069468, 68.231094539365458 ], [ 23.888524261938716, 68.232123809224177 ], [ 23.881329554542923, 68.234528812722331 ], [ 23.87742100303592, 68.237120996648557 ], [ 23.870575554726496, 68.241372064554511 ], [ 23.863964372959416, 68.245483695563266 ], [ 23.854352918870521, 68.248344618268263 ], [ 23.850669569222095, 68.249262130330663 ], [ 23.846685186203089, 68.250254626818247 ], [ 23.835857859074004, 68.252077246076695 ], [ 23.832091395985994, 68.253235119328394 ], [ 23.826627884330581, 68.253364244365926 ], [ 23.822283716492002, 68.252231096033199 ], [ 23.81440415119641, 68.251810951027579 ], [ 23.810879708389972, 68.252613977989867 ], [ 23.809259240234496, 68.255033207450509 ], [ 23.807617459986989, 68.258295725538787 ], [ 23.803003685140929, 68.258916115080638 ], [ 23.796081273883079, 68.259079018588082 ], [ 23.793038242480641, 68.260061517641489 ], [ 23.790941430951847, 68.261717453416267 ], [ 23.785586175216906, 68.262780825577778 ], [ 23.777795525192381, 68.264111002927592 ], [ 23.773001054223489, 68.26719543825628 ], [ 23.767743481213003, 68.269606546881988 ], [ 23.764057590790255, 68.272200688755476 ], [ 23.762518819796217, 68.276048307102457 ], [ 23.762417002296001, 68.281207460566108 ], [ 23.762356789727377, 68.284877420787765 ], [ 23.762311482940589, 68.28707561893539 ], [ 23.764313676428543, 68.290220218313948 ], [ 23.765259689104777, 68.291926067165619 ], [ 23.76389584005258, 68.292994606079034 ], [ 23.759497947807358, 68.294425953906412 ], [ 23.75752660187155, 68.295671104726324 ], [ 23.757510040390773, 68.297151807868474 ], [ 23.760632455344247, 68.298729533420442 ], [ 23.762912624589273, 68.300434423152595 ], [ 23.762772783139027, 68.301248506923116 ], [ 23.759969592470007, 68.301687646916506 ], [ 23.758140202688455, 68.302441905252124 ], [ 23.75670155700881, 68.303603191750099 ], [ 23.758718326746013, 68.305199784784193 ], [ 23.759469612273747, 68.306058135671904 ], [ 23.760312625394036, 68.3067836385828 ], [ 23.761904560987805, 68.308214840137637 ], [ 23.764054603605285, 68.309988973440468 ], [ 23.767353680018172, 68.311534059490327 ], [ 23.770047018374306, 68.313246849365854 ], [ 23.772211050136921, 68.315272452650248 ], [ 23.773461659972309, 68.316723834579548 ], [ 23.775402633878677, 68.319472101981859 ], [ 23.774994027683896, 68.321672224259686 ], [ 23.771737696729481, 68.32460706465659 ], [ 23.769356361547629, 68.325476438695716 ], [ 23.766284614348873, 68.327786466548886 ], [ 23.761975692692147, 68.329228680133028 ], [ 23.759515793719888, 68.330643929242342 ], [ 23.75841702909338, 68.330855933675224 ], [ 23.755842089300263, 68.331371303679234 ], [ 23.754721700523948, 68.330712199079542 ], [ 23.7528941979403, 68.329051962905453 ], [ 23.750326627284494, 68.326964375186321 ], [ 23.748293694404328, 68.324366580866624 ], [ 23.746624176483326, 68.322116929036909 ], [ 23.743638325146588, 68.32075707809247 ], [ 23.739221355311287, 68.320239823658937 ], [ 23.733844760504741, 68.320152443262472 ], [ 23.724960010874106, 68.319645885888548 ], [ 23.718700584628781, 68.31962143383447 ], [ 23.714768209914276, 68.319283615713445 ], [ 23.708949951275997, 68.318558383492629 ], [ 23.703045342162394, 68.318935306687905 ], [ 23.698233724668324, 68.318804091252986 ], [ 23.692986794606547, 68.318996222141394 ], [ 23.687360848631805, 68.318956234992712 ], [ 23.682901795291521, 68.318571277130786 ], [ 23.679409357596441, 68.317218064055368 ], [ 23.677101877500689, 68.315897398318612 ], [ 23.674778134585903, 68.313526126712389 ], [ 23.671702218873676, 68.312154116703837 ], [ 23.666307072431376, 68.31121137799424 ], [ 23.66164275420952, 68.310417767923894 ], [ 23.657816536280677, 68.309371543506629 ], [ 23.656664815353757, 68.308621318920771 ], [ 23.65412047731547, 68.30694545007438 ], [ 23.651969613071351, 68.304245147097291 ], [ 23.650446891939882, 68.302885981490633 ], [ 23.648172649807066, 68.300865345937652 ], [ 23.645480722242585, 68.297399998767432 ], [ 23.645621012607553, 68.295787030637413 ], [ 23.648330863370688, 68.294674677188681 ], [ 23.656954838884481, 68.294569871852616 ], [ 23.661730367837912, 68.292924290695822 ], [ 23.662615443142663, 68.291846906986208 ], [ 23.661491175805494, 68.287766970427299 ], [ 23.659164905027914, 68.283456409816068 ], [ 23.651460865067619, 68.280294345017793 ], [ 23.649272268124648, 68.280510591980374 ], [ 23.64657517992212, 68.281712956022517 ], [ 23.644154207554784, 68.281035763133588 ], [ 23.646791533412678, 68.278261318748335 ], [ 23.645833084841033, 68.276868567749915 ], [ 23.642239371181347, 68.275602148729178 ], [ 23.639235922705119, 68.273620464123823 ], [ 23.638672466165776, 68.272675496558563 ], [ 23.638022935506164, 68.272644412468807 ], [ 23.6361239535414, 68.27254316824893 ], [ 23.63138350524925, 68.272653666435446 ], [ 23.62878486605571, 68.274665651534264 ], [ 23.62727323299347, 68.276861237009456 ], [ 23.620519324444437, 68.279435117711728 ], [ 23.616041812200283, 68.279559518594979 ], [ 23.613513218578568, 68.277981988102766 ], [ 23.608975852907925, 68.275411910432751 ], [ 23.604632217188328, 68.274641024465467 ], [ 23.600733815747844, 68.274624217551363 ], [ 23.595589007594938, 68.27662855820229 ], [ 23.593858602830494, 68.277831943768135 ], [ 23.593682979071453, 68.279982824854059 ], [ 23.594479069127178, 68.281956114389672 ], [ 23.594949857800618, 68.286759455877529 ], [ 23.594991171005681, 68.289893268172861 ], [ 23.597364632455566, 68.292186059178292 ], [ 23.600077807159092, 68.295293679454787 ], [ 23.603410548170075, 68.297991976961839 ], [ 23.603090624140222, 68.301441553884302 ], [ 23.602974030770156, 68.304177139478412 ], [ 23.602245267251295, 68.304997116896942 ], [ 23.599569340659585, 68.305858125594483 ], [ 23.597843152040777, 68.306532036503114 ], [ 23.594369591555889, 68.306882933478448 ], [ 23.589337155384122, 68.307435224887826 ], [ 23.585661694758681, 68.307674086181791 ], [ 23.580663798255671, 68.308155021448798 ], [ 23.577041890184585, 68.308682059707323 ], [ 23.573617609799598, 68.308055041915225 ], [ 23.571563239604771, 68.306387890183714 ], [ 23.570361325302986, 68.304056010894357 ], [ 23.568446309174703, 68.301467027966154 ], [ 23.566658664501809, 68.300290067627316 ], [ 23.565878297689945, 68.297419228525442 ], [ 23.566309189500586, 68.295363371170851 ], [ 23.565383519971054, 68.293297477655969 ], [ 23.566265231395761, 68.291951144782217 ], [ 23.566679736056489, 68.290164263722261 ], [ 23.558960905669238, 68.28861332447913 ], [ 23.554837386445321, 68.288465148568974 ], [ 23.551095203623618, 68.287238517395537 ], [ 23.546524285927482, 68.285563679964199 ], [ 23.544201585187864, 68.286493969087402 ], [ 23.544993605210941, 68.288467480192494 ], [ 23.545797958396943, 68.290360440039606 ], [ 23.541491883917129, 68.291734288643298 ], [ 23.537719892098242, 68.292302209066293 ], [ 23.524801183971956, 68.293693705436212 ], [ 23.513197326810463, 68.295991590796064 ], [ 23.51230601403137, 68.295793360872452 ], [ 23.511111385670119, 68.295516944402635 ], [ 23.508029266392867, 68.295371495787776 ], [ 23.505536310934481, 68.29581292352367 ], [ 23.502917000677254, 68.29502173505746 ], [ 23.500317940350847, 68.29346783311081 ], [ 23.498094589536766, 68.29325945228986 ], [ 23.495233395666038, 68.294518922523508 ], [ 23.492185207675625, 68.295415301265976 ], [ 23.484168855266155, 68.295183272827259 ], [ 23.480656666172301, 68.295468139052943 ], [ 23.478351763891666, 68.29547324094851 ], [ 23.476835059487161, 68.294929393428475 ], [ 23.474956628351865, 68.293902053044221 ], [ 23.473570103932282, 68.292831245399753 ], [ 23.470543025422526, 68.291393450290101 ], [ 23.467646847825836, 68.289895529833885 ], [ 23.46476866611383, 68.288909669543116 ], [ 23.460501625032805, 68.2885944920627 ], [ 23.456383188865189, 68.288883886326445 ], [ 23.452894424987491, 68.289177627143687 ], [ 23.450370380816768, 68.289348234421965 ], [ 23.448736169029129, 68.288164174468747 ], [ 23.447264765216108, 68.286714233928024 ], [ 23.445278701291969, 68.285145544009893 ], [ 23.443685560125502, 68.283235080780486 ], [ 23.442858872554694, 68.280919020568433 ], [ 23.441271802604703, 68.278972746079987 ], [ 23.43905615924097, 68.276707732097151 ], [ 23.436260116218378, 68.275058703616679 ], [ 23.433473748637343, 68.274280708289069 ], [ 23.432898714796334, 68.274394069773336 ], [ 23.430574291855905, 68.274846957440985 ], [ 23.427462216641207, 68.275067419934061 ], [ 23.423950551790213, 68.274435280524472 ], [ 23.420795654798809, 68.273074528359231 ], [ 23.418933883184913, 68.27258552520243 ], [ 23.415509655002715, 68.273714819477462 ], [ 23.413763901588368, 68.274646818057008 ], [ 23.412074302593929, 68.275220883789672 ], [ 23.409423397153276, 68.276205142237018 ], [ 23.40625319124344, 68.27679206286254 ], [ 23.402394537903099, 68.27682534267214 ], [ 23.397819469492582, 68.276483871261462 ], [ 23.392852467056485, 68.276169687348741 ], [ 23.388414124147008, 68.275884792503277 ], [ 23.383907666577183, 68.275571358590796 ], [ 23.379993776407964, 68.275495165402475 ], [ 23.377739219428889, 68.275194660101405 ], [ 23.374721807538712, 68.275425190274774 ], [ 23.37160771982434, 68.275653547947996 ], [ 23.369879005407359, 68.274942421034083 ], [ 23.368251424315652, 68.273748637065708 ], [ 23.366628564343792, 68.271917465384732 ], [ 23.365146701627687, 68.269811008187176 ], [ 23.360544736333019, 68.268130079423386 ], [ 23.358326350276712, 68.268216166906143 ], [ 23.357228128385383, 68.268721844522332 ], [ 23.355828558834624, 68.26944537478569 ], [ 23.355037095512412, 68.269850014374015 ], [ 23.35370410992331, 68.270610900323348 ], [ 23.353368339228997, 68.271196128665864 ], [ 23.354328822897177, 68.27231259847504 ], [ 23.354026278645332, 68.273751527886787 ], [ 23.353263721684623, 68.274884079154319 ], [ 23.352968222360591, 68.276278269530948 ], [ 23.353382638303305, 68.27808309759105 ], [ 23.352694900164835, 68.279504595973421 ], [ 23.350385232666486, 68.280154262646647 ], [ 23.347729414687056, 68.280239611496526 ], [ 23.344683224107566, 68.280037993683976 ], [ 23.340208415033608, 68.279373908293593 ], [ 23.335883174195224, 68.279440268810262 ], [ 23.332061100564367, 68.279391918339343 ], [ 23.328028897634482, 68.279293945147501 ], [ 23.32471692223827, 68.278637143483365 ], [ 23.322207948993245, 68.277962125240919 ], [ 23.320024701294717, 68.276620850868511 ], [ 23.319888602346634, 68.275360784850292 ], [ 23.320183589303941, 68.273831921265568 ], [ 23.31849665972825, 68.273022381351907 ], [ 23.31416905507368, 68.272809762032693 ], [ 23.311535805085892, 68.273209283256151 ], [ 23.308167475057225, 68.273807941621286 ], [ 23.303525417849634, 68.274189654200413 ], [ 23.29981482741205, 68.274654836172303 ], [ 23.298314112817323, 68.275240976553036 ], [ 23.296138066777154, 68.275955737637034 ], [ 23.295426262544819, 68.276272110168961 ], [ 23.294831826300271, 68.276537208813082 ], [ 23.293970900028881, 68.278107323267008 ], [ 23.293319045866628, 68.27958333187236 ], [ 23.291787547036314, 68.279908345970085 ], [ 23.291837452900477, 68.281391018185843 ], [ 23.293770679385112, 68.282771998625947 ], [ 23.295770392331246, 68.28389405287696 ], [ 23.297038303623854, 68.285044672428782 ], [ 23.298969758993174, 68.286290855406278 ], [ 23.299815585517752, 68.287503897905594 ], [ 23.300726761939252, 68.288763273923436 ], [ 23.301377937824501, 68.290429900010054 ], [ 23.302177581123889, 68.292378174899895 ], [ 23.303118035764168, 68.293907552129966 ], [ 23.303347030976596, 68.295636615722159 ], [ 23.303500175256996, 68.297534590255012 ], [ 23.300823058482358, 68.299082348041395 ], [ 23.297358264660062, 68.299651779616013 ], [ 23.293970292949034, 68.299001687994902 ], [ 23.289547757970809, 68.298597837284291 ], [ 23.285740324187241, 68.298737372505869 ], [ 23.282514887859328, 68.299473470655883 ], [ 23.280655788955116, 68.299566611159136 ], [ 23.27722762562167, 68.299759329160779 ], [ 23.271518257503448, 68.299658429275098 ], [ 23.266913570610331, 68.299627026433768 ], [ 23.260605064071889, 68.299629039958788 ], [ 23.256900556155646, 68.29987798538302 ], [ 23.254211539637527, 68.300886019678927 ], [ 23.253695696652137, 68.301071959542568 ], [ 23.251375773962693, 68.302932320628159 ], [ 23.255337801302421, 68.307026327718333 ], [ 23.257347607606455, 68.308975161048011 ], [ 23.2598204036006, 68.310323772216393 ], [ 23.264836205540959, 68.310229867342699 ], [ 23.270260834963956, 68.309713977338362 ], [ 23.273878083212235, 68.309265204199804 ], [ 23.277482808241533, 68.309040563558057 ], [ 23.280758832188365, 68.309490921114019 ], [ 23.28403810615178, 68.310219640972605 ], [ 23.289282152990786, 68.311405135435393 ], [ 23.29733310444643, 68.312500267954064 ], [ 23.303146905987298, 68.313024549695768 ], [ 23.309705057628417, 68.313601037158449 ], [ 23.314291528864448, 68.314061788290488 ], [ 23.320509367840863, 68.314944574171989 ], [ 23.324462663270957, 68.315570618113838 ], [ 23.327345589548496, 68.31636152446417 ], [ 23.330300193946119, 68.317010292765161 ], [ 23.332921325733103, 68.318675237307517 ], [ 23.331405852118017, 68.321299585685637 ], [ 23.328837633787725, 68.324726779858537 ], [ 23.329572442923745, 68.328002285161418 ], [ 23.33202349846108, 68.330579313717379 ], [ 23.331417511492308, 68.333735494631284 ], [ 23.331737374226535, 68.336121919049106 ], [ 23.331650461193256, 68.338921386847204 ], [ 23.329353302092681, 68.341259168954352 ], [ 23.326644918305217, 68.343129942593407 ], [ 23.324484175096828, 68.345820859707715 ], [ 23.327345814129178, 68.348272299577076 ], [ 23.332810535152003, 68.352226541284892 ], [ 23.337829502286148, 68.354581539986555 ], [ 23.341776159511486, 68.356805104416239 ], [ 23.345957548797763, 68.358934944626242 ], [ 23.349855835467281, 68.3611662109452 ], [ 23.353194899768056, 68.362945189280424 ], [ 23.355603764214926, 68.364156082253757 ], [ 23.35893525960482, 68.365835995974422 ], [ 23.361162106407001, 68.367123627353138 ], [ 23.363973944567807, 68.368558653114761 ], [ 23.365148450294765, 68.370038771770041 ], [ 23.363771766602191, 68.372253407745916 ], [ 23.3608724723778, 68.374398926289786 ], [ 23.356433824311154, 68.375666810822707 ], [ 23.353671850641636, 68.376495373650883 ], [ 23.348379421712881, 68.377466060801481 ], [ 23.34549974557579, 68.378417619525905 ], [ 23.344043761096938, 68.380504702197697 ], [ 23.344803930726762, 68.382739083250812 ], [ 23.346073820983449, 68.384984616120732 ], [ 23.34833303684939, 68.386380845750637 ], [ 23.35136716357518, 68.388260871169692 ], [ 23.352754513087863, 68.389781633341229 ], [ 23.353143258509782, 68.391909071781484 ], [ 23.355596843043518, 68.392860499083838 ], [ 23.358804012615551, 68.392912503770091 ], [ 23.361475121098849, 68.393724930704067 ], [ 23.360690766344945, 68.395880645315842 ], [ 23.359673505418694, 68.397968434223657 ], [ 23.357467647906386, 68.400021329055718 ], [ 23.355057352765286, 68.401827312675621 ], [ 23.355061111064394, 68.403623113664764 ], [ 23.354831969003879, 68.404138871251675 ], [ 23.354188873538583, 68.405561414477262 ], [ 23.353570696077149, 68.406373947707081 ], [ 23.353609952030634, 68.408251328472261 ], [ 23.356002187427418, 68.409443804595696 ], [ 23.358898950896222, 68.410835780544986 ], [ 23.361608557822208, 68.410813993369217 ], [ 23.367686893645661, 68.410156125723816 ], [ 23.370535322804525, 68.409418938694287 ], [ 23.373011985705407, 68.408871159670824 ], [ 23.374838477101612, 68.407815427790467 ], [ 23.381245814746265, 68.408906033777498 ], [ 23.383473786242334, 68.410067594156658 ], [ 23.385778923544549, 68.410288056908641 ], [ 23.389141683108797, 68.410603174233501 ], [ 23.394002683790116, 68.411614950134592 ], [ 23.399385859158446, 68.412718638321095 ], [ 23.402568321013497, 68.413711937221962 ], [ 23.403977983183001, 68.415430178606996 ], [ 23.40706844213755, 68.416699719167468 ], [ 23.411754132376998, 68.417599435590716 ], [ 23.414831176802956, 68.418033574376523 ], [ 23.419965450458037, 68.418412959694223 ], [ 23.423895470046791, 68.419933577676147 ], [ 23.426355820769384, 68.421961371254426 ], [ 23.42828740975326, 68.423941906917477 ], [ 23.429590287442796, 68.426663145795942 ], [ 23.429837414647281, 68.428499939185571 ], [ 23.428357423637184, 68.429994601598452 ], [ 23.426453143694925, 68.431857262700589 ], [ 23.425346384016446, 68.434230747351748 ], [ 23.424122196743209, 68.435183187458406 ], [ 23.422703320149285, 68.435359341368766 ], [ 23.419550177781794, 68.435390630591698 ], [ 23.418268284052619, 68.436243044567405 ], [ 23.418584848037316, 68.437327191739584 ], [ 23.415927618082428, 68.438078309904171 ], [ 23.409387648807023, 68.438377979201945 ], [ 23.405155229324937, 68.438439705682839 ], [ 23.401361505063228, 68.439426547099913 ], [ 23.40303329177901, 68.441347922654288 ], [ 23.405199540763416, 68.443692900674264 ], [ 23.405674453278952, 68.446082324952442 ], [ 23.405368045757417, 68.448625553038781 ], [ 23.405059035465619, 68.451491933655362 ], [ 23.404940557527297, 68.454541970439621 ], [ 23.403712624999685, 68.456580576058087 ], [ 23.401262286058461, 68.458009318662377 ], [ 23.397118425224143, 68.458871878749804 ], [ 23.393555546976547, 68.459459549177268 ], [ 23.391075235444212, 68.459998661773923 ], [ 23.387505103061006, 68.461394106965642 ], [ 23.385159245686577, 68.46277102264915 ], [ 23.38249503060031, 68.463844746045808 ], [ 23.381714371372301, 68.465210542396392 ], [ 23.382019537332631, 68.466510019447654 ], [ 23.383638569823333, 68.467999487323951 ], [ 23.385905274521573, 68.468649969127696 ], [ 23.389865893513988, 68.469866658338574 ], [ 23.392283909479875, 68.471561796772292 ], [ 23.392577208442486, 68.473552307768657 ], [ 23.393613529789601, 68.473951709490819 ], [ 23.395325029655734, 68.474563164451595 ], [ 23.396238791779819, 68.47588466727683 ], [ 23.397020234952382, 68.476350388247084 ], [ 23.400717078150119, 68.476932639088332 ], [ 23.40360236003788, 68.478467033637642 ], [ 23.404096782861341, 68.479815396646373 ], [ 23.401579231962653, 68.481036244545862 ], [ 23.39783251389591, 68.481835599520394 ], [ 23.396087080407334, 68.482965228065197 ], [ 23.396054627432878, 68.483781549771436 ], [ 23.399870071115785, 68.485928564501378 ], [ 23.403391380537215, 68.487162361105675 ], [ 23.405669911637979, 68.488522060616134 ], [ 23.409235003124213, 68.489792577953807 ], [ 23.412861668174141, 68.490678271020158 ], [ 23.416106774586225, 68.491349224765102 ], [ 23.417732116910447, 68.491590460686012 ], [ 23.420454316881209, 68.490777747654505 ], [ 23.426119381655422, 68.490072666524838 ], [ 23.432840867947707, 68.490574975060312 ], [ 23.437051985166558, 68.491328914030831 ], [ 23.441876817881766, 68.493002539865302 ], [ 23.44552966327543, 68.493888049424044 ], [ 23.449058456700168, 68.495408274580939 ], [ 23.45407788293921, 68.497723064632765 ], [ 23.456545322817231, 68.498996215408695 ], [ 23.45885701575007, 68.500795718311039 ], [ 23.459442225887532, 68.502837048752298 ], [ 23.461509494358491, 68.504326103655146 ], [ 23.462700584400892, 68.505940295392207 ], [ 23.464453650107519, 68.506937876270683 ], [ 23.4663538641197, 68.508091164256726 ], [ 23.468404561113736, 68.508753815352748 ], [ 23.469854851026206, 68.509655187958586 ], [ 23.470979826365795, 68.510289344314558 ], [ 23.473565740407437, 68.510819540784965 ], [ 23.474585441677679, 68.510248450144331 ], [ 23.476606838532483, 68.512041568130471 ], [ 23.477755533962053, 68.513466201987598 ], [ 23.476394539429887, 68.514496977953542 ], [ 23.470722052072539, 68.515221643907225 ], [ 23.466478201471165, 68.516048036386124 ], [ 23.461482930994382, 68.516822572327627 ], [ 23.458277667914814, 68.51711404450532 ], [ 23.454036233414612, 68.517141170485147 ], [ 23.450393740164252, 68.517719521354408 ], [ 23.447435405558469, 68.519084389023831 ], [ 23.446495217021695, 68.520231594232868 ], [ 23.444829522586115, 68.521318545067174 ], [ 23.44360455849688, 68.522405842450794 ], [ 23.443990661168542, 68.523374651304906 ], [ 23.445546621724226, 68.524071981269643 ], [ 23.45215048960819, 68.523987278855699 ], [ 23.457940921299812, 68.523777418641032 ], [ 23.464367259443716, 68.523885997826255 ], [ 23.467154379074927, 68.524079362612127 ], [ 23.470303981049089, 68.525869345685564 ], [ 23.472283344880015, 68.527311478029191 ], [ 23.477637823439192, 68.528483297491292 ], [ 23.481027074692964, 68.52921872782386 ], [ 23.481852930144068, 68.531462485092391 ], [ 23.482519064370642, 68.533945271441766 ], [ 23.482490807925263, 68.536009524475602 ], [ 23.482519697433787, 68.538649542805743 ], [ 23.483376774876422, 68.540696423227985 ], [ 23.484623026987222, 68.541665158950593 ], [ 23.48580022938496, 68.543548152665139 ], [ 23.48804325129478, 68.544573628149394 ], [ 23.492355716523612, 68.545381942403395 ], [ 23.495825597544034, 68.546405989047898 ], [ 23.497761491560258, 68.547676274484189 ], [ 23.495840207648353, 68.549620230108999 ], [ 23.494571983379519, 68.552251107052868 ], [ 23.492056947462185, 68.554380143161211 ], [ 23.490659899731963, 68.555787372190039 ], [ 23.488394905906887, 68.557409864358931 ], [ 23.486018436549131, 68.559272400266536 ], [ 23.484778643798524, 68.56092527134507 ], [ 23.483637133577101, 68.563047031073765 ], [ 23.483760661643796, 68.564297496330596 ], [ 23.48489421439012, 68.565838404172439 ], [ 23.490845917455207, 68.568278959300102 ], [ 23.493291736944158, 68.569910035848821 ], [ 23.495839226295427, 68.57136364100694 ], [ 23.497309935055963, 68.572166351846832 ], [ 23.497993295058613, 68.572665364837832 ], [ 23.499073839227265, 68.57313673968369 ], [ 23.500476890612521, 68.575006325185498 ], [ 23.502748175042068, 68.576032123073929 ], [ 23.504022243635404, 68.576839647222329 ], [ 23.505448847591108, 68.577614424269072 ], [ 23.509299336374468, 68.579543734219541 ], [ 23.513970434310885, 68.581570747898354 ], [ 23.519567698431278, 68.583491097634564 ], [ 23.523181528492159, 68.585217655808449 ], [ 23.529213228909246, 68.586563116081322 ], [ 23.533217210462645, 68.587202265533662 ], [ 23.540523791794591, 68.587774609216055 ], [ 23.545818651616695, 68.588170669510134 ], [ 23.547091861563676, 68.587559432772409 ], [ 23.550869171065084, 68.589198932397835 ], [ 23.553436511793826, 68.590400608566043 ], [ 23.557618428775847, 68.592452183079331 ], [ 23.560441573521789, 68.594395090734125 ], [ 23.562979827067377, 68.59723878969919 ], [ 23.563602834446066, 68.599109746223235 ], [ 23.561073694828693, 68.601499833191511 ], [ 23.558930844184161, 68.603772105397837 ], [ 23.557774244183193, 68.605382273651017 ], [ 23.558561950701062, 68.607139916421872 ], [ 23.559129207050557, 68.610015158999744 ], [ 23.560252825299052, 68.612470876305863 ], [ 23.561885242948435, 68.614497094783758 ], [ 23.565241211830642, 68.61667515524671 ], [ 23.566880157970932, 68.618342368658418 ], [ 23.568072370528064, 68.620036363642456 ], [ 23.568093512503573, 68.622631121468089 ], [ 23.568280152764569, 68.624466205644012 ], [ 23.567528644174963, 68.625195978663896 ], [ 23.56353304760772, 68.624773395126184 ], [ 23.559427939588073, 68.624905046645409 ], [ 23.556031319819514, 68.626191167262391 ], [ 23.554222806561274, 68.627069836884729 ], [ 23.550946980439228, 68.627406769883123 ], [ 23.546646417648621, 68.628324099062297 ], [ 23.542831574159312, 68.630238768419787 ], [ 23.541038061886784, 68.630695698087962 ], [ 23.537749761130637, 68.630152382829067 ], [ 23.534796375114766, 68.630468706085907 ], [ 23.531741049394046, 68.631761394086396 ], [ 23.52895537369141, 68.631946414652987 ], [ 23.524481258138749, 68.63285963364811 ], [ 23.522038539933583, 68.635116373245552 ], [ 23.523187156792197, 68.638820723767395 ], [ 23.525270691632326, 68.641422186099092 ], [ 23.526804532703633, 68.644712500858731 ], [ 23.530436132303848, 68.648934715714574 ], [ 23.532325103361796, 68.65089467537824 ], [ 23.536131631306315, 68.652247657510003 ], [ 23.541175422078041, 68.654047855135957 ], [ 23.541039098563541, 68.65668430095397 ], [ 23.544701502275995, 68.661535120843396 ], [ 23.54780627611796, 68.663618503500629 ], [ 23.549503605701204, 68.665080555899138 ], [ 23.549629408691178, 68.667462021676968 ], [ 23.549485411874912, 68.669514794697562 ], [ 23.549862855439589, 68.671703903226458 ], [ 23.550786743247361, 68.673868273562093 ], [ 23.54978027549787, 68.675436625226865 ], [ 23.548935810790109, 68.676433752985702 ], [ 23.545489142879202, 68.676551758541478 ], [ 23.540527103273476, 68.677536346773792 ], [ 23.538707595415431, 68.679411151562689 ], [ 23.536856295618676, 68.680692808543895 ], [ 23.536562089453057, 68.682114114208318 ], [ 23.539622856365607, 68.684017164005638 ], [ 23.542238587839318, 68.685928988188792 ], [ 23.545311985772944, 68.687437181948354 ], [ 23.54856163015738, 68.689245156880474 ], [ 23.550490289459127, 68.690020673905707 ], [ 23.554672939146094, 68.689944471305026 ], [ 23.558208248047723, 68.68942408903267 ], [ 23.561153968300488, 68.689205812572936 ], [ 23.564659173899312, 68.689842690294796 ], [ 23.569746657327148, 68.689658847795357 ], [ 23.573588674538296, 68.689871496149181 ], [ 23.578146873076669, 68.690403775453746 ], [ 23.579650087327611, 68.691547332748002 ], [ 23.58099342034248, 68.692930017004855 ], [ 23.582295867475327, 68.694581162575517 ], [ 23.581791140653067, 68.695782800871314 ], [ 23.580811966645157, 68.696696561965041 ], [ 23.579479940587607, 68.697657029546022 ], [ 23.579318284467707, 68.698551432282045 ], [ 23.581217331386227, 68.699532424122623 ], [ 23.583018094631324, 68.700349820906467 ], [ 23.588225479869468, 68.700688458895911 ], [ 23.596907997791604, 68.701231607427317 ], [ 23.607531574590105, 68.70184021037268 ], [ 23.622350548539302, 68.702630799818252 ], [ 23.637660264135757, 68.703447788870818 ], [ 23.654691065483266, 68.704485958191157 ], [ 23.66699348586998, 68.705115026494042 ], [ 23.67372455679812, 68.705516926684609 ], [ 23.675557941061768, 68.705642764762402 ], [ 23.676625315409378, 68.706103584114601 ], [ 23.678173887261003, 68.706816207575784 ], [ 23.67930793388366, 68.707493749755059 ], [ 23.680909279192463, 68.708350993559975 ], [ 23.682483473817314, 68.709225646449283 ], [ 23.68380283157153, 68.709987572116532 ], [ 23.685318673833503, 68.710923880255194 ], [ 23.686218899197037, 68.711848104896077 ], [ 23.687498092569676, 68.713049021687553 ], [ 23.689172876858525, 68.714248712941668 ], [ 23.690214393886254, 68.714888448168949 ], [ 23.691356038002898, 68.715853265780652 ], [ 23.692738802178766, 68.71685870026235 ], [ 23.695318070639765, 68.717627204224868 ], [ 23.697316553108575, 68.717980413281978 ], [ 23.699955148894261, 68.718516631796106 ], [ 23.702596518526594, 68.719034902110693 ], [ 23.704048738555862, 68.719574841639968 ], [ 23.70482952722325, 68.720478669783901 ], [ 23.705509555999662, 68.721730586232027 ], [ 23.706062506693659, 68.723006952758794 ], [ 23.706188623471633, 68.724328853371105 ], [ 23.707510504903293, 68.725754825121101 ], [ 23.708200109892658, 68.726944082222147 ], [ 23.708831663701257, 68.728024488079598 ], [ 23.709553964209636, 68.729160523539605 ], [ 23.710024978637911, 68.730157020579128 ], [ 23.710077853219396, 68.731306950905221 ], [ 23.710433166144451, 68.732417883150035 ], [ 23.711054860425783, 68.733399355276617 ], [ 23.711772579622824, 68.734400640414108 ], [ 23.712420757938219, 68.735203112517169 ], [ 23.713200616947496, 68.735783734796996 ], [ 23.713670518938027, 68.736286533187354 ], [ 23.714476409457621, 68.736858683557813 ], [ 23.715660158903344, 68.737384305963587 ], [ 23.716887442342582, 68.737614560589492 ], [ 23.718291312825901, 68.737821310713471 ], [ 23.720176546624447, 68.738118158522795 ], [ 23.721334853884802, 68.73848168799924 ], [ 23.722170280277346, 68.739359541837644 ], [ 23.723154058691353, 68.740069727410855 ], [ 23.724076762141209, 68.741532674489974 ], [ 23.724283610699338, 68.742649667985731 ], [ 23.723995196166737, 68.744107125421394 ], [ 23.723639308163442, 68.744845216522521 ], [ 23.724651356498242, 68.745870086649788 ], [ 23.726932524402532, 68.747350322943362 ], [ 23.7282185402021, 68.748533040890024 ], [ 23.729015754427351, 68.749338312510275 ], [ 23.72967025994247, 68.7501049053011 ], [ 23.730292518981855, 68.750754203966508 ], [ 23.73091932720035, 68.751035571304485 ], [ 23.731354271701157, 68.75110680683521 ], [ 23.732633388959595, 68.751158418996596 ], [ 23.733792574150314, 68.751521865339441 ], [ 23.734468030764418, 68.752315768728934 ], [ 23.734753972486491, 68.753066266590949 ], [ 23.734970878574398, 68.753950058388426 ], [ 23.73519117233867, 68.754304354002684 ], [ 23.735409682838387, 68.755008662260181 ], [ 23.735586699149884, 68.755658321380906 ], [ 23.735759813972749, 68.756334833688371 ], [ 23.735664040189906, 68.756988203652497 ], [ 23.735737375995335, 68.75750122843742 ], [ 23.736150980688741, 68.758056711007924 ], [ 23.736926999705101, 68.75867303363394 ], [ 23.738038813659525, 68.758856017394734 ], [ 23.739656105411004, 68.758967940145467 ], [ 23.7417904621833, 68.759098775683242 ], [ 23.744831227469625, 68.759632953217604 ], [ 23.746015586984665, 68.760167321768463 ], [ 23.747637487338679, 68.761096027281056 ], [ 23.748612428703634, 68.762048203736185 ], [ 23.749562622982424, 68.763170430423543 ], [ 23.749683941471453, 68.7642049488542 ], [ 23.749630980340637, 68.765415625041712 ], [ 23.749036241443669, 68.766436392924845 ], [ 23.748934887621679, 68.767978234874377 ], [ 23.749352257585866, 68.769359498672188 ], [ 23.750040275874287, 68.770413858577115 ], [ 23.75188630338684, 68.771849441125568 ], [ 23.753157949381983, 68.773318862537977 ], [ 23.75395259067562, 68.774833000028693 ], [ 23.754476833694245, 68.776503496547903 ], [ 23.755311758262373, 68.778422284840445 ], [ 23.754861033403639, 68.779813830620782 ], [ 23.754389278050414, 68.781519116554975 ], [ 23.753491162299085, 68.782749501768805 ], [ 23.752983544586872, 68.783341137034895 ], [ 23.752462253172109, 68.783771755929664 ], [ 23.752250895560532, 68.783946408972412 ], [ 23.752617165767084, 68.784662489879182 ], [ 23.755451619391486, 68.788674944751392 ], [ 23.760523600843896, 68.796733134545349 ], [ 23.764468342366076, 68.802337281778563 ], [ 23.767701507390051, 68.807218711123127 ], [ 23.774446919759136, 68.81748029542446 ], [ 23.775023029410143, 68.818810619468834 ], [ 23.778518411074025, 68.81937242652161 ], [ 23.782177912257225, 68.819960606216313 ], [ 23.798451633004593, 68.822942902336194 ], [ 23.808096312669722, 68.824748992164828 ], [ 23.809774413259277, 68.824645897218872 ], [ 23.813533796634157, 68.824743415324221 ], [ 23.817988635314325, 68.824665396230827 ], [ 23.823185787938133, 68.824430630069941 ], [ 23.828423390182316, 68.824259285523624 ], [ 23.831723420667853, 68.824096517432068 ], [ 23.83450955911422, 68.8242292685038 ], [ 23.837051014505022, 68.824859998216397 ], [ 23.839220074376293, 68.826363301316206 ], [ 23.840207960477965, 68.827620231331707 ], [ 23.84339548412607, 68.828774446576645 ], [ 23.846192808204719, 68.830055982659474 ], [ 23.846869505911112, 68.830885258393806 ], [ 23.847245932976993, 68.831556394166043 ], [ 23.847789464895289, 68.831925479068644 ], [ 23.848551479535416, 68.832155014729565 ], [ 23.85001909240426, 68.832487384113406 ], [ 23.851817604355855, 68.83276305206607 ], [ 23.853713324025204, 68.832878952144398 ], [ 23.85617941207153, 68.833175907909364 ], [ 23.859482627189447, 68.83352420395785 ], [ 23.864048483428899, 68.833725234968938 ], [ 23.867079935719708, 68.833888875906609 ], [ 23.870366053745538, 68.834712303397836 ], [ 23.871634536603374, 68.835579283597326 ], [ 23.871838782194789, 68.836728849077048 ], [ 23.871887204042515, 68.837001945388266 ], [ 23.872080460496129, 68.836996525870234 ], [ 23.875481554924448, 68.836655249977397 ], [ 23.882036610706695, 68.83613847751171 ], [ 23.887647883546144, 68.835442621058021 ], [ 23.895303231825828, 68.835044219690658 ], [ 23.901774520884331, 68.834408498222146 ], [ 23.904616527167128, 68.834006193473783 ], [ 23.909019928626719, 68.83338277347373 ], [ 23.917148748799715, 68.832606117879436 ], [ 23.923707875320083, 68.832042972871221 ], [ 23.929841904059, 68.831678307740589 ], [ 23.934534545092607, 68.831515003888754 ], [ 23.93595469325151, 68.831465602772951 ], [ 23.942626991060173, 68.83097556859029 ], [ 23.951984976871231, 68.830452726005092 ], [ 23.957247358918163, 68.829918879198303 ], [ 23.957952869608203, 68.829560978192504 ], [ 23.960289089672955, 68.828375944501417 ], [ 23.963924860679207, 68.827749959355927 ], [ 23.967961533176609, 68.827095165318767 ], [ 23.971005342236744, 68.826620008763101 ], [ 23.974829728902201, 68.825880498535781 ], [ 23.977209110455583, 68.825178013382214 ], [ 23.978615337600953, 68.824512040096423 ], [ 23.979860769668331, 68.82338551552391 ], [ 23.980885246754855, 68.822057627126441 ], [ 23.981091393445116, 68.821271574057931 ], [ 23.982526032007765, 68.820211215343164 ], [ 23.983105527674056, 68.819781780872063 ], [ 23.985146382534634, 68.819189854668537 ], [ 23.988354931348702, 68.819318582657658 ], [ 23.990599494343812, 68.819968612403443 ], [ 23.992701722418598, 68.820571219263769 ], [ 23.994015586797723, 68.820764990028437 ], [ 23.994971688859078, 68.82142587687666 ], [ 23.99535455642441, 68.82169056958017 ], [ 23.995807932439678, 68.822008192724923 ], [ 23.996347114547056, 68.822242072667592 ], [ 23.997206976652869, 68.822490609153903 ], [ 23.997804176152272, 68.822662694263755 ], [ 23.998542691813476, 68.822891122673383 ], [ 24.000170830346114, 68.822964757805977 ], [ 24.000900334561475, 68.823076362248869 ], [ 24.001943899995702, 68.823067859980782 ], [ 24.00271871384497, 68.82302770157132 ], [ 24.003497176970889, 68.822960671542134 ], [ 24.004342041462024, 68.822769178386963 ], [ 24.005443564794646, 68.822330937035602 ], [ 24.006854740497946, 68.820884095974691 ], [ 24.009557245466151, 68.819244628225078 ], [ 24.011649395166181, 68.819003266872201 ], [ 24.014788621023992, 68.819094381312922 ], [ 24.017148598386012, 68.819629416575012 ], [ 24.019367849665709, 68.820843960976205 ], [ 24.021774162127045, 68.822330959370518 ], [ 24.024671545920487, 68.824230345112255 ], [ 24.027851042956346, 68.825694900612831 ], [ 24.030215246705961, 68.82639134220301 ], [ 24.032575823221858, 68.826001858966478 ], [ 24.034077361349681, 68.824610240206241 ], [ 24.034035811756432, 68.822877581851429 ], [ 24.033910789521837, 68.821026813434443 ], [ 24.03479655392821, 68.81959751134994 ], [ 24.036946254814023, 68.817992852256467 ], [ 24.039729682298628, 68.816471005754195 ], [ 24.041078013596419, 68.815103591008608 ], [ 24.040524516301826, 68.814044019947332 ], [ 24.03693842760714, 68.813030253581104 ], [ 24.034077573998879, 68.811975235947486 ], [ 24.033124085987918, 68.810756091539247 ], [ 24.032104024911778, 68.809293486154019 ], [ 24.031471637622502, 68.807900478311666 ], [ 24.03179986874504, 68.806371703247478 ], [ 24.032926597822744, 68.804991499751637 ], [ 24.034378500531894, 68.804146431396703 ], [ 24.035835095319118, 68.803265533826746 ], [ 24.038591062345244, 68.802308587938228 ], [ 24.04112030207849, 68.801563029885131 ], [ 24.043398165287936, 68.801028420897509 ], [ 24.046042204864989, 68.800536050572489 ], [ 24.049642500804307, 68.80012307925206 ], [ 24.053078644678958, 68.80001230009438 ], [ 24.056889328421583, 68.799881018548334 ], [ 24.061647997680481, 68.800080150415468 ], [ 24.065719801627843, 68.800787736998089 ], [ 24.068920056896602, 68.801713473326316 ], [ 24.072284335684419, 68.802713774789638 ], [ 24.074755889820743, 68.80371656112041 ], [ 24.076359350190344, 68.804722297500774 ], [ 24.078653441979672, 68.806134746936735 ], [ 24.080949025837761, 68.807538209528303 ], [ 24.08383410576889, 68.808987657773727 ], [ 24.086407127602683, 68.810171468243809 ], [ 24.088390917722307, 68.810932356051381 ], [ 24.090769413817959, 68.81133207155726 ], [ 24.093923454623862, 68.811682212672849 ], [ 24.095547418835832, 68.811593355663888 ], [ 24.097217989114469, 68.810957901296618 ], [ 24.098627517507406, 68.809851356298751 ], [ 24.099178773894248, 68.808478885904435 ], [ 24.099957655890552, 68.806311670648697 ], [ 24.100178474919915, 68.804619483575408 ], [ 24.098975041781852, 68.801871012677637 ], [ 24.097511223722762, 68.799979521146511 ], [ 24.095665949272281, 68.797973803594431 ], [ 24.095161740714694, 68.796520459278369 ], [ 24.095248282303931, 68.794529849715701 ], [ 24.094998995839337, 68.792264295026172 ], [ 24.092948413178682, 68.790129392638903 ], [ 24.090590343493879, 68.788832682300708 ], [ 24.087663940290131, 68.787526183574045 ], [ 24.085417062013121, 68.786141567727412 ], [ 24.08344958156275, 68.785084772897974 ], [ 24.081475239330789, 68.784081669807392 ], [ 24.079352758294984, 68.783075989044605 ], [ 24.077914304432156, 68.782144892253058 ], [ 24.076707832338876, 68.781334430450883 ], [ 24.076061656673147, 68.780596436811678 ], [ 24.075209098647004, 68.779992884407804 ], [ 24.075087173510564, 68.77990661123232 ], [ 24.078170470825494, 68.779250872261741 ], [ 24.081379559883796, 68.778767729541215 ], [ 24.084570825572776, 68.778230395079689 ], [ 24.086897126038647, 68.777866576514413 ], [ 24.087641673030497, 68.777287119437872 ], [ 24.090031687687645, 68.777382003732612 ], [ 24.093371735597781, 68.77797770021408 ], [ 24.097581228805385, 68.778175447036986 ], [ 24.101300491958654, 68.778714663499628 ], [ 24.104533279286734, 68.778805796164619 ], [ 24.106751508050493, 68.777937352344708 ], [ 24.108627973330968, 68.776838728067901 ], [ 24.110515301507597, 68.776036392141279 ], [ 24.112788891038495, 68.775500839841172 ], [ 24.115517593777465, 68.774892239811834 ], [ 24.11758542884041, 68.775178664529079 ], [ 24.120782272961581, 68.776309775352942 ], [ 24.122833082389572, 68.777879011080699 ], [ 24.125451760575665, 68.779080974297003 ], [ 24.127034802648964, 68.77967311735739 ], [ 24.128595755257845, 68.779861075724838 ], [ 24.132067442645546, 68.779830104712531 ], [ 24.135514422401481, 68.779798636273867 ], [ 24.13840727064467, 68.779838508457004 ], [ 24.141327676204181, 68.780435137556466 ], [ 24.144434511875048, 68.781124576673207 ], [ 24.145956624389104, 68.781230962991046 ], [ 24.148426571636733, 68.781093055957584 ], [ 24.151060057392922, 68.780257959628983 ], [ 24.152425518682655, 68.779652777386801 ], [ 24.154552939062985, 68.778898869004209 ], [ 24.156017749319702, 68.777999224346061 ], [ 24.156170733669253, 68.777916539820239 ], [ 24.156740190925909, 68.777716308491023 ], [ 24.158472123367837, 68.777107174820486 ], [ 24.160100284454465, 68.776380721109149 ], [ 24.161438660864022, 68.775595567612356 ], [ 24.16289403880516, 68.77466879150964 ], [ 24.165020259971318, 68.773528902114606 ], [ 24.165876669849268, 68.772636948676393 ], [ 24.166749365334894, 68.772005486415395 ], [ 24.168773701032915, 68.771079200741227 ], [ 24.172539096286851, 68.770478052694003 ], [ 24.177504055795733, 68.769591731692117 ], [ 24.180735682589166, 68.768900764108665 ], [ 24.1832543283431, 68.76797356459781 ], [ 24.184915199445122, 68.766780847685538 ], [ 24.185731716052064, 68.765412589260393 ], [ 24.185118766382676, 68.764191065559132 ], [ 24.184515696995682, 68.763283763370481 ], [ 24.183002264857471, 68.762334402440018 ], [ 24.181489868250431, 68.7615734782799 ], [ 24.179277056703782, 68.760872654061572 ], [ 24.177396739752684, 68.760087619053877 ], [ 24.174970725493392, 68.75950880863391 ], [ 24.17328738434864, 68.758538573216626 ], [ 24.17143899948314, 68.757700157556556 ], [ 24.170631143212496, 68.756852184066602 ], [ 24.169282480235623, 68.755977223715647 ], [ 24.167508086916669, 68.754754155380922 ], [ 24.166541769708395, 68.754181675164418 ], [ 24.165861490298926, 68.753694720434908 ], [ 24.164881216846609, 68.753427075092546 ], [ 24.163584215665807, 68.753315635533653 ], [ 24.162892987157111, 68.753304056833784 ], [ 24.159588431868613, 68.753221760432794 ], [ 24.157355237000523, 68.753274019963712 ], [ 24.155418263024234, 68.753331235100433 ], [ 24.155020982943004, 68.753342514805269 ], [ 24.154767919457871, 68.753350283044028 ], [ 24.152760805270304, 68.753412214153599 ], [ 24.152851770835891, 68.753377845758507 ], [ 24.154033342972994, 68.752940075572596 ], [ 24.158935442604946, 68.752134039866448 ], [ 24.166561186064435, 68.750915826198693 ], [ 24.173126412851293, 68.75005645149578 ], [ 24.17719993494401, 68.749532180026122 ], [ 24.179711332703963, 68.749183692609932 ], [ 24.180070413461401, 68.749131352588449 ], [ 24.182111108810926, 68.748250080030047 ], [ 24.183766929272068, 68.747281631105352 ], [ 24.186889451924269, 68.746840021443163 ], [ 24.189522628078439, 68.746551738393379 ], [ 24.192685142955821, 68.746379874884425 ], [ 24.195575123803913, 68.746015005377856 ], [ 24.199512806839454, 68.745380292485862 ], [ 24.202310780150839, 68.743972947870887 ], [ 24.204292958110663, 68.742758467407057 ], [ 24.205297973718704, 68.742236693799967 ], [ 24.207623058895727, 68.741440582604227 ], [ 24.209332235649999, 68.740822720850687 ], [ 24.212178453682725, 68.739810831799829 ], [ 24.214882188792807, 68.739343886461128 ], [ 24.217615958292416, 68.738635122145624 ], [ 24.219921342706794, 68.738188470960509 ], [ 24.221566113825538, 68.737686082941607 ], [ 24.222631839307894, 68.736671712575131 ], [ 24.222654544283102, 68.735496665438049 ], [ 24.222170273034742, 68.734026163267515 ], [ 24.221703334590718, 68.733210962435905 ], [ 24.220873002275216, 68.732138554040262 ], [ 24.220852304235912, 68.731312725255293 ], [ 24.22091117783653, 68.730443339669677 ], [ 24.22148221406329, 68.729429821738677 ], [ 24.220938060698646, 68.728640268704098 ], [ 24.219024248992159, 68.727935876960217 ], [ 24.218389705084267, 68.727674207294683 ], [ 24.217362364953679, 68.726401138157684 ], [ 24.216796928404371, 68.725189491911564 ], [ 24.216285350250526, 68.723942841628457 ], [ 24.215051991761307, 68.722343340396762 ], [ 24.21288433656353, 68.720907899499593 ], [ 24.210497393906127, 68.719648266101245 ], [ 24.209617747291794, 68.719176148894377 ], [ 24.208330290940797, 68.718212767849948 ], [ 24.207483222927536, 68.717283558845722 ], [ 24.207569467753089, 68.716791478279021 ], [ 24.210911428494629, 68.716927369128356 ], [ 24.215737787812856, 68.716845365914111 ], [ 24.222091017897089, 68.716599881385022 ], [ 24.226213435051807, 68.716218900679365 ], [ 24.230049060726937, 68.715958738300785 ], [ 24.233554608632378, 68.715172674459282 ], [ 24.237157647425295, 68.7145945068484 ], [ 24.241290050527855, 68.714527363360602 ], [ 24.245269344809447, 68.714699892641818 ], [ 24.249608821580409, 68.714555160428944 ], [ 24.25359025791354, 68.714108425027504 ], [ 24.258696216428159, 68.71415535912125 ], [ 24.262129624565638, 68.714148157819096 ], [ 24.266984793684539, 68.713822914414308 ], [ 24.268723664886341, 68.7135369719078 ], [ 24.270827758256956, 68.713292784212442 ], [ 24.272942654040175, 68.7125552693484 ], [ 24.274698815329391, 68.712125983953513 ], [ 24.275962525326133, 68.711482380851706 ], [ 24.276061438996372, 68.710873846927882 ], [ 24.278798177571403, 68.711716445577551 ], [ 24.282135707630999, 68.712290506446379 ], [ 24.285026562547458, 68.712884256054011 ], [ 24.290060350359489, 68.714947858656231 ], [ 24.291906036013028, 68.715408089764694 ], [ 24.293839524072322, 68.715959428000261 ], [ 24.2950022041274, 68.71675861906553 ], [ 24.298723187006473, 68.717387809280225 ], [ 24.298801679714039, 68.717402526753645 ], [ 24.299274348646005, 68.717374180510191 ], [ 24.300424489296557, 68.717257957883191 ], [ 24.301752572777129, 68.717099696117458 ], [ 24.303284302393383, 68.71689084308845 ], [ 24.305325199092369, 68.716555505761605 ], [ 24.307239552320787, 68.71624503947794 ], [ 24.308683385259826, 68.715945016991967 ], [ 24.31043266115207, 68.715569084923956 ], [ 24.312071579084193, 68.715083716543688 ], [ 24.313767131084596, 68.714742792031444 ], [ 24.315690902897089, 68.714351636972935 ], [ 24.317817249253789, 68.713712459414509 ], [ 24.319502004231897, 68.713048306021776 ], [ 24.321231614187518, 68.712627095003384 ], [ 24.323613707173319, 68.712117506887665 ], [ 24.325822079316133, 68.711820467776789 ], [ 24.32725680225159, 68.712004642602693 ], [ 24.328109699970817, 68.712511580524762 ], [ 24.328466546138785, 68.713243966123244 ], [ 24.32845049391937, 68.713791008197688 ], [ 24.328259765037703, 68.714146880981232 ], [ 24.328036234405424, 68.714425878743825 ], [ 24.327621094478335, 68.714944283365767 ], [ 24.327904007456151, 68.715469140175202 ], [ 24.328073331431749, 68.716530521713281 ], [ 24.327974745062221, 68.717560761211871 ], [ 24.328924385387474, 68.718706245656861 ], [ 24.330058472687149, 68.719755937776171 ], [ 24.331682535844163, 68.720840268670571 ], [ 24.333244556497355, 68.721824906840922 ], [ 24.334921372166239, 68.722676755580224 ], [ 24.337440766959489, 68.723093244431226 ], [ 24.339979420899631, 68.722778776523526 ], [ 24.340123871387853, 68.72275861760717 ], [ 24.34360183808322, 68.721763519243481 ], [ 24.346690539548884, 68.720923755627851 ], [ 24.350036154941698, 68.719998234431557 ], [ 24.353994403006826, 68.718902804191799 ], [ 24.35706429499221, 68.718215080237314 ], [ 24.362520269302387, 68.717187707047401 ], [ 24.366948261604559, 68.716915745096301 ], [ 24.373228715111718, 68.716430209336366 ], [ 24.37817464800932, 68.71595067003912 ], [ 24.382899073048431, 68.715252249380725 ], [ 24.386074550858687, 68.714493883413994 ], [ 24.389253527038171, 68.71391495110224 ], [ 24.391807794358204, 68.713398094903454 ], [ 24.39632679667908, 68.712758944032785 ], [ 24.401188105173581, 68.712358206076075 ], [ 24.406054782755724, 68.711697218242492 ], [ 24.410035260078963, 68.710798248207027 ], [ 24.414357334811513, 68.70993132027192 ], [ 24.41843510366472, 68.70861197257139 ], [ 24.422539084309346, 68.707274990679409 ], [ 24.426495668129036, 68.706142021247715 ], [ 24.429389182854532, 68.705235035635226 ], [ 24.431811287093428, 68.70434776847712 ], [ 24.432597749834642, 68.703947016363855 ], [ 24.433547450108414, 68.703414165135385 ], [ 24.433446793788626, 68.702915339500763 ], [ 24.433358799192018, 68.702478257851098 ], [ 24.433453336330142, 68.702084946200856 ], [ 24.43338980981056, 68.701563626825063 ], [ 24.434049994920606, 68.700757229997492 ], [ 24.435447069713472, 68.699979963272753 ], [ 24.437395190465939, 68.699345606303694 ], [ 24.439512551887887, 68.698956022876601 ], [ 24.441723329025915, 68.699258636441371 ], [ 24.444739925395933, 68.69985151661443 ], [ 24.446289855049756, 68.700108194562731 ], [ 24.447407661865174, 68.700259642447008 ], [ 24.448485498922604, 68.700545052341383 ], [ 24.450500404440312, 68.70062031188732 ], [ 24.451763884808308, 68.700576555870171 ], [ 24.453199819034104, 68.700535388852032 ], [ 24.454478594950498, 68.700357270667539 ], [ 24.455864058025728, 68.700108984107175 ], [ 24.457554259642951, 68.699784521757138 ], [ 24.459128375929602, 68.699395499635273 ], [ 24.461052373341978, 68.698966853147056 ], [ 24.463567701250266, 68.698762380645007 ], [ 24.465578437127892, 68.698873281504078 ], [ 24.468405823343979, 68.698745180720621 ], [ 24.469840293937814, 68.698497507858946 ], [ 24.473891451434366, 68.697364894651855 ], [ 24.476125362983908, 68.69659083343393 ], [ 24.478740940425965, 68.695275190051504 ], [ 24.479649833877176, 68.693996872478223 ], [ 24.480400982542019, 68.692366310403358 ], [ 24.480890230248622, 68.690651103123884 ], [ 24.481305351603581, 68.689374392656504 ], [ 24.482123025302855, 68.68780761516318 ], [ 24.484775342819884, 68.686591121784645 ], [ 24.486418822628796, 68.686669403664169 ], [ 24.488184381129244, 68.686758459345839 ], [ 24.492271263557452, 68.686819152076836 ], [ 24.493649917100974, 68.686400010056943 ], [ 24.498803969932887, 68.686619908549304 ], [ 24.502363998731447, 68.686098399201768 ], [ 24.503187303921028, 68.684908422862762 ], [ 24.505698094463284, 68.683842037115497 ], [ 24.507002458998947, 68.68342170355082 ], [ 24.509144356783171, 68.682565141294774 ], [ 24.509715428029178, 68.681864828134863 ], [ 24.50867125796702, 68.680835688626871 ], [ 24.507904214728185, 68.680196395651222 ], [ 24.507254333125505, 68.678948772107105 ], [ 24.509247806258522, 68.678314303955418 ], [ 24.512639260644939, 68.677520974488303 ], [ 24.515458243418585, 68.676997270213946 ], [ 24.518585312515253, 68.676361411129278 ], [ 24.521937659375485, 68.67569292988847 ], [ 24.524944804349769, 68.675692153939579 ], [ 24.528537378749895, 68.676193314651641 ], [ 24.530571017761091, 68.676303790020583 ], [ 24.533629591366402, 68.675837122981122 ], [ 24.534664074086525, 68.676067530408886 ], [ 24.536204273325545, 68.677525383512204 ], [ 24.536998580673295, 68.678146996415293 ], [ 24.538679023220986, 68.678332965773109 ], [ 24.541545738167809, 68.677818502730702 ], [ 24.544494083470862, 68.677681953374375 ], [ 24.546937545736085, 68.678103207840152 ], [ 24.548741355345502, 68.678963695967951 ], [ 24.550485292322765, 68.67992197975434 ], [ 24.551921899091798, 68.680310613510017 ], [ 24.554994706203182, 68.680390991057763 ], [ 24.558767487551943, 68.680382745640031 ], [ 24.561493026490666, 68.680709174558956 ], [ 24.563856464208939, 68.681191815923341 ], [ 24.566260224038825, 68.681531465045794 ], [ 24.568586999946284, 68.681672621075847 ], [ 24.570774578298895, 68.681506717019985 ], [ 24.57285071097802, 68.681231543489275 ], [ 24.574783990040356, 68.681591223522531 ], [ 24.575799133150959, 68.682233758083498 ], [ 24.576740843894367, 68.683099496011863 ], [ 24.577201305308886, 68.684083924706812 ], [ 24.577555203944513, 68.684914320225189 ], [ 24.577335096215521, 68.685808253656077 ], [ 24.577281937219357, 68.685877914170973 ], [ 24.576990185942737, 68.686260817880978 ], [ 24.577041493298207, 68.68692540538936 ], [ 24.577313793859172, 68.687826390541048 ], [ 24.57768885409142, 68.688917240370344 ], [ 24.579273685718981, 68.689540999726319 ], [ 24.581430778628693, 68.690119096886676 ], [ 24.58470830257777, 68.690372297826556 ], [ 24.588510303882995, 68.689879363955271 ], [ 24.591224279814949, 68.689182458208919 ], [ 24.594511178612411, 68.688430865191165 ], [ 24.596559021379502, 68.687733367724917 ], [ 24.59895338333034, 68.687022822767716 ], [ 24.602265978030776, 68.68579600701112 ], [ 24.604018863722708, 68.685085264141222 ], [ 24.605818953715012, 68.684393113053076 ], [ 24.606801456471526, 68.683967470179809 ], [ 24.608026249459368, 68.683581123142503 ], [ 24.6092593744252, 68.683347395444059 ], [ 24.610477416033127, 68.683023738330277 ], [ 24.612600294468425, 68.682999923943967 ], [ 24.615899323214773, 68.682813262058716 ], [ 24.617159421067619, 68.683019419818194 ], [ 24.619914275540008, 68.683775900485173 ], [ 24.622374968491297, 68.6842859878913 ], [ 24.625576177985707, 68.685021748263182 ], [ 24.629423341677462, 68.686179145129117 ], [ 24.632228212833784, 68.68716935691036 ], [ 24.63448968854863, 68.68840308286812 ], [ 24.635971928325496, 68.689078683007324 ], [ 24.637444768521544, 68.689843834674235 ], [ 24.638476281424026, 68.690351626991983 ], [ 24.639695329988271, 68.69048527781716 ], [ 24.641298782496772, 68.690014284039933 ], [ 24.643051651214375, 68.689060943434498 ], [ 24.644198279845074, 68.688242668003198 ], [ 24.645980233340104, 68.687244852642877 ], [ 24.647311262901308, 68.68631250826634 ], [ 24.648306113029285, 68.685527982286899 ], [ 24.649807395704372, 68.684615938455991 ], [ 24.651721460000086, 68.683763438537824 ], [ 24.653361023948552, 68.683176221888857 ], [ 24.655591326215838, 68.682597189211222 ], [ 24.658484305988999, 68.682045253973754 ], [ 24.660086758042166, 68.681574079455245 ], [ 24.661431184599873, 68.68074049884784 ], [ 24.662461770723056, 68.679606546911373 ], [ 24.663217773360735, 68.678504669712339 ], [ 24.663745323110035, 68.677229194428861 ], [ 24.664331380521517, 68.6758648133017 ], [ 24.665373422067276, 68.674381160537621 ], [ 24.666681681395385, 68.673179260679802 ], [ 24.667364363445433, 68.672067382033006 ], [ 24.668060951824657, 68.670821145189109 ], [ 24.668888878992057, 68.669495979819473 ], [ 24.669567605233357, 68.668419927105987 ], [ 24.66984703592486, 68.667392179604732 ], [ 24.66996859437613, 68.666460940905949 ], [ 24.669657160231672, 68.665883612941116 ], [ 24.669617481525691, 68.665810222803316 ], [ 24.669982795905479, 68.66466705174544 ], [ 24.671078159803649, 68.663372482999122 ], [ 24.672778075855216, 68.662184913708828 ], [ 24.674043755555189, 68.661619278244856 ], [ 24.676840774813339, 68.661011915971628 ], [ 24.679472429958167, 68.660572679416163 ], [ 24.681459919075152, 68.660169408260984 ], [ 24.68378607649344, 68.659824588172867 ], [ 24.685456483954873, 68.659390007216402 ], [ 24.686966139556311, 68.658603365737022 ], [ 24.688491431018406, 68.657664431206697 ], [ 24.690799197381498, 68.65653884541868 ], [ 24.693088241840105, 68.656310002915149 ], [ 24.696303409958482, 68.656174503472016 ], [ 24.698778039323091, 68.656055760332691 ], [ 24.700159932432278, 68.65578754792071 ], [ 24.702076745421465, 68.655105005067469 ], [ 24.704278394142133, 68.654524984856494 ], [ 24.707226565046945, 68.654107574632746 ], [ 24.710170073753535, 68.65373489339737 ], [ 24.712145322317213, 68.653680954508616 ], [ 24.713361065970911, 68.653589781505033 ], [ 24.715911005399409, 68.653211677699673 ], [ 24.718107533260472, 68.652918460419158 ], [ 24.719223050894374, 68.652843838322454 ], [ 24.719372938779738, 68.652849274128172 ], [ 24.723981994004223, 68.653015722660115 ], [ 24.727634632614389, 68.65341477272473 ], [ 24.732605184432927, 68.653930130088511 ], [ 24.738830708451168, 68.652991045509225 ], [ 24.746169460723586, 68.651259306237989 ], [ 24.751758026999465, 68.649539835444116 ], [ 24.758125312109971, 68.647408936785965 ], [ 24.762641226130121, 68.645567229931061 ], [ 24.764090069145901, 68.645353212634504 ], [ 24.767262820136441, 68.644139425564688 ], [ 24.769257847242994, 68.64313426369236 ], [ 24.772265624409425, 68.642088643030618 ], [ 24.774839693089387, 68.640947541960941 ], [ 24.777300979665608, 68.639948441894532 ], [ 24.779875432581207, 68.638798309799071 ], [ 24.781374184065442, 68.638073520174089 ], [ 24.782062680043278, 68.637580261695888 ], [ 24.782864453434328, 68.636935993036943 ], [ 24.783444846713905, 68.636539972822092 ], [ 24.783789937405384, 68.636284382140389 ], [ 24.784003507955035, 68.635865601388247 ], [ 24.783790580188736, 68.635530916066827 ], [ 24.783793596893993, 68.63549292573164 ], [ 24.783876653558014, 68.634410808873767 ], [ 24.783221060279406, 68.633576955800095 ], [ 24.78171348359319, 68.632902329190742 ], [ 24.779397361861776, 68.631947942357897 ], [ 24.777030513697625, 68.631010799882191 ], [ 24.775344535191756, 68.630154359634759 ], [ 24.774134261473765, 68.629214481467628 ], [ 24.774261903643943, 68.628175648800124 ], [ 24.775384618485869, 68.627517714745451 ], [ 24.776346902819171, 68.626741054894097 ], [ 24.775499807180097, 68.625859789363005 ], [ 24.77266541220008, 68.624934344084764 ], [ 24.770025555206761, 68.624280523520667 ], [ 24.768867216450005, 68.623565539369665 ], [ 24.769056640600347, 68.622401939262488 ], [ 24.771012107721845, 68.621279649931452 ], [ 24.773591574207551, 68.61956458405848 ], [ 24.774601807439392, 68.61879753470707 ], [ 24.776684436333991, 68.617874203618399 ], [ 24.780930713795176, 68.61694345766395 ], [ 24.787525077599824, 68.616375339572201 ], [ 24.794897515344903, 68.616140062704119 ], [ 24.800402456994192, 68.615646887828561 ], [ 24.804056285489587, 68.615421224450998 ], [ 24.804358979531781, 68.615402474543785 ], [ 24.805606439142576, 68.614961254548263 ], [ 24.806716284416098, 68.614921880083187 ], [ 24.808931473900632, 68.614385592043192 ], [ 24.81100532167034, 68.613533494304392 ], [ 24.812384323495898, 68.611739498995306 ], [ 24.813706821779729, 68.609514205787193 ], [ 24.815431239825141, 68.607195444723033 ], [ 24.817357849621931, 68.605067659869249 ], [ 24.819623905463054, 68.602728977985578 ], [ 24.821317664788502, 68.600714741688364 ], [ 24.822833545546196, 68.599012145205592 ], [ 24.825229108343404, 68.596845487877303 ], [ 24.82783654279995, 68.595022398211285 ], [ 24.829866539267321, 68.593326369498499 ], [ 24.831522682032389, 68.591939448121806 ], [ 24.832019565707228, 68.590860505612142 ], [ 24.831558752121538, 68.590038324027219 ], [ 24.830651391682299, 68.58901789885833 ], [ 24.830517836850706, 68.588867820572702 ], [ 24.830030617727768, 68.588574508956654 ], [ 24.828596429826376, 68.587919164689552 ], [ 24.827443531695558, 68.587401985134107 ], [ 24.826393718378981, 68.586581148367074 ], [ 24.825947324184071, 68.585866770307945 ], [ 24.825309546139515, 68.58459378989869 ], [ 24.824905695412035, 68.583440430023472 ], [ 24.824810109334795, 68.582398698105962 ], [ 24.824636208805941, 68.58089848789362 ], [ 24.822653497691633, 68.579832350889575 ], [ 24.821065048429055, 68.579004504694709 ], [ 24.820163369228776, 68.57767425868326 ], [ 24.819485151910882, 68.576571149171684 ], [ 24.819827934839431, 68.575059685583554 ], [ 24.820549206387, 68.574198953664435 ], [ 24.821759360869407, 68.573102364419952 ], [ 24.823038121218794, 68.571549188739624 ], [ 24.826808884498199, 68.569588695552284 ], [ 24.829921680076801, 68.56808605864714 ], [ 24.833166716767622, 68.566988723025148 ], [ 24.836333143735512, 68.566195286967201 ], [ 24.839912744310539, 68.565182855259707 ], [ 24.843908376929516, 68.564175693303397 ], [ 24.847714232581396, 68.563354362495588 ], [ 24.850978708903153, 68.563064225894507 ], [ 24.854322825442381, 68.563223520693526 ], [ 24.855915336218246, 68.563494983484759 ], [ 24.856240834628085, 68.563550352215259 ], [ 24.857338984432239, 68.563737368744412 ], [ 24.860914372299828, 68.564303113731867 ], [ 24.865940508879902, 68.564053019709974 ], [ 24.869154255313639, 68.563519699854837 ], [ 24.871827517865672, 68.562477186548961 ], [ 24.873291234462595, 68.561518012409834 ], [ 24.874297135394531, 68.560732433792822 ], [ 24.874439107489607, 68.560007682780679 ], [ 24.874483131459421, 68.559281702707182 ], [ 24.874460374056525, 68.559159334104891 ], [ 24.874369253823573, 68.558670325085913 ], [ 24.875667072585038, 68.558166483294869 ], [ 24.877715437409279, 68.557761811584143 ], [ 24.879881119671332, 68.557672523011618 ], [ 24.881964053661783, 68.557680824965814 ], [ 24.883140129797816, 68.557426545504029 ], [ 24.884543209892506, 68.556843240163772 ], [ 24.886528587736329, 68.555800826065919 ], [ 24.88999264503428, 68.554409196021254 ], [ 24.892598134408985, 68.55354491447649 ], [ 24.895155486311772, 68.552931141760112 ], [ 24.898800664997285, 68.552214315487092 ], [ 24.899918146401685, 68.552057859923835 ], [ 24.898193376733001, 68.550843353303307 ], [ 24.895609637348141, 68.548595557698079 ], [ 24.894638875263698, 68.547184153568068 ], [ 24.892288370148588, 68.545593992141079 ], [ 24.890339390438719, 68.54469051871142 ], [ 24.889879762538712, 68.543581495102003 ], [ 24.8865724342512, 68.542275219443226 ], [ 24.88234346219561, 68.541656905656311 ], [ 24.877486145084251, 68.54147005773352 ], [ 24.874150940832077, 68.54150863404135 ], [ 24.869546162153039, 68.540983899886854 ], [ 24.865039997015696, 68.540971570784194 ], [ 24.863503328907321, 68.540126829453897 ], [ 24.865214694435878, 68.537834391179388 ], [ 24.866865292272276, 68.536698264787589 ], [ 24.867467772203497, 68.536284338085494 ], [ 24.866343317869752, 68.534709336864012 ], [ 24.86496797660466, 68.532682652093555 ], [ 24.863467848675047, 68.530941395391608 ], [ 24.861003808363375, 68.528524093856404 ], [ 24.858041821076966, 68.527230583900376 ], [ 24.853112779080185, 68.526288623405406 ], [ 24.849273205801964, 68.52753115631846 ], [ 24.844646536188581, 68.529319625489762 ], [ 24.841882023984741, 68.530575790035343 ], [ 24.836449448485389, 68.531053073082063 ], [ 24.831586247151847, 68.530954492257194 ], [ 24.828095429543822, 68.530335317792662 ], [ 24.827240996502351, 68.528530300471189 ], [ 24.827578458251665, 68.52731476647277 ], [ 24.829136399639349, 68.526644221747617 ], [ 24.830548097564137, 68.525711660836038 ], [ 24.828893509621885, 68.524335833684361 ], [ 24.826996327195651, 68.524463783371388 ], [ 24.828135594107092, 68.523563593734735 ], [ 24.831510480332817, 68.521813230899795 ], [ 24.835951202594089, 68.52093764569571 ], [ 24.836918944254684, 68.519523911648847 ], [ 24.836961275319979, 68.517551089510704 ], [ 24.840248435527876, 68.515933984610982 ], [ 24.844712965387263, 68.515049525282748 ], [ 24.846689520331456, 68.513567957585366 ], [ 24.848510272082343, 68.511151515919124 ], [ 24.849750149841203, 68.50943622875505 ], [ 24.850755144534929, 68.508130541097302 ], [ 24.852767613483618, 68.506774954046975 ], [ 24.854623298851131, 68.505264847579568 ], [ 24.855302031568574, 68.503784543592644 ], [ 24.855358695655209, 68.502673017759889 ], [ 24.856827496098539, 68.501884502551533 ], [ 24.854486154104908, 68.501818707407949 ], [ 24.848308866122274, 68.502744229643412 ], [ 24.841703390520525, 68.50353845818131 ], [ 24.837340489164244, 68.503894906388112 ], [ 24.831165471338206, 68.503510241858862 ], [ 24.828944660287494, 68.502189862941975 ], [ 24.828010766489996, 68.500966840246704 ], [ 24.822891355433534, 68.499788227811962 ], [ 24.82053262901416, 68.499398817425231 ], [ 24.819891005636912, 68.498699797901253 ], [ 24.819934717175155, 68.497740583574895 ], [ 24.820864408470932, 68.496721118028489 ], [ 24.822450274413228, 68.496248362655223 ], [ 24.825257209853451, 68.496042576980159 ], [ 24.825754795706025, 68.495699203081926 ], [ 24.824354571275574, 68.494245861508773 ], [ 24.822864523557165, 68.4934730590589 ], [ 24.823182426123918, 68.492203455597519 ], [ 24.823546570246155, 68.490961363382823 ], [ 24.823449673711863, 68.489937527897908 ], [ 24.824761150004175, 68.48850141423695 ], [ 24.827261567549364, 68.487152460512192 ], [ 24.829511816780844, 68.485351730245156 ], [ 24.830693209294097, 68.484245777778099 ], [ 24.831770838380667, 68.483201272988083 ], [ 24.833109437753382, 68.482492010545826 ], [ 24.832427183549612, 68.480689211423893 ], [ 24.830780869229923, 68.479259654566064 ], [ 24.82730667031748, 68.478550897495836 ], [ 24.821710032839452, 68.477814502590704 ], [ 24.820404409760926, 68.477420796917599 ], [ 24.817624793048616, 68.476101936826609 ], [ 24.811972619405882, 68.475696371780373 ], [ 24.809403867503118, 68.474981108706004 ], [ 24.80653660880807, 68.474827003035472 ], [ 24.80281295812097, 68.474688545913537 ], [ 24.800325639831446, 68.474144634003665 ], [ 24.803006224664212, 68.472699731609083 ], [ 24.805709939481588, 68.471012894698219 ], [ 24.806249512141108, 68.468723635356554 ], [ 24.806899678825211, 68.466803588211221 ], [ 24.808939762753834, 68.465404044030308 ], [ 24.810381409421165, 68.464131208915632 ], [ 24.813243813226965, 68.462553987324412 ], [ 24.814536589912876, 68.46054363029144 ], [ 24.813681464207072, 68.458783322112737 ], [ 24.813177141859637, 68.456677760682439 ], [ 24.813306705158212, 68.454831634709961 ], [ 24.812511901192536, 68.452955500532738 ], [ 24.810674020286648, 68.451774357596435 ], [ 24.809232278501078, 68.450535577104631 ], [ 24.80911779110545, 68.449197547596526 ], [ 24.811964896169805, 68.448517167726322 ], [ 24.816759178171822, 68.447628914601623 ], [ 24.821475053061921, 68.447044484187515 ], [ 24.827783527037607, 68.446130765524245 ], [ 24.831968652559077, 68.445987666171206 ], [ 24.836659357329015, 68.445913773925568 ], [ 24.841370593207085, 68.446136032772372 ], [ 24.847679233936471, 68.446235166743094 ], [ 24.850560490867842, 68.445949256546228 ], [ 24.852414138834089, 68.444923568763954 ], [ 24.854081708877885, 68.443285526053558 ], [ 24.858896356129748, 68.442925573516277 ], [ 24.862436983993394, 68.441849585759996 ], [ 24.863331054528711, 68.439869701774654 ], [ 24.864450937972446, 68.437820934843728 ], [ 24.864049738203157, 68.435869377960458 ], [ 24.864985515257967, 68.433701650579948 ], [ 24.864639634348059, 68.431939160360045 ], [ 24.863420394717242, 68.430649887587293 ], [ 24.855738815547252, 68.428102881227645 ], [ 24.852313513124724, 68.427466949451613 ], [ 24.851155504624412, 68.426312910601652 ], [ 24.851164877589884, 68.424671541648749 ], [ 24.85204622868681, 68.423086227649563 ], [ 24.853654793024429, 68.421797266351987 ], [ 24.853765903560625, 68.420623644176658 ], [ 24.852732388663725, 68.419444298167832 ], [ 24.852758084724641, 68.418143995888556 ], [ 24.850312301622928, 68.416444189436277 ], [ 24.854863315378637, 68.41649364216687 ], [ 24.859856104549308, 68.415992494946664 ], [ 24.864543353090212, 68.415370690932832 ], [ 24.866951646873741, 68.414630012285443 ], [ 24.868923771854174, 68.413085433978182 ], [ 24.868367361417789, 68.411230566565308 ], [ 24.869278816130823, 68.409824949216485 ], [ 24.871833163080183, 68.409077104324638 ], [ 24.873944484076926, 68.408117282960475 ], [ 24.876126083799136, 68.407185231613752 ], [ 24.877759085276058, 68.407430209890137 ], [ 24.881061822314432, 68.406485420218118 ], [ 24.883725955219397, 68.405335153769329 ], [ 24.888703464466566, 68.405487768207493 ], [ 24.894433107423396, 68.405407535426548 ], [ 24.89673509170602, 68.405266078377693 ], [ 24.899858715978748, 68.404928607515188 ], [ 24.902668785643321, 68.404031037032766 ], [ 24.902563147994908, 68.403330075028236 ], [ 24.903400332025349, 68.402174517487126 ], [ 24.903183128394584, 68.400045981150271 ], [ 24.897864483137344, 68.398857980709721 ], [ 24.893557329307882, 68.398579526903305 ], [ 24.889084934192091, 68.397984924441275 ], [ 24.885825670637285, 68.396912220457835 ], [ 24.882333861813038, 68.396509227305458 ], [ 24.877676116057252, 68.396342515332734 ], [ 24.873564143689116, 68.396326137681527 ], [ 24.871399867491991, 68.39500693922173 ], [ 24.871246933032275, 68.392744598323034 ], [ 24.8712590274104, 68.391058432864526 ], [ 24.869008404251936, 68.389110207456554 ], [ 24.86759255330146, 68.387863278885035 ], [ 24.866212411337301, 68.385719807555432 ], [ 24.867943111901369, 68.384647582548624 ], [ 24.870658191806573, 68.383193212547681 ], [ 24.871443479315001, 68.382081990916205 ], [ 24.869809261226653, 68.380832303308367 ], [ 24.865843080528016, 68.379552811102755 ], [ 24.862442349637579, 68.378989082258258 ], [ 24.861889940503595, 68.37684717997908 ], [ 24.862100216602322, 68.375387779985246 ], [ 24.863991455459551, 68.373635951388138 ], [ 24.868424434616337, 68.373037790164261 ], [ 24.869690249197578, 68.371466280845411 ], [ 24.873306196227578, 68.371019020742722 ], [ 24.87988979070067, 68.37133594643781 ], [ 24.884520576661647, 68.371215278888982 ], [ 24.886723866275496, 68.369745216257414 ], [ 24.88896782457358, 68.368096255118417 ], [ 24.891158055497208, 68.366760530087916 ], [ 24.893506320186191, 68.364502877441396 ], [ 24.89560983727025, 68.363309516402694 ], [ 24.895434836352109, 68.362311664693792 ], [ 24.89375484414191, 68.361294829933627 ], [ 24.893303795988061, 68.359342702170608 ], [ 24.895986841489037, 68.358183565412702 ], [ 24.901566893553479, 68.357751495075718 ], [ 24.907913332758564, 68.35849490960419 ], [ 24.910773208333151, 68.359104787240767 ], [ 24.91290845672, 68.360728104059902 ], [ 24.917992514601206, 68.361204191423937 ], [ 24.924566479711334, 68.36080168009147 ], [ 24.93061986158683, 68.360509075074475 ], [ 24.936131786331639, 68.360290281110522 ], [ 24.94234026698788, 68.359891529784591 ], [ 24.946434348981271, 68.359493461048444 ], [ 24.950636633496877, 68.358701966422501 ], [ 24.953365421097583, 68.358080662225106 ], [ 24.956581782116576, 68.357169298476691 ], [ 24.959788560189832, 68.356903559564358 ], [ 24.960891968973474, 68.356791465476633 ], [ 24.962570220685752, 68.357314254720109 ], [ 24.964118371670942, 68.357934098224774 ], [ 24.966228876913259, 68.358515932012637 ], [ 24.967538247011205, 68.35881890144698 ], [ 24.969797565051312, 68.360729979823603 ], [ 24.970079892708764, 68.362195434117751 ], [ 24.971567552064926, 68.363227064753559 ], [ 24.972493744208528, 68.364287737153219 ], [ 24.971237663272834, 68.366380304301046 ], [ 24.971890401896339, 68.368872764351579 ], [ 24.973609478626511, 68.371405072437383 ], [ 24.977367231485974, 68.373710915260205 ], [ 24.981262696714676, 68.375569860511376 ], [ 24.985296798972445, 68.376694894059909 ], [ 24.989151462465692, 68.378203340821003 ], [ 24.991975708814266, 68.380093966465495 ], [ 24.994052483674167, 68.382190835200802 ], [ 24.996334344001198, 68.384173530462618 ], [ 24.999426750677639, 68.38552009986411 ], [ 25.002688256526216, 68.384671153836578 ], [ 25.003838872858616, 68.382926920868059 ], [ 25.005772973213897, 68.381676373398733 ], [ 25.007306187322424, 68.381111665434346 ], [ 25.008734360048845, 68.380357333854434 ], [ 25.008542571445304, 68.378937901054528 ], [ 25.004872271192667, 68.37725272357487 ], [ 25.007424872636964, 68.375875009237234 ], [ 25.011977594104991, 68.374144370904062 ], [ 25.014522413360453, 68.373403274460557 ], [ 25.017135203558944, 68.372438725751039 ], [ 25.019640487040732, 68.371589456341326 ], [ 25.024748066463541, 68.372125297668063 ], [ 25.029405213543864, 68.371408951524899 ], [ 25.033611761529983, 68.370839647464422 ], [ 25.038756841897456, 68.369814870004248 ], [ 25.04232029881889, 68.36852026566774 ], [ 25.047556993681315, 68.367550109374832 ], [ 25.051434696707897, 68.366833021727899 ], [ 25.053348413552087, 68.366057087562496 ], [ 25.053014683638622, 68.364277301725195 ], [ 25.049487738328519, 68.361760661494699 ], [ 25.048252654791405, 68.359728171568179 ], [ 25.048433866075428, 68.358465638705042 ], [ 25.047260459461143, 68.357133453948876 ], [ 25.04866442740197, 68.35577758466097 ], [ 25.050129095782463, 68.354278913465606 ], [ 25.053320340072403, 68.353607591799033 ], [ 25.056164225376964, 68.352734855751436 ], [ 25.053681031005841, 68.351378482338475 ], [ 25.050726086006215, 68.35042914256934 ], [ 25.051447031150801, 68.349101156581128 ], [ 25.052180405929672, 68.34734280212669 ], [ 25.050723879529684, 68.345917630796961 ], [ 25.04764187813775, 68.344760459849795 ], [ 25.043707351669422, 68.344203139116601 ], [ 25.042877995313383, 68.342552051958435 ], [ 25.04318756148335, 68.341210298796881 ], [ 25.045418482991394, 68.339828287698083 ], [ 25.04615824854973, 68.338563326198297 ], [ 25.043350776739775, 68.337050511663705 ], [ 25.040557499838247, 68.335941417164676 ], [ 25.039475367063602, 68.334412910353777 ], [ 25.041878992373857, 68.333840206782625 ], [ 25.04440372962317, 68.333268881033788 ], [ 25.047261538011139, 68.332208123719866 ], [ 25.052566685752677, 68.332323962524868 ], [ 25.057336960892176, 68.332451347406362 ], [ 25.058626176881123, 68.331847486239141 ], [ 25.059668472586651, 68.331007542144093 ], [ 25.065387080508156, 68.331109849325486 ], [ 25.067093727726107, 68.329586949848391 ], [ 25.069532009067117, 68.327731671473686 ], [ 25.071413838008663, 68.326426023936421 ], [ 25.078028061693143, 68.325677224341248 ], [ 25.079658553365977, 68.324467246221161 ], [ 25.084165808002677, 68.322510026080522 ], [ 25.086636689205402, 68.320529328935564 ], [ 25.087514966358956, 68.319023637941143 ], [ 25.089279517640971, 68.317070682317734 ], [ 25.094881639260887, 68.317654997408439 ], [ 25.100380437828139, 68.318318670024539 ], [ 25.104512448908277, 68.318796214114911 ], [ 25.108122708237929, 68.319133198803357 ], [ 25.113889717701589, 68.318615557531885 ], [ 25.110513792452771, 68.316622092044369 ], [ 25.107813109609339, 68.314681073862147 ], [ 25.106358879827162, 68.313211587219556 ], [ 25.10738495441781, 68.311366662985051 ], [ 25.111833793266104, 68.310932795838141 ], [ 25.11471878893407, 68.309763610955187 ], [ 25.114477442117401, 68.308576983062665 ], [ 25.1141406855272, 68.306492372176578 ], [ 25.113544544872752, 68.304907086666333 ], [ 25.116373928129168, 68.304400956755302 ], [ 25.118194218820108, 68.303784731470543 ], [ 25.118020988539339, 68.302652686692127 ], [ 25.118174360254727, 68.301380825066346 ], [ 25.117708010628903, 68.300864328957445 ], [ 25.110652367103238, 68.298560164228462 ], [ 25.108796181550929, 68.297857453278766 ], [ 25.107449865134605, 68.296559605029245 ], [ 25.106396586554009, 68.296404125387284 ], [ 25.104886358074275, 68.296207576473648 ], [ 25.102224989817081, 68.296159334590044 ], [ 25.098904805086345, 68.296166321012038 ], [ 25.096891824808328, 68.29618818423117 ], [ 25.095183074102213, 68.296339065707713 ], [ 25.091924737041339, 68.296185176333992 ], [ 25.089536446091302, 68.296059142138233 ], [ 25.086744151759127, 68.295838742101481 ], [ 25.084258940237348, 68.295424510050182 ], [ 25.081554466336208, 68.29502565061253 ], [ 25.079747959743461, 68.294610194176428 ], [ 25.078259143417771, 68.293875493440609 ], [ 25.077138770469517, 68.293082251527196 ], [ 25.074785610650459, 68.292256816166201 ], [ 25.072338818706065, 68.291681398668374 ], [ 25.069270449960591, 68.29129606546465 ], [ 25.066481974781098, 68.291039480396847 ], [ 25.063043928625905, 68.290730456060388 ], [ 25.060806284629773, 68.290264925509305 ], [ 25.059197360377492, 68.289528655323494 ], [ 25.057419342751931, 68.288503375149688 ], [ 25.055189123564254, 68.287670112546223 ], [ 25.053229830015908, 68.286786177017518 ], [ 25.05237531555434, 68.285161728321043 ], [ 25.0509144945073, 68.284400185856796 ], [ 25.050135090317745, 68.285018911123061 ], [ 25.049008489003594, 68.285732220302847 ], [ 25.04751154428525, 68.286243858654359 ], [ 25.046664755823532, 68.286798987128734 ], [ 25.04562666604226, 68.287324956618761 ], [ 25.044255880976785, 68.287775265593268 ], [ 25.043587581364893, 68.288224847429603 ], [ 25.04222743843086, 68.2891147541105 ], [ 25.040613306454471, 68.289858159538667 ], [ 25.037679268264828, 68.290173410983527 ], [ 25.033700112106953, 68.29080814214403 ], [ 25.030791835642937, 68.291383692734428 ], [ 25.029304146745542, 68.291778681917222 ], [ 25.028511543678913, 68.292540660585942 ], [ 25.027921224569411, 68.293484417266797 ], [ 25.02730158915017, 68.293925550733746 ], [ 25.026136865946015, 68.294225673701717 ], [ 25.023956447647826, 68.29478282706701 ], [ 25.023244544973007, 68.295169032271986 ], [ 25.022100289674054, 68.296070321211829 ], [ 25.020284466867221, 68.297169908128581 ], [ 25.018669145906763, 68.298191151034374 ], [ 25.017602416006209, 68.298196394107151 ], [ 25.016029566569895, 68.297890648784261 ], [ 25.013739062554588, 68.297199629651828 ], [ 25.011302691308003, 68.296515790749979 ], [ 25.009507479603041, 68.296261145923026 ], [ 25.007930178845953, 68.296009088125444 ], [ 25.005775172826134, 68.295436170310722 ], [ 25.00250203206172, 68.295181680194275 ], [ 24.999952495288525, 68.295518836394024 ], [ 24.996728089483639, 68.29609000937468 ], [ 24.993524907635297, 68.29724438886322 ], [ 24.990943957209279, 68.29738369788511 ], [ 24.989477558112615, 68.297249406232282 ], [ 24.987115016533682, 68.296835180575968 ], [ 24.985424496444455, 68.296769900923152 ], [ 24.983500963142522, 68.296325058658454 ], [ 24.982588512509082, 68.295408098103579 ], [ 24.982391070206184, 68.294078215780985 ], [ 24.982991541259931, 68.292766982109541 ], [ 24.983406042544022, 68.292188979075064 ], [ 24.981707340618311, 68.290849888167443 ], [ 24.981054608927913, 68.289738728461344 ], [ 24.980580406633319, 68.288253015091513 ], [ 24.981358552731791, 68.287123322555559 ], [ 24.980530214941613, 68.28608178714363 ], [ 24.979147883845382, 68.285006620976915 ], [ 24.977959629184539, 68.28365573296216 ], [ 24.976257486707873, 68.282639439012257 ], [ 24.973925316575489, 68.281902480265828 ], [ 24.971438119789241, 68.281549288705889 ], [ 24.968147967334364, 68.281240079583199 ], [ 24.966716249936528, 68.280729271120322 ], [ 24.964628282947231, 68.280246308991011 ], [ 24.963816594192878, 68.279572637844481 ], [ 24.962305126804672, 68.278872449352193 ], [ 24.96239165582163, 68.278173881924431 ], [ 24.962240317203012, 68.277427554177095 ], [ 24.962691217514003, 68.276715510645332 ], [ 24.963172300172765, 68.276479214594701 ], [ 24.963717942718841, 68.276333411719747 ], [ 24.964114940223777, 68.27486725789268 ], [ 24.963672582695366, 68.27412634375203 ], [ 24.963284631029371, 68.273861473186926 ], [ 24.962769409819835, 68.273666810647839 ], [ 24.96026475660204, 68.272165120806378 ], [ 24.960259665557096, 68.270595375099631 ], [ 24.959532961903836, 68.26978817585119 ], [ 24.958902881806353, 68.268713062083634 ], [ 24.959315921372859, 68.268153044183109 ], [ 24.959839256260494, 68.267441897171736 ], [ 24.960534974337744, 68.26669697864898 ], [ 24.961317167932656, 68.26633881069715 ], [ 24.96189931467519, 68.265780859751331 ], [ 24.965390195599539, 68.26516880626572 ], [ 24.965489335104301, 68.264326875528354 ], [ 24.96634149768505, 68.263996451752973 ], [ 24.968203481367134, 68.263194001497894 ], [ 24.969272267340845, 68.262875182694302 ], [ 24.969216399356135, 68.261869904926115 ], [ 24.968400154687053, 68.260980919425222 ], [ 24.967141779396552, 68.260167256804721 ], [ 24.966993583600715, 68.259385096123609 ], [ 24.966458491392761, 68.258329108965668 ], [ 24.965589911479665, 68.257215236929184 ], [ 24.964768388632255, 68.256388950582348 ], [ 24.963612876888977, 68.255782817796984 ], [ 24.962869977798551, 68.255432872689283 ], [ 24.959757437742361, 68.254802724141115 ], [ 24.958363873142591, 68.25442683539697 ], [ 24.957394559491043, 68.253634577619167 ], [ 24.956253918120083, 68.253136206173238 ], [ 24.955461852472727, 68.252256418349916 ], [ 24.95521974963642, 68.251177088195291 ], [ 24.954786917900773, 68.250337588723596 ], [ 24.954850757515889, 68.249082619688551 ], [ 24.95585196576641, 68.24816208929461 ], [ 24.957214576683509, 68.247254968433566 ], [ 24.958279421846797, 68.246702964248925 ], [ 24.959385322959101, 68.246232180528366 ], [ 24.960650480631696, 68.245601889448011 ], [ 24.961804790616984, 68.245400772141977 ], [ 24.963113550174544, 68.24509390658929 ], [ 24.9633198690473, 68.244405778856247 ], [ 24.96295854637561, 68.24357614224337 ], [ 24.962230415369056, 68.243064925258068 ], [ 24.961888521821287, 68.24228934491542 ], [ 24.960652735131948, 68.242049946044006 ], [ 24.9598939893664, 68.24134100371549 ], [ 24.959262417347762, 68.240561869440498 ], [ 24.958671653905153, 68.239325771153986 ], [ 24.958534887603552, 68.238149078154379 ], [ 24.958179887362093, 68.236709570283125 ], [ 24.957166217069762, 68.235880881930072 ], [ 24.954853150956687, 68.235260438464138 ], [ 24.952840418776386, 68.23479614408653 ], [ 24.950304610138954, 68.233966586696141 ], [ 24.948907546642129, 68.233106202441391 ], [ 24.948348991965251, 68.232327912245893 ], [ 24.948000366578103, 68.231094765747244 ], [ 24.947729082642653, 68.230077832676514 ], [ 24.946958192564402, 68.22897401057439 ], [ 24.945736892140342, 68.22777491778713 ], [ 24.945158455654489, 68.226682429578972 ], [ 24.94543188830459, 68.225788844876419 ], [ 24.944445688407246, 68.224395307598002 ], [ 24.943914838270192, 68.223043284969833 ], [ 24.942175259363893, 68.221972288240167 ], [ 24.940444694001503, 68.221071812867734 ], [ 24.939433157048498, 68.220234054259947 ], [ 24.938350147024131, 68.219386428013919 ], [ 24.936325585321192, 68.218536068369644 ], [ 24.934827722854614, 68.218006174162568 ], [ 24.93337020336298, 68.217297373241337 ], [ 24.932219230964964, 68.216404008373829 ], [ 24.930853996822702, 68.214942877997387 ], [ 24.930454945338798, 68.214014019047994 ], [ 24.929165203418876, 68.213056113420208 ], [ 24.927914074475886, 68.212206313769784 ], [ 24.926414193058488, 68.210904917539949 ], [ 24.924947744243646, 68.20923615056887 ], [ 24.925186927879238, 68.207660457168885 ], [ 24.926084347427885, 68.20707966414983 ], [ 24.927941640908831, 68.206026479922528 ], [ 24.929150899677285, 68.205198409441209 ], [ 24.930696914889154, 68.204114410869664 ], [ 24.931917420862685, 68.202891788112964 ], [ 24.932428342483519, 68.201507834487273 ], [ 24.932890093643188, 68.200401341932078 ], [ 24.932935686675247, 68.199092323238872 ], [ 24.933196585921866, 68.197803924130781 ], [ 24.933908889475038, 68.196592906196173 ], [ 24.935503095660696, 68.195500488095931 ], [ 24.936986993955554, 68.194828278222175 ], [ 24.938165609808458, 68.194062555941272 ], [ 24.940030174889657, 68.192641579889809 ], [ 24.940942760695659, 68.191343326263407 ], [ 24.941692181349573, 68.190249349333428 ], [ 24.94322214379207, 68.188519223197332 ], [ 24.943690305859587, 68.186524770571253 ], [ 24.943622035195876, 68.184595435043605 ], [ 24.943611560357901, 68.182828263434459 ], [ 24.942786251995219, 68.181275236809924 ], [ 24.942681150960713, 68.179219860363773 ], [ 24.94303516393483, 68.177690416671538 ], [ 24.944055347745287, 68.176797124266187 ], [ 24.946403004342038, 68.176153481469655 ], [ 24.94896732160251, 68.175781578367761 ], [ 24.950732900553493, 68.175175532101065 ], [ 24.952434802964795, 68.174200911611649 ], [ 24.953803498231377, 68.173177323159464 ], [ 24.955511677551474, 68.172400091406288 ], [ 24.959572445139067, 68.171454477724751 ], [ 24.963519444736015, 68.170157548515036 ], [ 24.967118694037485, 68.16897288117228 ], [ 24.969828822738581, 68.168028393603493 ], [ 24.972366755773198, 68.166848552737932 ], [ 24.973448828192431, 68.16605452169749 ], [ 24.974595174113208, 68.164803816029234 ], [ 24.975454954373955, 68.16406984205824 ], [ 24.976384093941284, 68.163094533535443 ], [ 24.976991652637036, 68.162213964221607 ], [ 24.978418508516036, 68.161056355888846 ], [ 24.979423963562265, 68.160306203509109 ], [ 24.980379634260007, 68.15957337623793 ], [ 24.981641314840754, 68.158646942741797 ], [ 24.982596551840761, 68.158192159454771 ], [ 24.985821765810204, 68.157944364172678 ], [ 24.988365664787711, 68.158325078793595 ], [ 24.990184199241103, 68.159288941799645 ], [ 24.993740316618116, 68.159941968083345 ], [ 24.996184088526629, 68.160922303365666 ], [ 24.999519885225233, 68.162173483634476 ], [ 25.003468632938727, 68.163306409158992 ], [ 25.005903940124139, 68.163838016567126 ], [ 25.009582318249333, 68.164205131650093 ], [ 25.012489831908525, 68.164293837276162 ], [ 25.015520802970492, 68.164348095816266 ], [ 25.018174427097787, 68.164308092424363 ], [ 25.020452990016377, 68.164146962748262 ], [ 25.023103351632386, 68.163864660263059 ], [ 25.024773996615501, 68.163767976253112 ], [ 25.027574486013584, 68.163980718635671 ], [ 25.031295994944788, 68.164410645335607 ], [ 25.033623399797587, 68.164240951608562 ], [ 25.035822886303457, 68.163594322102483 ], [ 25.039397116012275, 68.162928060613339 ], [ 25.041589835289788, 68.162640060250126 ], [ 25.0443768540154, 68.162161713089574 ], [ 25.047061412042144, 68.16175386915215 ], [ 25.049489741261844, 68.16180937875427 ], [ 25.05219140618145, 68.161482374559839 ], [ 25.054529745309473, 68.161177980666409 ], [ 25.05854797634543, 68.160947054722783 ], [ 25.061001962857507, 68.160697736017539 ], [ 25.063874045043988, 68.160345628654383 ], [ 25.06605565598203, 68.160182746190571 ], [ 25.068290632556945, 68.159957674470832 ], [ 25.069505910326455, 68.159541311527434 ], [ 25.069664669905674, 68.158224683776751 ], [ 25.068829384265552, 68.157273179438363 ], [ 25.067452883868647, 68.155884841083434 ], [ 25.066488466489538, 68.154752431414607 ], [ 25.065682094188087, 68.153460411885973 ], [ 25.064879633848491, 68.151836580827023 ], [ 25.062851428483661, 68.149902417530498 ], [ 25.06087670060559, 68.148480108408137 ], [ 25.058934275973087, 68.147533526277527 ], [ 25.055034525961318, 68.146106507241697 ], [ 25.050486993214037, 68.145227873017845 ], [ 25.045209256099241, 68.144448114439868 ], [ 25.042100267783788, 68.143927054829163 ], [ 25.040102490384051, 68.143078243236928 ], [ 25.038960999727454, 68.141504061267227 ], [ 25.036342384600424, 68.140037926688734 ], [ 25.035533921711163, 68.139077586553626 ], [ 25.034618340135157, 68.137963483214165 ], [ 25.03241037535749, 68.137049291084168 ], [ 25.029148456409239, 68.136642752828479 ], [ 25.026034737752941, 68.136193069026817 ], [ 25.025357431590898, 68.135673735877916 ], [ 25.025347591186677, 68.134947090345833 ], [ 25.02524835867284, 68.13386060978732 ], [ 25.025193556524655, 68.133097553522646 ], [ 25.025097591709265, 68.132253284660507 ], [ 25.023329492506441, 68.131550499185238 ], [ 25.019131344825173, 68.131410628246641 ], [ 25.015589887869595, 68.131188829457599 ], [ 25.013481214020029, 68.131369836454226 ], [ 25.009523502675638, 68.130954548006486 ], [ 25.005748069236873, 68.130936015002646 ], [ 25.003699923056093, 68.130696061140469 ], [ 25.001869058610627, 68.129893622017178 ], [ 25.001427403257512, 68.129161762555924 ], [ 25.001922356702206, 68.127894065788539 ], [ 25.002463607748236, 68.127200973509119 ], [ 25.003317168826459, 68.12651164794606 ], [ 25.004187020055543, 68.125634151154472 ], [ 25.002785970235379, 68.124594725174674 ], [ 25.002628817564474, 68.12391114889428 ], [ 25.003023528071843, 68.122965137930365 ], [ 25.002940073677497, 68.12198645457498 ], [ 25.001801996570652, 68.120968128049824 ], [ 25.000543043205806, 68.120235355745436 ], [ 25.000728579767653, 68.119206099361364 ], [ 24.999965033713778, 68.118030829128926 ], [ 24.998712643436612, 68.116948310487885 ], [ 24.997057388995128, 68.116076170037644 ], [ 24.995522492193217, 68.114927418598015 ], [ 24.994763845886261, 68.113976418558821 ], [ 24.993800682647176, 68.11316645095792 ], [ 24.991337044214372, 68.112472806879808 ], [ 24.98843063449057, 68.111621258974012 ], [ 24.985824052874293, 68.110916826627403 ], [ 24.981433306634813, 68.110002220786157 ], [ 24.978291054382527, 68.109380814518431 ], [ 24.975654719515763, 68.108747611361764 ], [ 24.972633240998309, 68.107849508944255 ], [ 24.969722253193712, 68.106791267103162 ], [ 24.96852937862004, 68.105601585057173 ], [ 24.967362495704872, 68.104663374795123 ], [ 24.965571863761184, 68.103170326646449 ], [ 24.964417627729251, 68.102635876521134 ], [ 24.963789638411043, 68.101856754306169 ], [ 24.96332706380208, 68.100837477292899 ], [ 24.962057750246107, 68.100247778263736 ], [ 24.960469370215119, 68.099734857114868 ], [ 24.959222587956202, 68.099163350492233 ], [ 24.95792469991482, 68.098627086906646 ], [ 24.956636556785167, 68.098252381196161 ], [ 24.956575531014451, 68.092708301556357 ], [ 24.959651639828635, 68.092145321677307 ], [ 24.962340591486974, 68.091613397897405 ], [ 24.964506650881578, 68.091290262640825 ], [ 24.965978718434155, 68.090393466558183 ], [ 24.965735875491987, 68.089062957604781 ], [ 24.965898460835938, 68.087764349421576 ], [ 24.965280029996315, 68.086608601079462 ], [ 24.964335910461941, 68.085879395586602 ], [ 24.962952982931071, 68.08522550826433 ], [ 24.960560477162876, 68.08458605333864 ], [ 24.959222548022893, 68.083968563594809 ], [ 24.958522490783082, 68.08319747802895 ], [ 24.958080536059697, 68.082223281577413 ], [ 24.957175255760156, 68.081602145952019 ], [ 24.955954481721712, 68.081291052753315 ], [ 24.954835692436298, 68.080371257400188 ], [ 24.953582675528097, 68.07934215533939 ], [ 24.952409096278995, 68.078771489629247 ], [ 24.952798729579673, 68.077897268930087 ], [ 24.952358038341266, 68.077183197863874 ], [ 24.953043400427145, 68.07649204676882 ], [ 24.954366515016329, 68.075916427630006 ], [ 24.95531725182407, 68.075479700672417 ], [ 24.955587302292656, 68.075411292115575 ], [ 24.956049491603324, 68.075883437997405 ], [ 24.957501444486592, 68.075748903918139 ], [ 24.95904987707706, 68.075337492156109 ], [ 24.960987358987555, 68.074868082787873 ], [ 24.96337344692105, 68.073937749414839 ], [ 24.965287786836612, 68.07291187547672 ], [ 24.96916945805572, 68.072161336314991 ], [ 24.971624384557714, 68.071805803196398 ], [ 24.973563299846727, 68.071040258405404 ], [ 24.975999561101641, 68.070074491979142 ], [ 24.97710598105353, 68.068948889346387 ], [ 24.978076281678138, 68.067184771090865 ], [ 24.978256027157624, 68.065680052873489 ], [ 24.978089318050475, 68.064296673576663 ], [ 24.9759738743432, 68.062979122827812 ], [ 24.973331146741767, 68.061933126541192 ], [ 24.970975490562228, 68.060352430077074 ], [ 24.96858988356492, 68.05884308756518 ], [ 24.963679844605529, 68.055777718477216 ], [ 24.958779826623765, 68.05369899778178 ], [ 24.957324213619572, 68.052263761833913 ], [ 24.95843305190165, 68.051111400380677 ], [ 24.960593753431748, 68.050806234236148 ], [ 24.962800480052003, 68.050250444236568 ], [ 24.963971561392011, 68.04947555479454 ], [ 24.965920991432021, 68.048844799688879 ], [ 24.969281998904766, 68.047971270905009 ], [ 24.972806802930826, 68.04741362907285 ], [ 24.97643429249711, 68.046776449049105 ], [ 24.97980087059409, 68.045831021909962 ], [ 24.983738187225136, 68.044659288327267 ], [ 24.985951311755588, 68.043466436283467 ], [ 24.987352078261299, 68.041967647935394 ], [ 24.988595211779259, 68.040350319976937 ], [ 24.989803315689603, 68.038858129121508 ], [ 24.990229214674706, 68.037266715038527 ], [ 24.988372898784213, 68.036571362472557 ], [ 24.986558289890386, 68.035948256211654 ], [ 24.983806222058011, 68.035636576653033 ], [ 24.980717806692287, 68.034513468139792 ], [ 24.977239778955184, 68.034013392781588 ], [ 24.972008825683758, 68.032469159872406 ], [ 24.970328902511273, 68.031138906925293 ], [ 24.968831147532185, 68.029918522809595 ], [ 24.967547924038772, 68.029256882464026 ], [ 24.965946149800786, 68.028950102485041 ], [ 24.962754825400019, 68.028471192370404 ], [ 24.960809279239971, 68.027989691322389 ], [ 24.961098627798165, 68.02688100891929 ], [ 24.962128494311081, 68.025521359429902 ], [ 24.963233162484624, 68.024126744055195 ], [ 24.964458359914577, 68.022993739813373 ], [ 24.965859751151331, 68.021217069951476 ], [ 24.967194968785314, 68.019645880826502 ], [ 24.968212372542258, 68.018420592288805 ], [ 24.969257809509568, 68.017419888138321 ], [ 24.971254990433444, 68.016484708006047 ], [ 24.973494270805546, 68.015516597512757 ], [ 24.97571612202222, 68.014745586072976 ], [ 24.976535335661517, 68.01413673613628 ], [ 24.977182393908624, 68.01303242471252 ], [ 24.975815179208706, 68.012244236484335 ], [ 24.972669458630172, 68.011541811735228 ], [ 24.968914908623823, 68.010688311417468 ], [ 24.96596165327804, 68.009979152801108 ], [ 24.963227927382729, 68.009496897960688 ], [ 24.96121802912247, 68.009220896482432 ], [ 24.958859488134166, 68.009371096288035 ], [ 24.956893481771026, 68.009140434224705 ], [ 24.955472613522755, 68.008970326360298 ], [ 24.954366796238652, 68.009297458596237 ], [ 24.952768448656286, 68.009510829333621 ], [ 24.950806580064793, 68.009504382981774 ], [ 24.949408248593546, 68.009890641434524 ], [ 24.947628068952039, 68.009994063894027 ], [ 24.945843127666251, 68.010151221802857 ], [ 24.943129748549925, 68.009982829098064 ], [ 24.941018054926612, 68.009507972724407 ], [ 24.939033980809306, 68.008406782256117 ], [ 24.937588730723721, 68.007168788606421 ], [ 24.935022654996452, 68.005889834921149 ], [ 24.933882888493624, 68.004718420633907 ], [ 24.931408096624356, 68.003494364316495 ], [ 24.928352125554063, 68.002083570667665 ], [ 24.92563794693427, 68.001134483282556 ], [ 24.923541855905491, 68.000498116408664 ], [ 24.92135537592036, 67.999537667007019 ], [ 24.918713468841599, 67.998589371088627 ], [ 24.915637955334446, 67.997411293835256 ], [ 24.913979623225668, 67.996170374596801 ], [ 24.913316614121285, 67.994502522305808 ], [ 24.912926779995708, 67.993519844705631 ], [ 24.913191487167005, 67.99190859450772 ], [ 24.914366705386627, 67.990542093504658 ], [ 24.914658550143034, 67.98729863416807 ], [ 24.91417499077869, 67.985498494931448 ], [ 24.913325612153866, 67.98484189186118 ], [ 24.911181729235022, 67.983164222225284 ], [ 24.909983944199123, 67.981866301947662 ], [ 24.907607090109586, 67.980391925857674 ], [ 24.90702430522353, 67.978904456802098 ], [ 24.906810990414147, 67.977825327606269 ], [ 24.906707367786225, 67.976855240877526 ], [ 24.907164905365235, 67.975757739345781 ], [ 24.907496186408288, 67.974999495957306 ] ] ] } }
]
}
