"date","mean_thaw_depth","mean_frost_depth","mean_snow_depth","mean_swe","mean_lz_volume","mean_uz_volume","mean_runoff","open_thaw_depth","open_frost_depth","open_snow_depth","open_swe","open_lz_volume","open_uz_volume","open_runoff","forest_thaw_depth","forest_frost_depth","forest_snow_depth","forest_swe","forest_lz_volume","forest_uz_volume","forest_runoff","bog_thaw_depth","bog_frost_depth","bog_snow_depth","bog_swe","bog_sm_volume","bog_runoff"
"2024-01-01","37.62","90.01","7.85","10.85","73.79","74.0","10.94","40.37","91.18","6.11","5.02","66.84","64.82","8.51","32.28","79.86","0","0","56.17","56.0","7.06","29.68","78.92","0","0","63.33","9.08"
"2024-01-02","39.08","88.75","9.43","13.07","74.26","74.41","11.01","41.57","89.55","7.23","6.73","66.97","64.95","8.54","33.4","78.21","0","0","56.53","56.43","7.17","31.06","77.62","0","0","64.03","9.23"
"2024-01-03","40.54","87.48","10.99","15.29","74.72","74.8","11.08","42.77","87.92","8.34","8.44","67.1","65.07","8.56","34.52","76.55","0","0","56.9","56.87","7.27","32.45","76.34","0","0.04","64.73","9.38"
"2024-01-04","42.0","86.21","12.54","17.49","75.18","75.19","11.15","43.96","86.28","9.45","10.14","67.22","65.19","8.59","35.64","74.91","0","0","57.28","57.31","7.38","33.85","75.06","0","2.47","65.43","9.53"
"2024-01-05","43.45","84.93","14.09","19.67","75.62","75.56","11.21","45.14","84.63","10.55","11.84","67.34","65.32","8.61","36.77","73.27","0","0","57.67","57.76","7.49","35.24","73.79","0.63","4.9","66.14","9.68"
"2024-01-06","44.9","83.64","15.62","21.85","76.05","75.93","11.27","46.32","82.98","11.64","13.52","67.47","65.44","8.64","37.9","71.64","0","0","58.07","58.23","7.6","36.64","72.52","2.29","7.34","66.84","9.83"
"2024-01-07","46.34","82.36","17.15","24.0","76.47","76.29","11.33","47.49","81.33","12.72","15.21","67.59","65.57","8.67","39.03","70.02","0","0.68","58.47","58.7","7.71","38.05","71.27","3.95","9.77","67.54","9.98"
"2024-01-08","47.78","81.06","18.66","26.15","76.88","76.64","11.39","48.65","79.67","13.8","16.88","67.71","65.7","8.69","40.16","68.4","0.49","2.66","58.89","59.18","7.83","39.45","70.02","5.61","12.2","68.24","10.13"
"2024-01-09","49.21","79.77","20.16","28.27","77.29","76.97","11.45","49.81","78.02","14.87","18.55","67.83","65.83","8.72","41.3","66.8","1.73","4.63","59.31","59.66","7.94","40.86","68.78","7.27","14.63","68.94","10.27"
"2024-01-10","50.63","78.47","21.64","30.38","77.68","77.3","11.5","50.96","76.36","15.94","20.21","67.95","65.96","8.75","42.43","65.21","2.98","6.62","59.74","60.16","8.06","42.27","67.54","8.94","17.06","69.64","10.42"
"2024-01-11","52.04","77.17","23.11","32.47","78.06","77.62","11.55","52.1","74.7","16.99","21.86","68.07","66.09","8.78","43.57","63.62","4.23","8.61","60.18","60.66","8.18","43.68","66.32","10.6","19.48","70.33","10.56"
"2024-01-12","53.45","75.87","24.57","34.54","78.43","77.93","11.6","53.23","73.04","18.04","23.51","68.18","66.22","8.81","44.71","62.05","5.48","10.61","60.63","61.17","8.3","45.09","65.1","12.26","21.9","71.03","10.71"
"2024-01-13","54.85","74.56","26.02","36.59","78.79","78.22","11.65","54.35","71.38","19.08","25.15","68.3","66.36","8.84","45.84","60.49","6.75","12.62","61.09","61.69","8.42","46.51","63.9","13.93","24.31","71.72","10.85"
"2024-01-14","56.23","73.25","27.45","38.63","79.14","78.51","11.7","55.46","69.72","20.11","26.78","68.42","66.5","8.88","46.98","58.95","8.01","14.63","61.55","62.22","8.55","47.92","62.7","15.58","26.72","72.4","11.0"
"2024-01-15","57.61","71.94","28.86","40.64","79.48","78.79","11.74","56.57","68.06","21.14","28.4","68.54","66.64","8.91","48.12","57.41","9.29","16.65","62.02","62.75","8.67","49.33","61.51","17.24","29.11","73.09","11.14"
"2024-01-16","58.98","70.63","30.26","42.63","79.81","79.05","11.78","57.66","66.41","22.16","30.02","68.66","66.79","8.94","49.25","55.9","10.56","18.67","62.5","63.29","8.8","50.74","60.33","18.89","31.5","73.77","11.28"
"2024-01-17","60.34","69.32","31.64","44.6","80.12","79.31","11.82","58.75","64.76","23.17","31.63","68.78","66.93","8.98","50.39","54.39","11.84","20.69","62.98","63.83","8.93","52.14","59.16","20.54","33.88","74.44","11.41"
"2024-01-18","61.69","68.01","33.01","46.55","80.43","79.56","11.86","59.83","63.11","24.17","33.22","68.9","67.08","9.02","51.52","52.9","13.13","22.71","63.48","64.39","9.05","53.54","58.0","22.18","36.25","75.11","11.55"
"2024-01-19","63.02","66.69","34.36","48.48","80.73","79.79","11.89","60.9","61.47","25.16","34.81","69.03","67.23","9.05","52.66","51.42","14.42","24.74","63.97","64.94","9.18","54.95","56.85","23.82","38.6","75.78","11.69"
"2024-01-20","64.34","65.38","35.69","50.38","81.01","80.02","11.93","61.95","59.83","26.15","36.39","69.15","67.39","9.09","53.79","49.96","15.71","26.77","64.48","65.5","9.31","56.34","55.71","25.45","40.94","76.43","11.82"
"2024-01-21","65.65","64.07","37.0","52.26","81.28","80.24","11.96","63.0","58.2","27.13","37.96","69.27","67.55","9.13","54.92","48.52","17.0","28.8","64.99","66.07","9.45","57.73","54.58","27.07","43.27","77.09","11.95"
"2024-01-22","66.95","62.75","38.29","54.11","81.55","80.45","11.99","64.04","56.57","28.1","39.52","69.4","67.71","9.17","56.05","47.09","18.3","30.83","65.51","66.65","9.58","59.12","53.45","28.69","45.59","77.73","12.08"
"2024-01-23","68.23","61.44","39.57","55.94","81.8","80.64","12.02","65.06","54.96","29.06","41.08","69.53","67.88","9.22","57.18","45.68","19.6","32.86","66.03","67.22","9.71","60.5","52.35","30.29","47.88","78.37","12.21"
"2024-01-24","69.5","60.13","40.83","57.74","82.04","80.83","12.05","66.08","53.35","30.01","42.62","69.66","68.04","9.26","58.3","44.29","20.9","34.89","66.56","67.8","9.84","61.88","51.25","31.89","50.16","79.0","12.34"
"2024-01-25","70.76","58.82","42.06","59.52","82.27","81.01","12.07","67.09","51.75","30.96","44.15","69.79","68.22","9.3","59.43","42.91","22.2","36.91","67.1","68.39","9.98","63.25","50.16","33.48","52.43","79.63","12.46"
"2024-01-26","72.0","57.51","43.28","61.27","82.49","81.18","12.09","68.08","50.15","31.89","45.67","69.93","68.39","9.35","60.55","41.56","23.5","38.94","67.64","68.98","10.11","64.61","49.08","35.05","54.67","80.24","12.58"
"2024-01-27","73.22","56.2","44.48","63.0","82.7","81.34","12.12","69.06","48.57","32.82","47.19","70.07","68.58","9.4","61.66","40.22","24.8","40.96","68.18","69.57","10.25","65.97","48.01","36.62","56.9","80.85","12.7"
"2024-01-28","74.43","54.9","45.65","64.7","82.89","81.49","12.14","70.03","47.0","33.74","48.69","70.2","68.76","9.44","62.77","38.9","26.11","42.98","68.73","70.17","10.38","67.32","46.96","38.17","59.1","81.45","12.82"
"2024-01-29","75.63","53.6","46.81","66.37","83.08","81.63","12.15","70.99","45.44","34.65","50.18","70.35","68.95","9.49","63.88","37.6","27.41","44.99","69.28","70.76","10.52","68.65","45.91","39.71","61.28","82.04","12.94"
"2024-01-30","76.8","52.3","47.94","68.01","83.26","81.76","12.17","71.94","43.89","35.56","51.66","70.49","69.14","9.54","64.99","36.32","28.71","47.0","69.84","71.37","10.65","69.98","44.88","41.23","63.44","82.62","13.05"
"2024-01-31","77.96","51.01","49.05","69.63","83.42","81.88","12.19","72.88","42.36","36.45","53.13","70.64","69.34","9.6","66.09","35.06","30.01","49.0","70.4","71.97","10.79","71.3","43.86","42.74","65.58","83.19","13.16"
"2024-02-01","79.11","49.72","50.15","71.22","83.58","82.0","12.2","73.81","40.83","37.34","54.58","70.79","69.54","9.65","67.18","33.83","31.31","50.99","70.96","72.57","10.92","72.61","42.85","44.23","67.69","83.75","13.27"
"2024-02-02","80.23","48.43","51.22","72.78","83.73","82.1","12.21","74.72","39.32","38.21","56.03","70.94","69.75","9.7","68.27","32.61","32.6","52.98","71.53","73.18","11.06","73.91","41.85","45.71","69.78","84.3","13.37"
"2024-02-03","81.34","47.15","52.26","74.31","83.86","82.2","12.22","75.62","37.83","39.08","57.47","71.1","69.96","9.76","69.35","31.41","33.9","54.95","72.1","73.78","11.19","75.2","40.86","47.18","71.84","84.84","13.48"
"2024-02-04","82.43","45.88","53.29","75.81","83.99","82.29","12.23","76.51","36.35","39.94","58.89","71.26","70.17","9.81","70.43","30.24","35.19","56.92","72.67","74.39","11.33","76.48","39.89","48.62","73.88","85.37","13.58"
"2024-02-05","83.5","44.61","54.29","77.28","84.1","82.37","12.24","77.38","34.89","40.8","60.3","71.42","70.39","9.87","71.51","29.09","36.47","58.88","73.24","75.0","11.46","77.74","38.93","50.05","75.89","85.88","13.67"
"2024-02-06","84.55","43.35","55.27","78.72","84.21","82.44","12.25","78.25","33.44","41.64","61.7","71.59","70.61","9.93","72.57","27.96","37.75","60.83","73.81","75.6","11.6","78.99","37.98","51.46","77.87","86.39","13.77"
"2024-02-07","85.59","42.09","56.23","80.13","84.3","82.51","12.26","79.1","32.01","42.47","63.09","71.76","70.84","9.99","73.63","26.85","39.03","62.76","74.39","76.21","11.73","80.23","37.04","52.85","79.82","86.88","13.86"
"2024-02-08","86.6","40.84","57.16","81.51","84.39","82.56","12.26","79.94","30.59","43.3","64.46","71.94","71.08","10.05","74.68","25.77","40.3","64.69","74.97","76.81","11.86","81.45","36.11","54.22","81.74","87.36","13.95"
"2024-02-09","87.6","39.6","58.07","82.86","84.47","82.61","12.26","80.76","29.2","44.11","65.82","72.11","71.31","10.11","75.73","24.71","41.57","66.6","75.54","77.41","12.0","82.66","35.2","55.57","83.63","87.83","14.04"
"2024-02-10","88.57","38.37","58.96","84.18","84.54","82.66","12.27","81.58","27.82","44.92","67.17","72.29","71.55","10.18","76.77","23.67","42.83","68.5","76.12","78.02","12.13","83.85","34.3","56.9","85.49","88.29","14.12"
"2024-02-11","89.52","37.14","59.82","85.47","84.6","82.69","12.27","82.38","26.47","45.72","68.51","72.48","71.8","10.24","77.8","22.66","44.08","70.38","76.7","78.61","12.26","85.03","33.41","58.21","87.31","88.73","14.2"
"2024-02-12","90.46","35.92","60.66","86.73","84.65","82.72","12.27","83.16","25.13","46.51","69.83","72.67","72.05","10.31","78.82","21.67","45.33","72.25","77.27","79.21","12.39","86.2","32.53","59.5","89.11","89.16","14.28"
"2024-02-13","91.37","34.72","61.48","87.96","84.69","82.74","12.27","83.94","23.81","47.29","71.14","72.86","72.31","10.38","79.83","20.7","46.57","74.1","77.85","79.8","12.52","87.34","31.67","60.77","90.86","89.58","14.35"
"2024-02-14","92.26","33.52","62.27","89.15","84.72","82.76","12.27","84.7","22.52","48.06","72.43","73.06","72.57","10.44","80.83","19.76","47.8","75.94","78.42","80.39","12.64","88.47","30.82","62.01","92.59","89.98","14.42"
"2024-02-15","93.13","32.33","63.04","90.32","84.75","82.77","12.26","85.45","21.24","48.83","73.71","73.26","72.83","10.51","81.83","18.85","49.02","77.75","78.99","80.98","12.77","89.58","29.98","63.22","94.28","90.37","14.49"
"2024-02-16","93.98","31.15","63.78","91.45","84.76","82.77","12.26","86.18","19.99","49.58","74.98","73.46","73.1","10.58","82.81","17.95","50.23","79.55","79.57","81.56","12.89","90.68","29.16","64.42","95.93","90.75","14.56"
"2024-02-17","94.81","29.99","64.5","92.55","84.77","82.77","12.26","86.9","18.76","50.32","76.23","73.67","73.37","10.65","83.79","17.09","51.43","81.33","80.13","82.14","13.02","91.76","28.35","65.59","97.55","91.11","14.62"
"2024-02-18","95.61","28.83","65.2","93.62","84.78","82.76","12.25","87.61","17.55","51.06","77.47","73.88","73.65","10.73","84.75","16.24","52.62","83.09","80.7","82.71","13.14","92.81","27.55","66.73","99.13","91.45","14.68"
"2024-02-19","96.4","27.69","65.87","94.66","84.77","82.75","12.25","88.3","16.37","51.78","78.69","74.1","73.93","10.8","85.7","15.42","53.8","84.83","81.26","83.28","13.26","93.85","26.76","67.85","100.68","91.79","14.73"
"2024-02-20","97.16","26.56","66.52","95.67","84.76","82.73","12.24","88.98","15.21","52.5","79.9","74.32","74.22","10.87","86.65","14.63","54.97","86.55","81.82","83.84","13.38","94.87","25.99","68.94","102.18","92.11","14.78"
"2024-02-21","97.9","25.44","67.14","96.64","84.74","82.71","12.24","89.64","14.08","53.21","81.09","74.54","74.51","10.95","87.58","13.86","56.13","88.24","82.37","84.4","13.49","95.87","25.23","70.01","103.65","92.41","14.83"
"2024-02-22","98.61","24.34","67.74","97.58","84.71","82.68","12.23","90.29","12.97","53.9","82.26","74.77","74.8","11.02","88.5","13.12","57.27","89.91","82.92","84.95","13.61","96.85","24.49","71.04","105.08","92.7","14.88"
"2024-02-23","99.3","23.25","68.32","98.49","84.68","82.65","12.22","90.93","11.89","54.59","83.43","75.0","75.1","11.1","89.4","12.41","58.4","91.56","83.47","85.49","13.72","97.81","23.76","72.06","106.47","92.97","14.92"
"2024-02-24","99.98","22.17","68.87","99.37","84.64","82.61","12.22","91.55","10.83","55.27","84.57","75.24","75.4","11.18","90.3","11.72","59.52","93.18","84.01","86.03","13.83","98.74","23.04","73.04","107.82","93.23","14.96"
"2024-02-25","100.62","21.11","69.4","100.22","84.59","82.57","12.21","92.16","9.8","55.94","85.7","75.48","75.7","11.26","91.18","11.05","60.62","94.78","84.54","86.55","13.94","99.66","22.34","73.99","109.12","93.48","15.0"
"2024-02-26","101.25","20.07","69.9","101.03","84.54","82.53","12.2","92.76","8.8","56.6","86.81","75.72","76.01","11.33","92.05","10.41","61.71","96.35","85.07","87.07","14.05","100.55","21.65","74.92","110.39","93.7","15.03"
"2024-02-27","101.85","19.03","70.38","101.82","84.48","82.48","12.19","93.34","7.82","57.24","87.9","75.97","76.32","11.41","92.9","9.8","62.78","97.9","85.59","87.59","14.16","101.42","20.97","75.82","111.62","93.92","15.06"
"2024-02-28","102.43","18.02","70.84","102.57","84.42","82.43","12.18","93.91","6.87","57.88","88.98","76.21","76.63","11.49","93.75","9.21","63.84","99.42","86.11","88.09","14.26","102.27","20.31","76.68","112.8","94.12","15.09"
"2024-02-29","102.98","17.02","71.27","103.29","84.35","82.37","12.17","94.46","5.95","58.51","90.04","76.47","76.95","11.57","94.57","8.64","64.88","100.9","86.62","88.58","14.36","103.1","19.66","77.52","113.94","94.3","15.11"
"2024-03-01","103.52","16.04","71.68","103.98","84.28","82.32","12.16","95.0","5.06","59.13","91.08","76.72","77.27","11.65","95.38","8.11","65.91","102.36","87.12","89.07","14.46","103.9","19.03","78.33","115.04","94.47","15.13"
"2024-03-02","104.03","15.08","72.07","104.63","84.2","82.26","12.15","95.52","4.19","59.73","92.1","76.98","77.59","11.74","96.18","7.6","66.91","103.79","87.61","89.54","14.55","104.68","18.41","79.11","116.09","94.62","15.15"
"2024-03-03","104.51","14.13","72.43","105.26","84.12","82.2","12.15","96.03","3.36","60.33","93.11","77.24","77.91","11.82","96.96","7.11","67.9","105.19","88.1","90.01","14.64","105.43","17.81","79.85","117.11","94.76","15.16"
"2024-03-04","104.97","13.2","72.77","105.85","84.03","82.13","12.14","96.52","2.56","60.92","94.09","77.51","78.24","11.9","97.73","6.65","68.87","106.56","88.58","90.46","14.73","106.16","17.22","80.57","118.07","94.88","15.17"
"2024-03-05","105.41","12.29","73.09","106.41","83.94","82.06","12.13","97.0","1.78","61.49","95.06","77.78","78.57","11.98","98.48","6.21","69.82","107.9","89.05","90.9","14.82","106.86","16.64","81.25","119.0","94.99","15.18"
"2024-03-06","105.83","11.4","73.38","106.95","83.85","82.0","12.12","97.46","1.04","62.06","96.01","78.05","78.9","12.06","99.22","5.81","70.75","109.2","89.51","91.34","14.91","107.54","16.08","81.91","119.88","95.08","15.19"
"2024-03-07","106.22","10.54","73.65","107.45","83.75","81.93","12.11","97.91","0.32","62.61","96.94","78.32","79.23","12.15","99.93","5.42","71.67","110.47","89.96","91.76","14.99","108.2","15.53","82.53","120.71","95.15","15.19"
"2024-03-08","106.59","9.69","73.9","107.92","83.65","81.85","12.1","98.35","0","63.15","97.85","78.6","79.56","12.23","100.64","5.06","72.56","111.71","90.4","92.17","15.07","108.83","15.0","83.12","121.51","95.21","15.19"
"2024-03-09","106.93","8.86","74.13","108.36","83.54","81.78","12.09","98.77","0","63.68","98.73","78.87","79.9","12.31","101.32","4.73","73.43","112.91","90.83","92.57","15.14","109.43","14.49","83.68","122.25","95.26","15.18"
"2024-03-10","107.25","8.05","74.33","108.77","83.44","81.71","12.08","99.17","0","64.2","99.6","79.15","80.23","12.4","101.99","4.42","74.27","114.08","91.25","92.95","15.22","110.01","13.99","84.2","122.95","95.29","15.17"
"2024-03-11","107.55","7.26","74.51","109.14","83.33","81.63","12.07","99.56","0","64.71","100.45","79.43","80.57","12.48","102.63","4.14","75.1","115.21","91.66","93.32","15.29","110.56","13.5","84.69","123.61","95.31","15.16"
"2024-03-12","107.82","6.5","74.67","109.49","83.21","81.56","12.07","99.94","0","65.21","101.28","79.72","80.91","12.56","103.26","3.88","75.9","116.3","92.05","93.69","15.35","111.08","13.03","85.16","124.22","95.31","15.15"
"2024-03-13","108.07","5.75","74.81","109.81","83.1","81.48","12.06","100.3","0","65.69","102.08","80.0","81.24","12.64","103.88","3.65","76.68","117.36","92.44","94.03","15.42","111.58","12.57","85.58","124.79","95.29","15.13"
"2024-03-14","108.3","5.03","74.92","110.1","82.98","81.41","12.05","100.64","0","66.16","102.86","80.29","81.58","12.72","104.47","3.44","77.44","118.38","92.82","94.37","15.48","112.05","12.13","85.98","125.31","95.27","15.11"
"2024-03-15","108.51","4.34","75.02","110.36","82.87","81.33","12.04","100.97","0","66.62","103.62","80.57","81.92","12.81","105.04","3.26","78.18","119.36","93.18","94.69","15.54","112.49","11.71","86.34","125.78","95.22","15.09"
"2024-03-16","108.69","3.66","75.09","110.59","82.75","81.26","12.04","101.29","0","67.07","104.36","80.86","82.25","12.89","105.59","3.1","78.88","120.3","93.53","94.99","15.59","112.91","11.3","86.67","126.21","95.17","15.07"
"2024-03-17","108.85","3.01","75.14","110.79","82.63","81.18","12.03","101.59","0","67.51","105.08","81.15","82.59","12.97","106.13","2.97","79.57","121.2","93.87","95.29","15.64","113.3","10.91","86.97","126.6","95.09","15.04"
"2024-03-18","108.98","2.39","75.17","110.96","82.5","81.11","12.03","101.87","0","67.93","105.77","81.44","82.92","13.05","106.64","2.86","80.23","122.07","94.19","95.56","15.69","113.66","10.53","87.23","126.93","95.01","15.01"
"2024-03-19","109.1","1.79","75.19","111.1","82.38","81.03","12.02","102.14","0","68.34","106.44","81.73","83.25","13.13","107.14","2.77","80.86","122.89","94.51","95.83","15.74","114.0","10.17","87.46","127.23","94.91","14.98"
"2024-03-20","109.19","1.21","75.18","111.22","82.26","80.96","12.02","102.39","0","68.74","107.08","82.02","83.59","13.21","107.61","2.71","81.47","123.67","94.81","96.08","15.78","114.3","9.83","87.66","127.47","94.8","14.94"
"2024-03-21","109.25","0.66","75.15","111.3","82.13","80.88","12.01","102.63","0","69.12","107.71","82.31","83.91","13.29","108.06","2.67","82.05","124.41","95.09","96.31","15.81","114.58","9.5","87.82","127.68","94.67","14.9"
"2024-03-22","109.3","0.13","75.1","111.36","82.01","80.81","12.01","102.85","0","69.49","108.3","82.59","84.24","13.36","108.49","2.66","82.6","125.11","95.36","96.53","15.85","114.83","9.19","87.95","127.83","94.53","14.86"
"2024-03-23","109.32","0","75.03","111.39","81.89","80.74","12.0","103.05","0","69.84","108.87","82.88","84.57","13.44","108.9","2.67","83.12","125.77","95.62","96.73","15.88","115.05","8.9","88.05","127.95","94.38","14.82"
"2024-03-24","109.32","0","74.94","111.39","81.76","80.67","12.0","103.24","0","70.19","109.42","83.17","84.89","13.52","109.29","2.7","83.62","126.38","95.87","96.92","15.91","115.24","8.62","88.12","128.01","94.21","14.77"
"2024-03-25","109.3","0","74.84","111.36","81.64","80.6","12.0","103.42","0","70.51","109.94","83.45","85.21","13.59","109.65","2.76","84.09","126.95","96.1","97.09","15.93","115.41","8.36","88.15","128.04","94.03","14.73"
"2024-03-26","109.25","0","74.71","111.31","81.51","80.54","12.0","103.58","0","70.83","110.44","83.74","85.52","13.66","110.0","2.84","84.53","127.48","96.31","97.25","15.95","115.55","8.12","88.15","128.01","93.84","14.68"
"2024-03-27","109.19","0","74.57","111.23","81.39","80.47","12.0","103.72","0","71.13","110.91","84.02","85.84","13.74","110.32","2.94","84.95","127.96","96.51","97.39","15.97","115.66","7.89","88.12","127.95","93.64","14.62"
"2024-03-28","109.1","0","74.41","111.12","81.27","80.41","12.0","103.85","0","71.41","111.35","84.3","86.14","13.81","110.61","3.06","85.33","128.4","96.69","97.52","15.98","115.74","7.68","88.05","127.84","93.42","14.57"
"2024-03-29","108.99","0","74.23","110.99","81.15","80.35","12.0","103.96","0","71.68","111.77","84.58","86.45","13.88","110.89","3.21","85.69","128.79","96.86","97.63","15.99","115.79","7.49","87.96","127.68","93.19","14.51"
"2024-03-30","108.86","0","74.03","110.83","81.03","80.29","12.0","104.05","0","71.93","112.16","84.85","86.75","13.95","111.14","3.37","86.01","129.14","97.02","97.72","16.0","115.81","7.31","87.83","127.48","92.95","14.45"
"2024-03-31","108.71","0","73.81","110.64","80.91","80.23","12.0","104.13","0","72.17","112.52","85.12","87.04","14.01","111.37","3.56","86.3","129.45","97.16","97.8","16.0","115.81","7.16","87.67","127.24","92.7","14.39"
"2024-04-01","108.54","0","73.58","110.43","80.79","80.17","12.0","104.19","0","72.4","112.85","85.39","87.33","14.08","111.57","3.77","86.57","129.71","97.28","97.86","16.0","115.77","7.02","87.47","126.95","92.44","14.33"
"2024-04-02","108.35","0","73.33","110.19","80.67","80.12","12.0","104.24","0","72.6","113.16","85.66","87.62","14.14","111.75","4.0","86.8","129.92","97.39","97.9","15.99","115.71","6.9","87.25","126.63","92.17","14.27"
"2024-04-03","108.14","0","73.06","109.93","80.56","80.07","12.01","104.27","0","72.79","113.43","85.92","87.89","14.21","111.91","4.26","87.01","130.09","97.48","97.93","15.98","115.62","6.79","86.99","126.26","91.89","14.2"
"2024-04-04","107.9","0","72.78","109.64","80.45","80.02","12.01","104.28","0","72.97","113.68","86.18","88.17","14.27","112.04","4.53","87.18","130.21","97.56","97.94","15.97","115.51","6.71","86.71","125.84","91.6","14.13"
"2024-04-05","107.65","0","72.48","109.33","80.33","79.97","12.01","104.28","0","73.13","113.9","86.44","88.43","14.32","112.15","4.83","87.32","130.29","97.62","97.94","15.96","115.36","6.64","86.39","125.39","91.29","14.06"
"2024-04-06","107.38","0","72.16","108.99","80.22","79.93","12.02","104.26","0","73.27","114.09","86.69","88.69","14.38","112.23","5.14","87.43","130.31","97.66","97.92","15.94","115.19","6.59","86.04","124.89","90.98","13.99"
"2024-04-07","107.08","0","71.83","108.63","80.12","79.88","12.03","104.23","0","73.4","114.25","86.93","88.95","14.44","112.29","5.47","87.51","130.3","97.69","97.88","15.92","114.99","6.56","85.66","124.36","90.66","13.92"
"2024-04-08","106.77","0","71.49","108.24","80.01","79.84","12.03","104.18","0","73.5","114.38","87.17","89.19","14.49","112.32","5.83","87.55","130.23","97.7","97.83","15.89","114.76","6.55","85.26","123.78","90.33","13.85"
"2024-04-09","106.44","0","71.12","107.83","79.91","79.8","12.04","104.11","0","73.6","114.48","87.4","89.43","14.54","112.33","6.2","87.57","130.12","97.69","97.76","15.86","114.5","6.56","84.82","123.16","89.99","13.77"
"2024-04-10","106.09","0","70.75","107.4","79.81","79.77","12.04","104.02","0","73.67","114.55","87.63","89.66","14.59","112.32","6.6","87.55","129.96","97.67","97.67","15.83","114.22","6.59","84.35","122.51","89.65","13.7"
"2024-04-11","105.72","0","70.36","106.94","79.71","79.73","12.05","103.92","0","73.72","114.59","87.86","89.88","14.64","112.27","7.01","87.5","129.76","97.63","97.57","15.79","113.91","6.63","83.86","121.81","89.29","13.62"
"2024-04-12","105.33","0","69.95","106.46","79.61","79.7","12.06","103.8","0","73.76","114.6","88.07","90.1","14.68","112.21","7.44","87.41","129.51","97.58","97.45","15.75","113.57","6.7","83.33","121.08","88.93","13.54"
"2024-04-13","104.92","0","69.53","105.96","79.52","79.67","12.07","103.67","0","73.78","114.57","88.28","90.3","14.73","112.11","7.89","87.3","129.21","97.51","97.31","15.71","113.2","6.78","82.78","120.3","88.56","13.46"
"2024-04-14","104.5","0","69.1","105.43","79.42","79.65","12.08","103.52","0","73.78","114.52","88.49","90.5","14.77","111.99","8.36","87.15","128.86","97.42","97.16","15.66","112.81","6.88","82.2","119.49","88.18","13.38"
"2024-04-15","104.06","0","68.65","104.88","79.33","79.62","12.09","103.35","0","73.76","114.43","88.69","90.69","14.8","111.85","8.84","86.97","128.47","97.32","96.99","15.61","112.39","7.01","81.59","118.65","87.8","13.3"
"2024-04-16","103.6","0","68.19","104.31","79.25","79.6","12.1","103.16","0","73.73","114.31","88.87","90.87","14.84","111.68","9.35","86.76","128.03","97.2","96.81","15.56","111.95","7.15","80.96","117.76","87.41","13.22"
"2024-04-17","103.12","0","67.71","103.72","79.16","79.58","12.11","102.96","0","73.67","114.16","89.06","91.04","14.87","111.49","9.87","86.51","127.54","97.07","96.61","15.51","111.48","7.31","80.3","116.84","87.01","13.13"
"2024-04-18","102.63","0","67.22","103.11","79.08","79.56","12.12","102.74","0","73.6","113.97","89.23","91.2","14.9","111.26","10.41","86.23","127.01","96.91","96.39","15.45","110.98","7.49","79.61","115.88","86.61","13.05"
"2024-04-19","102.11","0","66.72","102.47","79.0","79.55","12.13","102.5","0.04","73.5","113.75","89.4","91.35","14.93","111.02","10.96","85.92","126.43","96.75","96.16","15.38","110.46","7.7","78.9","114.89","86.21","12.96"
"2024-04-20","101.59","0","66.21","101.81","78.92","79.53","12.14","102.25","0.72","73.39","113.5","89.55","91.48","14.96","110.74","11.53","85.58","125.8","96.56","95.92","15.32","109.91","7.92","78.16","113.87","85.79","12.88"
"2024-04-21","101.04","0","65.68","101.13","78.85","79.52","12.15","101.98","1.43","73.25","113.22","89.7","91.61","14.98","110.45","12.12","85.2","125.13","96.36","95.66","15.25","109.34","8.16","77.4","112.81","85.38","12.79"
"2024-04-22","100.48","0","65.14","100.43","78.78","79.51","12.16","101.69","2.16","73.1","112.9","89.84","91.73","15.0","110.12","12.73","84.8","124.41","96.15","95.38","15.18","108.74","8.43","76.61","111.72","84.96","12.71"
"2024-04-23","99.91","0","64.59","99.71","78.71","79.5","12.18","101.39","2.92","72.92","112.55","89.98","91.83","15.02","109.77","13.35","84.35","123.65","95.92","95.09","15.1","108.12","8.71","75.8","110.59","84.53","12.62"
"2024-04-24","99.31","0","64.03","98.97","78.64","79.49","12.19","101.07","3.71","72.73","112.16","90.1","91.93","15.03","109.39","13.98","83.88","122.84","95.67","94.78","15.03","107.48","9.01","74.96","109.44","84.1","12.53"
"2024-04-25","98.71","0","63.46","98.21","78.57","79.48","12.2","100.73","4.52","72.51","111.74","90.21","92.01","15.04","108.99","14.63","83.37","121.98","95.41","94.46","14.95","106.81","9.34","74.11","108.25","83.67","12.45"
"2024-04-26","98.08","0","62.87","97.42","78.51","79.48","12.21","100.37","5.36","72.27","111.28","90.31","92.08","15.05","108.56","15.3","82.84","121.08","95.13","94.13","14.86","106.12","9.68","73.23","107.03","83.23","12.36"
"2024-04-27","97.45","0.49","62.27","96.62","78.45","79.47","12.22","100.0","6.23","72.02","110.79","90.4","92.14","15.06","108.11","15.98","82.27","120.14","94.84","93.78","14.78","105.4","10.05","72.32","105.78","82.8","12.27"
"2024-04-28","96.8","1.06","61.67","95.8","78.39","79.47","12.24","99.61","7.12","71.74","110.27","90.49","92.19","15.06","107.63","16.68","81.67","119.15","94.53","93.42","14.69","104.66","10.43","71.4","104.5","82.36","12.18"
"2024-04-29","96.13","1.67","61.05","94.96","78.34","79.47","12.25","99.2","8.03","71.44","109.71","90.56","92.23","15.06","107.13","17.39","81.03","118.12","94.21","93.04","14.6","103.9","10.84","70.45","103.19","81.91","12.1"
"2024-04-30","95.45","2.31","60.42","94.09","78.28","79.47","12.26","98.78","8.97","71.12","109.12","90.62","92.25","15.06","106.59","18.12","80.37","117.04","93.87","92.65","14.51","103.12","11.27","69.49","101.86","81.47","12.01"
"2024-05-01","94.76","2.97","59.78","93.21","78.23","79.47","12.27","98.33","9.93","70.77","108.49","90.67","92.26","15.05","106.04","18.85","79.67","115.92","93.52","92.25","14.41","102.31","11.72","68.5","100.5","81.02","11.92"
"2024-05-02","94.05","3.67","59.13","92.31","78.18","79.47","12.29","97.87","10.92","70.41","107.83","90.71","92.26","15.04","105.46","19.61","78.94","114.76","93.16","91.83","14.31","101.48","12.19","67.5","99.11","80.58","11.84"
"2024-05-03","93.33","4.4","58.47","91.39","78.13","79.47","12.3","97.4","11.92","70.02","107.13","90.73","92.24","15.03","104.85","20.37","78.19","113.55","92.78","91.4","14.21","100.64","12.68","66.48","97.69","80.13","11.75"
"2024-05-04","92.6","5.16","57.8","90.46","78.08","79.47","12.31","96.9","12.95","69.61","106.39","90.75","92.21","15.01","104.22","21.15","77.4","112.31","92.38","90.96","14.11","99.77","13.2","65.43","96.25","79.68","11.66"
"2024-05-05","91.85","5.95","57.12","89.5","78.03","79.47","12.32","96.39","14.0","69.18","105.62","90.75","92.17","14.99","103.56","21.95","76.58","111.02","91.98","90.51","14.0","98.88","13.73","64.37","94.79","79.24","11.58"
"2024-05-06","91.09","6.76","56.43","88.52","77.99","79.47","12.33","95.86","15.07","68.73","104.82","90.75","92.11","14.97","102.88","22.75","75.73","109.69","91.56","90.05","13.9","97.97","14.29","63.3","93.3","78.79","11.49"
"2024-05-07","90.32","7.61","55.73","87.53","77.95","79.47","12.34","95.32","16.17","68.25","103.98","90.73","92.05","14.95","102.18","23.57","74.85","108.32","91.13","89.57","13.79","97.04","14.86","62.2","91.78","78.34","11.41"
"2024-05-08","89.54","8.48","55.03","86.52","77.9","79.47","12.35","94.76","17.28","67.76","103.11","90.69","91.96","14.92","101.45","24.4","73.95","106.91","90.68","89.09","13.68","96.1","15.46","61.09","90.25","77.89","11.32"
"2024-05-09","88.74","9.39","54.31","85.49","77.86","79.47","12.36","94.18","18.41","67.24","102.2","90.65","91.87","14.89","100.69","25.24","73.01","105.46","90.23","88.59","13.56","95.13","16.08","59.97","88.69","77.45","11.24"
"2024-05-10","87.94","10.32","53.58","84.44","77.82","79.47","12.37","93.58","19.56","66.69","101.25","90.59","91.76","14.85","99.92","26.09","72.05","103.98","89.76","88.09","13.45","94.15","16.72","58.83","87.11","77.0","11.15"
"2024-05-11","87.12","11.28","52.85","83.38","77.78","79.47","12.38","92.97","20.73","66.13","100.27","90.52","91.63","14.82","99.12","26.96","71.05","102.45","89.28","87.57","13.33","93.15","17.39","57.68","85.52","76.56","11.07"
"2024-05-12","86.29","12.27","52.1","82.3","77.74","79.46","12.39","92.33","21.92","65.54","99.25","90.44","91.5","14.78","98.29","27.83","70.03","100.89","88.78","87.04","13.21","92.13","18.07","56.51","83.9","76.12","10.99"
"2024-05-13","85.45","13.28","51.35","81.2","77.7","79.46","12.39","91.69","23.12","64.93","98.2","90.35","91.35","14.73","97.44","28.72","68.99","99.29","88.28","86.51","13.1","91.1","18.77","55.33","82.26","75.68","10.91"
"2024-05-14","84.6","14.32","50.59","80.08","77.66","79.45","12.4","91.02","24.34","64.29","97.12","90.24","91.18","14.69","96.57","29.62","67.91","97.65","87.77","85.96","12.97","90.04","19.5","54.13","80.6","75.24","10.83"
"2024-05-15","83.74","15.39","49.82","78.94","77.63","79.44","12.4","90.34","25.58","63.64","96.0","90.12","91.0","14.64","95.68","30.53","66.81","95.98","87.24","85.41","12.85","88.98","20.25","52.92","78.93","74.81","10.75"
"2024-05-16","82.87","16.49","49.04","77.79","77.59","79.43","12.41","89.64","26.83","62.96","94.84","89.98","90.81","14.58","94.76","31.45","65.68","94.28","86.71","84.85","12.73","87.89","21.02","51.71","77.24","74.38","10.67"
"2024-05-17","81.99","17.61","48.25","76.62","77.55","79.42","12.41","88.92","28.1","62.26","93.65","89.84","90.6","14.53","93.82","32.38","64.53","92.54","86.16","84.28","12.6","86.8","21.81","50.48","75.53","73.95","10.59"
"2024-05-18","81.11","18.76","47.46","75.44","77.51","79.4","12.42","88.19","29.38","61.53","92.43","89.68","90.38","14.47","92.86","33.32","63.35","90.77","85.61","83.7","12.48","85.68","22.62","49.24","73.81","73.52","10.52"
"2024-05-19","80.21","19.93","46.65","74.24","77.47","79.39","12.42","87.44","30.68","60.79","91.17","89.5","90.14","14.4","91.88","34.27","62.15","88.96","85.05","83.12","12.35","84.56","23.45","47.99","72.07","73.1","10.44"
"2024-05-20","79.3","21.12","45.84","73.02","77.43","79.37","12.42","86.68","31.99","60.01","89.88","89.31","89.89","14.34","90.88","35.23","60.92","87.12","84.48","82.53","12.22","83.42","24.3","46.73","70.32","72.68","10.36"
"2024-05-21","78.38","22.34","45.02","71.79","77.39","79.34","12.42","85.9","33.31","59.22","88.55","89.11","89.63","14.27","89.86","36.2","59.67","85.26","83.9","81.93","12.09","82.27","25.18","45.46","68.56","72.27","10.29"
"2024-05-22","77.46","23.59","44.2","70.54","77.34","79.31","12.42","85.1","34.64","58.41","87.19","88.9","89.35","14.2","88.81","37.18","58.39","83.36","83.31","81.33","11.96","81.1","26.07","44.18","66.78","71.86","10.22"
"2024-05-23","76.53","24.85","43.36","69.27","77.3","79.28","12.42","84.28","35.99","57.57","85.8","88.67","89.06","14.12","87.75","38.17","57.1","81.43","82.71","80.72","11.83","79.92","26.99","42.9","64.99","71.46","10.15"
"2024-05-24","75.58","26.14","42.52","67.99","77.25","79.25","12.41","83.45","37.35","56.71","84.37","88.43","88.76","14.04","86.66","39.17","55.78","79.47","82.11","80.11","11.7","78.73","27.92","41.61","63.19","71.05","10.08"
"2024-05-25","74.64","27.46","41.67","66.69","77.2","79.21","12.41","82.6","38.72","55.83","82.91","88.18","88.44","13.96","85.56","40.17","54.44","77.49","81.5","79.49","11.57","77.53","28.88","40.31","61.37","70.66","10.01"
"2024-05-26","73.68","28.79","40.81","65.37","77.15","79.17","12.4","81.74","40.1","54.92","81.42","87.91","88.11","13.88","84.44","41.19","53.08","75.48","80.89","78.87","11.44","76.32","29.86","39.01","59.55","70.27","9.94"
"2024-05-27","72.71","30.15","39.95","64.04","77.1","79.13","12.39","80.86","41.49","53.99","79.89","87.63","87.76","13.79","83.3","42.21","51.7","73.44","80.26","78.24","11.31","75.1","30.86","37.7","57.72","69.88","9.87"
"2024-05-28","71.74","31.52","39.07","62.7","77.05","79.07","12.38","79.97","42.88","53.04","78.34","87.34","87.4","13.7","82.14","43.24","50.3","71.38","79.64","77.61","11.17","73.87","31.87","36.38","55.88","69.5","9.81"
"2024-05-29","70.76","32.92","38.19","61.34","76.99","79.02","12.37","79.06","44.29","52.07","76.75","87.03","87.03","13.61","80.96","44.28","48.88","69.29","79.0","76.98","11.04","72.63","32.91","35.06","54.03","69.12","9.74"
"2024-05-30","69.78","34.34","37.31","59.96","76.93","78.96","12.36","78.13","45.7","51.08","75.13","86.71","86.64","13.52","79.76","45.33","47.44","67.19","78.37","76.34","10.91","71.38","33.97","33.74","52.17","68.75","9.68"
"2024-05-31","68.79","35.77","36.41","58.57","76.87","78.89","12.35","77.19","47.12","50.06","73.48","86.38","86.24","13.42","78.55","46.38","45.99","65.05","77.72","75.7","10.78","70.12","35.04","32.41","50.31","68.39","9.62"
"2024-06-01","67.79","37.23","35.51","57.17","76.8","78.82","12.33","76.24","48.55","49.03","71.8","86.03","85.83","13.32","77.33","47.44","44.51","62.9","77.08","75.06","10.64","68.86","36.14","31.08","48.44","68.03","9.56"
"2024-06-02","66.79","38.7","34.6","55.75","76.73","78.75","12.32","75.26","49.98","47.97","70.09","85.67","85.41","13.22","76.08","48.51","43.02","60.72","76.43","74.42","10.51","67.59","37.25","29.75","46.57","67.68","9.5"
"2024-06-03","65.77","40.19","33.69","54.32","76.66","78.67","12.3","74.28","51.42","46.89","68.35","85.3","84.97","13.11","74.82","49.59","41.52","58.53","75.78","73.78","10.38","66.31","38.39","28.42","44.69","67.33","9.44"
"2024-06-04","64.76","41.69","32.76","52.87","76.59","78.58","12.28","73.28","52.87","45.8","66.58","84.91","84.52","13.0","73.55","50.67","40.0","56.32","75.12","73.13","10.25","65.02","39.54","27.08","42.8","66.99","9.39"
"2024-06-05","63.74","43.22","31.83","51.4","76.51","78.49","12.26","72.26","54.32","44.68","64.79","84.51","84.06","12.89","72.26","51.76","38.46","54.09","74.46","72.49","10.11","63.73","40.71","25.74","40.91","66.65","9.33"
"2024-06-06","62.71","44.75","30.9","49.93","76.42","78.39","12.23","71.24","55.77","43.54","62.96","84.1","83.59","12.78","70.95","52.86","36.91","51.84","73.8","71.85","9.98","62.43","41.9","24.41","39.02","66.32","9.28"
"2024-06-07","61.68","46.31","29.95","48.43","76.33","78.28","12.21","70.19","57.23","42.38","61.11","83.68","83.1","12.66","69.64","53.96","35.35","49.57","73.14","71.2","9.85","61.13","43.11","23.07","37.13","66.0","9.22"
"2024-06-08","60.64","47.87","29.0","46.93","76.24","78.17","12.18","69.14","58.69","41.2","59.23","83.25","82.6","12.55","68.31","55.08","33.78","47.3","72.48","70.56","9.72","59.83","44.33","21.73","35.23","65.68","9.17"
"2024-06-09","59.6","49.45","28.05","45.41","76.14","78.05","12.15","68.07","60.15","40.0","57.32","82.8","82.09","12.43","66.96","56.19","32.19","45.0","71.82","69.92","9.59","58.52","45.57","20.39","33.33","65.37","9.12"
"2024-06-10","58.55","51.05","27.08","43.88","76.04","77.92","12.12","66.98","61.62","38.78","55.39","82.34","81.58","12.3","65.61","57.31","30.6","42.7","71.15","69.28","9.47","57.21","46.83","19.06","31.43","65.07","9.07"
"2024-06-11","57.5","52.66","26.11","42.33","75.93","77.79","12.09","65.89","63.08","37.55","53.43","81.87","81.05","12.18","64.24","58.44","28.99","40.38","70.49","68.64","9.34","55.89","48.11","17.73","29.53","64.77","9.03"
"2024-06-12","56.45","54.27","25.14","40.77","75.82","77.65","12.06","64.78","64.55","36.29","51.45","81.39","80.51","12.05","62.86","59.58","27.37","38.05","69.82","68.01","9.21","54.57","49.4","16.4","27.64","64.48","8.98"
"2024-06-13","55.39","55.9","24.15","39.2","75.7","77.51","12.02","63.66","66.02","35.02","49.45","80.9","79.95","11.92","61.47","60.72","25.75","35.71","69.16","67.38","9.09","53.25","50.71","15.07","25.74","64.2","8.93"
"2024-06-14","54.33","57.54","23.16","37.62","75.58","77.35","11.98","62.52","67.48","33.73","47.42","80.4","79.39","11.79","60.07","61.86","24.11","33.36","68.5","66.75","8.96","51.93","52.04","13.74","23.84","63.92","8.89"
"2024-06-15","53.26","59.19","22.17","36.02","75.45","77.19","11.94","61.38","68.95","32.42","45.36","79.88","78.82","11.66","58.67","63.01","22.47","31.0","67.84","66.12","8.84","50.61","53.38","12.42","21.94","63.65","8.85"
"2024-06-16","52.2","60.85","21.16","34.41","75.31","77.02","11.9","60.22","70.41","31.09","43.29","79.36","78.24","11.53","57.25","64.17","20.82","28.64","67.18","65.5","8.72","49.28","54.73","11.1","20.05","63.38","8.81"
"2024-06-17","51.12","62.52","20.16","32.79","75.17","76.84","11.85","59.05","71.88","29.75","41.19","78.82","77.66","11.39","55.82","65.33","19.17","26.27","66.53","64.88","8.59","47.96","56.1","9.79","18.16","63.12","8.77"
"2024-06-18","50.05","64.2","19.14","31.15","75.02","76.66","11.81","57.87","73.34","28.39","39.07","78.28","77.06","11.26","54.39","66.5","17.51","23.89","65.88","64.27","8.47","46.64","57.49","8.48","16.27","62.87","8.73"
"2024-06-19","48.97","65.88","18.12","29.51","74.87","76.46","11.76","56.67","74.8","27.02","36.94","77.72","76.45","11.12","52.95","67.67","15.85","21.51","65.23","63.66","8.36","45.32","58.88","7.17","14.39","62.62","8.69"
"2024-06-20","47.89","67.57","17.09","27.85","74.71","76.26","11.71","55.47","76.26","25.63","34.78","77.16","75.84","10.98","51.5","68.84","14.18","19.13","64.58","63.06","8.24","43.99","60.3","5.87","12.51","62.38","8.65"
"2024-06-21","46.81","69.26","16.06","26.18","74.54","76.05","11.65","54.26","77.71","24.22","32.61","76.59","75.22","10.84","50.05","70.02","12.51","16.75","63.94","62.46","8.12","42.67","61.72","4.58","10.63","62.15","8.62"
"2024-06-22","45.72","70.96","15.02","24.5","74.37","75.83","11.6","53.04","79.16","22.8","30.41","76.01","74.59","10.7","48.59","71.2","10.84","14.36","63.3","61.87","8.01","41.36","63.16","3.29","8.76","61.92","8.58"
"2024-06-23","44.63","72.66","13.97","22.81","74.19","75.61","11.54","51.8","80.61","21.37","28.2","75.42","73.95","10.55","47.12","72.39","9.16","11.97","62.67","61.28","7.9","40.04","64.61","2.01","6.9","61.7","8.55"
"2024-06-24","43.54","74.37","12.92","21.11","74.0","75.37","11.48","50.56","82.05","19.92","25.98","74.82","73.31","10.41","45.65","73.58","7.49","9.58","62.04","60.71","7.79","38.73","66.08","0.73","5.04","61.48","8.52"
"2024-06-25","42.45","76.08","11.86","19.4","73.81","75.13","11.42","49.31","83.48","18.46","23.73","74.21","72.66","10.26","44.18","74.78","5.81","7.2","61.42","60.13","7.68","37.42","67.55","0","3.19","61.27","8.49"
"2024-06-26","41.36","77.79","10.8","17.67","73.61","74.88","11.36","48.05","84.91","16.99","21.48","73.6","72.0","10.12","42.7","75.98","4.14","4.82","60.81","59.57","7.57","36.12","69.04","0","1.34","61.07","8.45"
"2024-06-27","40.27","79.51","9.73","15.94","73.4","74.62","11.29","46.78","86.34","15.51","19.21","72.97","71.34","9.97","41.22","77.18","2.47","2.44","60.2","59.01","7.47","34.81","70.53","0","0","60.87","8.42"
"2024-06-28","39.17","81.22","8.66","14.2","73.18","74.35","11.23","45.51","87.76","14.01","16.92","72.35","70.68","9.82","39.74","78.39","0.79","0.06","59.59","58.46","7.37","33.52","72.04","0","0","60.68","8.4"
"2024-06-29","38.08","82.94","7.58","12.45","72.96","74.07","11.16","44.23","89.17","12.5","14.63","71.71","70.0","9.67","38.26","79.59","0","0","58.99","57.92","7.26","32.23","73.55","0","0","60.49","8.37"
"2024-06-30","36.98","84.65","6.49","10.69","72.73","73.78","11.09","42.94","90.57","10.99","12.32","71.07","69.33","9.52","36.78","80.81","0","0","58.4","57.38","7.16","30.94","75.08","0","0","60.31","8.34"
"2024-07-01","35.88","86.37","5.4","8.92","72.49","73.49","11.01","41.64","91.97","9.46","10.0","70.42","68.65","9.37","35.29","82.02","0","0","57.82","56.86","7.07","29.66","76.61","0","0","60.13","8.31"
"2024-07-02","35.43","87.34","5.0","8.17","72.24","73.18","10.94","40.98","92.63","8.61","8.71","69.77","67.97","9.23","34.45","82.51","0","0","57.25","56.34","6.97","29.03","77.42","0","0","59.96","8.29"
"2024-07-03","35.62","87.59","5.27","8.45","71.99","72.87","10.86","40.96","92.54","8.44","8.44","69.11","67.28","9.07","34.26","82.26","0","0","56.68","55.83","6.88","29.05","77.51","0","0","59.8","8.26"
"2024-07-04","35.81","87.83","5.55","8.72","71.73","72.55","10.78","40.94","92.45","8.27","8.16","68.45","66.59","8.92","34.07","82.02","0","0","56.12","55.33","6.79","29.08","77.61","0","0","59.64","8.24"
"2024-07-05","36.01","88.07","5.81","8.98","71.46","72.22","10.7","40.9","92.36","8.08","7.87","67.78","65.9","8.77","33.88","81.78","0","0","55.57","54.84","6.7","29.12","77.71","0","0","59.48","8.22"
"2024-07-06","36.2","88.31","6.07","9.23","71.18","71.88","10.61","40.87","92.25","7.89","7.57","67.11","65.21","8.62","33.69","81.55","0","0","55.03","54.36","6.61","29.16","77.82","0","0","59.33","8.19"
"2024-07-07","36.39","88.54","6.32","9.48","70.89","71.54","10.53","40.82","92.14","7.68","7.27","66.44","64.51","8.47","33.5","81.32","0","0","54.49","53.89","6.53","29.21","77.93","0","0","59.18","8.17"
"2024-07-08","36.57","88.77","6.57","9.71","70.6","71.18","10.44","40.77","92.02","7.47","6.96","65.76","63.81","8.32","33.31","81.09","0","0","53.97","53.43","6.45","29.26","78.06","0","0","59.04","8.15"
"2024-07-09","36.76","89.0","6.81","9.93","70.3","70.82","10.35","40.72","91.89","7.26","6.64","65.08","63.12","8.17","33.13","80.87","0","0","53.46","52.98","6.37","29.32","78.19","0","0","58.9","8.13"
"2024-07-10","36.94","89.22","7.04","10.14","69.99","70.44","10.26","40.66","91.76","7.03","6.31","64.4","62.42","8.02","32.95","80.65","0","0","52.95","52.54","6.29","29.38","78.33","0","0","58.77","8.11"
"2024-07-11","37.12","89.44","7.27","10.35","69.68","70.06","10.16","40.59","91.61","6.8","5.98","63.72","61.72","7.88","32.77","80.43","0","0","52.46","52.11","6.21","29.45","78.48","0","0","58.64","8.09"
"2024-07-12","37.3","89.65","7.49","10.54","69.35","69.68","10.07","40.52","91.46","6.56","5.64","63.03","61.02","7.73","32.59","80.22","0","0","51.97","51.69","6.14","29.53","78.63","0","0","58.51","8.07"
"2024-07-13","37.48","89.86","7.7","10.72","69.02","69.28","9.97","40.44","91.31","6.31","5.3","62.34","60.33","7.58","32.41","80.02","0","0","51.5","51.28","6.07","29.61","78.79","0","0","58.39","8.05"
"2024-07-14","37.66","90.06","7.9","10.88","68.68","68.87","9.87","40.35","91.15","6.06","4.95","61.65","59.63","7.43","32.24","79.82","0","0","51.04","50.88","6.0","29.7","78.95","0","0","58.27","8.03"
"2024-07-15","37.83","90.26","8.09","11.04","68.33","68.46","9.77","40.26","90.98","5.8","4.59","60.97","58.94","7.29","32.07","79.63","0","0","50.58","50.49","5.93","29.79","79.13","0","0","58.15","8.01"
"2024-07-16","38.0","90.45","8.28","11.19","67.98","68.04","9.67","40.17","90.8","5.53","4.23","60.28","58.25","7.14","31.9","79.44","0","0","50.14","50.12","5.87","29.89","79.3","0","0","58.04","7.99"
"2024-07-17","38.16","90.63","8.45","11.32","67.62","67.61","9.57","40.07","90.62","5.26","3.87","59.59","57.56","7.0","31.74","79.26","0","0","49.71","49.75","5.81","30.0","79.49","0","0","57.93","7.97"
"2024-07-18","38.33","90.81","8.62","11.44","67.25","67.18","9.46","39.96","90.44","4.98","3.5","58.9","56.88","6.85","31.58","79.08","0","0","49.29","49.4","5.75","30.11","79.68","0","0","57.82","7.95"
"2024-07-19","38.49","90.99","8.78","11.55","66.87","66.74","9.36","39.85","90.25","4.7","3.13","58.22","56.2","6.71","31.42","78.91","0","0","48.88","49.05","5.69","30.22","79.87","0","0","57.72","7.93"
"2024-07-20","38.64","91.16","8.93","11.65","66.48","66.29","9.25","39.73","90.05","4.41","2.75","57.53","55.52","6.57","31.26","78.74","0","0","48.49","48.72","5.64","30.34","80.08","0","0","57.61","7.91"
"2024-07-21","38.79","91.32","9.07","11.74","66.09","65.83","9.14","39.61","89.85","4.12","2.37","56.85","54.84","6.43","31.12","78.59","0","0","48.1","48.4","5.59","30.47","80.28","0","0","57.51","7.89"
"2024-07-22","38.94","91.47","9.2","11.81","65.69","65.37","9.03","39.48","89.64","3.83","1.99","56.17","54.18","6.29","30.97","78.44","0","0","47.73","48.09","5.54","30.6","80.49","0","0","57.41","7.87"
"2024-07-23","39.09","91.62","9.32","11.88","65.29","64.9","8.91","39.35","89.42","3.53","1.61","55.5","53.51","6.16","30.83","78.29","0","0","47.36","47.8","5.49","30.73","80.71","0","0","57.32","7.85"
"2024-07-24","39.23","91.76","9.43","11.92","64.88","64.42","8.8","39.22","89.21","3.22","1.22","54.83","52.85","6.02","30.69","78.15","0","0","47.02","47.51","5.44","30.87","80.93","0","0","57.22","7.83"
"2024-07-25","39.36","91.9","9.54","11.96","64.46","63.94","8.69","39.08","88.99","2.91","0.84","54.16","52.2","5.89","30.56","78.02","0","0","46.68","47.23","5.4","31.01","81.15","0","0","57.13","7.81"
"2024-07-26","39.49","92.02","9.63","11.99","64.03","63.45","8.57","38.93","88.76","2.6","0.45","53.49","51.56","5.76","30.43","77.9","0","0","46.35","46.97","5.36","31.16","81.38","0","0","57.03","7.79"
"2024-07-27","39.62","92.14","9.71","12.0","63.6","62.96","8.45","38.79","88.53","2.29","0.07","52.83","50.92","5.63","30.31","77.79","0","0","46.04","46.72","5.32","31.31","81.61","0","0.17","56.94","7.77"
"2024-07-28","39.74","92.26","9.78","12.0","63.16","62.46","8.33","38.63","88.3","1.98","0","52.18","50.28","5.5","30.19","77.68","0","0","45.74","46.48","5.29","31.46","81.85","0","0.56","56.85","7.75"
"2024-07-29","39.85","92.36","9.84","11.99","62.72","61.95","8.22","38.48","88.06","1.66","0","51.53","49.66","5.38","30.08","77.58","0","0","45.45","46.25","5.25","31.62","82.09","0","0.94","56.76","7.73"
"2024-07-30","39.97","92.46","9.9","11.96","62.27","61.44","8.1","38.32","87.82","1.34","0","50.89","49.04","5.25","29.97","77.49","0","0","45.17","46.03","5.22","31.78","82.33","0","1.33","56.67","7.71"
"2024-07-31","40.07","92.55","9.94","11.92","61.82","60.93","7.97","38.16","87.58","1.02","0","50.25","48.43","5.13","29.87","77.4","0","0","44.9","45.83","5.19","31.95","82.57","0","1.71","56.58","7.69"
"2024-08-01","40.17","92.63","9.97","11.87","61.36","60.41","7.85","37.99","87.33","0.7","0","49.62","47.83","5.01","29.77","77.32","0","0","44.65","45.63","5.16","32.11","82.82","0","2.1","56.49","7.67"
"2024-08-02","40.27","92.7","9.99","11.81","60.89","59.89","7.73","37.82","87.08","0.38","0","48.99","47.24","4.9","29.68","77.26","0","0","44.41","45.45","5.14","32.28","83.07","0","2.48","56.4","7.65"
"2024-08-03","40.36","92.77","10.0","11.74","60.42","59.36","7.61","37.65","86.83","0.05","0","48.38","46.66","4.78","29.59","77.2","0","0","44.18","45.27","5.12","32.46","83.32","0.14","2.85","56.31","7.62"
"2024-08-04","40.44","92.83","10.0","11.65","59.94","58.83","7.49","37.47","86.58","0","0","47.77","46.09","4.67","29.51","77.14","0","0","43.97","45.11","5.09","32.64","83.57","0.47","3.23","56.21","7.6"
"2024-08-05","40.52","92.88","9.99","11.55","59.46","58.3","7.36","37.3","86.33","0","0","47.17","45.52","4.56","29.43","77.1","0","0","43.76","44.96","5.08","32.81","83.83","0.79","3.6","56.12","7.57"
"2024-08-06","40.59","92.92","9.97","11.44","58.98","57.76","7.24","37.12","86.07","0","0","46.58","44.97","4.45","29.36","77.06","0","0","43.57","44.82","5.06","33.0","84.08","1.11","3.97","56.03","7.55"
"2024-08-07","40.66","92.95","9.94","11.31","58.49","57.22","7.11","36.93","85.82","0","0","46.0","44.43","4.35","29.3","77.03","0","0","43.39","44.69","5.04","33.18","84.34","1.43","4.33","55.94","7.52"
"2024-08-08","40.72","92.97","9.89","11.18","58.0","56.68","6.99","36.75","85.56","0","0","45.42","43.9","4.25","29.24","77.01","0","0","43.22","44.57","5.03","33.36","84.6","1.75","4.69","55.84","7.5"
"2024-08-09","40.78","92.99","9.84","11.03","57.51","56.13","6.86","36.56","85.3","0","0","44.86","43.38","4.15","29.19","77.0","0","0","43.07","44.47","5.02","33.55","84.86","2.06","5.04","55.75","7.47"
"2024-08-10","40.83","93.0","9.78","10.88","57.01","55.59","6.74","36.38","85.04","0","0","44.31","42.87","4.05","29.15","77.0","0","0","42.92","44.37","5.01","33.74","85.11","2.38","5.39","55.65","7.44"
"2024-08-11","40.87","93.0","9.71","10.71","56.51","55.04","6.61","36.19","84.79","0","0","43.76","42.38","3.96","29.11","77.01","0","0","42.79","44.28","5.0","33.93","85.37","2.69","5.73","55.55","7.42"
"2024-08-12","40.91","92.99","9.62","10.53","56.0","54.49","6.49","36.0","84.53","0","0","43.23","41.89","3.87","29.07","77.02","0","0","42.67","44.2","5.0","34.12","85.63","3.0","6.07","55.45","7.39"
"2024-08-13","40.94","92.97","9.53","10.33","55.5","53.94","6.36","35.8","84.27","0","0","42.71","41.42","3.78","29.05","77.04","0","0","42.56","44.14","4.99","34.31","85.89","3.31","6.4","55.35","7.36"
"2024-08-14","40.96","92.95","9.43","10.13","54.99","53.39","6.24","35.61","84.01","0","0","42.2","40.96","3.7","29.03","77.07","0","0","42.46","44.08","4.99","34.51","86.14","3.61","6.73","55.25","7.33"
"2024-08-15","40.98","92.91","9.32","9.92","54.48","52.85","6.12","35.42","83.76","0","0","41.7","40.51","3.61","29.01","77.11","0","0","42.38","44.03","4.99","34.7","86.4","3.91","7.04","55.14","7.3"
"2024-08-16","40.99","92.87","9.19","9.7","53.97","52.3","5.99","35.23","83.5","0","0","41.21","40.08","3.54","29.0","77.16","0","0","42.3","43.99","4.99","34.89","86.65","4.2","7.35","55.03","7.26"
"2024-08-17","41.0","92.82","9.06","9.46","53.45","51.75","5.87","35.03","83.25","0","0","40.74","39.66","3.46","29.0","77.21","0","0","42.24","43.96","4.99","35.09","86.9","4.49","7.65","54.92","7.23"
"2024-08-18","41.0","92.77","8.92","9.22","52.94","51.2","5.75","34.84","83.0","0","0","40.28","39.25","3.39","29.0","77.27","0","0","42.18","43.94","5.0","35.28","87.15","4.78","7.95","54.81","7.2"
"2024-08-19","40.99","92.7","8.77","8.97","52.43","50.65","5.63","34.65","82.75","0","0","39.83","38.86","3.32","29.01","77.34","0","0","42.14","43.93","5.0","35.47","87.4","5.06","8.23","54.7","7.16"
"2024-08-20","40.98","92.63","8.61","8.71","51.91","50.11","5.5","34.45","82.51","0","0","39.39","38.48","3.25","29.03","77.42","0","0","42.11","43.93","5.01","35.66","87.64","5.33","8.51","54.58","7.13"
"2024-08-21","40.96","92.54","8.44","8.44","51.4","49.57","5.38","34.26","82.26","0","0","38.97","38.12","3.19","29.05","77.51","0","0","42.08","43.94","5.02","35.86","87.89","5.6","8.78","54.46","7.09"
"2024-08-22","40.94","92.45","8.27","8.16","50.89","49.03","5.27","34.07","82.02","0","0","38.56","37.77","3.13","29.08","77.61","0","0","42.07","43.95","5.03","36.05","88.13","5.87","9.04","54.34","7.06"
"2024-08-23","40.9","92.36","8.08","7.87","50.37","48.49","5.15","33.88","81.78","0","0","38.16","37.43","3.07","29.12","77.71","0","0","42.07","43.97","5.04","36.24","88.36","6.13","9.29","54.21","7.02"
"2024-08-24","40.87","92.25","7.89","7.57","49.86","47.95","5.03","33.69","81.55","0","0","37.78","37.11","3.02","29.16","77.82","0","0","42.08","44.0","5.05","36.43","88.59","6.38","9.53","54.08","6.98"
"2024-08-25","40.82","92.14","7.68","7.27","49.35","47.42","4.91","33.5","81.32","0","0","37.41","36.8","2.97","29.21","77.93","0","0","42.1","44.04","5.06","36.61","88.82","6.62","9.76","53.95","6.94"
"2024-08-26","40.77","92.02","7.47","6.96","48.85","46.9","4.8","33.31","81.09","0","0","37.05","36.51","2.92","29.26","78.06","0","0","42.12","44.08","5.07","36.8","89.05","6.86","9.98","53.82","6.9"
"2024-08-27","40.72","91.89","7.26","6.64","48.34","46.37","4.69","33.13","80.87","0","0","36.71","36.24","2.88","29.32","78.19","0","0","42.16","44.14","5.09","36.98","89.27","7.09","10.19","53.68","6.86"
"2024-08-28","40.66","91.76","7.03","6.31","47.84","45.86","4.57","32.95","80.65","0","0","36.39","35.98","2.84","29.38","78.33","0","0","42.21","44.2","5.11","37.16","89.48","7.32","10.39","53.54","6.82"
"2024-08-29","40.59","91.61","6.8","5.98","47.34","45.34","4.46","32.77","80.43","0","0","36.08","35.73","2.8","29.45","78.48","0","0","42.26","44.26","5.12","37.34","89.69","7.53","10.58","53.4","6.77"
"2024-08-30","40.52","91.46","6.56","5.64","46.84","44.84","4.35","32.59","80.22","0","0","35.78","35.5","2.77","29.53","78.63","0","0","42.32","44.33","5.14","37.52","89.9","7.74","10.75","53.25","6.73"
"2024-08-31","40.44","91.31","6.31","5.3","46.35","44.33","4.25","32.41","80.02","0","0","35.5","35.28","2.74","29.61","78.79","0","0","42.39","44.41","5.16","37.7","90.1","7.94","10.92","53.1","6.68"
"2024-09-01","40.35","91.15","6.06","4.95","45.86","43.84","4.14","32.24","79.82","0","0","35.24","35.09","2.71","29.7","78.95","0","0","42.47","44.5","5.18","37.87","90.3","8.13","11.07","52.95","6.64"
"2024-09-02","40.26","90.98","5.8","4.59","45.37","43.35","4.04","32.07","79.63","0","0","34.99","34.9","2.69","29.79","79.13","0","0","42.56","44.59","5.2","38.04","90.49","8.32","11.22","52.8","6.59"
"2024-09-03","40.17","90.8","5.53","4.23","44.89","42.87","3.94","31.9","79.44","0","0","34.76","34.73","2.67","29.89","79.3","0","0","42.66","44.68","5.22","38.2","90.67","8.49","11.35","52.64","6.55"
"2024-09-04","40.07","90.62","5.26","3.87","44.42","42.39","3.84","31.74","79.26","0","0","34.54","34.58","2.65","30.0","79.49","0","0","42.76","44.79","5.24","38.36","90.85","8.66","11.47","52.48","6.5"
"2024-09-05","39.96","90.44","4.98","3.5","43.95","41.92","3.74","31.58","79.08","0","0","34.34","34.44","2.63","30.11","79.68","0","0","42.87","44.89","5.26","38.52","91.03","8.81","11.58","52.31","6.45"
"2024-09-06","39.85","90.25","4.7","3.13","43.48","41.46","3.64","31.42","78.91","0","0","34.15","34.32","2.62","30.22","79.87","0","0","42.98","45.0","5.29","38.68","91.19","8.96","11.67","52.15","6.4"
"2024-09-07","39.73","90.05","4.41","2.75","43.03","41.01","3.55","31.26","78.74","0","0","33.98","34.22","2.62","30.34","80.08","0","0","43.11","45.12","5.31","38.83","91.35","9.1","11.76","51.98","6.35"
"2024-09-08","39.61","89.85","4.12","2.37","42.58","40.57","3.46","31.12","78.59","0","0","33.82","34.13","2.61","30.47","80.28","0","0","43.24","45.24","5.33","38.97","91.51","9.23","11.83","51.8","6.3"
"2024-09-09","39.48","89.64","3.83","1.99","42.13","40.13","3.37","30.97","78.44","0","0","33.68","34.05","2.61","30.6","80.49","0","0","43.37","45.36","5.36","39.12","91.65","9.35","11.89","51.63","6.25"
"2024-09-10","39.35","89.42","3.53","1.61","41.69","39.71","3.28","30.83","78.29","0","0","33.56","33.99","2.61","30.73","80.71","0","0","43.51","45.49","5.38","39.26","91.79","9.46","11.93","51.45","6.2"
"2024-09-11","39.22","89.21","3.22","1.22","41.26","39.29","3.2","30.69","78.15","0","0","33.45","33.95","2.62","30.87","80.93","0","0","43.66","45.62","5.41","39.39","91.93","9.56","11.97","51.27","6.14"
"2024-09-12","39.08","88.99","2.91","0.84","40.84","38.89","3.12","30.56","78.02","0","0","33.36","33.92","2.63","31.01","81.15","0","0","43.81","45.76","5.43","39.52","92.05","9.65","11.99","51.09","6.09"
"2024-09-13","38.93","88.76","2.6","0.45","40.43","38.49","3.04","30.43","77.9","0","0","33.29","33.91","2.64","31.16","81.38","0","0","43.97","45.89","5.46","39.64","92.17","9.73","12.0","50.9","6.04"
"2024-09-14","38.79","88.53","2.29","0.07","40.02","38.11","2.96","30.31","77.79","0","0","33.23","33.91","2.65","31.31","81.61","0","0.17","44.13","46.03","5.48","39.76","92.28","9.8","12.0","50.71","5.98"
"2024-09-15","38.63","88.3","1.98","0","39.63","37.73","2.89","30.19","77.68","0","0","33.18","33.93","2.67","31.46","81.85","0","0.56","44.3","46.18","5.51","39.88","92.38","9.86","11.98","50.52","5.93"
"2024-09-16","38.48","88.06","1.66","0","39.24","37.37","2.82","30.08","77.58","0","0","33.16","33.96","2.69","31.62","82.09","0","0.94","44.47","46.32","5.53","39.99","92.48","9.91","11.95","50.33","5.88"
"2024-09-17","38.32","87.82","1.34","0","38.86","37.02","2.75","29.97","77.49","0","0","33.15","34.01","2.72","31.78","82.33","0","1.33","44.64","46.47","5.56","40.09","92.57","9.95","11.91","50.13","5.82"
"2024-09-18","38.16","87.58","1.02","0","38.49","36.68","2.68","29.87","77.4","0","0","33.15","34.07","2.74","31.95","82.57","0","1.71","44.82","46.62","5.58","40.19","92.65","9.97","11.86","49.94","5.77"
"2024-09-19","37.99","87.33","0.7","0","38.14","36.35","2.62","29.77","77.32","0","0","33.17","34.15","2.77","32.11","82.82","0","2.1","45.01","46.77","5.61","40.29","92.72","9.99","11.79","49.74","5.71"
"2024-09-20","37.82","87.08","0.38","0","37.79","36.04","2.56","29.68","77.26","0","0","33.21","34.24","2.8","32.28","83.07","0","2.48","45.19","46.92","5.63","40.38","92.78","10.0","11.72","49.54","5.65"
"2024-09-21","37.65","86.83","0.05","0","37.45","35.73","2.51","29.59","77.2","0","0","33.26","34.35","2.84","32.46","83.32","0.14","2.85","45.38","47.08","5.66","40.46","92.84","10.0","11.63","49.34","5.6"
"2024-09-22","37.47","86.58","0","0","37.13","35.44","2.45","29.51","77.14","0","0","33.32","34.47","2.88","32.64","83.57","0.47","3.23","45.57","47.23","5.68","40.54","92.89","9.98","11.53","49.14","5.54"
"2024-09-23","37.3","86.33","0","0","36.81","35.17","2.4","29.43","77.1","0","0","33.41","34.61","2.92","32.81","83.83","0.79","3.6","45.77","47.39","5.71","40.61","92.92","9.96","11.41","48.93","5.49"
"2024-09-24","37.12","86.07","0","0","36.51","34.9","2.36","29.36","77.06","0","0","33.5","34.75","2.96","33.0","84.08","1.11","3.97","45.96","47.55","5.73","40.67","92.96","9.93","11.29","48.73","5.43"
"2024-09-25","36.93","85.82","0","0","36.22","34.65","2.31","29.3","77.03","0","0","33.61","34.92","3.01","33.18","84.34","1.43","4.33","46.16","47.7","5.76","40.73","92.98","9.88","11.15","48.52","5.37"
"2024-09-26","36.75","85.56","0","0","35.94","34.42","2.27","29.24","77.01","0","0","33.74","35.09","3.05","33.36","84.6","1.75","4.69","46.36","47.86","5.78","40.79","92.99","9.83","11.0","48.31","5.32"
"2024-09-27","36.56","85.3","0","0","35.68","34.2","2.24","29.19","77.0","0","0","33.88","35.28","3.11","33.55","84.86","2.06","5.04","46.56","48.02","5.8","40.84","93.0","9.76","10.84","48.11","5.26"
"2024-09-28","36.38","85.04","0","0","35.42","33.99","2.2","29.15","77.0","0","0","34.04","35.49","3.16","33.74","85.11","2.38","5.39","46.77","48.17","5.83","40.88","93.0","9.69","10.67","47.9","5.21"
"2024-09-29","36.19","84.79","0","0","35.18","33.8","2.17","29.11","77.01","0","0","34.21","35.7","3.21","33.93","85.37","2.69","5.73","46.97","48.33","5.85","40.91","92.99","9.6","10.48","47.69","5.15"
"2024-09-30","36.0","84.53","0","0","34.96","33.62","2.15","29.07","77.02","0","0","34.39","35.93","3.27","34.12","85.63","3.0","6.07","47.18","48.49","5.87","40.94","92.97","9.51","10.29","47.49","5.09"
"2024-10-01","35.8","84.27","0","0","34.74","33.45","2.12","29.05","77.04","0","0","34.59","36.17","3.33","34.31","85.89","3.31","6.4","47.38","48.64","5.89","40.97","92.94","9.4","10.09","47.28","5.04"
"2024-10-02","35.61","84.01","0","0","34.54","33.3","2.1","29.03","77.07","0","0","34.81","36.42","3.39","34.51","86.14","3.61","6.73","47.59","48.8","5.91","40.98","92.91","9.29","9.87","47.08","4.99"
"2024-10-03","35.42","83.76","0","0","34.36","33.17","2.08","29.01","77.11","0","0","35.03","36.69","3.46","34.7","86.4","3.91","7.04","47.8","48.95","5.93","41.0","92.86","9.17","9.65","46.87","4.93"
"2024-10-04","35.23","83.5","0","0","34.18","33.05","2.07","29.0","77.16","0","0","35.27","36.96","3.53","34.89","86.65","4.2","7.35","48.0","49.1","5.95","41.0","92.81","9.03","9.41","46.67","4.88"
"2024-10-05","35.03","83.25","0","0","34.03","32.95","2.06","29.0","77.21","0","0","35.52","37.25","3.59","35.09","86.9","4.49","7.65","48.21","49.25","5.97","41.0","92.75","8.89","9.17","46.46","4.82"
"2024-10-06","34.84","83.0","0","0","33.88","32.86","2.06","29.0","77.27","0","0","35.79","37.55","3.66","35.28","87.15","4.78","7.95","48.42","49.4","5.99","40.99","92.68","8.74","8.91","46.26","4.77"
"2024-10-07","34.65","82.75","0","0","33.75","32.79","2.05","29.01","77.34","0","0","36.07","37.86","3.74","35.47","87.4","5.06","8.23","48.62","49.55","6.01","40.98","92.61","8.58","8.65","46.06","4.72"
"2024-10-08","34.45","82.51","0","0","33.64","32.73","2.05","29.03","77.42","0","0","36.36","38.18","3.81","35.66","87.64","5.33","8.51","48.83","49.7","6.03","40.96","92.52","8.41","8.37","45.87","4.67"
"2024-10-09","34.26","82.26","0","0","33.54","32.69","2.06","29.05","77.51","0","0","36.66","38.51","3.89","35.86","87.89","5.6","8.78","49.03","49.84","6.05","40.93","92.43","8.23","8.09","45.67","4.62"
"2024-10-10","34.07","82.02","0","0","33.46","32.67","2.07","29.08","77.61","0","0","36.97","38.85","3.96","36.05","88.13","5.87","9.04","49.24","49.99","6.06","40.9","92.33","8.04","7.8","45.48","4.57"
"2024-10-11","33.88","81.78","0","0","33.39","32.66","2.08","29.12","77.71","0","0","37.3","39.2","4.04","36.24","88.36","6.13","9.29","49.44","50.13","6.08","40.86","92.23","7.84","7.51","45.29","4.52"
"2024-10-12","33.69","81.55","0","0","33.33","32.67","2.09","29.16","77.82","0","0","37.64","39.56","4.12","36.43","88.59","6.38","9.53","49.64","50.27","6.09","40.81","92.11","7.64","7.2","45.1","4.47"
"2024-10-13","33.5","81.32","0","0","33.3","32.69","2.11","29.21","77.93","0","0","37.98","39.93","4.2","36.61","88.82","6.62","9.76","49.84","50.4","6.11","40.76","91.99","7.43","6.89","44.91","4.43"
"2024-10-14","33.31","81.09","0","0","33.27","32.73","2.13","29.26","78.06","0","0","38.34","40.3","4.29","36.8","89.05","6.86","9.98","50.04","50.54","6.12","40.71","91.86","7.21","6.57","44.73","4.38"
"2024-10-15","33.13","80.87","0","0","33.27","32.79","2.16","29.32","78.19","0","0","38.71","40.69","4.37","36.98","89.27","7.09","10.19","50.23","50.67","6.14","40.64","91.72","6.98","6.24","44.56","4.34"
"2024-10-16","32.95","80.65","0","0","33.27","32.86","2.19","29.38","78.33","0","0","39.09","41.08","4.46","37.16","89.48","7.32","10.39","50.42","50.8","6.15","40.57","91.58","6.74","5.9","44.38","4.3"
"2024-10-17","32.77","80.43","0","0","33.3","32.95","2.22","29.45","78.48","0","0","39.48","41.48","4.54","37.34","89.69","7.53","10.58","50.62","50.93","6.16","40.5","91.43","6.5","5.56","44.21","4.26"
"2024-10-18","32.59","80.22","0","0","33.34","33.05","2.26","29.53","78.63","0","0","39.88","41.89","4.63","37.52","89.9","7.74","10.75","50.81","51.05","6.17","40.42","91.27","6.25","5.22","44.05","4.22"
"2024-10-19","32.41","80.02","0","0","33.39","33.17","2.3","29.61","78.79","0","0","40.29","42.3","4.72","37.7","90.1","7.94","10.92","50.99","51.17","6.18","40.33","91.11","6.0","4.87","43.89","4.18"
"2024-10-20","32.24","79.82","0","0","33.47","33.31","2.34","29.7","78.95","0","0","40.7","42.72","4.81","37.87","90.3","8.13","11.07","51.18","51.29","6.19","40.24","90.94","5.74","4.51","43.74","4.14"
"2024-10-21","32.07","79.63","0","0","33.55","33.46","2.39","29.79","79.13","0","0","41.13","43.15","4.9","38.04","90.49","8.32","11.22","51.36","51.41","6.2","40.15","90.77","5.47","4.15","43.59","4.1"
"2024-10-22","31.9","79.44","0","0","33.66","33.63","2.44","29.89","79.3","0","0","41.56","43.59","4.99","38.2","90.67","8.49","11.35","51.54","51.52","6.21","40.04","90.58","5.2","3.78","43.44","4.07"
"2024-10-23","31.74","79.26","0","0","33.78","33.82","2.49","30.0","79.49","0","0","42.0","44.02","5.08","38.36","90.85","8.66","11.47","51.72","51.63","6.22","39.94","90.4","4.92","3.42","43.3","4.04"
"2024-10-24","31.58","79.08","0","0","33.91","34.02","2.55","30.11","79.68","0","0","42.44","44.47","5.18","38.52","91.03","8.81","11.58","51.89","51.74","6.23","39.82","90.2","4.64","3.04","43.17","4.01"
"2024-10-25","31.42","78.91","0","0","34.06","34.24","2.61","30.22","79.87","0","0","42.9","44.92","5.27","38.68","91.19","8.96","11.67","52.06","51.85","6.24","39.71","90.0","4.35","2.67","43.05","3.98"
"2024-10-26","31.26","78.74","0","0","34.23","34.47","2.67","30.34","80.08","0","0","43.36","45.37","5.36","38.83","91.35","9.1","11.76","52.23","51.95","6.24","39.58","89.8","4.06","2.29","42.93","3.95"
"2024-10-27","31.12","78.59","0","0","34.41","34.72","2.74","30.47","80.28","0","0","43.83","45.83","5.46","38.97","91.51","9.23","11.83","52.39","52.05","6.25","39.46","89.59","3.76","1.91","42.81","3.93"
"2024-10-28","30.97","78.44","0","0","34.61","34.98","2.81","30.6","80.49","0","0","44.3","46.29","5.55","39.12","91.65","9.35","11.89","52.56","52.15","6.26","39.32","89.38","3.46","1.52","42.71","3.9"
"2024-10-29","30.83","78.29","0","0","34.83","35.26","2.88","30.73","80.71","0","0","44.78","46.76","5.65","39.26","91.79","9.46","11.93","52.72","52.25","6.26","39.19","89.16","3.15","1.14","42.61","3.88"
"2024-10-30","30.69","78.15","0","0","35.06","35.55","2.95","30.87","80.93","0","0","45.26","47.23","5.74","39.39","91.93","9.56","11.97","52.87","52.34","6.27","39.05","88.94","2.85","0.75","42.52","3.86"
"2024-10-31","30.56","78.02","0","0","35.3","35.86","3.03","31.01","81.15","0","0","45.75","47.7","5.84","39.52","92.05","9.65","11.99","53.03","52.43","6.27","38.9","88.71","2.54","0.37","42.43","3.85"
"2024-11-01","30.43","77.9","0","0","35.57","36.19","3.11","31.16","81.38","0","0","46.25","48.17","5.93","39.64","92.17","9.73","12.0","53.18","52.52","6.27","38.75","88.48","2.22","0","42.36","3.83"
"2024-11-02","30.31","77.79","0","0","35.84","36.52","3.2","31.31","81.61","0","0.17","46.74","48.65","6.03","39.76","92.28","9.8","12.0","53.32","52.6","6.28","38.6","88.24","1.91","0","42.29","3.82"
"2024-11-03","30.19","77.68","0","0","36.13","36.88","3.29","31.46","81.85","0","0.56","47.25","49.13","6.12","39.88","92.38","9.86","11.98","53.47","52.69","6.28","38.44","88.01","1.59","0","42.23","3.81"
"2024-11-04","30.08","77.58","0","0","36.44","37.24","3.38","31.62","82.09","0","0.94","47.75","49.6","6.22","39.99","92.48","9.91","11.95","53.61","52.77","6.29","38.28","87.77","1.27","0","42.18","3.8"
"2024-11-05","29.97","77.49","0","0","36.76","37.63","3.47","31.78","82.33","0","1.33","48.26","50.09","6.31","40.09","92.57","9.95","11.91","53.75","52.85","6.29","38.12","87.52","0.95","0","42.14","3.79"
"2024-11-06","29.87","77.4","0","0","37.1","38.02","3.56","31.95","82.57","0","1.71","48.77","50.57","6.41","40.19","92.65","9.97","11.86","53.88","52.93","6.29","37.95","87.28","0.63","0","42.11","3.79"
"2024-11-07","29.77","77.32","0","0","37.45","38.43","3.66","32.11","82.82","0","2.1","49.28","51.05","6.5","40.29","92.72","9.99","11.79","54.02","53.0","6.29","37.78","87.03","0.31","0","42.09","3.79"
"2024-11-08","29.68","77.26","0","0","37.81","38.85","3.76","32.28","83.07","0","2.48","49.8","51.53","6.59","40.38","92.78","10.0","11.72","54.15","53.08","6.3","37.61","86.78","0","0","42.08","3.79"
"2024-11-09","29.59","77.2","0","0","38.19","39.29","3.87","32.46","83.32","0.14","2.85","50.32","52.01","6.69","40.46","92.84","10.0","11.63","54.27","53.15","6.3","37.43","86.53","0","0","42.07","3.79"
"2024-11-10","29.51","77.14","0","0","38.59","39.73","3.97","32.64","83.57","0.47","3.23","50.83","52.5","6.78","40.54","92.89","9.98","11.53","54.4","53.22","6.3","37.26","86.27","0","0","42.08","3.8"
"2024-11-11","29.43","77.1","0","0","38.99","40.19","4.08","32.81","83.83","0.79","3.6","51.35","52.98","6.87","40.61","92.92","9.96","11.41","54.52","53.29","6.3","37.07","86.02","0","0","42.1","3.81"
"2024-11-12","29.36","77.06","0","0","39.41","40.67","4.19","33.0","84.08","1.11","3.97","51.87","53.46","6.96","40.67","92.96","9.93","11.29","54.64","53.35","6.3","36.89","85.76","0","0","42.12","3.82"
"2024-11-13","29.3","77.03","0","0","39.85","41.15","4.3","33.18","84.34","1.43","4.33","52.39","53.93","7.05","40.73","92.98","9.88","11.15","54.75","53.42","6.31","36.71","85.5","0","0","42.16","3.83"
"2024-11-14","29.24","77.01","0","0","40.29","41.65","4.42","33.36","84.6","1.75","4.69","52.91","54.41","7.14","40.79","92.99","9.83","11.0","54.87","53.49","6.31","36.52","85.24","0","0","42.21","3.85"
"2024-11-15","29.19","77.0","0","0","40.75","42.15","4.54","33.55","84.86","2.06","5.04","53.43","54.89","7.23","40.84","93.0","9.76","10.84","54.98","53.55","6.31","36.33","84.99","0","0","42.27","3.87"
"2024-11-16","29.15","77.0","0","0","41.23","42.67","4.66","33.74","85.11","2.38","5.39","53.95","55.36","7.32","40.88","93.0","9.69","10.67","55.09","53.61","6.31","36.14","84.73","0","0","42.34","3.89"
"2024-11-17","29.11","77.01","0","0","41.71","43.2","4.78","33.93","85.37","2.69","5.73","54.47","55.83","7.41","40.91","92.99","9.6","10.48","55.19","53.68","6.32","35.95","84.47","0","0","42.42","3.92"
"2024-11-18","29.07","77.02","0","0","42.21","43.74","4.9","34.12","85.63","3.0","6.07","54.99","56.3","7.5","40.94","92.97","9.51","10.29","55.3","53.74","6.32","35.76","84.21","0","0","42.51","3.94"
"2024-11-19","29.05","77.04","0","0","42.71","44.29","5.02","34.31","85.89","3.31","6.4","55.5","56.76","7.58","40.97","92.94","9.4","10.09","55.4","53.8","6.32","35.57","83.96","0","0","42.61","3.97"
"2024-11-20","29.03","77.07","0","0","43.23","44.85","5.15","34.51","86.14","3.61","6.73","56.02","57.22","7.67","40.98","92.91","9.29","9.87","55.5","53.86","6.33","35.38","83.7","0","0","42.73","4.01"
"2024-11-21","29.01","77.11","0","0","43.76","45.42","5.28","34.7","86.4","3.91","7.04","56.53","57.68","7.75","41.0","92.86","9.17","9.65","55.6","53.92","6.33","35.18","83.45","0","0","42.86","4.04"
"2024-11-22","29.0","77.16","0","0","44.3","46.0","5.41","34.89","86.65","4.2","7.35","57.04","58.14","7.84","41.0","92.81","9.03","9.41","55.7","53.98","6.33","34.99","83.2","0","0","42.99","4.08"
"2024-11-23","29.0","77.21","0","0","44.86","46.58","5.54","35.09","86.9","4.49","7.65","57.54","58.59","7.92","41.0","92.75","8.89","9.17","55.8","54.05","6.34","34.8","82.95","0","0","43.14","4.12"
"2024-11-24","29.0","77.27","0","0","45.42","47.18","5.67","35.28","87.15","4.78","7.95","58.05","59.03","8.0","40.99","92.68","8.74","8.91","55.89","54.11","6.34","34.6","82.7","0","0","43.31","4.17"
"2024-11-25","29.01","77.34","0","0","45.99","47.78","5.8","35.47","87.4","5.06","8.23","58.55","59.47","8.08","40.98","92.61","8.58","8.65","55.98","54.17","6.35","34.41","82.45","0","0","43.48","4.21"
"2024-11-26","29.03","77.42","0","0","46.57","48.39","5.94","35.66","87.64","5.33","8.51","59.04","59.91","8.16","40.96","92.52","8.41","8.37","56.08","54.24","6.36","34.22","82.21","0","0","43.67","4.26"
"2024-11-27","29.05","77.51","0","0","47.16","49.01","6.07","35.86","87.89","5.6","8.78","59.53","60.34","8.23","40.93","92.43","8.23","8.09","56.17","54.3","6.36","34.03","81.97","0","0","43.86","4.32"
"2024-11-28","29.08","77.61","0","0","47.76","49.63","6.21","36.05","88.13","5.87","9.04","60.02","60.77","8.31","40.9","92.33","8.04","7.8","56.26","54.37","6.37","33.84","81.73","0","0","44.07","4.37"
"2024-11-29","29.12","77.71","0","0","48.37","50.27","6.35","36.24","88.36","6.13","9.29","60.5","61.19","8.38","40.86","92.23","7.84","7.51","56.35","54.44","6.38","33.65","81.5","0","0","44.3","4.43"
"2024-11-30","29.16","77.82","0","0","48.98","50.9","6.49","36.43","88.59","6.38","9.53","60.98","61.61","8.46","40.81","92.11","7.64","7.2","56.44","54.51","6.39","33.46","81.27","0","0","44.53","4.49"
"2024-12-01","29.21","77.93","0","0","49.6","51.54","6.62","36.61","88.82","6.62","9.76","61.46","62.02","8.53","40.76","91.99","7.43","6.89","56.53","54.58","6.4","33.27","81.04","0","0","44.78","4.55"
"2024-12-02","29.26","78.06","0","0","50.23","52.19","6.76","36.8","89.05","6.86","9.98","61.92","62.43","8.6","40.71","91.86","7.21","6.57","56.62","54.65","6.41","33.09","80.82","0","0","45.04","4.62"
"2024-12-03","29.32","78.19","0","0","50.87","52.84","6.9","36.98","89.27","7.09","10.19","62.39","62.83","8.67","40.64","91.72","6.98","6.24","56.71","54.73","6.42","32.91","80.6","0","0","45.31","4.69"
"2024-12-04","29.38","78.33","0","0","51.51","53.5","7.04","37.16","89.48","7.32","10.39","62.84","63.22","8.74","40.57","91.58","6.74","5.9","56.8","54.81","6.43","32.73","80.39","0","0","45.59","4.76"
"2024-12-05","29.45","78.48","0","0","52.16","54.16","7.19","37.34","89.69","7.53","10.58","63.3","63.61","8.8","40.5","91.43","6.5","5.56","56.9","54.89","6.45","32.55","80.18","0","0","45.89","4.84"
"2024-12-06","29.53","78.63","0","0","52.81","54.83","7.33","37.52","89.9","7.74","10.75","63.74","63.99","8.87","40.42","91.27","6.25","5.22","56.99","54.97","6.46","32.37","79.98","0","0","46.19","4.91"
"2024-12-07","29.61","78.79","0","0","53.47","55.49","7.47","37.7","90.1","7.94","10.92","64.18","64.36","8.93","40.33","91.11","6.0","4.87","57.08","55.06","6.48","32.2","79.78","0","0","46.51","4.99"
"2024-12-08","29.7","78.95","0","0","54.14","56.16","7.61","37.87","90.3","8.13","11.07","64.62","64.73","8.99","40.24","90.94","5.74","4.51","57.17","55.15","6.5","32.03","79.58","0","0","46.84","5.08"
"2024-12-09","29.79","79.13","0","0","54.81","56.83","7.75","38.04","90.49","8.32","11.22","65.04","65.09","9.05","40.15","90.77","5.47","4.15","57.27","55.24","6.51","31.86","79.4","0","0","47.19","5.16"
"2024-12-10","29.89","79.3","0","0","55.48","57.51","7.89","38.2","90.67","8.49","11.35","65.46","65.45","9.11","40.04","90.58","5.2","3.78","57.37","55.34","6.53","31.7","79.22","0","0","47.54","5.25"
"2024-12-11","30.0","79.49","0","0","56.16","58.18","8.03","38.36","90.85","8.66","11.47","65.88","65.79","9.17","39.94","90.4","4.92","3.42","57.46","55.44","6.55","31.54","79.04","0","0","47.91","5.34"
"2024-12-12","30.11","79.68","0","0","56.84","58.86","8.18","38.52","91.03","8.81","11.58","66.28","66.14","9.23","39.82","90.2","4.64","3.04","57.56","55.54","6.58","31.38","78.87","0","0","48.29","5.44"
"2024-12-13","30.22","79.87","0","0","57.52","59.54","8.32","38.68","91.19","8.96","11.67","66.68","66.47","9.28","39.71","90.0","4.35","2.67","57.67","55.65","6.6","31.23","78.71","0","0","48.68","5.53"
"2024-12-14","30.34","80.08","0","0","58.2","60.22","8.46","38.83","91.35","9.1","11.76","67.07","66.8","9.34","39.58","89.8","4.06","2.29","57.77","55.76","6.62","31.08","78.55","0","0","49.09","5.63"
"2024-12-15","30.47","80.28","0","0","58.89","60.89","8.6","38.97","91.51","9.23","11.83","67.46","67.12","9.39","39.46","89.59","3.76","1.91","57.88","55.88","6.65","30.94","78.4","0","0","49.5","5.73"
"2024-12-16","30.6","80.49","0","0","59.58","61.57","8.73","39.12","91.65","9.35","11.89","67.84","67.43","9.44","39.32","89.38","3.46","1.52","57.99","56.0","6.68","30.8","78.26","0","0","49.92","5.83"
"2024-12-17","30.73","80.71","0","0","60.27","62.25","8.87","39.26","91.79","9.46","11.93","68.21","67.74","9.49","39.19","89.16","3.15","1.14","58.1","56.13","6.71","30.66","78.13","0","0","50.36","5.94"
"2024-12-18","30.87","80.93","0","0","60.96","62.92","9.01","39.39","91.93","9.56","11.97","68.57","68.04","9.54","39.05","88.94","2.85","0.75","58.21","56.26","6.74","30.53","78.0","0","0","50.81","6.05"
"2024-12-19","31.01","81.15","0","0","61.65","63.59","9.15","39.52","92.05","9.65","11.99","68.92","68.33","9.58","38.9","88.71","2.54","0.37","58.33","56.4","6.77","30.4","77.88","0","0","51.27","6.16"
"2024-12-20","31.16","81.38","0","0","62.34","64.26","9.28","39.64","92.17","9.73","12.0","69.27","68.61","9.63","38.75","88.48","2.22","0","58.45","56.54","6.8","30.28","77.76","0","0","51.73","6.27"
"2024-12-21","31.31","81.61","0","0.17","63.03","64.93","9.42","39.76","92.28","9.8","12.0","69.61","68.89","9.67","38.6","88.24","1.91","0","58.58","56.69","6.84","30.16","77.66","0","0","52.21","6.38"
"2024-12-22","31.46","81.85","0","0.56","63.72","65.6","9.55","39.88","92.38","9.86","11.98","69.94","69.16","9.71","38.44","88.01","1.59","0","58.71","56.84","6.87","30.05","77.56","0","0","52.7","6.5"
"2024-12-23","31.62","82.09","0","0.94","64.4","66.26","9.69","39.99","92.48","9.91","11.95","70.26","69.42","9.75","38.28","87.77","1.27","0","58.84","57.0","6.91","29.95","77.47","0","0","53.2","6.62"
"2024-12-24","31.78","82.33","0","1.33","65.09","66.92","9.82","40.09","92.57","9.95","11.91","70.58","69.68","9.79","38.12","87.52","0.95","0","58.97","57.17","6.95","29.84","77.38","0","0","53.71","6.74"
"2024-12-25","31.95","82.57","0","1.71","65.77","67.57","9.95","40.19","92.65","9.97","11.86","70.89","69.93","9.83","37.95","87.28","0.63","0","59.11","57.34","6.99","29.75","77.31","0","0","54.23","6.86"
"2024-12-26","32.11","82.82","0","2.1","66.45","68.22","10.08","40.29","92.72","9.99","11.79","71.19","70.17","9.87","37.78","87.03","0.31","0","59.26","57.51","7.04","29.66","77.24","0","0","54.76","6.99"
"2024-12-27","32.28","83.07","0","2.48","67.13","68.86","10.2","40.38","92.78","10.0","11.72","71.48","70.41","9.91","37.61","86.78","0","0","59.41","57.7","7.08","29.57","77.18","0","0","55.3","7.11"
"2024-12-28","32.46","83.32","0.14","2.85","67.8","69.5","10.33","40.46","92.84","10.0","11.63","71.76","70.64","9.94","37.43","86.53","0","0","59.56","57.89","7.13","29.49","77.13","0","0","55.84","7.24"
"2024-12-29","32.64","83.57","0.47","3.23","68.47","70.14","10.45","40.54","92.89","9.98","11.53","72.04","70.86","9.98","37.26","86.27","0","0","59.72","58.08","7.18","29.42","77.09","0","0","56.4","7.37"
"2024-12-30","32.81","83.83","0.79","3.6","69.14","70.76","10.58","40.61","92.92","9.96","11.41","72.31","71.07","10.01","37.07","86.02","0","0","59.88","58.28","7.23","29.35","77.06","0","0","56.96","7.5"
"2024-12-31","33.0","84.08","1.11","3.97","69.8","71.38","10.7","40.67","92.96","9.93","11.29","72.56","71.28","10.04","36.89","85.76","0","0","60.05","58.49","7.28","29.29","77.03","0","0","57.53","7.63"
"2025-01-01","34.47","82.88","2.81","6.4","70.46","72.0","10.82","42.03","91.52","11.26","13.21","72.82","71.48","10.07","38.0","84.04","0","0","60.22","58.71","7.34","30.52","75.55","0","0","58.11","7.77"
"2025-01-02","35.95","81.67","4.5","8.82","71.11","72.61","10.93","43.37","90.07","12.58","15.13","73.06","71.68","10.1","39.1","82.32","0.81","0","60.4","58.93","7.39","31.76","74.08","0","0","58.7","7.9"
"2025-01-03","37.42","80.47","6.19","11.24","71.75","73.21","11.05","44.71","88.61","13.89","17.03","73.3","71.87","10.13","40.2","80.6","1.87","0.94","60.59","59.16","7.45","33.01","72.61","0","0","59.29","8.04"
"2025-01-04","38.9","79.27","7.88","13.65","72.39","73.8","11.16","46.04","87.15","15.19","18.92","73.53","72.05","10.16","41.3","78.88","2.94","2.66","60.78","59.4","7.51","34.26","71.16","0","0","59.89","8.18"
"2025-01-05","40.38","78.07","9.57","16.05","73.02","74.38","11.28","47.36","85.68","16.48","20.8","73.75","72.23","10.18","42.4","77.16","4.0","4.38","60.97","59.64","7.57","35.51","69.72","0","0","60.5","8.31"
"2025-01-06","41.85","76.87","11.25","18.44","73.65","74.96","11.39","48.68","84.2","17.76","22.66","73.96","72.4","10.21","43.49","75.45","5.06","6.1","61.17","59.89","7.63","36.77","68.28","0","2.2","61.11","8.45"
"2025-01-07","43.33","75.67","12.92","20.83","74.27","75.53","11.49","49.98","82.72","19.02","24.51","74.17","72.56","10.23","44.59","73.74","6.13","7.83","61.38","60.15","7.7","38.04","66.86","0.28","4.47","61.73","8.6"
"2025-01-08","44.8","74.47","14.59","23.2","74.88","76.09","11.6","51.28","81.24","20.27","26.35","74.36","72.72","10.26","45.67","72.03","7.19","9.55","61.59","60.42","7.76","39.3","65.45","1.77","6.74","62.36","8.74"
"2025-01-09","46.27","73.28","16.25","25.56","75.48","76.64","11.7","52.57","79.75","21.51","28.16","74.56","72.88","10.28","46.76","70.33","8.26","11.28","61.81","60.69","7.83","40.57","64.05","3.26","9.01","62.99","8.88"
"2025-01-10","47.74","72.09","17.91","27.91","76.08","77.18","11.8","53.85","78.25","22.74","29.97","74.74","73.02","10.3","47.84","68.64","9.32","13.02","62.03","60.97","7.9","41.85","62.66","4.76","11.29","63.62","9.02"
"2025-01-11","49.2","70.9","19.55","30.24","76.66","77.71","11.9","55.12","76.75","23.95","31.75","74.92","73.17","10.32","48.91","66.95","10.39","14.75","62.26","61.26","7.97","43.12","61.29","6.26","13.58","64.26","9.17"
"2025-01-12","50.66","69.72","21.19","32.56","77.24","78.23","12.0","56.37","75.25","25.15","33.52","75.09","73.31","10.34","49.99","65.26","11.46","16.49","62.5","61.55","8.05","44.4","59.93","7.77","15.86","64.9","9.31"
"2025-01-13","52.12","68.54","22.81","34.86","77.81","78.74","12.09","57.62","73.74","26.33","35.28","75.25","73.44","10.36","51.05","63.59","12.53","18.23","62.74","61.85","8.12","45.68","58.58","9.28","18.15","65.55","9.46"
"2025-01-14","53.57","67.36","24.43","37.15","78.37","79.24","12.18","58.86","72.24","27.5","37.02","75.41","73.57","10.38","52.12","61.92","13.59","19.96","62.99","62.16","8.2","46.96","57.24","10.8","20.44","66.2","9.6"
"2025-01-15","55.01","66.18","26.03","39.42","78.92","79.73","12.27","60.08","70.73","28.65","38.74","75.56","73.69","10.4","53.18","60.26","14.66","21.7","63.25","62.48","8.28","48.24","55.92","12.32","22.73","66.86","9.75"
"2025-01-16","56.44","65.01","27.63","41.67","79.46","80.21","12.36","61.29","69.22","29.8","40.44","75.7","73.81","10.42","54.23","58.61","15.73","23.44","63.51","62.8","8.36","49.52","54.61","13.84","25.01","67.51","9.89"
"2025-01-17","57.87","63.84","29.21","43.91","79.99","80.68","12.44","62.49","67.71","30.92","42.12","75.84","73.92","10.44","55.28","56.98","16.8","25.18","63.78","63.13","8.44","50.8","53.32","15.36","27.3","68.17","10.04"
"2025-01-18","59.3","62.68","30.77","46.12","80.51","81.14","12.52","63.68","66.19","32.03","43.79","75.97","74.03","10.46","56.33","55.35","17.86","26.92","64.06","63.47","8.53","52.09","52.04","16.88","29.58","68.83","10.18"
"2025-01-19","60.71","61.51","32.33","48.31","81.02","81.58","12.6","64.86","64.68","33.13","45.44","76.09","74.14","10.47","57.37","53.73","18.93","28.66","64.34","63.81","8.61","53.37","50.78","18.41","31.86","69.49","10.33"
"2025-01-20","62.11","60.36","33.86","50.48","81.51","82.02","12.68","66.02","63.17","34.21","47.07","76.21","74.24","10.49","58.4","52.13","20.0","30.39","64.63","64.16","8.7","54.65","49.53","19.93","34.14","70.16","10.47"
"2025-01-21","63.51","59.21","35.39","52.63","82.0","82.44","12.75","67.17","61.66","35.27","48.68","76.33","74.34","10.51","59.43","50.54","21.06","32.13","64.92","64.52","8.79","55.92","48.3","21.46","36.41","70.82","10.62"
"2025-01-22","64.89","58.06","36.89","54.76","82.48","82.85","12.83","68.3","60.15","36.32","50.27","76.43","74.44","10.52","60.45","48.96","22.13","33.86","65.22","64.89","8.88","57.2","47.08","22.98","38.67","71.48","10.76"
"2025-01-23","66.27","56.91","38.39","56.86","82.94","83.25","12.89","69.42","58.65","37.36","51.84","76.54","74.53","10.54","61.47","47.4","23.19","35.59","65.53","65.26","8.97","58.47","45.88","24.5","40.93","72.15","10.91"
"2025-01-24","67.63","55.77","39.86","58.93","83.39","83.64","12.96","70.53","57.15","38.37","53.4","76.64","74.62","10.56","62.48","45.85","24.26","37.32","65.84","65.64","9.06","59.74","44.7","26.02","43.17","72.81","11.05"
"2025-01-25","68.98","54.64","41.32","60.98","83.83","84.01","13.02","71.62","55.65","39.38","54.93","76.73","74.71","10.57","63.49","44.32","25.32","39.05","66.16","66.02","9.16","61.01","43.53","27.53","45.41","73.47","11.19"
"2025-01-26","70.32","53.51","42.75","63.01","84.26","84.37","13.08","72.7","54.16","40.36","56.44","76.82","74.79","10.59","64.49","42.8","26.38","40.77","66.49","66.41","9.25","62.27","42.38","29.05","47.64","74.13","11.34"
"2025-01-27","71.65","52.39","44.17","65.01","84.67","84.72","13.14","73.76","52.67","41.33","57.94","76.9","74.87","10.6","65.48","41.3","27.43","42.49","66.82","66.81","9.35","63.53","41.25","30.55","49.86","74.79","11.48"
"2025-01-28","72.97","51.27","45.57","66.98","85.08","85.06","13.2","74.81","51.18","42.28","59.41","76.98","74.95","10.62","66.47","39.81","28.49","44.2","67.16","67.21","9.45","64.79","40.13","32.05","52.07","75.45","11.62"
"2025-01-29","74.27","50.16","46.96","68.92","85.47","85.38","13.25","75.84","49.7","43.22","60.86","77.05","75.03","10.64","67.45","38.35","29.54","45.91","67.5","67.62","9.55","66.04","39.03","33.55","54.26","76.1","11.76"
"2025-01-30","75.55","49.06","48.32","70.83","85.84","85.7","13.3","76.86","48.23","44.14","62.3","77.13","75.1","10.65","68.42","36.9","30.6","47.62","67.85","68.04","9.65","67.28","37.95","35.04","56.44","76.75","11.9"
"2025-01-31","76.83","47.96","49.66","72.71","86.21","86.0","13.35","77.86","46.77","45.04","63.71","77.19","75.18","10.67","69.38","35.47","31.65","49.31","68.21","68.46","9.75","68.52","36.88","36.52","58.6","77.4","12.03"
"2025-02-01","78.08","46.86","50.97","74.57","86.56","86.28","13.39","78.84","45.31","45.93","65.1","77.26","75.25","10.68","70.34","34.06","32.69","51.01","68.57","68.89","9.86","69.75","35.84","38.0","60.75","78.04","12.17"
"2025-02-02","79.32","45.78","52.27","76.39","86.9","86.56","13.44","79.81","43.86","46.8","66.47","77.32","75.32","10.7","71.29","32.67","33.74","52.69","68.94","69.32","9.96","70.97","34.81","39.46","62.89","78.68","12.3"
"2025-02-03","80.55","44.7","53.54","78.18","87.22","86.82","13.48","80.76","42.42","47.65","67.82","77.37","75.39","10.72","72.23","31.3","34.78","54.37","69.31","69.76","10.07","72.19","33.8","40.92","65.0","79.32","12.44"
"2025-02-04","81.76","43.62","54.79","79.94","87.54","87.07","13.51","81.69","40.99","48.49","69.14","77.43","75.46","10.73","73.16","29.96","35.82","56.05","69.69","70.2","10.17","73.4","32.81","42.37","67.1","79.95","12.57"
"2025-02-05","82.95","42.56","56.02","81.66","87.83","87.3","13.55","82.61","39.57","49.31","70.45","77.48","75.53","10.75","74.09","28.63","36.85","57.71","70.07","70.64","10.28","74.6","31.83","43.81","69.18","80.57","12.7"
"2025-02-06","84.12","41.5","57.23","83.36","88.12","87.52","13.58","83.51","38.16","50.11","71.73","77.53","75.59","10.77","75.01","27.32","37.88","59.37","70.46","71.1","10.39","75.79","30.88","45.23","71.24","81.19","12.83"
"2025-02-07","85.28","40.45","58.41","85.02","88.39","87.73","13.61","84.39","36.76","50.9","73.0","77.57","75.66","10.79","75.92","26.04","38.91","61.02","70.86","71.55","10.5","76.98","29.94","46.65","73.27","81.81","12.95"
"2025-02-08","86.42","39.41","59.56","86.64","88.65","87.93","13.64","85.25","35.37","51.67","74.24","77.62","75.73","10.8","76.82","24.78","39.93","62.66","71.25","72.01","10.61","78.15","29.03","48.05","75.29","82.41","13.08"
"2025-02-09","87.54","38.37","60.69","88.23","88.89","88.11","13.66","86.1","34.0","52.42","75.46","77.66","75.8","10.82","77.71","23.55","40.95","64.29","71.66","72.47","10.72","79.31","28.13","49.44","77.28","83.01","13.2"
"2025-02-10","88.64","37.35","61.8","89.79","89.13","88.29","13.68","86.93","32.63","53.16","76.66","77.7","75.86","10.84","78.59","22.33","41.96","65.91","72.06","72.94","10.83","80.46","27.25","50.82","79.25","83.6","13.32"
"2025-02-11","89.72","36.33","62.88","91.31","89.34","88.44","13.7","87.74","31.28","53.88","77.83","77.74","75.93","10.86","79.47","21.14","42.97","67.51","72.48","73.41","10.94","81.61","26.39","52.18","81.19","84.19","13.44"
"2025-02-12","90.78","35.32","63.93","92.79","89.55","88.59","13.72","88.54","29.95","54.58","78.99","77.77","76.0","10.88","80.33","19.98","43.97","69.11","72.89","73.89","11.05","82.73","25.55","53.52","83.11","84.76","13.56"
"2025-02-13","91.82","34.32","64.96","94.24","89.74","88.72","13.74","89.31","28.63","55.27","80.12","77.81","76.07","10.9","81.19","18.84","44.97","70.7","73.31","74.36","11.16","83.85","24.72","54.86","85.01","85.33","13.67"
"2025-02-14","92.84","33.33","65.96","95.65","89.92","88.85","13.75","90.07","27.32","55.94","81.23","77.85","76.13","10.92","82.03","17.73","45.96","72.27","73.74","74.84","11.28","84.96","23.92","56.17","86.87","85.89","13.78"
"2025-02-15","93.83","32.35","66.93","97.03","90.08","88.95","13.76","90.81","26.03","56.59","82.32","77.88","76.2","10.95","82.87","16.64","46.94","73.83","74.16","75.32","11.39","86.05","23.14","57.47","88.71","86.44","13.89"
"2025-02-16","94.81","31.38","67.88","98.36","90.23","89.05","13.77","91.53","24.76","57.23","83.38","77.91","76.27","10.97","83.69","15.58","47.92","75.38","74.59","75.8","11.5","87.13","22.37","58.75","90.52","86.98","14.0"
"2025-02-17","95.77","30.41","68.79","99.66","90.37","89.14","13.77","92.23","23.51","57.85","84.43","77.95","76.35","10.99","84.51","14.54","48.89","76.91","75.02","76.29","11.62","88.19","21.63","60.01","92.3","87.51","14.11"
"2025-02-18","96.7","29.46","69.68","100.92","90.49","89.21","13.77","92.92","22.27","58.45","85.45","77.98","76.42","11.02","85.31","13.54","49.86","78.43","75.46","76.77","11.73","89.24","20.91","61.26","94.05","88.02","14.21"
"2025-02-19","97.61","28.52","70.55","102.15","90.6","89.27","13.78","93.58","21.05","59.04","86.45","78.01","76.5","11.04","86.1","12.56","50.81","79.94","75.9","77.26","11.84","90.28","20.2","62.48","95.76","88.53","14.31"
"2025-02-20","98.49","27.59","71.38","103.33","90.7","89.32","13.77","94.23","19.84","59.61","87.42","78.04","76.57","11.07","86.89","11.6","51.76","81.43","76.34","77.75","11.95","91.3","19.51","63.69","97.45","89.03","14.4"
"2025-02-21","99.36","26.67","72.19","104.47","90.79","89.36","13.77","94.86","18.66","60.17","88.38","78.07","76.65","11.09","87.66","10.68","52.7","82.9","76.78","78.24","12.07","92.3","18.85","64.87","99.1","89.52","14.5"
"2025-02-22","100.2","25.77","72.96","105.58","90.86","89.38","13.77","95.46","17.5","60.71","89.31","78.11","76.73","11.12","88.42","9.78","53.64","84.36","77.22","78.73","12.18","93.29","18.2","66.03","100.72","89.99","14.59"
"2025-02-23","101.02","24.87","73.71","106.65","90.92","89.4","13.76","96.06","16.35","61.23","90.22","78.14","76.81","11.15","89.17","8.91","54.56","85.8","77.67","79.21","12.29","94.27","17.57","67.18","102.31","90.45","14.68"
"2025-02-24","101.81","23.99","74.43","107.68","90.96","89.4","13.75","96.63","15.23","61.74","91.11","78.17","76.9","11.17","89.91","8.07","55.48","87.22","78.12","79.7","12.4","95.22","16.96","68.3","103.86","90.91","14.76"
"2025-02-25","102.58","23.12","75.12","108.66","91.0","89.39","13.74","97.18","14.13","62.23","91.98","78.21","76.98","11.2","90.63","7.25","56.38","88.62","78.56","80.19","12.51","96.16","16.37","69.39","105.37","91.34","14.85"
"2025-02-26","103.32","22.26","75.78","109.61","91.02","89.38","13.73","97.71","13.05","62.7","92.82","78.24","77.07","11.23","91.35","6.47","57.28","90.01","79.01","80.68","12.62","97.08","15.8","70.47","106.85","91.77","14.93"
"2025-02-27","104.04","21.41","76.42","110.52","91.03","89.35","13.71","98.23","12.0","63.16","93.64","78.28","77.16","11.26","92.05","5.72","58.16","91.37","79.46","81.16","12.73","97.98","15.25","71.52","108.29","92.18","15.0"
"2025-02-28","104.74","20.58","77.02","111.39","91.02","89.31","13.69","98.73","10.96","63.61","94.44","78.32","77.25","11.29","92.74","4.99","59.04","92.72","79.91","81.64","12.84","98.86","14.72","72.54","109.7","92.58","15.07"
"2025-03-01","105.41","19.76","77.59","112.22","91.01","89.26","13.68","99.2","9.95","64.03","95.22","78.36","77.35","11.33","93.41","4.29","59.9","94.04","80.35","82.12","12.95","99.73","14.21","73.54","111.06","92.97","15.15"
"2025-03-02","106.05","18.95","78.13","113.01","90.98","89.2","13.66","99.66","8.96","64.45","95.97","78.4","77.45","11.36","94.08","3.63","60.76","95.34","80.8","82.6","13.06","100.57","13.72","74.52","112.39","93.34","15.21"
"2025-03-03","106.67","18.16","78.65","113.75","90.95","89.13","13.63","100.1","8.0","64.84","96.7","78.44","77.55","11.39","94.73","2.99","61.6","96.62","81.25","83.08","13.16","101.4","13.25","75.47","113.68","93.7","15.28"
"2025-03-04","107.26","17.38","79.13","114.46","90.9","89.06","13.61","100.52","7.06","65.23","97.41","78.48","77.65","11.43","95.36","2.39","62.43","97.88","81.69","83.55","13.27","102.2","12.79","76.39","114.93","94.04","15.34"
"2025-03-05","107.83","16.61","79.58","115.13","90.84","88.97","13.59","100.92","6.15","65.59","98.1","78.53","77.75","11.46","95.99","1.81","63.25","99.12","82.13","84.02","13.37","102.99","12.36","77.28","116.13","94.37","15.39"
"2025-03-06","108.37","15.86","80.01","115.76","90.76","88.87","13.56","101.31","5.26","65.94","98.76","78.58","77.86","11.5","96.6","1.26","64.05","100.33","82.58","84.48","13.48","103.75","11.94","78.15","117.3","94.68","15.45"
"2025-03-07","108.88","15.13","80.4","116.35","90.68","88.77","13.53","101.67","4.4","66.28","99.41","78.63","77.97","11.54","97.19","0.75","64.84","101.52","83.01","84.94","13.58","104.49","11.55","78.99","118.42","94.98","15.5"
"2025-03-08","109.37","14.41","80.77","116.89","90.59","88.66","13.5","102.02","3.57","66.6","100.02","78.68","78.09","11.57","97.78","0.26","65.62","102.69","83.45","85.4","13.68","105.21","11.17","79.81","119.5","95.27","15.54"
"2025-03-09","109.84","13.71","81.1","117.4","90.49","88.53","13.47","102.35","2.76","66.91","100.62","78.73","78.2","11.61","98.34","0","66.38","103.83","83.89","85.85","13.78","105.91","10.81","80.59","120.54","95.54","15.59"
"2025-03-10","110.27","13.02","81.41","117.87","90.37","88.4","13.44","102.65","1.98","67.2","101.2","78.79","78.32","11.65","98.9","0","67.13","104.94","84.32","86.29","13.87","106.59","10.47","81.35","121.54","95.79","15.63"
"2025-03-11","110.68","12.35","81.69","118.3","90.25","88.27","13.41","102.94","1.22","67.48","101.75","78.84","78.44","11.69","99.44","0","67.87","106.03","84.74","86.73","13.97","107.24","10.15","82.07","122.49","96.03","15.66"
"2025-03-12","111.06","11.69","81.93","118.69","90.12","88.12","13.37","103.21","0.5","67.74","102.28","78.9","78.57","11.73","99.96","0","68.59","107.09","85.17","87.17","14.06","107.87","9.85","82.77","123.4","96.26","15.7"
"2025-03-13","111.42","11.06","82.15","119.04","89.98","87.97","13.34","103.47","0","67.99","102.79","78.97","78.7","11.77","100.47","0","69.3","108.12","85.58","87.6","14.15","108.48","9.57","83.43","124.26","96.46","15.73"
"2025-03-14","111.75","10.43","82.34","119.35","89.83","87.81","13.3","103.7","0","68.22","103.27","79.03","78.83","11.81","100.96","0","69.98","109.12","86.0","88.02","14.24","109.06","9.31","84.07","125.08","96.66","15.75"
"2025-03-15","112.05","9.83","82.5","119.62","89.67","87.64","13.27","103.92","0","68.44","103.73","79.1","78.96","11.85","101.44","0","70.66","110.1","86.41","88.43","14.33","109.62","9.06","84.67","125.86","96.83","15.78"
"2025-03-16","112.33","9.25","82.63","119.85","89.5","87.47","13.23","104.11","0","68.64","104.17","79.17","79.09","11.9","101.9","0","71.31","111.04","86.81","88.84","14.42","110.16","8.83","85.25","126.58","96.99","15.8"
"2025-03-17","112.58","8.68","82.73","120.04","89.32","87.29","13.19","104.29","0","68.84","104.59","79.24","79.23","11.94","102.35","0","71.95","111.96","87.21","89.24","14.5","110.67","8.63","85.79","127.27","97.13","15.81"
"2025-03-18","112.8","8.13","82.8","120.19","89.14","87.11","13.15","104.45","0","69.01","104.98","79.31","79.37","11.98","102.78","0","72.58","112.85","87.6","89.63","14.59","111.15","8.44","86.3","127.9","97.26","15.82"
"2025-03-19","112.99","7.6","82.85","120.31","88.94","86.92","13.11","104.6","0","69.17","105.36","79.39","79.51","12.03","103.19","0","73.18","113.7","87.99","90.01","14.66","111.61","8.26","86.78","128.49","97.37","15.83"
"2025-03-20","113.16","7.09","82.86","120.38","88.74","86.72","13.07","104.72","0","69.32","105.7","79.47","79.66","12.07","103.59","0","73.77","114.53","88.37","90.39","14.74","112.05","8.11","87.22","129.03","97.47","15.84"
"2025-03-21","113.3","6.59","82.85","120.42","88.54","86.52","13.03","104.83","0","69.46","106.03","79.55","79.8","12.12","103.97","0","74.33","115.32","88.74","90.75","14.82","112.46","7.98","87.63","129.53","97.55","15.84"
"2025-03-22","113.42","6.12","82.81","120.42","88.32","86.32","12.99","104.92","0","69.58","106.34","79.64","79.95","12.16","104.33","0","74.88","116.08","89.11","91.11","14.89","112.84","7.86","88.01","129.98","97.61","15.84"
"2025-03-23","113.51","5.67","82.75","120.39","88.1","86.11","12.95","104.99","0","69.68","106.62","79.72","80.1","12.21","104.68","0","75.41","116.81","89.47","91.46","14.96","113.2","7.76","88.36","130.38","97.66","15.83"
"2025-03-24","113.57","5.23","82.65","120.32","87.87","85.89","12.9","105.04","0","69.78","106.87","79.81","80.26","12.26","105.0","0","75.92","117.5","89.82","91.79","15.03","113.53","7.68","88.68","130.73","97.68","15.83"
"2025-03-25","113.6","4.82","82.53","120.21","87.64","85.67","12.86","105.08","0","69.86","107.11","79.9","80.41","12.3","105.31","0","76.41","118.16","90.16","92.12","15.09","113.84","7.62","88.96","131.04","97.7","15.81"
"2025-03-26","113.61","4.43","82.38","120.06","87.4","85.45","12.82","105.1","0","69.92","107.32","80.0","80.57","12.35","105.61","0","76.88","118.79","90.5","92.44","15.16","114.11","7.57","89.2","131.3","97.69","15.8"
"2025-03-27","113.6","4.06","82.21","119.88","87.16","85.22","12.77","105.1","0","69.98","107.51","80.09","80.72","12.4","105.88","0","77.33","119.38","90.82","92.74","15.22","114.37","7.54","89.42","131.51","97.68","15.78"
"2025-03-28","113.55","3.71","82.01","119.66","86.91","84.99","12.73","105.08","0","70.01","107.68","80.19","80.88","12.44","106.14","0","77.76","119.94","91.14","93.04","15.27","114.59","7.53","89.6","131.67","97.64","15.76"
"2025-03-29","113.48","3.38","81.78","119.4","86.65","84.76","12.69","105.05","0","70.04","107.82","80.29","81.04","12.49","106.38","0","78.16","120.46","91.45","93.32","15.33","114.79","7.54","89.74","131.79","97.59","15.73"
"2025-03-30","113.39","3.07","81.53","119.12","86.39","84.53","12.64","105.0","0","70.05","107.94","80.39","81.21","12.54","106.6","0","78.55","120.94","91.74","93.59","15.38","114.96","7.56","89.86","131.86","97.52","15.7"
"2025-03-31","113.27","2.79","81.25","118.79","86.13","84.29","12.6","104.93","0","70.05","108.04","80.49","81.37","12.59","106.8","0","78.91","121.39","92.03","93.85","15.43","115.1","7.6","89.93","131.87","97.44","15.67"
"2025-04-01","113.12","2.52","80.95","118.43","85.86","84.05","12.55","104.84","0","70.04","108.12","80.6","81.53","12.63","106.98","0","79.25","121.8","92.31","94.1","15.47","115.21","7.66","89.98","131.85","97.34","15.64"
"2025-04-02","112.95","2.28","80.62","118.04","85.59","83.81","12.51","104.74","0","70.01","108.17","80.7","81.7","12.68","107.15","0","79.56","122.17","92.57","94.33","15.52","115.3","7.74","89.99","131.77","97.22","15.6"
"2025-04-03","112.75","2.07","80.27","117.62","85.31","83.56","12.47","104.62","0","69.97","108.2","80.81","81.86","12.73","107.29","0","79.86","122.51","92.83","94.55","15.55","115.36","7.83","89.96","131.64","97.09","15.56"
"2025-04-04","112.53","1.87","79.89","117.16","85.03","83.32","12.42","104.49","0","69.91","108.2","80.92","82.03","12.77","107.41","0","80.12","122.8","93.07","94.76","15.59","115.39","7.94","89.91","131.47","96.94","15.51"
"2025-04-05","112.28","1.7","79.49","116.67","84.75","83.07","12.38","104.34","0","69.84","108.18","81.03","82.19","12.82","107.52","0","80.37","123.06","93.31","94.96","15.62","115.4","8.07","89.81","131.25","96.78","15.47"
"2025-04-06","112.0","1.56","79.07","116.14","84.46","82.83","12.33","104.17","0","69.76","108.14","81.14","82.36","12.87","107.6","0","80.59","123.28","93.53","95.14","15.65","115.37","8.22","89.69","130.98","96.6","15.41"
"2025-04-07","111.71","1.43","78.63","115.59","84.18","82.58","12.29","103.98","0","69.67","108.08","81.26","82.52","12.91","107.67","0","80.79","123.46","93.74","95.31","15.68","115.32","8.38","89.53","130.67","96.41","15.36"
"2025-04-08","111.39","1.33","78.16","115.0","83.89","82.33","12.25","103.78","0","69.56","107.99","81.37","82.69","12.96","107.71","0","80.96","123.6","93.94","95.47","15.7","115.24","8.56","89.33","130.31","96.21","15.3"
"2025-04-09","111.04","1.26","77.67","114.38","83.6","82.08","12.2","103.57","0","69.44","107.87","81.49","82.85","13.01","107.74","0.41","81.11","123.7","94.12","95.61","15.73","115.13","8.75","89.1","129.9","95.98","15.25"
"2025-04-10","110.67","1.21","77.15","113.74","83.3","81.83","12.16","103.33","0","69.3","107.74","81.6","83.01","13.05","107.74","0.88","81.23","123.76","94.29","95.74","15.74","115.0","8.96","88.84","129.44","95.75","15.18"
"2025-04-11","110.28","1.18","76.62","113.06","83.01","81.59","12.12","103.08","0","69.16","107.58","81.72","83.17","13.1","107.73","1.37","81.32","123.78","94.45","95.85","15.76","114.83","9.19","88.55","128.94","95.5","15.12"
"2025-04-12","109.86","1.18","76.07","112.35","82.71","81.34","12.08","102.82","0","69.0","107.39","81.83","83.33","13.14","107.69","1.88","81.39","123.76","94.6","95.95","15.77","114.64","9.44","88.22","128.39","95.23","15.05"
"2025-04-13","109.42","1.2","75.49","111.61","82.42","81.09","12.04","102.54","0","68.82","107.19","81.95","83.49","13.18","107.63","2.42","81.44","123.7","94.73","96.03","15.77","114.42","9.7","87.86","127.8","94.95","14.98"
"2025-04-14","108.96","1.25","74.89","110.85","82.12","80.84","12.0","102.24","0","68.63","106.95","82.06","83.65","13.23","107.56","2.98","81.45","123.59","94.85","96.1","15.78","114.17","9.97","87.46","127.16","94.66","14.91"
"2025-04-15","108.48","1.33","74.28","110.05","81.82","80.6","11.96","101.93","0","68.43","106.7","82.18","83.8","13.27","107.46","3.57","81.44","123.45","94.96","96.15","15.78","113.9","10.27","87.03","126.48","94.35","14.83"
"2025-04-16","107.97","1.43","73.64","109.23","81.53","80.35","11.92","101.6","0","68.22","106.42","82.29","83.96","13.31","107.34","4.18","81.41","123.26","95.05","96.19","15.77","113.59","10.58","86.57","125.75","94.03","14.75"
"2025-04-17","107.44","1.55","72.99","108.38","81.23","80.11","11.88","101.26","0","67.99","106.11","82.41","84.11","13.35","107.2","4.81","81.34","123.04","95.13","96.22","15.77","113.26","10.9","86.08","124.97","93.7","14.67"
"2025-04-18","106.89","1.7","72.32","107.51","80.93","79.87","11.84","100.9","0","67.75","105.78","82.52","84.26","13.39","107.03","5.47","81.25","122.77","95.19","96.23","15.76","112.9","11.25","85.55","124.16","93.36","14.59"
"2025-04-19","106.32","1.88","71.63","106.61","80.64","79.63","11.8","100.53","0","67.5","105.43","82.63","84.4","13.43","106.85","6.14","81.14","122.45","95.25","96.22","15.74","112.51","11.6","85.0","123.3","93.0","14.51"
"2025-04-20","105.73","2.09","70.92","105.68","80.34","79.39","11.76","100.14","0","67.23","105.05","82.74","84.54","13.46","106.64","6.84","80.99","122.1","95.28","96.2","15.72","112.1","11.98","84.41","122.39","92.63","14.42"
"2025-04-21","105.12","2.32","70.19","104.73","80.04","79.15","11.73","99.74","0","66.95","104.65","82.85","84.68","13.5","106.41","7.56","80.82","121.7","95.3","96.16","15.7","111.66","12.37","83.79","121.44","92.25","14.33"
"2025-04-22","104.48","2.57","69.45","103.75","79.75","78.92","11.69","99.33","0","66.65","104.22","82.96","84.82","13.53","106.17","8.3","80.61","121.26","95.31","96.11","15.68","111.19","12.78","83.14","120.46","91.86","14.24"
"2025-04-23","103.83","2.86","68.69","102.75","79.46","78.68","11.66","98.89","0","66.35","103.77","83.06","84.95","13.57","105.89","9.07","80.38","120.78","95.3","96.04","15.65","110.69","13.2","82.45","119.43","91.45","14.15"
"2025-04-24","103.16","3.17","67.92","101.72","79.17","78.46","11.62","98.45","0","66.02","103.29","83.17","85.07","13.6","105.6","9.85","80.13","120.26","95.28","95.95","15.62","110.17","13.64","81.74","118.35","91.04","14.05"
"2025-04-25","102.47","3.5","67.13","100.67","78.88","78.23","11.59","97.99","0","65.69","102.79","83.27","85.2","13.63","105.29","10.65","79.84","119.69","95.24","95.85","15.59","109.62","14.09","81.0","117.24","90.61","13.96"
"2025-04-26","101.75","3.86","66.32","99.6","78.59","78.0","11.55","97.51","0.56","65.34","102.26","83.37","85.31","13.66","104.95","11.47","79.53","119.08","95.19","95.74","15.55","109.05","14.56","80.23","116.09","90.18","13.86"
"2025-04-27","101.02","4.25","65.5","98.51","78.31","77.78","11.52","97.02","1.3","64.98","101.71","83.46","85.43","13.69","104.59","12.31","79.18","118.43","95.12","95.6","15.51","108.44","15.05","79.43","114.9","89.73","13.76"
"2025-04-28","100.28","4.67","64.66","97.39","78.03","77.56","11.49","96.52","2.08","64.6","101.13","83.55","85.53","13.72","104.21","13.17","78.81","117.73","95.03","95.46","15.46","107.82","15.55","78.59","113.67","89.28","13.65"
"2025-04-29","99.51","5.12","63.81","96.25","77.75","77.35","11.46","96.0","2.88","64.21","100.53","83.64","85.64","13.74","103.81","14.05","78.41","117.0","94.93","95.29","15.41","107.16","16.06","77.74","112.4","88.81","13.55"
"2025-04-30","98.73","5.59","62.95","95.1","77.47","77.13","11.43","95.47","3.71","63.8","99.9","83.73","85.73","13.76","103.38","14.94","77.98","116.22","94.82","95.12","15.36","106.48","16.6","76.85","111.09","88.34","13.45"
"2025-05-01","97.93","6.08","62.08","93.92","77.19","76.92","11.4","94.93","4.57","63.38","99.25","83.81","85.82","13.79","102.94","15.85","77.52","115.4","94.69","94.92","15.31","105.78","17.14","75.94","109.75","87.86","13.34"
"2025-05-02","97.11","6.61","61.19","92.72","76.92","76.72","11.37","94.37","5.46","62.95","98.57","83.89","85.91","13.81","102.47","16.78","77.04","114.53","94.55","94.71","15.25","105.05","17.71","74.99","108.37","87.37","13.23"
"2025-05-03","96.27","7.16","60.29","91.5","76.65","76.51","11.34","93.8","6.37","62.5","97.87","83.96","85.99","13.82","101.98","17.72","76.52","113.63","94.39","94.49","15.19","104.3","18.29","74.03","106.95","86.87","13.13"
"2025-05-04","95.42","7.74","59.37","90.27","76.39","76.31","11.32","93.21","7.32","62.04","97.14","84.03","86.06","13.84","101.47","18.68","75.98","112.68","94.21","94.24","15.12","103.52","18.88","73.03","105.5","86.37","13.02"
"2025-05-05","94.56","8.34","58.45","89.01","76.12","76.11","11.29","92.61","8.29","61.57","96.38","84.1","86.12","13.85","100.93","19.66","75.4","111.69","94.02","93.99","15.06","102.71","19.49","72.01","104.01","85.85","12.9"
"2025-05-06","93.68","8.98","57.51","87.74","75.87","75.92","11.26","92.0","9.29","61.08","95.6","84.15","86.18","13.87","100.37","20.65","74.8","110.66","93.81","93.72","14.98","101.89","20.11","70.97","102.5","85.33","12.79"
"2025-05-07","92.78","9.63","56.57","86.45","75.61","75.73","11.24","91.37","10.32","60.58","94.8","84.21","86.23","13.88","99.8","21.66","74.17","109.58","93.59","93.43","14.91","101.04","20.75","69.9","100.94","84.81","12.68"
"2025-05-08","91.87","10.32","55.61","85.14","75.36","75.54","11.22","90.73","11.37","60.06","93.96","84.26","86.28","13.89","99.2","22.68","73.51","108.47","93.36","93.13","14.83","100.16","21.41","68.8","99.36","84.28","12.57"
"2025-05-09","90.95","11.03","54.65","83.82","75.11","75.36","11.19","90.08","12.44","59.52","93.11","84.3","86.31","13.89","98.57","23.71","72.82","107.32","93.1","92.81","14.75","99.27","22.08","67.69","97.75","83.74","12.45"
"2025-05-10","90.01","11.77","53.67","82.48","74.86","75.18","11.17","89.42","13.55","58.98","92.22","84.34","86.34","13.9","97.93","24.76","72.11","106.12","92.84","92.48","14.67","98.35","22.76","66.54","96.1","83.2","12.34"
"2025-05-11","89.05","12.54","52.69","81.12","74.62","75.0","11.15","88.74","14.67","58.41","91.31","84.37","86.36","13.9","97.26","25.82","71.36","104.88","92.56","92.14","14.58","97.41","23.46","65.38","94.42","82.65","12.22"
"2025-05-12","88.09","13.33","51.69","79.75","74.39","74.83","11.12","88.05","15.83","57.84","90.38","84.39","86.37","13.9","96.58","26.89","70.59","103.61","92.26","91.78","14.49","96.45","24.18","64.2","92.72","82.1","12.11"
"2025-05-13","87.11","14.15","50.69","78.36","74.15","74.66","11.1","87.35","17.0","57.25","89.42","84.41","86.37","13.9","95.87","27.98","69.79","102.29","91.95","91.4","14.4","95.46","24.91","62.99","90.99","81.54","11.99"
"2025-05-14","86.12","14.99","49.68","76.96","73.92","74.5","11.08","86.63","18.2","56.64","88.43","84.42","86.36","13.89","95.14","29.07","68.96","100.94","91.62","91.01","14.31","94.46","25.65","61.76","89.23","80.98","11.88"
"2025-05-15","85.12","15.86","48.67","75.55","73.7","74.33","11.06","85.91","19.42","56.02","87.42","84.43","86.35","13.88","94.39","30.18","68.11","99.55","91.28","90.61","14.21","93.44","26.42","60.52","87.44","80.42","11.76"
"2025-05-16","84.11","16.76","47.64","74.12","73.48","74.17","11.04","85.17","20.66","55.38","86.38","84.43","86.32","13.88","93.62","31.3","67.23","98.12","90.93","90.2","14.11","92.39","27.19","59.25","85.63","79.85","11.64"
"2025-05-17","83.08","17.68","46.61","72.68","73.26","74.02","11.03","84.41","21.93","54.73","85.31","84.42","86.29","13.86","92.82","32.43","66.32","96.65","90.56","89.77","14.0","91.33","27.98","57.97","83.79","79.28","11.53"
"2025-05-18","82.05","18.63","45.57","71.23","73.05","73.86","11.01","83.65","23.21","54.07","84.22","84.4","86.25","13.85","92.01","33.57","65.38","95.14","90.18","89.32","13.9","90.24","28.78","56.66","81.93","78.71","11.41"
"2025-05-19","81.0","19.6","44.53","69.76","72.84","73.71","10.99","82.87","24.52","53.39","83.11","84.37","86.19","13.83","91.18","34.72","64.41","93.59","89.78","88.87","13.79","89.14","29.6","55.34","80.04","78.14","11.29"
"2025-05-20","79.95","20.6","43.48","68.29","72.63","73.57","10.97","82.09","25.84","52.69","81.97","84.34","86.13","13.81","90.32","35.88","63.42","92.01","89.37","88.4","13.68","88.02","30.44","54.0","78.14","77.56","11.18"
"2025-05-21","78.88","21.62","42.43","66.8","72.43","73.42","10.96","81.29","27.19","51.98","80.8","84.3","86.06","13.79","89.45","37.04","62.41","90.4","88.95","87.92","13.57","86.88","31.28","52.65","76.21","76.99","11.06"
"2025-05-22","77.81","22.67","41.37","65.3","72.23","73.28","10.94","80.48","28.55","51.26","79.61","84.25","85.97","13.77","88.55","38.22","61.36","88.74","88.51","87.43","13.45","85.72","32.15","51.28","74.26","76.41","10.94"
"2025-05-23","76.73","23.74","40.3","63.79","72.04","73.14","10.92","79.65","29.93","50.52","78.39","84.19","85.88","13.74","87.63","39.4","60.3","87.06","88.06","86.92","13.33","84.55","33.02","49.89","72.29","75.83","10.83"
"2025-05-24","75.64","24.83","39.23","62.27","71.85","73.01","10.91","78.82","31.33","49.76","77.14","84.12","85.78","13.71","86.7","40.6","59.2","85.34","87.6","86.41","13.21","83.36","33.92","48.49","70.3","75.26","10.71"
"2025-05-25","74.54","25.95","38.16","60.74","71.66","72.88","10.89","77.98","32.75","48.99","75.88","84.05","85.66","13.68","85.75","41.79","58.08","83.58","87.12","85.88","13.09","82.16","34.82","47.08","68.29","74.68","10.6"
"2025-05-26","73.43","27.09","37.08","59.2","71.48","72.75","10.88","77.12","34.18","48.2","74.58","83.96","85.54","13.64","84.77","43.0","56.94","81.79","86.64","85.34","12.97","80.94","35.74","45.65","66.27","74.1","10.48"
"2025-05-27","72.32","28.26","36.0","57.65","71.3","72.62","10.86","76.25","35.63","47.4","73.26","83.87","85.4","13.61","83.78","44.21","55.77","79.97","86.14","84.79","12.84","79.7","36.67","44.21","64.22","73.53","10.37"
"2025-05-28","71.2","29.45","34.92","56.09","71.13","72.49","10.85","75.38","37.09","46.58","71.92","83.76","85.25","13.57","82.77","45.43","54.58","78.12","85.63","84.23","12.71","78.45","37.62","42.76","62.17","72.95","10.26"
"2025-05-29","70.07","30.66","33.83","54.53","70.96","72.37","10.83","74.49","38.57","45.75","70.55","83.65","85.09","13.52","81.74","46.65","53.37","76.23","85.1","83.66","12.58","77.18","38.58","41.29","60.1","72.38","10.14"
"2025-05-30","68.94","31.89","32.74","52.95","70.79","72.25","10.82","73.59","40.06","44.91","69.15","83.53","84.92","13.48","80.69","47.88","52.13","74.32","84.57","83.09","12.45","75.91","39.56","39.82","58.01","71.81","10.03"
"2025-05-31","67.8","33.14","31.65","51.37","70.63","72.13","10.81","72.68","41.56","44.04","67.74","83.39","84.74","13.43","79.63","49.12","50.87","72.37","84.03","82.5","12.32","74.62","40.55","38.34","55.91","71.25","9.92"
"2025-06-01","66.66","34.42","30.55","49.78","70.47","72.01","10.79","71.76","43.08","43.17","66.29","83.25","84.55","13.38","78.54","50.36","49.59","70.4","83.47","81.9","12.18","73.31","41.55","36.85","53.8","70.68","9.81"
"2025-06-02","65.51","35.71","29.45","48.19","70.31","71.9","10.78","70.83","44.61","42.27","64.83","83.1","84.35","13.33","77.44","51.6","48.28","68.39","82.91","81.29","12.05","72.0","42.57","35.34","51.68","70.12","9.71"
"2025-06-03","64.36","37.03","28.36","46.58","70.15","71.78","10.76","69.89","46.15","41.37","63.34","82.94","84.13","13.27","76.32","52.85","46.96","66.36","82.33","80.68","11.91","70.67","43.6","33.84","49.55","69.56","9.6"
"2025-06-04","63.2","38.37","27.26","44.97","70.0","71.67","10.75","68.93","47.7","40.44","61.82","82.76","83.9","13.21","75.19","54.1","45.61","64.3","81.75","80.06","11.77","69.33","44.64","32.32","47.41","69.01","9.49"
"2025-06-05","62.04","39.72","26.16","43.36","69.86","71.56","10.73","67.97","49.26","39.51","60.28","82.58","83.67","13.15","74.04","55.35","44.24","62.22","81.15","79.43","11.63","67.99","45.7","30.8","45.26","68.46","9.39"
"2025-06-06","60.88","41.1","25.05","41.74","69.71","71.45","10.72","67.0","50.83","38.56","58.72","82.39","83.42","13.09","72.87","56.61","42.86","60.11","80.55","78.79","11.49","66.63","46.76","29.27","43.1","67.91","9.28"
"2025-06-07","59.71","42.49","23.95","40.11","69.57","71.34","10.7","66.02","52.41","37.59","57.13","82.18","83.16","13.02","71.69","57.87","41.45","57.98","79.94","78.15","11.35","65.26","47.85","27.74","40.94","67.37","9.18"
"2025-06-08","58.54","43.91","22.85","38.48","69.43","71.23","10.69","65.03","54.0","36.61","55.53","81.97","82.88","12.95","70.49","59.13","40.03","55.82","79.32","77.5","11.21","63.89","48.94","26.2","38.77","66.83","9.08"
"2025-06-09","57.36","45.34","21.74","36.84","69.29","71.12","10.67","64.04","55.59","35.61","53.9","81.74","82.6","12.88","69.28","60.4","38.58","53.64","78.69","76.84","11.06","62.5","50.05","24.66","36.59","66.3","8.98"
"2025-06-10","56.19","46.79","20.64","35.2","69.15","71.01","10.66","63.03","57.19","34.6","52.24","81.5","82.3","12.8","68.05","61.67","37.12","51.44","78.05","76.18","10.92","61.11","51.17","23.11","34.41","65.77","8.88"
"2025-06-11","55.01","48.25","19.54","33.56","69.02","70.9","10.64","62.01","58.8","33.58","50.57","81.26","81.99","12.73","66.81","62.93","35.65","49.21","77.41","75.51","10.77","59.71","52.3","21.57","32.23","65.25","8.79"
"2025-06-12","53.83","49.73","18.43","31.91","68.89","70.8","10.63","60.99","60.41","32.54","48.87","81.0","81.68","12.65","65.55","64.2","34.15","46.97","76.76","74.84","10.63","58.31","53.45","20.02","30.04","64.74","8.69"
"2025-06-13","52.65","51.23","17.33","30.25","68.76","70.69","10.61","59.95","62.03","31.48","47.15","80.73","81.34","12.56","64.29","65.47","32.64","44.7","76.11","74.17","10.48","56.9","54.6","18.47","27.85","64.23","8.6"
"2025-06-14","51.47","52.74","16.23","28.6","68.63","70.58","10.59","58.91","63.65","30.41","45.41","80.45","81.0","12.48","63.0","66.74","31.12","42.42","75.44","73.49","10.34","55.49","55.77","16.91","25.66","63.72","8.5"
"2025-06-15","50.29","54.27","15.13","26.94","68.51","70.47","10.57","57.86","65.28","29.33","43.65","80.16","80.65","12.39","61.71","68.01","29.58","40.12","74.78","72.8","10.19","54.06","56.95","15.36","23.47","63.23","8.41"
"2025-06-16","49.11","55.81","14.02","25.27","68.38","70.36","10.55","56.8","66.9","28.24","41.87","79.86","80.28","12.3","60.4","69.28","28.02","37.8","74.11","72.12","10.04","52.64","58.14","13.81","21.28","62.74","8.32"
"2025-06-17","47.92","57.37","12.93","23.61","68.26","70.25","10.53","55.73","68.53","27.13","40.07","79.55","79.91","12.21","59.08","70.55","26.45","35.47","73.43","71.43","9.9","51.21","59.34","12.27","19.1","62.26","8.24"
"2025-06-18","46.74","58.93","11.83","21.94","68.14","70.14","10.51","54.66","70.17","26.0","38.25","79.23","79.52","12.11","57.76","71.82","24.87","33.12","72.75","70.74","9.75","49.78","60.56","10.72","16.91","61.78","8.15"
"2025-06-19","45.56","60.51","10.73","20.27","68.01","70.03","10.49","53.57","71.8","24.87","36.41","78.89","79.12","12.02","56.42","73.09","23.28","30.76","72.06","70.04","9.6","48.35","61.78","9.17","14.73","61.32","8.07"
"2025-06-20","44.38","62.11","9.63","18.6","67.89","69.91","10.47","52.48","73.43","23.72","34.56","78.55","78.72","11.92","55.06","74.36","21.68","28.39","71.37","69.35","9.46","46.91","63.02","7.63","12.55","60.86","7.99"
"2025-06-21","43.2","63.71","8.54","16.92","67.77","69.8","10.45","51.39","75.06","22.56","32.68","78.2","78.3","11.82","53.7","75.62","20.06","26.0","70.68","68.65","9.31","45.48","64.26","6.1","10.38","60.41","7.91"
"2025-06-22","42.03","65.33","7.45","15.25","67.65","69.68","10.43","50.28","76.69","21.38","30.79","77.83","77.87","11.71","52.33","76.89","18.44","23.61","69.99","67.96","9.16","44.04","65.52","4.56","8.21","59.96","7.83"
"2025-06-23","40.85","66.95","6.36","13.57","67.53","69.56","10.4","49.17","78.32","20.19","28.87","77.46","77.43","11.61","50.95","78.15","16.8","21.2","69.29","67.26","9.02","42.6","66.78","3.03","6.05","59.53","7.75"
"2025-06-24","39.68","68.59","5.27","11.89","67.41","69.44","10.38","48.05","79.95","18.99","26.94","77.07","76.97","11.5","49.57","79.41","15.16","18.78","68.59","66.57","8.87","41.16","68.06","1.51","3.89","59.1","7.68"
"2025-06-25","38.51","70.23","4.18","10.21","67.29","69.32","10.35","46.93","81.57","17.78","25.0","76.67","76.51","11.39","48.17","80.67","13.51","16.36","67.89","65.87","8.73","39.72","69.34","0","1.74","58.68","7.6"
"2025-06-26","37.34","71.88","3.1","8.53","67.17","69.19","10.33","45.8","83.19","16.56","23.04","76.27","76.04","11.27","46.77","81.92","11.85","13.93","67.19","65.18","8.58","38.29","70.64","0","0","58.27","7.53"
"2025-06-27","36.17","73.54","2.02","6.85","67.05","69.06","10.3","44.66","84.81","15.32","21.06","75.85","75.56","11.16","45.36","83.18","10.18","11.49","66.49","64.48","8.44","36.85","71.94","0","0","57.87","7.46"
"2025-06-28","35.01","75.21","0.94","5.17","66.93","68.93","10.27","43.52","86.42","14.07","19.07","75.43","75.07","11.04","43.94","84.43","8.51","9.05","65.79","63.79","8.3","35.42","73.25","0","0","57.48","7.4"
"2025-06-29","33.85","76.88","0","3.49","66.8","68.79","10.24","42.37","88.03","12.82","17.06","74.99","74.57","10.92","42.52","85.67","6.83","6.6","65.08","63.1","8.16","33.99","74.57","0","0","57.09","7.33"
"2025-06-30","32.7","78.56","0","1.81","66.68","68.65","10.21","41.22","89.63","11.55","15.04","74.55","74.06","10.8","41.09","86.92","5.15","4.15","64.38","62.42","8.02","32.57","75.9","0","0","56.72","7.27"
"2025-07-01","31.54","80.25","0","0.13","66.56","68.51","10.18","40.06","91.22","10.27","13.01","74.09","73.54","10.68","39.66","88.15","3.47","1.7","63.68","61.74","7.88","31.15","77.24","0","0","56.35","7.21"
"2025-07-02","31.04","81.2","0","0","66.43","68.37","10.14","39.55","92.08","9.67","11.99","73.63","73.02","10.56","38.87","88.66","2.47","0.28","62.98","61.06","7.74","30.38","77.85","0","0","56.0","7.15"
"2025-07-03","31.19","81.43","0","0","66.3","68.22","10.11","39.67","92.19","9.74","12.0","73.15","72.48","10.43","38.72","88.43","2.15","0","62.29","60.38","7.6","30.26","77.74","0","0","55.65","7.09"
"2025-07-04","31.34","81.66","0","0.26","66.17","68.07","10.07","39.79","92.3","9.81","11.99","72.67","71.94","10.3","38.57","88.19","1.84","0","61.59","59.71","7.47","30.14","77.63","0","0","55.31","7.03"
"2025-07-05","31.5","81.9","0","0.64","66.04","67.91","10.03","39.9","92.41","9.87","11.98","72.18","71.39","10.17","38.41","87.95","1.52","0","60.9","59.04","7.33","30.03","77.54","0","0","54.98","6.98"
"2025-07-06","31.65","82.14","0","1.03","65.9","67.75","10.0","40.01","92.5","9.92","11.95","71.68","70.83","10.04","38.25","87.71","1.2","0","60.21","58.38","7.2","29.92","77.45","0","0","54.66","6.93"
"2025-07-07","31.82","82.38","0","1.41","65.77","67.59","9.96","40.12","92.58","9.95","11.9","71.17","70.26","9.91","38.08","87.47","0.88","0","59.53","57.73","7.07","29.82","77.37","0","0","54.35","6.88"
"2025-07-08","31.98","82.63","0","1.8","65.63","67.42","9.91","40.22","92.66","9.98","11.85","70.66","69.69","9.78","37.91","87.22","0.56","0","58.85","57.08","6.94","29.73","77.29","0","0","54.05","6.83"
"2025-07-09","32.15","82.87","0","2.18","65.49","67.24","9.87","40.31","92.73","9.99","11.78","70.13","69.11","9.65","37.74","86.97","0.23","0","58.17","56.43","6.82","29.64","77.23","0","0","53.76","6.78"
"2025-07-10","32.32","83.12","0","2.56","65.34","67.07","9.83","40.4","92.8","10.0","11.7","69.6","68.52","9.51","37.57","86.72","0","0","57.5","55.8","6.69","29.55","77.17","0","0","53.48","6.74"
"2025-07-11","32.5","83.38","0.21","2.94","65.19","66.88","9.78","40.48","92.85","10.0","11.61","69.06","67.93","9.37","37.39","86.47","0","0","56.84","55.17","6.57","29.48","77.12","0","0","53.21","6.69"
"2025-07-12","32.67","83.63","0.54","3.31","65.04","66.69","9.74","40.55","92.89","9.98","11.5","68.52","67.33","9.24","37.22","86.21","0","0","56.17","54.55","6.44","29.4","77.08","0","0","52.94","6.65"
"2025-07-13","32.85","83.88","0.86","3.68","64.89","66.5","9.69","40.62","92.93","9.95","11.38","67.96","66.72","9.1","37.03","85.96","0","0","55.52","53.93","6.32","29.34","77.05","0","0","52.69","6.61"
"2025-07-14","33.04","84.14","1.18","4.05","64.73","66.3","9.64","40.69","92.96","9.92","11.26","67.41","66.11","8.96","36.85","85.7","0","0","54.87","53.32","6.21","29.27","77.02","0","0","52.44","6.58"
"2025-07-15","33.22","84.4","1.5","4.41","64.57","66.1","9.59","40.75","92.98","9.87","11.12","66.84","65.5","8.82","36.67","85.45","0","0","54.23","52.73","6.09","29.22","77.01","0","0","52.21","6.54"
"2025-07-16","33.41","84.66","1.82","4.77","64.41","65.89","9.53","40.8","93.0","9.82","10.97","66.27","64.88","8.68","36.48","85.19","0","0","53.6","52.14","5.98","29.17","77.0","0","0","51.98","6.51"
"2025-07-17","33.59","84.91","2.13","5.12","64.24","65.68","9.48","40.85","93.0","9.75","10.8","65.69","64.25","8.54","36.29","84.93","0","0","52.97","51.56","5.87","29.13","77.0","0","0","51.77","6.47"
"2025-07-18","33.78","85.17","2.45","5.47","64.06","65.46","9.42","40.89","93.0","9.67","10.63","65.11","63.62","8.4","36.1","84.67","0","0","52.35","50.98","5.76","29.09","77.01","0","0","51.56","6.44"
"2025-07-19","33.97","85.43","2.76","5.81","63.89","65.24","9.37","40.92","92.98","9.58","10.44","64.52","62.99","8.26","35.91","84.41","0","0","51.74","50.42","5.65","29.06","77.03","0","0","51.36","6.41"
"2025-07-20","34.16","85.69","3.07","6.14","63.71","65.01","9.31","40.95","92.96","9.49","10.25","63.93","62.36","8.11","35.72","84.16","0","0","51.14","49.87","5.55","29.04","77.05","0","0","51.17","6.39"
"2025-07-21","34.36","85.94","3.37","6.47","63.52","64.77","9.25","40.97","92.93","9.38","10.04","63.33","61.72","7.97","35.53","83.9","0","0","50.54","49.33","5.44","29.02","77.09","0","0","50.99","6.36"
"2025-07-22","34.55","86.2","3.67","6.8","63.33","64.53","9.19","40.99","92.9","9.26","9.82","62.73","61.08","7.83","35.33","83.65","0","0","49.96","48.8","5.35","29.01","77.13","0","0","50.82","6.33"
"2025-07-23","34.74","86.45","3.97","7.11","63.14","64.28","9.12","41.0","92.85","9.14","9.6","62.12","60.44","7.68","35.14","83.39","0","0","49.38","48.28","5.25","29.0","77.18","0","0","50.65","6.31"
"2025-07-24","34.93","86.71","4.27","7.42","62.94","64.03","9.06","41.0","92.8","9.0","9.36","61.51","59.79","7.54","34.95","83.14","0","0","48.82","47.77","5.15","29.0","77.24","0","0","50.5","6.29"
"2025-07-25","35.13","86.96","4.56","7.72","62.74","63.77","8.99","41.0","92.74","8.86","9.11","60.9","59.15","7.4","34.75","82.89","0","0","48.26","47.27","5.06","29.01","77.3","0","0","50.35","6.27"
"2025-07-26","35.32","87.21","4.84","8.01","62.53","63.51","8.93","40.99","92.67","8.7","8.85","60.29","58.5","7.26","34.56","82.64","0","0","47.72","46.78","4.97","29.02","77.38","0","0","50.21","6.25"
"2025-07-27","35.51","87.45","5.12","8.3","62.32","63.24","8.86","40.97","92.59","8.54","8.59","59.67","57.85","7.11","34.37","82.4","0","0","47.18","46.3","4.89","29.04","77.46","0","0","50.08","6.23"
"2025-07-28","35.71","87.7","5.39","8.57","62.1","62.96","8.79","40.95","92.5","8.37","8.31","59.05","57.21","6.97","34.18","82.15","0","0","46.66","45.84","4.8","29.07","77.55","0","0","49.96","6.22"
"2025-07-29","35.9","87.94","5.66","8.84","61.88","62.68","8.72","40.92","92.41","8.19","8.03","58.43","56.56","6.83","33.98","81.91","0","0","46.15","45.39","4.72","29.1","77.65","0","0","49.84","6.2"
"2025-07-30","36.09","88.18","5.93","9.1","61.65","62.39","8.64","40.89","92.31","8.0","7.74","57.81","55.91","6.69","33.79","81.68","0","0","45.65","44.95","4.64","29.13","77.76","0","0","49.73","6.19"
"2025-07-31","36.28","88.41","6.18","9.34","61.42","62.1","8.57","40.85","92.2","7.8","7.44","57.19","55.27","6.55","33.6","81.45","0","0","45.16","44.52","4.57","29.18","77.87","0","0","49.63","6.18"
"2025-08-01","36.47","88.64","6.43","9.58","61.19","61.8","8.49","40.8","92.09","7.59","7.13","56.56","54.62","6.41","33.42","81.22","0","0","44.68","44.11","4.5","29.23","77.99","0","0","49.54","6.17"
"2025-08-02","36.66","88.87","6.68","9.81","60.95","61.5","8.42","40.75","91.96","7.38","6.82","55.94","53.98","6.27","33.23","80.99","0","0","44.22","43.71","4.43","29.28","78.12","0","0","49.46","6.15"
"2025-08-03","36.84","89.1","6.91","10.03","60.7","61.19","8.34","40.69","91.83","7.16","6.49","55.31","53.34","6.14","33.05","80.77","0","0","43.77","43.32","4.36","29.35","78.25","0","0","49.38","6.15"
"2025-08-04","37.02","89.32","7.14","10.23","60.45","60.87","8.26","40.63","91.69","6.93","6.16","54.69","52.7","6.0","32.87","80.55","0","0","43.33","42.94","4.3","29.41","78.39","0","0","49.31","6.14"
"2025-08-05","37.2","89.53","7.36","10.43","60.19","60.55","8.18","40.56","91.55","6.69","5.83","54.07","52.07","5.86","32.69","80.34","0","0","42.9","42.58","4.23","29.49","78.54","0","0","49.24","6.13"
"2025-08-06","37.38","89.74","7.58","10.62","59.93","60.22","8.09","40.48","91.4","6.45","5.49","53.45","51.44","5.73","32.51","80.13","0","0","42.49","42.23","4.18","29.57","78.7","0","0","49.18","6.12"
"2025-08-07","37.56","89.95","7.79","10.79","59.66","59.89","8.01","40.4","91.24","6.2","5.14","52.83","50.81","5.6","32.33","79.93","0","0","42.09","41.89","4.12","29.65","78.86","0","0","49.13","6.12"
"2025-08-08","37.73","90.15","7.98","10.96","59.39","59.56","7.93","40.31","91.07","5.94","4.79","52.21","50.19","5.46","32.16","79.73","0","0","41.7","41.57","4.07","29.74","79.03","0","0","49.08","6.11"
"2025-08-09","37.9","90.34","8.17","11.11","59.11","59.22","7.84","40.22","90.9","5.68","4.43","51.6","49.57","5.33","31.99","79.54","0","0","41.32","41.26","4.02","29.84","79.2","0","0","49.04","6.11"
"2025-08-10","38.07","90.53","8.36","11.25","58.83","58.87","7.75","40.12","90.73","5.41","4.07","50.99","48.96","5.21","31.83","79.36","0","0","40.96","40.97","3.97","29.94","79.39","0","0","49.01","6.11"
"2025-08-11","38.24","90.71","8.53","11.38","58.55","58.52","7.67","40.02","90.54","5.14","3.7","50.38","48.35","5.08","31.66","79.18","0","0","40.62","40.69","3.93","30.05","79.57","0","0","48.98","6.1"
"2025-08-12","38.4","90.89","8.69","11.49","58.26","58.16","7.58","39.91","90.35","4.86","3.33","49.78","47.75","4.95","31.51","79.0","0","0","40.29","40.42","3.89","30.16","79.76","0","0","48.95","6.1"
"2025-08-13","38.56","91.06","8.85","11.6","57.96","57.8","7.49","39.8","90.16","4.57","2.96","49.18","47.16","4.83","31.35","78.84","0","0","39.97","40.17","3.85","30.27","79.96","0","0","48.93","6.1"
"2025-08-14","38.71","91.23","8.99","11.69","57.66","57.43","7.4","39.68","89.96","4.28","2.58","48.58","46.57","4.71","31.2","78.67","0","0","39.66","39.93","3.81","30.4","80.17","0","0","48.92","6.1"
"2025-08-15","38.86","91.39","9.13","11.77","57.36","57.07","7.3","39.56","89.75","3.99","2.2","47.99","45.99","4.59","31.05","78.52","0","0","39.37","39.7","3.78","30.52","80.37","0","0","48.91","6.1"
"2025-08-16","39.01","91.54","9.26","11.84","57.05","56.69","7.21","39.43","89.54","3.69","1.82","47.41","45.41","4.47","30.91","78.37","0","0","39.1","39.49","3.75","30.65","80.59","0","0","48.9","6.1"
"2025-08-17","39.15","91.68","9.37","11.9","56.73","56.31","7.12","39.29","89.33","3.39","1.44","46.83","44.85","4.35","30.77","78.23","0","0","38.84","39.29","3.72","30.79","80.8","0","0","48.9","6.1"
"2025-08-18","39.29","91.82","9.48","11.94","56.42","55.93","7.03","39.16","89.11","3.09","1.05","46.25","44.29","4.24","30.63","78.1","0","0","38.59","39.11","3.7","30.93","81.03","0","0","48.9","6.1"
"2025-08-19","39.42","91.95","9.58","11.97","56.1","55.55","6.93","39.01","88.89","2.78","0.67","45.69","43.74","4.13","30.5","77.97","0","0","38.36","38.94","3.68","31.07","81.25","0","0","48.91","6.1"
"2025-08-20","39.55","92.08","9.67","11.99","55.77","55.16","6.84","38.87","88.66","2.47","0.28","45.13","43.2","4.02","30.38","77.85","0","0","38.14","38.79","3.66","31.22","81.48","0","0","48.92","6.1"
"2025-08-21","39.67","92.19","9.74","12.0","55.44","54.77","6.74","38.72","88.43","2.15","0","44.57","42.67","3.91","30.26","77.74","0","0","37.93","38.64","3.65","31.37","81.72","0","0.34","48.93","6.1"
"2025-08-22","39.79","92.3","9.81","11.99","55.11","54.37","6.64","38.57","88.19","1.84","0","44.03","42.15","3.81","30.14","77.63","0","0","37.75","38.52","3.63","31.53","81.95","0","0.73","48.95","6.11"
"2025-08-23","39.9","92.41","9.87","11.98","54.77","53.98","6.55","38.41","87.95","1.52","0","43.49","41.63","3.71","30.03","77.54","0","0","37.57","38.4","3.62","31.69","82.19","0","1.12","48.97","6.11"
"2025-08-24","40.01","92.5","9.92","11.95","54.43","53.58","6.45","38.25","87.71","1.2","0","42.96","41.13","3.61","29.92","77.45","0","0","37.41","38.3","3.62","31.85","82.44","0","1.5","48.99","6.11"
"2025-08-25","40.12","92.58","9.95","11.9","54.09","53.17","6.35","38.08","87.47","0.88","0","42.44","40.64","3.51","29.82","77.37","0","0","37.27","38.21","3.61","32.02","82.68","0","1.88","49.01","6.11"
"2025-08-26","40.22","92.66","9.98","11.85","53.74","52.77","6.26","37.91","87.22","0.56","0","41.93","40.16","3.42","29.73","77.29","0","0","37.13","38.14","3.61","32.19","82.93","0","2.26","49.04","6.11"
"2025-08-27","40.31","92.73","9.99","11.78","53.39","52.36","6.16","37.74","86.97","0.23","0","41.43","39.69","3.33","29.64","77.23","0","0","37.02","38.08","3.61","32.36","83.18","0","2.64","49.07","6.12"
"2025-08-28","40.4","92.8","10.0","11.7","53.04","51.96","6.06","37.57","86.72","0","0","40.94","39.23","3.24","29.55","77.17","0","0","36.91","38.03","3.61","32.54","83.43","0.29","3.02","49.1","6.12"
"2025-08-29","40.48","92.85","10.0","11.61","52.69","51.55","5.96","37.39","86.47","0","0","40.46","38.79","3.15","29.48","77.12","0","0","36.83","38.0","3.62","32.71","83.69","0.61","3.39","49.13","6.12"
"2025-08-30","40.55","92.89","9.98","11.5","52.33","51.14","5.86","37.22","86.21","0","0","39.99","38.36","3.07","29.4","77.08","0","0","36.75","37.98","3.63","32.89","83.94","0.93","3.76","49.16","6.12"
"2025-08-31","40.62","92.93","9.95","11.38","51.97","50.73","5.77","37.03","85.96","0","0","39.52","37.94","2.99","29.34","77.05","0","0","36.69","37.97","3.64","33.08","84.2","1.25","4.13","49.19","6.12"
"2025-09-01","40.69","92.96","9.92","11.26","51.61","50.31","5.67","36.85","85.7","0","0","39.08","37.53","2.92","29.27","77.02","0","0","36.65","37.97","3.65","33.26","84.45","1.57","4.49","49.23","6.12"
"2025-09-02","40.75","92.98","9.87","11.12","51.25","49.9","5.57","36.67","85.45","0","0","38.64","37.13","2.84","29.22","77.01","0","0","36.62","37.99","3.66","33.45","84.71","1.89","4.85","49.26","6.13"
"2025-09-03","40.8","93.0","9.82","10.97","50.88","49.49","5.47","36.48","85.19","0","0","38.21","36.75","2.77","29.17","77.0","0","0","36.6","38.02","3.68","33.63","84.97","2.2","5.2","49.3","6.13"
"2025-09-04","40.85","93.0","9.75","10.8","50.52","49.08","5.38","36.29","84.93","0","0","37.8","36.38","2.71","29.13","77.0","0","0","36.59","38.06","3.7","33.82","85.23","2.52","5.54","49.34","6.13"
"2025-09-05","40.89","93.0","9.67","10.63","50.15","48.67","5.28","36.1","84.67","0","0","37.39","36.03","2.64","29.09","77.01","0","0","36.6","38.11","3.72","34.01","85.49","2.83","5.88","49.38","6.13"
"2025-09-06","40.92","92.98","9.58","10.44","49.79","48.26","5.19","35.91","84.41","0","0","37.01","35.69","2.58","29.06","77.03","0","0","36.63","38.18","3.75","34.21","85.74","3.13","6.22","49.41","6.13"
"2025-09-07","40.95","92.96","9.49","10.25","49.42","47.85","5.09","35.72","84.16","0","0","36.63","35.36","2.52","29.04","77.05","0","0","36.66","38.26","3.77","34.4","86.0","3.44","6.55","49.45","6.13"
"2025-09-08","40.97","92.93","9.38","10.04","49.05","47.44","5.0","35.53","83.9","0","0","36.27","35.05","2.47","29.02","77.09","0","0","36.71","38.35","3.8","34.59","86.26","3.74","6.87","49.49","6.12"
"2025-09-09","40.99","92.9","9.26","9.82","48.69","47.03","4.9","35.33","83.65","0","0","35.92","34.75","2.42","29.01","77.13","0","0","36.77","38.45","3.83","34.78","86.51","4.04","7.18","49.53","6.12"
"2025-09-10","41.0","92.85","9.14","9.6","48.32","46.63","4.81","35.14","83.39","0","0","35.58","34.47","2.37","29.0","77.18","0","0","36.85","38.56","3.86","34.98","86.76","4.33","7.49","49.56","6.12"
"2025-09-11","41.0","92.8","9.0","9.36","47.95","46.23","4.72","34.95","83.14","0","0","35.26","34.2","2.33","29.0","77.24","0","0","36.94","38.68","3.89","35.17","87.01","4.62","7.79","49.6","6.12"
"2025-09-12","41.0","92.74","8.86","9.11","47.59","45.83","4.63","34.75","82.89","0","0","34.95","33.95","2.29","29.01","77.3","0","0","37.03","38.81","3.93","35.36","87.26","4.9","8.08","49.63","6.11"
"2025-09-13","40.99","92.67","8.7","8.85","47.22","45.44","4.54","34.56","82.64","0","0","34.65","33.72","2.25","29.02","77.38","0","0","37.15","38.95","3.97","35.56","87.51","5.18","8.36","49.67","6.11"
"2025-09-14","40.97","92.59","8.54","8.59","46.86","45.04","4.45","34.37","82.4","0","0","34.37","33.49","2.22","29.04","77.46","0","0","37.27","39.11","4.01","35.75","87.75","5.45","8.63","49.7","6.11"
"2025-09-15","40.95","92.5","8.37","8.31","46.5","44.65","4.36","34.18","82.15","0","0","34.11","33.29","2.19","29.07","77.55","0","0","37.41","39.27","4.05","35.94","87.99","5.72","8.9","49.73","6.1"
"2025-09-16","40.92","92.41","8.19","8.03","46.14","44.27","4.27","33.98","81.91","0","0","33.86","33.1","2.16","29.1","77.65","0","0","37.55","39.44","4.09","36.13","88.23","5.98","9.15","49.76","6.1"
"2025-09-17","40.89","92.31","8.0","7.74","45.79","43.89","4.19","33.79","81.68","0","0","33.63","32.93","2.14","29.13","77.76","0","0","37.71","39.62","4.13","36.32","88.46","6.24","9.4","49.79","6.09"
"2025-09-18","40.85","92.2","7.8","7.44","45.43","43.51","4.1","33.6","81.45","0","0","33.41","32.77","2.12","29.18","77.87","0","0","37.88","39.81","4.18","36.51","88.7","6.49","9.63","49.82","6.08"
"2025-09-19","40.8","92.09","7.59","7.13","45.08","43.14","4.02","33.42","81.22","0","0","33.2","32.63","2.1","29.23","77.99","0","0","38.06","40.01","4.22","36.7","88.92","6.73","9.86","49.84","6.08"
"2025-09-20","40.75","91.96","7.38","6.82","44.73","42.78","3.94","33.23","80.99","0","0","33.01","32.5","2.09","29.28","78.12","0","0","38.25","40.22","4.27","36.88","89.15","6.96","10.07","49.87","6.07"
"2025-09-21","40.69","91.83","7.16","6.49","44.39","42.42","3.86","33.05","80.77","0","0","32.84","32.39","2.08","29.35","78.25","0","0","38.45","40.43","4.32","37.06","89.36","7.19","10.28","49.89","6.06"
"2025-09-22","40.63","91.69","6.93","6.16","44.05","42.06","3.78","32.87","80.55","0","0","32.68","32.3","2.08","29.41","78.39","0","0","38.66","40.66","4.37","37.24","89.58","7.41","10.47","49.91","6.05"
"2025-09-23","40.56","91.55","6.69","5.83","43.71","41.71","3.71","32.69","80.34","0","0","32.54","32.22","2.08","29.49","78.54","0","0","38.88","40.89","4.42","37.42","89.79","7.63","10.66","49.93","6.04"
"2025-09-24","40.48","91.4","6.45","5.49","43.38","41.37","3.63","32.51","80.13","0","0","32.42","32.16","2.08","29.57","78.7","0","0","39.11","41.13","4.47","37.6","89.99","7.83","10.83","49.95","6.03"
"2025-09-25","40.4","91.24","6.2","5.14","43.05","41.04","3.56","32.33","79.93","0","0","32.31","32.12","2.08","29.65","78.86","0","0","39.35","41.37","4.53","37.77","90.19","8.03","10.99","49.96","6.02"
"2025-09-26","40.31","91.07","5.94","4.79","42.73","40.71","3.49","32.16","79.73","0","0","32.22","32.09","2.09","29.74","79.03","0","0","39.6","41.63","4.58","37.94","90.38","8.21","11.14","49.97","6.01"
"2025-09-27","40.22","90.9","5.68","4.43","42.42","40.39","3.42","31.99","79.54","0","0","32.14","32.08","2.11","29.84","79.2","0","0","39.86","41.89","4.64","38.11","90.57","8.39","11.28","49.98","6.0"
"2025-09-28","40.12","90.73","5.41","4.07","42.11","40.08","3.35","31.83","79.36","0","0","32.08","32.09","2.12","29.94","79.39","0","0","40.12","42.15","4.69","38.27","90.75","8.57","11.4","49.99","5.99"
"2025-09-29","40.02","90.54","5.14","3.7","41.8","39.77","3.29","31.66","79.18","0","0","32.04","32.11","2.14","30.05","79.57","0","0","40.4","42.42","4.75","38.43","90.93","8.73","11.52","50.0","5.97"
"2025-09-30","39.91","90.35","4.86","3.33","41.5","39.48","3.23","31.51","79.0","0","0","32.01","32.15","2.16","30.16","79.76","0","0","40.68","42.7","4.81","38.59","91.1","8.88","11.62","50.0","5.96"
"2025-10-01","39.8","90.16","4.57","2.96","41.21","39.19","3.17","31.35","78.84","0","0","32.0","32.2","2.19","30.27","79.96","0","0","40.97","42.98","4.87","38.74","91.26","9.02","11.71","50.0","5.95"
"2025-10-02","39.68","89.96","4.28","2.58","40.93","38.91","3.11","31.2","78.67","0","0","32.01","32.27","2.22","30.4","80.17","0","0","41.26","43.27","4.93","38.89","91.42","9.16","11.79","50.0","5.93"
"2025-10-03","39.56","89.75","3.99","2.2","40.65","38.64","3.06","31.05","78.52","0","0","32.03","32.36","2.25","30.52","80.37","0","0","41.56","43.56","4.98","39.04","91.57","9.28","11.86","50.0","5.92"
"2025-10-04","39.43","89.54","3.69","1.82","40.38","38.38","3.01","30.91","78.37","0","0","32.07","32.46","2.29","30.65","80.59","0","0","41.87","43.86","5.04","39.18","91.72","9.4","11.91","49.99","5.9"
"2025-10-05","39.29","89.33","3.39","1.44","40.12","38.14","2.96","30.77","78.23","0","0","32.12","32.58","2.33","30.79","80.8","0","0","42.19","44.16","5.1","39.32","91.85","9.5","11.95","49.98","5.88"
"2025-10-06","39.16","89.11","3.09","1.05","39.86","37.9","2.91","30.63","78.1","0","0","32.2","32.72","2.37","30.93","81.03","0","0","42.51","44.46","5.16","39.45","91.98","9.6","11.98","49.97","5.87"
"2025-10-07","39.01","88.89","2.78","0.67","39.61","37.67","2.86","30.5","77.97","0","0","32.28","32.87","2.41","31.07","81.25","0","0","42.84","44.77","5.23","39.58","92.1","9.68","12.0","49.96","5.85"
"2025-10-08","38.87","88.66","2.47","0.28","39.38","37.45","2.82","30.38","77.85","0","0","32.39","33.04","2.46","31.22","81.48","0","0","43.17","45.08","5.29","39.7","92.22","9.76","12.0","49.95","5.83"
"2025-10-09","38.72","88.43","2.15","0","39.15","37.24","2.78","30.26","77.74","0","0","32.51","33.22","2.52","31.37","81.72","0","0.34","43.51","45.4","5.35","39.82","92.33","9.82","11.99","49.93","5.81"
"2025-10-10","38.57","88.19","1.84","0","38.93","37.05","2.75","30.14","77.63","0","0","32.65","33.42","2.57","31.53","81.95","0","0.73","43.85","45.72","5.41","39.93","92.43","9.88","11.97","49.91","5.8"
"2025-10-11","38.41","87.95","1.52","0","38.72","36.86","2.71","30.03","77.54","0","0","32.8","33.63","2.63","31.69","82.19","0","1.12","44.19","46.04","5.47","40.04","92.52","9.92","11.94","49.89","5.78"
"2025-10-12","38.25","87.71","1.2","0","38.52","36.69","2.68","29.92","77.45","0","0","32.97","33.86","2.69","31.85","82.44","0","1.5","44.54","46.36","5.53","40.14","92.6","9.96","11.89","49.87","5.76"
"2025-10-13","38.08","87.47","0.88","0","38.33","36.53","2.65","29.82","77.37","0","0","33.15","34.1","2.75","32.02","82.68","0","1.88","44.9","46.68","5.59","40.24","92.68","9.98","11.83","49.84","5.74"
"2025-10-14","37.91","87.22","0.56","0","38.15","36.38","2.63","29.73","77.29","0","0","33.35","34.36","2.82","32.19","82.93","0","2.26","45.26","47.01","5.65","40.33","92.75","10.0","11.76","49.82","5.72"
"2025-10-15","37.74","86.97","0.23","0","37.98","36.24","2.61","29.64","77.23","0","0","33.57","34.63","2.89","32.36","83.18","0","2.64","45.62","47.33","5.72","40.41","92.81","10.0","11.68","49.79","5.7"
"2025-10-16","37.57","86.72","0","0","37.82","36.12","2.59","29.55","77.17","0","0","33.8","34.92","2.96","32.54","83.43","0.29","3.02","45.98","47.66","5.78","40.5","92.86","9.99","11.58","49.76","5.68"
"2025-10-17","37.39","86.47","0","0","37.68","36.01","2.57","29.48","77.12","0","0","34.05","35.22","3.04","32.71","83.69","0.61","3.39","46.35","47.99","5.84","40.57","92.9","9.98","11.48","49.73","5.66"
"2025-10-18","37.22","86.21","0","0","37.54","35.91","2.56","29.4","77.08","0","0","34.31","35.53","3.12","32.89","83.94","0.93","3.76","46.71","48.32","5.9","40.64","92.94","9.95","11.36","49.7","5.64"
"2025-10-19","37.03","85.96","0","0","37.42","35.83","2.55","29.34","77.05","0","0","34.58","35.86","3.2","33.08","84.2","1.25","4.13","47.08","48.65","5.96","40.7","92.97","9.91","11.23","49.67","5.62"
"2025-10-20","36.85","85.7","0","0","37.3","35.75","2.55","29.27","77.02","0","0","34.87","36.2","3.28","33.26","84.45","1.57","4.49","47.46","48.98","6.02","40.76","92.99","9.86","11.08","49.64","5.6"
"2025-10-21","36.67","85.45","0","0","37.2","35.7","2.54","29.22","77.01","0","0","35.18","36.55","3.36","33.45","84.71","1.89","4.85","47.83","49.31","6.08","40.81","93.0","9.8","10.93","49.6","5.58"
"2025-10-22","36.48","85.19","0","0","37.11","35.65","2.54","29.17","77.0","0","0","35.5","36.92","3.45","33.63","84.97","2.2","5.2","48.2","49.64","6.14","40.86","93.0","9.73","10.76","49.57","5.56"
"2025-10-23","36.29","84.93","0","0","37.04","35.62","2.55","29.13","77.0","0","0","35.83","37.3","3.54","33.82","85.23","2.52","5.54","48.58","49.96","6.19","40.89","92.99","9.65","10.59","49.53","5.54"
"2025-10-24","36.1","84.67","0","0","36.97","35.61","2.55","29.09","77.01","0","0","36.18","37.69","3.63","34.01","85.49","2.83","5.88","48.95","50.29","6.25","40.93","92.98","9.56","10.4","49.49","5.52"
"2025-10-25","35.91","84.41","0","0","36.92","35.6","2.56","29.06","77.03","0","0","36.54","38.1","3.73","34.21","85.74","3.13","6.22","49.33","50.62","6.31","40.95","92.96","9.46","10.2","49.46","5.5"
"2025-10-26","35.72","84.16","0","0","36.88","35.62","2.58","29.04","77.05","0","0","36.92","38.51","3.82","34.4","86.0","3.44","6.55","49.71","50.94","6.37","40.98","92.93","9.36","9.99","49.42","5.48"
"2025-10-27","35.53","83.9","0","0","36.86","35.64","2.59","29.02","77.09","0","0","37.3","38.94","3.92","34.59","86.26","3.74","6.87","50.08","51.26","6.42","40.99","92.89","9.24","9.77","49.38","5.46"
"2025-10-28","35.33","83.65","0","0","36.85","35.68","2.61","29.01","77.13","0","0","37.7","39.38","4.02","34.78","86.51","4.04","7.18","50.46","51.58","6.48","41.0","92.84","9.11","9.54","49.35","5.44"
"2025-10-29","35.14","83.39","0","0","36.85","35.74","2.64","29.0","77.18","0","0","38.12","39.82","4.12","34.98","86.76","4.33","7.49","50.83","51.9","6.53","41.0","92.79","8.97","9.3","49.31","5.42"
"2025-10-30","34.95","83.14","0","0","36.86","35.81","2.66","29.0","77.24","0","0","38.54","40.28","4.23","35.17","87.01","4.62","7.79","51.2","52.22","6.59","41.0","92.72","8.82","9.05","49.27","5.41"
"2025-10-31","34.75","82.89","0","0","36.89","35.89","2.69","29.01","77.3","0","0","38.98","40.75","4.33","35.36","87.26","4.9","8.08","51.57","52.54","6.64","40.99","92.65","8.67","8.8","49.24","5.39"
"2025-11-01","34.56","82.64","0","0","36.93","35.99","2.73","29.02","77.38","0","0","39.42","41.23","4.44","35.56","87.51","5.18","8.36","51.94","52.85","6.69","40.97","92.57","8.5","8.53","49.21","5.37"
"2025-11-02","34.37","82.4","0","0","36.99","36.11","2.76","29.04","77.46","0","0","39.88","41.72","4.55","35.75","87.75","5.45","8.63","52.31","53.16","6.74","40.95","92.48","8.33","8.25","49.17","5.35"
"2025-11-03","34.18","82.15","0","0","37.06","36.24","2.8","29.07","77.55","0","0","40.35","42.22","4.66","35.94","87.99","5.72","8.9","52.68","53.46","6.79","40.92","92.39","8.14","7.97","49.14","5.34"
"2025-11-04","33.98","81.91","0","0","37.14","36.38","2.85","29.1","77.65","0","0","40.84","42.72","4.77","36.13","88.23","5.98","9.15","53.04","53.77","6.84","40.88","92.29","7.95","7.67","49.11","5.32"
"2025-11-05","33.79","81.68","0","0","37.24","36.54","2.89","29.13","77.76","0","0","41.33","43.24","4.89","36.32","88.46","6.24","9.4","53.41","54.07","6.89","40.84","92.18","7.75","7.37","49.08","5.31"
"2025-11-06","33.6","81.45","0","0","37.35","36.72","2.94","29.18","77.87","0","0","41.83","43.76","5.0","36.51","88.7","6.49","9.63","53.77","54.37","6.94","40.79","92.06","7.55","7.06","49.06","5.3"
"2025-11-07","33.42","81.22","0","0","37.48","36.9","3.0","29.23","77.99","0","0","42.34","44.29","5.11","36.7","88.92","6.73","9.86","54.12","54.66","6.99","40.74","91.93","7.33","6.75","49.03","5.28"
"2025-11-08","33.23","80.99","0","0","37.62","37.11","3.05","29.28","78.12","0","0","42.86","44.83","5.23","36.88","89.15","6.96","10.07","54.48","54.95","7.03","40.68","91.8","7.11","6.42","49.01","5.27"
"2025-11-09","33.05","80.77","0","0","37.78","37.33","3.11","29.35","78.25","0","0","43.39","45.37","5.35","37.06","89.36","7.19","10.28","54.83","55.24","7.08","40.61","91.66","6.88","6.09","48.99","5.26"
"2025-11-10","32.87","80.55","0","0","37.95","37.56","3.17","29.41","78.39","0","0","43.93","45.92","5.47","37.24","89.58","7.41","10.47","55.17","55.52","7.12","40.54","91.52","6.64","5.75","48.97","5.25"
"2025-11-11","32.69","80.34","0","0","38.13","37.81","3.24","29.49","78.54","0","0","44.47","46.48","5.59","37.42","89.79","7.63","10.66","55.52","55.8","7.17","40.47","91.36","6.39","5.41","48.96","5.24"
"2025-11-12","32.51","80.13","0","0","38.33","38.07","3.31","29.57","78.7","0","0","45.03","47.04","5.71","37.6","89.99","7.83","10.83","55.86","56.07","7.21","40.38","91.2","6.14","5.06","48.95","5.23"
"2025-11-13","32.33","79.93","0","0","38.54","38.35","3.38","29.65","78.86","0","0","45.59","47.61","5.83","37.77","90.19","8.03","10.99","56.19","56.34","7.25","40.29","91.04","5.88","4.71","48.94","5.23"
"2025-11-14","32.16","79.73","0","0","38.77","38.64","3.46","29.74","79.03","0","0","46.15","48.18","5.95","37.94","90.38","8.21","11.14","56.52","56.61","7.29","40.2","90.86","5.62","4.35","48.94","5.22"
"2025-11-15","31.99","79.54","0","0","39.01","38.95","3.54","29.84","79.2","0","0","46.73","48.76","6.07","38.11","90.57","8.39","11.28","56.85","56.87","7.33","40.1","90.69","5.35","3.99","48.94","5.22"
"2025-11-16","31.83","79.36","0","0","39.27","39.27","3.62","29.94","79.39","0","0","47.31","49.34","6.19","38.27","90.75","8.57","11.4","57.18","57.13","7.37","40.0","90.5","5.08","3.62","48.94","5.21"
"2025-11-17","31.66","79.18","0","0","39.54","39.61","3.7","30.05","79.57","0","0","47.9","49.92","6.31","38.43","90.93","8.73","11.52","57.5","57.38","7.41","39.89","90.31","4.8","3.25","48.95","5.21"
"2025-11-18","31.51","79.0","0","0","39.82","39.96","3.79","30.16","79.76","0","0","48.49","50.51","6.44","38.59","91.1","8.88","11.62","57.81","57.63","7.45","39.77","90.12","4.51","2.88","48.96","5.21"
"2025-11-19","31.35","78.84","0","0","40.12","40.32","3.88","30.27","79.96","0","0","49.09","51.1","6.56","38.74","91.26","9.02","11.71","58.12","57.88","7.49","39.65","89.91","4.22","2.5","48.98","5.21"
"2025-11-20","31.2","78.67","0","0","40.43","40.7","3.97","30.4","80.17","0","0","49.69","51.7","6.68","38.89","91.42","9.16","11.79","58.43","58.12","7.52","39.53","89.71","3.93","2.12","49.0","5.22"
"2025-11-21","31.05","78.52","0","0","40.76","41.09","4.07","30.52","80.37","0","0","50.3","52.29","6.8","39.04","91.57","9.28","11.86","58.73","58.36","7.56","39.4","89.5","3.63","1.74","49.03","5.22"
"2025-11-22","30.91","78.37","0","0","41.1","41.5","4.17","30.65","80.59","0","0","50.91","52.89","6.93","39.18","91.72","9.4","11.91","59.02","58.59","7.59","39.26","89.28","3.32","1.35","49.06","5.23"
"2025-11-23","30.77","78.23","0","0","41.46","41.92","4.27","30.79","80.8","0","0","51.52","53.49","7.05","39.32","91.85","9.5","11.95","59.31","58.82","7.62","39.13","89.06","3.02","0.97","49.1","5.23"
"2025-11-24","30.63","78.1","0","0","41.82","42.35","4.37","30.93","81.03","0","0","52.14","54.09","7.17","39.45","91.98","9.6","11.98","59.6","59.04","7.66","38.98","88.84","2.71","0.58","49.14","5.24"
"2025-11-25","30.5","77.97","0","0","42.21","42.79","4.48","31.07","81.25","0","0","52.76","54.69","7.29","39.58","92.1","9.68","12.0","59.88","59.26","7.69","38.84","88.61","2.4","0.2","49.19","5.25"
"2025-11-26","30.38","77.85","0","0","42.6","43.25","4.59","31.22","81.48","0","0","53.38","55.3","7.41","39.7","92.22","9.76","12.0","60.16","59.47","7.72","38.69","88.38","2.08","0","49.24","5.26"
"2025-11-27","30.26","77.74","0","0","43.01","43.72","4.7","31.37","81.72","0","0.34","54.01","55.9","7.54","39.82","92.33","9.82","11.99","60.43","59.68","7.75","38.53","88.14","1.77","0","49.31","5.28"
"2025-11-28","30.14","77.63","0","0","43.43","44.2","4.82","31.53","81.95","0","0.73","54.63","56.5","7.66","39.93","92.43","9.88","11.97","60.7","59.89","7.78","38.37","87.9","1.45","0","49.37","5.3"
"2025-11-29","30.03","77.54","0","0","43.86","44.69","4.93","31.69","82.19","0","1.12","55.26","57.1","7.78","40.04","92.52","9.92","11.94","60.96","60.09","7.8","38.21","87.66","1.13","0","49.45","5.31"
"2025-11-30","29.92","77.45","0","0","44.31","45.2","5.05","31.85","82.44","0","1.5","55.89","57.7","7.9","40.14","92.6","9.96","11.89","61.21","60.29","7.83","38.05","87.41","0.81","0","49.53","5.33"
"2025-12-01","29.82","77.37","0","0","44.77","45.72","5.17","32.02","82.68","0","1.88","56.52","58.3","8.01","40.24","92.68","9.98","11.83","61.46","60.48","7.86","37.88","87.17","0.49","0","49.62","5.35"
"2025-12-02","29.73","77.29","0","0","45.24","46.25","5.3","32.19","82.93","0","2.26","57.14","58.9","8.13","40.33","92.75","10.0","11.76","61.71","60.67","7.89","37.71","86.92","0.16","0","49.71","5.38"
"2025-12-03","29.64","77.23","0","0","45.72","46.79","5.42","32.36","83.18","0","2.64","57.77","59.49","8.25","40.41","92.81","10.0","11.68","61.95","60.85","7.91","37.53","86.67","0","0","49.82","5.4"
"2025-12-04","29.55","77.17","0","0","46.22","47.34","5.55","32.54","83.43","0.29","3.02","58.4","60.08","8.36","40.5","92.86","9.99","11.58","62.18","61.03","7.94","37.36","86.41","0","0","49.93","5.43"
"2025-12-05","29.48","77.12","0","0","46.73","47.9","5.68","32.71","83.69","0.61","3.39","59.03","60.67","8.48","40.57","92.9","9.98","11.48","62.41","61.21","7.96","37.18","86.16","0","0","50.05","5.46"
"2025-12-06","29.4","77.08","0","0","47.24","48.47","5.81","32.89","83.94","0.93","3.76","59.65","61.26","8.59","40.64","92.94","9.95","11.36","62.64","61.38","7.98","36.99","85.9","0","0","50.17","5.49"
"2025-12-07","29.34","77.05","0","0","47.77","49.05","5.94","33.08","84.2","1.25","4.13","60.27","61.84","8.71","40.7","92.97","9.91","11.23","62.86","61.55","8.01","36.81","85.65","0","0","50.31","5.53"
"2025-12-08","29.27","77.02","0","0","48.31","49.64","6.08","33.26","84.45","1.57","4.49","60.89","62.42","8.82","40.76","92.99","9.86","11.08","63.07","61.72","8.03","36.63","85.39","0","0","50.45","5.56"
"2025-12-09","29.22","77.01","0","0","48.86","50.24","6.21","33.45","84.71","1.89","4.85","61.51","62.99","8.93","40.81","93.0","9.8","10.93","63.28","61.88","8.05","36.44","85.13","0","0","50.6","5.6"
"2025-12-10","29.17","77.0","0","0","49.42","50.84","6.35","33.63","84.97","2.2","5.2","62.13","63.56","9.04","40.86","93.0","9.73","10.76","63.49","62.04","8.08","36.25","84.87","0","0","50.76","5.64"
"2025-12-11","29.13","77.0","0","0","49.99","51.46","6.49","33.82","85.23","2.52","5.54","62.74","64.12","9.14","40.89","92.99","9.65","10.59","63.69","62.2","8.1","36.06","84.61","0","0","50.93","5.68"
"2025-12-12","29.09","77.01","0","0","50.57","52.09","6.63","34.01","85.49","2.83","5.88","63.35","64.68","9.25","40.93","92.98","9.56","10.4","63.89","62.35","8.12","35.87","84.36","0","0","51.1","5.73"
"2025-12-13","29.06","77.03","0","0","51.16","52.72","6.77","34.21","85.74","3.13","6.22","63.95","65.24","9.36","40.95","92.96","9.46","10.2","64.08","62.5","8.14","35.68","84.1","0","0","51.29","5.78"
"2025-12-14","29.04","77.05","0","0","51.76","53.36","6.92","34.4","86.0","3.44","6.55","64.55","65.79","9.46","40.98","92.93","9.36","9.99","64.26","62.64","8.16","35.48","83.84","0","0","51.48","5.82"
"2025-12-15","29.02","77.09","0","0","52.37","54.0","7.06","34.59","86.26","3.74","6.87","65.14","66.33","9.56","40.99","92.89","9.24","9.77","64.45","62.79","8.18","35.29","83.59","0","0","51.68","5.88"
"2025-12-16","29.01","77.13","0","0","52.98","54.66","7.21","34.78","86.51","4.04","7.18","65.73","66.86","9.66","41.0","92.84","9.11","9.54","64.63","62.93","8.2","35.1","83.34","0","0","51.9","5.93"
"2025-12-17","29.0","77.18","0","0","53.6","55.31","7.35","34.98","86.76","4.33","7.49","66.32","67.39","9.76","41.0","92.79","8.97","9.3","64.8","63.07","8.22","34.9","83.08","0","0","52.12","5.99"
"2025-12-18","29.0","77.24","0","0","54.24","55.98","7.5","35.17","87.01","4.62","7.79","66.9","67.92","9.86","41.0","92.72","8.82","9.05","64.97","63.21","8.24","34.71","82.83","0","0","52.35","6.04"
"2025-12-19","29.01","77.3","0","0","54.87","56.65","7.65","35.36","87.26","4.9","8.08","67.47","68.43","9.95","40.99","92.65","8.67","8.8","65.14","63.34","8.26","34.52","82.59","0","0","52.58","6.1"
"2025-12-20","29.02","77.38","0","0","55.52","57.32","7.79","35.56","87.51","5.18","8.36","68.04","68.94","10.04","40.97","92.57","8.5","8.53","65.3","63.47","8.28","34.32","82.34","0","0","52.83","6.17"
"2025-12-21","29.04","77.46","0","0","56.17","58.0","7.94","35.75","87.75","5.45","8.63","68.6","69.44","10.14","40.95","92.48","8.33","8.25","65.46","63.61","8.3","34.13","82.1","0","0","53.09","6.23"
"2025-12-22","29.07","77.55","0","0","56.83","58.69","8.09","35.94","87.99","5.72","8.9","69.15","69.94","10.23","40.92","92.39","8.14","7.97","65.61","63.73","8.33","33.94","81.86","0","0","53.36","6.3"
"2025-12-23","29.1","77.65","0","0","57.49","59.38","8.24","36.13","88.23","5.98","9.15","69.7","70.42","10.31","40.88","92.29","7.95","7.67","65.76","63.86","8.35","33.75","81.63","0","0","53.63","6.37"
"2025-12-24","29.13","77.76","0","0","58.16","60.07","8.39","36.32","88.46","6.24","9.4","70.24","70.9","10.4","40.84","92.18","7.75","7.37","65.91","63.99","8.37","33.56","81.39","0","0","53.92","6.44"
"2025-12-25","29.18","77.87","0","0","58.83","60.76","8.54","36.51","88.7","6.49","9.63","70.77","71.37","10.48","40.79","92.06","7.55","7.06","66.06","64.12","8.39","33.38","81.17","0","0","54.21","6.51"
"2025-12-26","29.23","77.99","0","0","59.51","61.46","8.69","36.7","88.92","6.73","9.86","71.29","71.83","10.57","40.74","91.93","7.33","6.75","66.2","64.24","8.41","33.19","80.94","0","0","54.52","6.59"
"2025-12-27","29.28","78.12","0","0","60.19","62.16","8.84","36.88","89.15","6.96","10.07","71.81","72.28","10.65","40.68","91.8","7.11","6.42","66.34","64.36","8.43","33.01","80.72","0","0","54.83","6.67"
"2025-12-28","29.35","78.25","0","0","60.88","62.86","8.99","37.06","89.36","7.19","10.28","72.31","72.72","10.72","40.61","91.66","6.88","6.09","66.48","64.49","8.45","32.83","80.51","0","0","55.15","6.75"
"2025-12-29","29.41","78.39","0","0","61.57","63.56","9.14","37.24","89.58","7.41","10.47","72.81","73.16","10.8","40.54","91.52","6.64","5.75","66.61","64.61","8.48","32.65","80.29","0","0","55.49","6.83"
"2025-12-30","29.49","78.54","0","0","62.26","64.26","9.29","37.42","89.79","7.63","10.66","73.3","73.58","10.87","40.47","91.36","6.39","5.41","66.74","64.73","8.5","32.47","80.09","0","0","55.83","6.91"
"2025-12-31","29.57","78.7","0","0","62.95","64.97","9.44","37.6","89.99","7.83","10.83","73.78","74.0","10.95","40.38","91.2","6.14","5.06","66.87","64.86","8.52","32.3","79.89","0","0","56.18","7.0"
"2026-01-01","30.94","77.4","0","0","63.65","65.67","9.59","39.06","88.73","9.4","13.06","74.26","74.41","11.02","41.58","89.57","7.26","6.78","67.0","64.98","8.54","33.42","78.23","0","0","56.54","7.09"
"2026-01-02","32.32","76.1","0","0","64.35","66.37","9.74","40.52","87.46","10.97","15.27","74.72","74.8","11.08","42.78","87.94","8.37","8.48","67.13","65.1","8.57","34.54","76.57","0","0","56.91","7.18"
"2026-01-03","33.71","74.82","0","1.98","65.05","67.08","9.89","41.98","86.18","12.52","17.47","75.17","75.19","11.15","43.97","86.3","9.48","10.18","67.25","65.23","8.59","35.66","74.93","0","0","57.29","7.27"
"2026-01-04","35.1","73.54","0.26","4.41","65.75","67.78","10.03","43.43","84.91","14.07","19.66","75.61","75.57","11.22","45.16","84.65","10.58","11.88","67.38","65.35","8.62","36.79","73.29","0","0","57.67","7.37"
"2026-01-05","36.49","72.27","1.91","6.84","66.45","68.48","10.18","44.88","83.62","15.6","21.83","76.05","75.94","11.28","46.33","83.0","11.67","13.57","67.5","65.48","8.65","37.92","71.66","0","0","58.07","7.46"
"2026-01-06","37.89","71.0","3.56","9.27","67.15","69.17","10.32","46.32","82.34","17.13","23.99","76.47","76.3","11.34","47.5","81.35","12.76","15.25","67.62","65.6","8.67","39.05","70.04","0","0.69","58.47","7.56"
"2026-01-07","39.29","69.74","5.22","11.69","67.85","69.87","10.47","47.76","81.05","18.64","26.14","76.88","76.64","11.4","48.67","79.7","13.84","16.92","67.74","65.73","8.7","40.18","68.42","0.51","2.66","58.89","7.66"
"2026-01-08","40.69","68.5","6.88","14.12","68.55","70.56","10.61","49.19","79.75","20.14","28.26","77.29","76.98","11.45","49.82","78.04","14.91","18.59","67.86","65.86","8.73","41.31","66.82","1.75","4.64","59.31","7.77"
"2026-01-09","42.1","67.26","8.54","16.55","69.25","71.25","10.75","50.61","78.46","21.63","30.37","77.68","77.31","11.5","50.97","76.38","15.97","20.25","67.98","65.99","8.76","42.45","65.22","2.99","6.63","59.74","7.87"
"2026-01-10","43.5","66.03","10.19","18.97","69.95","71.93","10.89","52.03","77.16","23.1","32.46","78.06","77.63","11.56","52.11","74.72","17.03","21.91","68.1","66.12","8.79","43.58","63.64","4.24","8.62","60.18","7.98"
"2026-01-11","44.91","64.8","11.85","21.38","70.64","72.61","11.03","53.43","75.85","24.56","34.54","78.44","77.94","11.61","53.24","73.06","18.08","23.56","68.22","66.26","8.82","44.72","62.07","5.5","10.62","60.63","8.08"
"2026-01-12","46.31","63.59","13.51","23.79","71.33","73.29","11.17","54.83","74.55","26.01","36.59","78.8","78.24","11.65","54.37","71.4","19.12","25.19","68.34","66.39","8.85","45.86","60.51","6.76","12.62","61.08","8.19"
"2026-01-13","47.72","62.39","15.17","26.2","72.02","73.96","11.31","56.22","73.24","27.44","38.63","79.15","78.52","11.7","55.48","69.74","20.15","26.83","68.45","66.53","8.88","46.99","58.96","8.02","14.63","61.54","8.3"
"2026-01-14","49.12","61.19","16.82","28.6","72.71","74.63","11.44","57.6","71.93","28.85","40.64","79.49","78.8","11.74","56.59","68.09","21.18","28.45","68.57","66.67","8.92","48.13","57.43","9.29","16.64","62.01","8.42"
"2026-01-15","50.53","60.01","18.47","30.98","73.39","75.29","11.57","58.97","70.62","30.25","42.63","79.82","79.07","11.79","57.68","66.44","22.19","30.06","68.69","66.81","8.95","49.27","55.91","10.57","18.66","62.49","8.53"
"2026-01-16","51.93","58.84","20.11","33.36","74.07","75.94","11.71","60.33","69.31","31.64","44.61","80.13","79.33","11.83","58.77","64.78","23.2","31.67","68.81","66.96","8.98","50.4","54.4","11.85","20.68","62.97","8.65"
"2026-01-17","53.33","57.67","21.76","35.73","74.75","76.59","11.84","61.67","68.0","33.0","46.55","80.44","79.57","11.86","59.85","63.14","24.21","33.27","68.93","67.11","9.02","51.54","52.91","13.13","22.71","63.46","8.76"
"2026-01-18","54.72","56.52","23.39","38.09","75.41","77.23","11.96","63.01","66.68","34.35","48.48","80.74","79.81","11.9","60.91","61.5","25.2","34.86","69.06","67.26","9.06","52.67","51.43","14.42","24.73","63.96","8.88"
"2026-01-19","56.11","55.37","25.02","40.44","76.08","77.86","12.09","64.33","65.37","35.68","50.38","81.02","80.04","11.93","61.97","59.86","26.19","36.44","69.18","67.42","9.1","53.8","49.97","15.71","26.76","64.47","9.0"
"2026-01-20","57.5","54.24","26.64","42.77","76.73","78.49","12.21","65.64","64.06","37.0","52.26","81.3","80.26","11.97","63.02","58.23","27.16","38.01","69.31","67.57","9.14","54.93","48.53","17.0","28.79","64.98","9.12"
"2026-01-21","58.89","53.12","28.26","45.08","77.39","79.1","12.33","66.94","62.75","38.29","54.12","81.56","80.47","12.0","64.06","56.6","28.13","39.57","69.43","67.74","9.18","56.06","47.1","18.3","30.82","65.49","9.24"
"2026-01-22","60.27","52.01","29.86","47.39","78.03","79.71","12.45","68.22","61.43","39.57","55.95","81.81","80.66","12.03","65.08","54.99","29.1","41.12","69.56","67.9","9.22","57.19","45.69","19.59","32.85","66.02","9.37"
"2026-01-23","61.64","50.9","31.46","49.67","78.67","80.31","12.57","69.49","60.12","40.83","57.76","82.06","80.85","12.05","66.1","53.38","30.05","42.66","69.69","68.07","9.26","58.31","44.29","20.89","34.87","66.55","9.49"
"2026-01-24","63.01","49.81","33.05","51.94","79.3","80.9","12.69","70.75","58.81","42.07","59.54","82.29","81.03","12.08","67.11","51.78","30.99","44.19","69.82","68.24","9.31","59.43","42.92","22.19","36.9","67.08","9.61"
"2026-01-25","64.37","48.74","34.63","54.19","79.92","81.49","12.8","71.99","57.51","43.28","61.29","82.51","81.2","12.1","68.1","50.18","31.93","45.71","69.96","68.42","9.35","60.55","41.56","23.5","38.92","67.62","9.74"
"2026-01-26","65.72","47.67","36.19","56.42","80.54","82.06","12.91","73.22","56.2","44.48","63.02","82.72","81.36","12.12","69.08","48.6","32.86","47.23","70.09","68.6","9.4","61.67","40.22","24.8","40.94","68.16","9.87"
"2026-01-27","67.06","46.61","37.75","58.63","81.14","82.62","13.02","74.43","54.9","45.66","64.72","82.92","81.51","12.14","70.06","47.03","33.78","48.73","70.23","68.78","9.45","62.78","38.9","26.1","42.96","68.71","9.99"
"2026-01-28","68.4","45.57","39.29","60.82","81.74","83.17","13.12","75.62","53.6","46.82","66.39","83.1","81.65","12.16","71.02","45.47","34.69","50.22","70.37","68.97","9.5","63.89","37.6","27.4","44.97","69.26","10.12"
"2026-01-29","69.73","44.54","40.81","62.99","82.33","83.71","13.23","76.8","52.3","47.95","68.04","83.28","81.79","12.18","71.96","43.92","35.59","51.7","70.52","69.16","9.55","64.99","36.32","28.7","46.97","69.82","10.25"
"2026-01-30","71.05","43.52","42.33","65.14","82.91","84.24","13.33","77.96","51.01","49.07","69.65","83.45","81.91","12.19","72.9","42.39","36.49","53.16","70.66","69.36","9.6","66.09","35.06","30.0","48.97","70.38","10.38"
"2026-01-31","72.36","42.51","43.83","67.26","83.48","84.76","13.42","79.11","49.72","50.16","71.24","83.6","82.02","12.21","73.83","40.86","37.37","54.62","70.81","69.56","9.65","67.18","33.82","31.29","50.97","70.94","10.51"
"2026-02-01","73.65","41.51","45.31","69.36","84.04","85.27","13.52","80.23","48.44","51.23","72.8","83.75","82.13","12.22","74.74","39.35","38.25","56.07","70.97","69.76","9.7","68.27","32.61","32.59","52.95","71.5","10.64"
"2026-02-02","74.94","40.53","46.78","71.43","84.58","85.77","13.61","81.34","47.16","52.28","74.33","83.89","82.23","12.23","75.64","37.86","39.12","57.5","71.12","69.97","9.76","69.35","31.41","33.88","54.93","72.07","10.77"
"2026-02-03","76.22","39.55","48.23","73.47","85.12","86.25","13.7","82.43","45.88","53.3","75.84","84.01","82.32","12.24","76.53","36.38","39.98","58.92","71.28","70.19","9.82","70.43","30.23","35.17","56.89","72.64","10.9"
"2026-02-04","77.48","38.59","49.67","75.49","85.65","86.72","13.79","83.5","44.62","54.31","77.31","84.13","82.4","12.25","77.41","34.91","40.83","60.33","71.44","70.4","9.87","71.5","29.08","36.45","58.85","73.21","11.03"
"2026-02-05","78.73","37.64","51.08","77.48","86.16","87.18","13.87","84.56","43.35","55.29","78.75","84.24","82.47","12.26","78.27","33.47","41.67","61.73","71.61","70.63","9.93","72.57","27.95","37.74","60.8","73.79","11.16"
"2026-02-06","79.97","36.71","52.48","79.44","86.67","87.63","13.95","85.59","42.1","56.25","80.16","84.33","82.54","12.26","79.12","32.04","42.5","63.12","71.78","70.85","9.99","73.63","26.84","39.01","62.73","74.36","11.29"
"2026-02-07","81.19","35.79","53.86","81.38","87.16","88.06","14.03","86.6","40.85","57.18","81.55","84.42","82.6","12.27","79.96","30.62","43.33","64.49","71.95","71.09","10.05","74.68","25.76","40.28","64.66","74.94","11.41"
"2026-02-08","82.4","34.88","55.22","83.28","87.64","88.48","14.1","87.6","39.61","58.09","82.9","84.5","82.65","12.27","80.79","29.23","44.15","65.85","72.13","71.32","10.12","75.73","24.7","41.55","66.57","75.51","11.54"
"2026-02-09","83.6","33.98","56.56","85.15","88.11","88.89","14.17","88.57","38.38","58.98","84.22","84.57","82.69","12.27","81.6","27.85","44.95","67.2","72.31","71.56","10.18","76.76","23.66","42.81","68.46","76.09","11.67"
"2026-02-10","84.78","33.1","57.87","86.99","88.56","89.28","14.24","89.53","37.15","59.84","85.51","84.63","82.72","12.28","82.4","26.49","45.75","68.53","72.49","71.81","10.24","77.79","22.65","44.06","70.35","76.67","11.8"
"2026-02-11","85.94","32.23","59.17","88.79","89.0","89.66","14.31","90.46","35.94","60.68","86.77","84.68","82.75","12.28","83.19","25.16","46.54","69.85","72.68","72.06","10.31","78.81","21.66","45.3","72.21","77.24","11.93"
"2026-02-12","87.09","31.37","60.44","90.57","89.43","90.03","14.37","91.38","34.73","61.5","87.99","84.72","82.78","12.28","83.96","23.84","47.32","71.16","72.87","72.31","10.38","79.82","20.69","46.54","74.06","77.82","12.06"
"2026-02-13","88.23","30.52","61.69","92.3","89.84","90.38","14.43","92.27","33.53","62.29","89.19","84.75","82.79","12.27","84.72","22.54","48.09","72.46","73.07","72.57","10.44","80.83","19.75","47.77","75.9","78.39","12.18"
"2026-02-14","89.34","29.69","62.92","94.01","90.25","90.72","14.49","93.14","32.35","63.06","90.36","84.78","82.8","12.27","85.47","21.27","48.85","73.73","73.27","72.83","10.51","81.82","18.83","48.99","77.71","78.96","12.31"
"2026-02-15","90.44","28.87","64.13","95.68","90.63","91.04","14.54","93.99","31.17","63.81","91.49","84.8","82.81","12.27","86.2","20.01","49.6","75.0","73.47","73.1","10.58","82.8","17.94","50.2","79.51","79.53","12.44"
"2026-02-16","91.52","28.07","65.3","97.31","91.01","91.35","14.59","94.82","30.01","64.53","92.59","84.81","82.8","12.27","86.92","18.78","50.35","76.25","73.68","73.37","10.65","83.78","17.07","51.4","81.29","80.1","12.56"
"2026-02-17","92.58","27.28","66.46","98.91","91.37","91.65","14.64","95.62","28.85","65.23","93.66","84.81","82.8","12.26","87.63","17.58","51.08","77.49","73.89","73.65","10.73","84.74","16.22","52.59","83.05","80.67","12.68"
"2026-02-18","93.62","26.5","67.59","100.47","91.71","91.93","14.68","96.41","27.71","65.9","94.7","84.8","82.78","12.26","88.32","16.39","51.81","78.71","74.11","73.93","10.8","85.69","15.41","53.77","84.79","81.23","12.81"
"2026-02-19","94.64","25.73","68.69","101.99","92.04","92.19","14.72","97.17","26.58","66.55","95.71","84.79","82.77","12.25","89.0","15.23","52.52","79.91","74.33","74.21","10.87","86.64","14.61","54.94","86.5","81.78","12.93"
"2026-02-20","95.65","24.98","69.77","103.47","92.36","92.44","14.76","97.91","25.46","67.17","96.68","84.77","82.74","12.24","89.66","14.1","53.23","81.1","74.55","74.5","10.95","87.57","13.84","56.1","88.2","82.34","13.05"
"2026-02-21","96.63","24.25","70.82","104.91","92.66","92.68","14.79","98.62","24.36","67.77","97.62","84.74","82.71","12.24","90.31","12.99","53.92","82.28","74.77","74.79","11.02","88.48","13.1","57.24","89.87","82.89","13.17"
"2026-02-22","97.59","23.52","71.84","106.32","92.95","92.9","14.83","99.32","23.27","68.35","98.54","84.71","82.68","12.23","90.95","11.91","54.61","83.44","75.01","75.09","11.1","89.39","12.38","58.37","91.52","83.43","13.28"
"2026-02-23","98.54","22.81","72.84","107.68","93.22","93.11","14.85","99.99","22.2","68.9","99.41","84.67","82.65","12.22","91.57","10.85","55.29","84.58","75.24","75.39","11.17","90.28","11.69","59.49","93.14","83.97","13.4"
"2026-02-24","99.46","22.12","73.8","109.01","93.47","93.3","14.88","100.64","21.13","69.43","100.26","84.62","82.6","12.21","92.18","9.82","55.95","85.71","75.48","75.69","11.25","91.17","11.03","60.59","94.74","84.51","13.51"
"2026-02-25","100.35","21.44","74.74","110.29","93.72","93.47","14.9","101.26","20.09","69.94","101.08","84.57","82.56","12.21","92.78","8.81","56.61","86.82","75.72","76.0","11.33","92.03","10.39","61.68","96.31","85.04","13.62"
"2026-02-26","101.23","20.77","75.65","111.53","93.94","93.64","14.92","101.87","19.06","70.42","101.86","84.51","82.51","12.2","93.36","7.84","57.26","87.91","75.96","76.31","11.41","92.89","9.77","62.75","97.85","85.56","13.73"
"2026-02-27","102.08","20.12","76.53","112.73","94.15","93.78","14.94","102.44","18.04","70.88","102.61","84.45","82.46","12.19","93.92","6.89","57.89","88.98","76.21","76.62","11.49","93.73","9.18","63.81","99.37","86.08","13.84"
"2026-02-28","102.92","19.48","77.38","113.89","94.35","93.91","14.95","103.0","17.05","71.31","103.33","84.38","82.41","12.18","94.47","5.97","58.52","90.04","76.46","76.94","11.57","94.56","8.62","64.85","100.86","86.58","13.95"
"2026-03-01","103.72","18.86","78.2","115.0","94.53","94.03","14.96","103.53","16.07","71.72","104.02","84.31","82.35","12.17","95.01","5.07","59.14","91.08","76.72","77.25","11.65","95.37","8.08","65.87","102.32","87.09","14.06"
"2026-03-02","104.51","18.25","79.0","116.07","94.69","94.13","14.97","104.04","15.1","72.11","104.68","84.23","82.29","12.16","95.53","4.21","59.74","92.1","76.98","77.58","11.73","96.17","7.57","66.88","103.75","87.58","14.16"
"2026-03-03","105.27","17.65","79.76","117.1","94.84","94.22","14.97","104.53","14.16","72.47","105.3","84.15","82.23","12.15","96.04","3.37","60.34","93.11","77.24","77.9","11.81","96.95","7.08","67.87","105.15","88.07","14.26"
"2026-03-04","106.0","17.07","80.49","118.09","94.98","94.29","14.97","104.99","13.23","72.81","105.9","84.06","82.16","12.14","96.53","2.57","60.92","94.09","77.5","78.22","11.89","97.71","6.62","68.84","106.52","88.54","14.36"
"2026-03-05","106.71","16.51","81.18","119.03","95.1","94.35","14.97","105.43","12.32","73.12","106.46","83.97","82.09","12.13","97.01","1.79","61.5","95.06","77.77","78.55","11.98","98.46","6.19","69.79","107.85","89.01","14.45"
"2026-03-06","107.4","15.96","81.85","119.93","95.2","94.39","14.96","105.84","11.43","73.42","106.99","83.88","82.02","12.12","97.48","1.05","62.06","96.0","78.04","78.88","12.06","99.2","5.78","70.72","109.16","89.47","14.55"
"2026-03-07","108.06","15.42","82.49","120.78","95.29","94.42","14.96","106.24","10.56","73.69","107.49","83.78","81.95","12.11","97.93","0.33","62.61","96.93","78.31","79.21","12.14","99.92","5.39","71.63","110.43","89.92","14.64"
"2026-03-08","108.7","14.9","83.09","121.59","95.36","94.43","14.95","106.61","9.71","73.94","107.96","83.68","81.88","12.11","98.36","0","63.16","97.84","78.58","79.54","12.22","100.62","5.04","72.52","111.66","90.37","14.73"
"2026-03-09","109.31","14.4","83.66","122.35","95.42","94.43","14.93","106.95","8.88","74.16","108.4","83.57","81.81","12.1","98.78","0","63.69","98.73","78.86","79.88","12.31","101.3","4.7","73.39","112.87","90.8","14.81"
"2026-03-10","109.89","13.91","84.2","123.07","95.46","94.42","14.92","107.27","8.08","74.37","108.81","83.47","81.73","12.09","99.18","0","64.2","99.59","79.14","80.21","12.39","101.97","4.39","74.24","114.03","91.22","14.9"
"2026-03-11","110.45","13.43","84.71","123.74","95.49","94.39","14.9","107.57","7.29","74.55","109.19","83.36","81.66","12.08","99.57","0","64.71","100.44","79.42","80.55","12.47","102.61","4.11","75.06","115.16","91.63","14.98"
"2026-03-12","110.98","12.97","85.18","124.37","95.5","94.35","14.88","107.84","6.53","74.71","109.54","83.24","81.58","12.07","99.95","0","65.21","101.26","79.7","80.88","12.55","103.24","3.85","75.87","116.26","92.03","15.06"
"2026-03-13","111.49","12.53","85.62","124.95","95.49","94.29","14.85","108.1","5.78","74.84","109.85","83.13","81.51","12.06","100.31","0","65.69","102.07","79.98","81.22","12.64","103.85","3.62","76.65","117.31","92.41","15.13"
"2026-03-14","111.97","12.1","86.03","125.48","95.48","94.22","14.83","108.32","5.06","74.96","110.14","83.01","81.43","12.06","100.65","0","66.16","102.85","80.27","81.56","12.72","104.45","3.41","77.41","118.33","92.79","15.2"
"2026-03-15","112.42","11.69","86.41","125.97","95.44","94.14","14.8","108.53","4.37","75.05","110.4","82.89","81.35","12.05","100.98","0","66.62","103.61","80.55","81.89","12.8","105.02","3.23","78.14","119.32","93.15","15.27"
"2026-03-16","112.84","11.29","86.75","126.42","95.4","94.04","14.76","108.71","3.69","75.13","110.63","82.77","81.28","12.04","101.29","0","67.06","104.34","80.84","82.23","12.88","105.57","3.07","78.85","120.26","93.5","15.34"
"2026-03-17","113.24","10.91","87.06","126.82","95.34","93.93","14.73","108.87","3.04","75.18","110.83","82.65","81.2","12.03","101.59","0","67.5","105.06","81.13","82.56","12.96","106.11","2.94","79.53","121.16","93.84","15.4"
"2026-03-18","113.61","10.54","87.34","127.17","95.26","93.81","14.69","109.0","2.42","75.21","111.0","82.53","81.13","12.03","101.87","0","67.92","105.75","81.42","82.89","13.04","106.62","2.83","80.19","122.03","94.17","15.46"
"2026-03-19","113.95","10.2","87.58","127.48","95.17","93.67","14.66","109.12","1.82","75.22","111.14","82.41","81.05","12.02","102.14","0","68.33","106.42","81.71","83.23","13.12","107.11","2.74","80.82","122.85","94.48","15.52"
"2026-03-20","114.27","9.86","87.79","127.74","95.07","93.53","14.61","109.21","1.24","75.21","111.25","82.28","80.98","12.02","102.39","0","68.72","107.06","81.99","83.56","13.2","107.59","2.68","81.43","123.63","94.78","15.58"
"2026-03-21","114.55","9.55","87.97","127.96","94.95","93.37","14.57","109.27","0.69","75.18","111.34","82.16","80.9","12.01","102.63","0","69.11","107.68","82.28","83.89","13.28","108.04","2.65","82.01","124.37","95.07","15.63"
"2026-03-22","114.81","9.25","88.11","128.13","94.82","93.2","14.53","109.32","0.16","75.13","111.39","82.03","80.83","12.01","102.85","0","69.47","108.28","82.57","84.21","13.36","108.47","2.63","82.56","125.07","95.34","15.67"
"2026-03-23","115.04","8.96","88.22","128.26","94.67","93.01","14.48","109.34","0","75.07","111.42","81.91","80.76","12.01","103.06","0","69.83","108.85","82.86","84.54","13.43","108.88","2.64","83.09","125.73","95.6","15.72"
"2026-03-24","115.24","8.7","88.3","128.34","94.51","92.82","14.43","109.34","0","74.98","111.42","81.78","80.69","12.0","103.25","0","70.17","109.39","83.14","84.86","13.51","109.27","2.67","83.59","126.35","95.85","15.76"
"2026-03-25","115.42","8.45","88.35","128.37","94.34","92.61","14.38","109.32","0","74.87","111.4","81.66","80.62","12.0","103.42","0","70.5","109.91","83.43","85.18","13.58","109.63","2.73","84.06","126.92","96.08","15.8"
"2026-03-26","115.56","8.21","88.36","128.36","94.16","92.39","14.32","109.28","0","74.74","111.34","81.53","80.55","12.0","103.58","0","70.81","110.41","83.71","85.49","13.66","109.97","2.81","84.5","127.45","96.29","15.83"
"2026-03-27","115.68","8.0","88.34","128.31","93.96","92.17","14.27","109.21","0","74.6","111.26","81.41","80.48","12.0","103.72","0","71.11","110.88","83.99","85.8","13.73","110.29","2.91","84.92","127.93","96.49","15.86"
"2026-03-28","115.77","7.8","88.29","128.21","93.75","91.93","14.21","109.12","0","74.44","111.15","81.29","80.42","12.0","103.84","0","71.39","111.32","84.27","86.11","13.8","110.59","3.03","85.3","128.37","96.68","15.89"
"2026-03-29","115.83","7.62","88.2","128.06","93.53","91.68","14.15","109.02","0","74.26","111.02","81.16","80.36","12.0","103.95","0","71.66","111.73","84.55","86.42","13.87","110.87","3.18","85.66","128.77","96.85","15.92"
"2026-03-30","115.86","7.45","88.08","127.88","93.3","91.42","14.09","108.89","0","74.06","110.86","81.04","80.29","12.0","104.05","0","71.91","112.12","84.82","86.71","13.94","111.12","3.35","85.98","129.12","97.0","15.94"
"2026-03-31","115.86","7.31","87.93","127.64","93.05","91.15","14.03","108.73","0","73.84","110.67","80.92","80.24","12.0","104.13","0","72.15","112.48","85.09","87.01","14.01","111.35","3.54","86.28","129.42","97.14","15.95"
"2026-04-01","115.84","7.18","87.75","127.37","92.8","90.87","13.97","108.56","0","73.61","110.46","80.8","80.18","12.0","104.19","0","72.37","112.82","85.36","87.3","14.07","111.55","3.75","86.54","129.68","97.27","15.97"
"2026-04-02","115.79","7.07","87.54","127.05","92.53","90.59","13.9","108.37","0","73.36","110.22","80.69","80.12","12.0","104.23","0","72.58","113.12","85.63","87.58","14.14","111.73","3.98","86.78","129.9","97.38","15.98"
"2026-04-03","115.7","6.97","87.29","126.69","92.25","90.29","13.84","108.16","0","73.09","109.95","80.57","80.07","12.01","104.26","0","72.77","113.4","85.89","87.86","14.2","111.89","4.23","86.98","130.07","97.47","15.98"
"2026-04-04","115.59","6.9","87.02","126.29","91.96","89.99","13.77","107.92","0","72.81","109.67","80.46","80.02","12.01","104.28","0","72.94","113.64","86.15","88.13","14.26","112.02","4.51","87.15","130.19","97.55","15.99"
"2026-04-05","115.46","6.84","86.71","125.84","91.67","89.68","13.7","107.67","0","72.51","109.35","80.34","79.97","12.01","104.27","0","73.1","113.86","86.4","88.4","14.32","112.13","4.8","87.29","130.26","97.61","15.99"
"2026-04-06","115.29","6.8","86.37","125.35","91.36","89.36","13.63","107.4","0","72.19","109.01","80.23","79.93","12.02","104.25","0","73.24","114.05","86.65","88.66","14.37","112.21","5.12","87.4","130.29","97.65","15.98"
"2026-04-07","115.1","6.78","86.0","124.82","91.04","89.03","13.56","107.1","0","71.86","108.65","80.12","79.88","12.02","104.22","0","73.37","114.21","86.9","88.91","14.43","112.27","5.45","87.48","130.28","97.68","15.98"
"2026-04-08","114.88","6.78","85.6","124.25","90.71","88.69","13.49","106.79","0","71.51","108.26","80.02","79.84","12.03","104.17","0","73.47","114.34","87.14","89.16","14.48","112.3","5.81","87.53","130.21","97.69","15.96"
"2026-04-09","114.63","6.79","85.17","123.64","90.38","88.35","13.41","106.46","0","71.15","107.85","79.91","79.8","12.04","104.1","0","73.56","114.44","87.37","89.4","14.53","112.31","6.18","87.54","130.1","97.69","15.95"
"2026-04-10","114.35","6.83","84.72","122.99","90.03","88.0","13.34","106.11","0","70.77","107.42","79.81","79.76","12.04","104.01","0","73.64","114.51","87.6","89.63","14.58","112.3","6.58","87.53","129.95","97.67","15.93"
"2026-04-11","114.05","6.88","84.23","122.3","89.68","87.65","13.27","105.74","0","70.38","106.96","79.71","79.73","12.05","103.91","0","73.69","114.55","87.82","89.85","14.63","112.25","6.99","87.48","129.74","97.63","15.91"
"2026-04-12","113.72","6.95","83.71","121.57","89.32","87.29","13.19","105.35","0","69.97","106.48","79.61","79.7","12.06","103.79","0","73.73","114.56","88.04","90.07","14.68","112.19","7.42","87.4","129.49","97.58","15.88"
"2026-04-13","113.36","7.04","83.16","120.8","88.95","86.92","13.11","104.94","0","69.55","105.97","79.52","79.67","12.07","103.65","0","73.75","114.53","88.25","90.27","14.72","112.1","7.87","87.28","129.2","97.51","15.86"
"2026-04-14","112.97","7.15","82.59","120.0","88.57","86.55","13.04","104.52","0","69.11","105.44","79.42","79.64","12.07","103.5","0","73.75","114.47","88.46","90.47","14.76","111.98","8.34","87.14","128.85","97.42","15.82"
"2026-04-15","112.56","7.28","81.99","119.15","88.19","86.18","12.96","104.07","0","68.66","104.89","79.33","79.61","12.08","103.33","0","73.73","114.39","88.65","90.66","14.8","111.83","8.83","86.96","128.46","97.32","15.79"
"2026-04-16","112.12","7.43","81.36","118.27","87.8","85.79","12.88","103.61","0","68.2","104.32","79.25","79.59","12.09","103.15","0","73.69","114.27","88.84","90.84","14.83","111.66","9.33","86.74","128.02","97.2","15.75"
"2026-04-17","111.66","7.6","80.7","117.35","87.4","85.41","12.8","103.14","0","67.72","103.73","79.16","79.57","12.1","102.94","0","73.64","114.11","89.02","91.01","14.87","111.47","9.85","86.5","127.54","97.07","15.71"
"2026-04-18","111.17","7.79","80.02","116.4","87.0","85.02","12.72","102.64","0","67.23","103.11","79.08","79.55","12.11","102.72","0","73.56","113.93","89.2","91.17","14.9","111.25","10.39","86.22","127.0","96.92","15.66"
"2026-04-19","110.65","8.0","79.31","115.41","86.59","84.63","12.64","102.13","0","66.73","102.47","79.0","79.53","12.13","102.49","0.01","73.46","113.71","89.36","91.31","14.92","111.0","10.95","85.91","126.43","96.75","15.61"
"2026-04-20","110.11","8.23","78.58","114.39","86.17","84.23","12.57","101.6","0","66.22","101.81","78.92","79.52","12.14","102.23","0.69","73.35","113.46","89.52","91.45","14.95","110.73","11.52","85.57","125.8","96.57","15.56"
"2026-04-21","109.54","8.47","77.82","113.33","85.75","83.83","12.49","101.06","0","65.69","101.13","78.84","79.5","12.15","101.96","1.4","73.22","113.17","89.67","91.58","14.97","110.43","12.11","85.2","125.13","96.37","15.5"
"2026-04-22","108.95","8.74","77.03","112.23","85.33","83.43","12.41","100.5","0","65.15","100.43","78.77","79.49","12.16","101.67","2.13","73.06","112.85","89.81","91.7","14.99","110.11","12.71","84.79","124.41","96.16","15.44"
"2026-04-23","108.34","9.03","76.22","111.11","84.9","83.02","12.33","99.92","0","64.6","99.71","78.7","79.48","12.17","101.37","2.89","72.89","112.5","89.94","91.81","15.01","109.76","13.34","84.35","123.65","95.93","15.38"
"2026-04-24","107.69","9.34","75.39","109.95","84.47","82.62","12.25","99.33","0","64.03","98.96","78.63","79.47","12.18","101.05","3.68","72.69","112.12","90.07","91.9","15.02","109.38","13.97","83.88","122.84","95.68","15.31"
"2026-04-25","107.03","9.66","74.53","108.76","84.03","82.21","12.17","98.72","0","63.46","98.2","78.56","79.47","12.19","100.71","4.5","72.47","111.69","90.18","91.98","15.04","108.98","14.63","83.37","121.99","95.42","15.25"
"2026-04-26","106.34","10.01","73.66","107.54","83.59","81.8","12.09","98.1","0","62.87","97.42","78.5","79.46","12.21","100.35","5.33","72.24","111.24","90.28","92.06","15.05","108.55","15.29","82.84","121.09","95.14","15.17"
"2026-04-27","105.63","10.38","72.75","106.29","83.15","81.39","12.01","97.46","0.49","62.28","96.61","78.44","79.45","12.22","99.98","6.2","71.98","110.75","90.37","92.12","15.05","108.1","15.98","82.27","120.15","94.85","15.1"
"2026-04-28","104.89","10.77","71.83","105.0","82.7","80.97","11.93","96.81","1.07","61.67","95.79","78.38","79.45","12.23","99.59","7.09","71.7","110.23","90.46","92.17","15.05","107.62","16.67","81.67","119.16","94.54","15.02"
"2026-04-29","104.14","11.18","70.88","103.69","82.26","80.56","11.85","96.14","1.67","61.05","94.94","78.32","79.45","12.24","99.18","8.0","71.4","109.67","90.53","92.2","15.05","107.12","17.39","81.03","118.13","94.22","14.94"
"2026-04-30","103.36","11.61","69.92","102.35","81.81","80.15","11.77","95.46","2.31","60.42","94.08","78.26","79.45","12.26","98.75","8.94","71.08","109.08","90.59","92.22","15.05","106.59","18.11","80.37","117.05","93.89","14.86"
"2026-05-01","102.55","12.06","68.93","100.99","81.35","79.73","11.69","94.77","2.98","59.78","93.2","78.21","79.45","12.27","98.31","9.9","70.74","108.45","90.64","92.24","15.05","106.03","18.85","79.68","115.93","93.54","14.77"
"2026-05-02","101.73","12.54","67.93","99.59","80.9","79.32","11.62","94.06","3.68","59.13","92.3","78.16","79.45","12.28","97.85","10.89","70.37","107.78","90.68","92.23","15.04","105.45","19.61","78.95","114.77","93.17","14.68"
"2026-05-03","100.89","13.03","66.9","98.17","80.45","78.91","11.54","93.34","4.4","58.47","91.38","78.11","79.45","12.29","97.38","11.89","69.99","107.09","90.71","92.22","15.02","104.85","20.37","78.19","113.57","92.8","14.59"
"2026-05-04","100.02","13.54","65.86","96.72","79.99","78.5","11.46","92.6","5.16","57.79","90.44","78.06","79.45","12.3","96.88","12.92","69.58","106.35","90.72","92.19","15.01","104.21","21.15","77.41","112.32","92.4","14.49"
"2026-05-05","99.13","14.08","64.79","95.25","79.54","78.09","11.39","91.86","5.95","57.11","89.48","78.01","79.45","12.31","96.37","13.97","69.15","105.59","90.73","92.15","14.99","103.56","21.95","76.59","111.04","92.0","14.4"
"2026-05-06","98.23","14.63","63.71","93.75","79.08","77.68","11.31","91.1","6.76","56.42","88.5","77.97","79.45","12.32","95.84","15.05","68.69","104.78","90.72","92.09","14.97","102.88","22.75","75.74","109.71","91.58","14.3"
"2026-05-07","97.3","15.21","62.62","92.23","78.62","77.27","11.24","90.32","7.61","55.72","87.51","77.92","79.44","12.33","95.3","16.14","68.22","103.94","90.7","92.03","14.94","102.17","23.57","74.87","108.34","91.15","14.2"
"2026-05-08","96.35","15.81","61.5","90.69","78.17","76.86","11.16","89.54","8.48","55.01","86.5","77.88","79.44","12.34","94.73","17.25","67.72","103.07","90.67","91.95","14.92","101.45","24.4","73.96","106.93","90.71","14.09"
"2026-05-09","95.39","16.42","60.37","89.12","77.71","76.46","11.09","88.75","9.38","54.3","85.47","77.84","79.44","12.35","94.15","18.38","67.2","102.16","90.63","91.85","14.89","100.69","25.24","73.02","105.49","90.25","13.98"
"2026-05-10","94.41","17.06","59.23","87.54","77.26","76.06","11.02","87.94","10.32","53.57","84.42","77.8","79.44","12.36","93.56","19.53","66.66","101.21","90.57","91.74","14.85","99.92","26.1","72.06","104.0","89.78","13.87"
"2026-05-11","93.41","17.72","58.07","85.93","76.81","75.66","10.94","87.12","11.27","52.83","83.35","77.76","79.44","12.37","92.94","20.7","66.09","100.23","90.5","91.62","14.81","99.12","26.96","71.07","102.48","89.3","13.76"
"2026-05-12","92.39","18.41","56.89","84.3","76.36","75.26","10.87","86.29","12.26","52.09","82.27","77.72","79.43","12.38","92.31","21.89","65.51","99.22","90.42","91.48","14.77","98.29","27.84","70.05","100.92","88.81","13.65"
"2026-05-13","91.35","19.11","55.71","82.65","75.91","74.87","10.8","85.45","13.28","51.33","81.17","77.68","79.43","12.39","91.66","23.09","64.9","98.17","90.33","91.33","14.73","97.44","28.73","69.0","99.32","88.31","13.54"
"2026-05-14","90.3","19.83","54.5","80.98","75.46","74.48","10.73","84.6","14.32","50.57","80.05","77.64","79.42","12.39","91.0","24.31","64.26","97.09","90.22","91.17","14.68","96.57","29.63","67.93","97.68","87.79","13.42"
"2026-05-15","89.23","20.58","53.29","79.3","75.02","74.09","10.67","83.74","15.38","49.8","78.91","77.6","79.41","12.4","90.32","25.55","63.61","95.97","90.1","90.99","14.63","95.68","30.54","66.83","96.01","87.27","13.3"
"2026-05-16","88.15","21.34","52.07","77.6","74.57","73.71","10.6","82.87","16.48","49.02","77.76","77.56","79.4","12.4","89.62","26.8","62.93","94.81","89.97","90.8","14.58","94.77","31.46","65.7","94.31","86.74","13.18"
"2026-05-17","87.05","22.13","50.83","75.88","74.14","73.33","10.53","81.99","17.6","48.23","76.59","77.52","79.39","12.41","88.9","28.07","62.23","93.62","89.82","90.59","14.53","93.83","32.39","64.55","92.57","86.19","13.06"
"2026-05-18","85.94","22.93","49.58","74.14","73.7","72.95","10.47","81.1","18.74","47.43","75.41","77.48","79.37","12.41","88.17","29.35","61.5","92.4","89.66","90.37","14.47","92.87","33.33","63.37","90.8","85.64","12.93"
"2026-05-19","84.81","23.76","48.32","72.39","73.27","72.58","10.4","80.2","19.91","46.63","74.2","77.44","79.35","12.41","87.42","30.65","60.76","91.14","89.49","90.14","14.4","91.89","34.29","62.17","89.0","85.08","12.81"
"2026-05-20","83.67","24.61","47.05","70.63","72.84","72.21","10.34","79.29","21.11","45.82","72.98","77.4","79.33","12.41","86.66","31.96","59.99","89.85","89.3","89.89","14.34","90.89","35.25","60.94","87.16","84.51","12.68"
"2026-05-21","82.51","25.48","45.78","68.85","72.41","71.85","10.28","78.38","22.33","45.0","71.75","77.35","79.31","12.41","85.87","33.28","59.19","88.53","89.1","89.63","14.27","89.86","36.22","59.69","85.29","83.93","12.55"
"2026-05-22","81.34","26.37","44.49","67.06","71.99","71.49","10.22","77.45","23.57","44.17","70.5","77.31","79.28","12.41","85.08","34.62","58.38","87.17","88.89","89.35","14.2","88.82","37.2","58.42","83.4","83.34","12.42"
"2026-05-23","80.16","27.28","43.2","65.25","71.57","71.14","10.16","76.52","24.84","43.33","69.23","77.27","79.25","12.41","84.26","35.97","57.54","85.77","88.66","89.06","14.12","87.76","38.19","57.13","81.47","82.75","12.29"
"2026-05-24","78.97","28.21","41.89","63.44","71.16","70.79","10.1","75.58","26.13","42.49","67.95","77.22","79.22","12.4","83.43","37.33","56.68","84.35","88.42","88.76","14.05","86.67","39.18","55.81","79.51","82.14","12.16"
"2026-05-25","77.77","29.16","40.59","61.61","70.75","70.45","10.04","74.63","27.44","41.64","66.65","77.17","79.18","12.4","82.58","38.69","55.8","82.89","88.17","88.44","13.97","85.57","40.19","54.47","77.53","81.53","12.03"
"2026-05-26","76.55","30.13","39.27","59.77","70.35","70.11","9.99","73.67","28.77","40.78","65.33","77.12","79.14","12.39","81.72","40.07","54.9","81.4","87.9","88.11","13.88","84.45","41.2","53.11","75.52","80.92","11.89"
"2026-05-27","75.33","31.12","37.95","57.92","69.95","69.77","9.93","72.7","30.13","39.92","64.0","77.07","79.09","12.39","80.84","41.46","53.97","79.88","87.62","87.76","13.8","83.31","42.23","51.73","73.48","80.3","11.76"
"2026-05-28","74.09","32.13","36.62","56.07","69.56","69.45","9.88","71.73","31.5","39.04","62.66","77.02","79.04","12.38","79.95","42.86","53.02","78.32","87.33","87.4","13.71","82.15","43.26","50.33","71.42","79.67","11.62"
"2026-05-29","72.85","33.16","35.29","54.2","69.17","69.12","9.83","70.75","32.9","38.16","61.3","76.96","78.99","12.37","79.04","44.27","52.05","76.74","87.03","87.03","13.61","80.97","44.3","48.91","69.34","79.04","11.49"
"2026-05-30","71.6","34.2","33.96","52.33","68.79","68.81","9.77","69.77","34.31","37.27","59.92","76.9","78.93","12.35","78.11","45.68","51.06","75.12","86.71","86.65","13.52","79.78","45.35","47.47","67.23","78.4","11.35"
"2026-05-31","70.33","35.27","32.62","50.45","68.41","68.49","9.72","68.77","35.75","36.38","58.53","76.84","78.86","12.34","77.17","47.1","50.05","73.47","86.37","86.25","13.42","78.57","46.4","46.02","65.1","77.76","11.21"
"2026-06-01","69.06","36.36","31.28","48.57","68.04","68.19","9.67","67.78","37.2","35.48","57.13","76.77","78.79","12.33","76.22","48.53","49.01","71.79","86.03","85.84","13.32","77.34","47.47","44.55","62.94","77.11","11.08"
"2026-06-02","67.79","37.47","29.93","46.67","67.67","67.89","9.63","66.77","38.67","34.57","55.71","76.7","78.72","12.31","75.25","49.97","47.96","70.08","85.67","85.41","13.22","76.1","48.54","43.06","60.77","76.46","10.94"
"2026-06-03","66.5","38.59","28.59","44.78","67.31","67.59","9.58","65.76","40.16","33.65","54.27","76.63","78.63","12.29","74.26","51.41","46.88","68.34","85.3","84.98","13.11","74.84","49.61","41.55","58.57","75.81","10.8"
"2026-06-04","65.21","39.73","27.24","42.88","66.96","67.3","9.53","64.74","41.67","32.73","52.82","76.55","78.55","12.27","73.26","52.85","45.78","66.58","84.91","84.53","13.01","73.56","50.7","40.03","56.36","75.15","10.66"
"2026-06-05","63.91","40.9","25.89","40.97","66.61","67.02","9.49","63.72","43.19","31.8","51.36","76.47","78.45","12.25","72.25","54.3","44.66","64.78","84.52","84.07","12.9","72.27","51.79","38.5","54.13","74.5","10.52"
"2026-06-06","62.61","42.07","24.54","39.06","66.27","66.74","9.45","62.69","44.73","30.86","49.88","76.39","78.36","12.23","71.22","55.76","43.53","62.96","84.11","83.6","12.78","70.97","52.89","36.95","51.88","73.84","10.39"
"2026-06-07","61.3","43.27","23.19","37.15","65.93","66.47","9.4","61.66","46.28","29.92","48.39","76.3","78.25","12.2","70.18","57.21","42.37","61.11","83.69","83.11","12.67","69.65","53.99","35.39","49.62","73.17","10.25"
"2026-06-08","59.99","44.49","21.83","35.24","65.6","66.2","9.36","60.63","47.85","28.97","46.88","76.21","78.14","12.18","69.12","58.68","41.19","59.23","83.25","82.62","12.55","68.32","55.1","33.82","47.34","72.51","10.11"
"2026-06-09","58.68","45.72","20.49","33.33","65.28","65.94","9.32","59.58","49.43","28.01","45.37","76.11","78.02","12.15","68.05","60.14","39.99","57.32","82.81","82.11","12.43","66.98","56.22","32.23","45.05","71.85","9.97"
"2026-06-10","57.36","46.97","19.14","31.41","64.96","65.69","9.28","58.54","51.02","27.05","43.83","76.01","77.9","12.12","66.97","61.6","38.78","55.39","82.35","81.59","12.31","65.62","57.34","30.63","42.74","71.18","9.84"
"2026-06-11","56.04","48.23","17.79","29.49","64.65","65.44","9.25","57.49","52.63","26.08","42.29","75.9","77.76","12.08","65.87","63.07","37.54","53.44","81.88","81.06","12.18","64.26","58.47","29.03","40.42","70.52","9.7"
"2026-06-12","54.71","49.52","16.44","27.58","64.35","65.2","9.21","56.43","54.25","25.1","40.73","75.79","77.62","12.05","64.77","64.54","36.29","51.46","81.4","80.52","12.06","62.88","59.61","27.41","38.09","69.86","9.57"
"2026-06-13","53.38","50.81","15.1","25.66","64.06","64.96","9.17","55.37","55.88","24.12","39.16","75.67","77.48","12.01","63.64","66.01","35.01","49.45","80.91","79.97","11.93","61.49","60.75","25.78","35.75","69.19","9.43"
"2026-06-14","52.05","52.13","13.76","23.75","63.77","64.73","9.14","54.31","57.52","23.13","37.57","75.55","77.32","11.98","62.51","67.47","33.72","47.42","80.41","79.41","11.8","60.09","61.89","24.15","33.41","68.53","9.3"
"2026-06-15","50.72","53.46","12.43","21.84","63.48","64.5","9.1","53.24","59.17","22.13","35.98","75.42","77.16","11.94","61.37","68.94","32.42","45.37","79.9","78.84","11.67","58.68","63.04","22.51","31.05","67.87","9.16"
"2026-06-16","49.39","54.8","11.09","19.93","63.21","64.28","9.07","52.17","60.82","21.13","34.37","75.28","76.99","11.89","60.21","70.41","31.09","43.3","79.37","78.27","11.54","57.27","64.2","20.86","28.68","67.21","9.03"
"2026-06-17","48.06","56.16","9.77","18.02","62.94","64.06","9.04","51.1","62.49","20.12","32.74","75.14","76.82","11.85","59.04","71.87","29.75","41.2","78.84","77.68","11.4","55.84","65.36","19.21","26.31","66.56","8.9"
"2026-06-18","46.73","57.54","8.44","16.12","62.67","63.85","9.01","50.03","64.17","19.1","31.11","75.0","76.63","11.8","57.86","73.34","28.39","39.09","78.3","77.08","11.26","54.41","66.53","17.55","23.94","65.91","8.77"
"2026-06-19","45.4","58.92","7.12","14.22","62.41","63.65","8.98","48.95","65.85","18.08","29.47","74.84","76.44","11.75","56.67","74.8","27.02","36.95","77.74","76.48","11.13","52.97","67.7","15.89","21.56","65.26","8.64"
"2026-06-20","44.07","60.33","5.81","12.32","62.16","63.45","8.95","47.87","67.54","17.05","27.81","74.68","76.24","11.7","55.47","76.25","25.63","34.8","77.18","75.86","10.99","51.52","68.87","14.22","19.17","64.61","8.51"
"2026-06-21","42.74","61.74","4.5","10.43","61.92","63.26","8.92","46.78","69.23","16.02","26.14","74.52","76.03","11.65","54.25","77.71","24.23","32.62","76.61","75.24","10.85","50.07","70.05","12.55","16.79","63.97","8.38"
"2026-06-22","41.42","63.17","3.2","8.55","61.68","63.07","8.89","45.7","70.93","14.98","24.46","74.34","75.81","11.6","53.03","79.16","22.81","30.43","76.03","74.61","10.7","48.61","71.23","10.87","14.4","63.33","8.25"
"2026-06-23","40.1","64.61","1.9","6.67","61.45","62.88","8.86","44.61","72.63","13.94","22.77","74.16","75.59","11.54","51.8","80.61","21.38","28.22","75.44","73.98","10.56","47.14","72.42","9.2","12.01","62.7","8.13"
"2026-06-24","38.78","66.06","0.61","4.79","61.23","62.7","8.84","43.52","74.34","12.89","21.07","73.98","75.35","11.48","50.56","82.05","19.93","26.0","74.84","73.33","10.42","45.67","73.61","7.52","9.62","62.07","8.01"
"2026-06-25","37.46","67.52","0","2.92","61.01","62.53","8.81","42.43","76.05","11.83","19.36","73.78","75.11","11.42","49.31","83.48","18.48","23.76","74.23","72.69","10.27","44.2","74.81","5.85","7.24","61.45","7.89"
"2026-06-26","36.15","69.0","0","1.06","60.79","62.36","8.78","41.34","77.76","10.77","17.64","73.58","74.86","11.36","48.05","84.92","17.0","21.5","73.62","72.03","10.12","42.72","76.01","4.17","4.85","60.83","7.77"
"2026-06-27","34.84","70.48","0","0","60.59","62.19","8.76","40.24","79.48","9.7","15.9","73.38","74.6","11.29","46.78","86.34","15.52","19.23","73.0","71.37","9.98","41.25","77.21","2.5","2.47","60.22","7.65"
"2026-06-28","33.53","71.98","0","0","60.39","62.03","8.74","39.15","81.19","8.62","14.16","73.16","74.33","11.22","45.51","87.76","14.03","16.95","72.37","70.7","9.83","39.76","78.41","0.83","0.1","59.61","7.53"
"2026-06-29","32.23","73.48","0","0","60.19","61.87","8.71","38.05","82.91","7.54","12.41","72.94","74.05","11.16","44.23","89.17","12.52","14.65","71.74","70.03","9.68","38.28","79.62","0","0","59.02","7.41"
"2026-06-30","30.94","75.0","0","0","60.0","61.72","8.69","36.96","84.62","6.46","10.65","72.71","73.77","11.08","42.94","90.58","11.0","12.35","71.1","69.36","9.53","36.8","80.83","0","0","58.42","7.3"
"2026-07-01","29.65","76.52","0","0","59.82","61.57","8.67","35.86","86.34","5.37","8.88","72.47","73.47","11.01","41.64","91.98","9.48","10.03","70.45","68.68","9.38","35.31","82.05","0","0","57.84","7.19"
"2026-07-02","29.01","77.32","0","0","59.64","61.42","8.64","35.41","87.32","4.96","8.14","72.22","73.17","10.94","40.98","92.63","8.63","8.74","69.8","68.0","9.23","34.47","82.53","0","0","57.26","7.08"
"2026-07-03","29.02","77.4","0","0","59.47","61.28","8.62","35.6","87.56","5.24","8.42","71.97","72.86","10.86","40.96","92.55","8.46","8.47","69.14","67.31","9.08","34.28","82.29","0","0","56.7","6.97"
"2026-07-04","29.05","77.48","0","0","59.3","61.14","8.6","35.79","87.81","5.51","8.69","71.71","72.54","10.78","40.94","92.46","8.29","8.19","68.48","66.62","8.93","34.09","82.05","0","0","56.14","6.87"
"2026-07-05","29.07","77.57","0","0","59.14","61.01","8.58","35.98","88.05","5.78","8.95","71.44","72.21","10.7","40.91","92.37","8.1","7.9","67.81","65.93","8.78","33.9","81.81","0","0","55.59","6.76"
"2026-07-06","29.1","77.67","0","0","58.98","60.88","8.56","36.17","88.28","6.04","9.21","71.16","71.87","10.61","40.87","92.26","7.91","7.61","67.14","65.24","8.63","33.71","81.57","0","0","55.04","6.66"
"2026-07-07","29.14","77.78","0","0","58.83","60.75","8.53","36.36","88.52","6.29","9.45","70.88","71.53","10.53","40.83","92.15","7.71","7.3","66.47","64.54","8.48","33.52","81.34","0","0","54.51","6.56"
"2026-07-08","29.19","77.89","0","0","58.68","60.62","8.51","36.55","88.75","6.54","9.68","70.59","71.17","10.44","40.78","92.03","7.5","6.99","65.79","63.85","8.33","33.34","81.12","0","0","53.98","6.47"
"2026-07-09","29.24","78.02","0","0","58.54","60.5","8.49","36.74","88.97","6.78","9.91","70.29","70.81","10.35","40.73","91.9","7.28","6.67","65.11","63.15","8.18","33.15","80.89","0","0","53.47","6.37"
"2026-07-10","29.3","78.15","0","0","58.4","60.37","8.47","36.92","89.19","7.02","10.12","69.98","70.44","10.26","40.66","91.77","7.06","6.35","64.43","62.45","8.03","32.97","80.67","0","0","52.96","6.28"
"2026-07-11","29.36","78.28","0","0","58.27","60.25","8.45","37.1","89.41","7.24","10.32","69.67","70.06","10.17","40.6","91.63","6.82","6.02","63.75","61.75","7.88","32.79","80.46","0","0","52.47","6.19"
"2026-07-12","29.43","78.43","0","0","58.14","60.14","8.43","37.28","89.62","7.46","10.51","69.34","69.67","10.07","40.53","91.48","6.58","5.68","63.06","61.06","7.73","32.61","80.25","0","0","51.98","6.1"
"2026-07-13","29.5","78.58","0","0","58.01","60.02","8.41","37.46","89.83","7.67","10.7","69.01","69.28","9.97","40.45","91.33","6.34","5.34","62.37","60.36","7.59","32.43","80.04","0","0","51.51","6.02"
"2026-07-14","29.58","78.73","0","0","57.89","59.91","8.39","37.64","90.04","7.87","10.87","68.67","68.87","9.88","40.36","91.17","6.09","4.99","61.69","59.67","7.44","32.26","79.84","0","0","51.04","5.93"
"2026-07-15","29.67","78.9","0","0","57.77","59.79","8.37","37.81","90.23","8.07","11.02","68.33","68.46","9.78","40.27","91.0","5.83","4.63","61.0","58.97","7.29","32.09","79.65","0","0","50.59","5.85"
"2026-07-16","29.76","79.07","0","0","57.66","59.68","8.34","37.98","90.43","8.26","11.17","67.97","68.04","9.67","40.18","90.83","5.56","4.27","60.31","58.28","7.15","31.92","79.46","0","0","50.15","5.77"
"2026-07-17","29.86","79.24","0","0","57.54","59.57","8.32","38.15","90.61","8.43","11.31","67.61","67.62","9.57","40.08","90.65","5.29","3.91","59.62","57.6","7.0","31.75","79.28","0","0","49.71","5.7"
"2026-07-18","29.96","79.43","0","0","57.44","59.46","8.3","38.31","90.79","8.6","11.43","67.24","67.18","9.46","39.97","90.46","5.01","3.54","58.94","56.91","6.86","31.59","79.1","0","0","49.29","5.63"
"2026-07-19","30.07","79.61","0","0","57.33","59.35","8.28","38.47","90.97","8.76","11.54","66.87","66.74","9.36","39.86","90.27","4.73","3.17","58.25","56.23","6.72","31.44","78.93","0","0","48.88","5.55"
"2026-07-20","30.18","79.81","0","0","57.23","59.25","8.26","38.62","91.14","8.91","11.64","66.48","66.29","9.25","39.75","90.07","4.45","2.79","57.57","55.55","6.58","31.28","78.76","0","0","48.49","5.49"
"2026-07-21","30.3","80.01","0","0","57.13","59.14","8.23","38.78","91.3","9.05","11.73","66.09","65.84","9.14","39.62","89.87","4.15","2.42","56.89","54.88","6.44","31.13","78.6","0","0","48.1","5.42"
"2026-07-22","30.42","80.21","0","0","57.03","59.03","8.21","38.93","91.46","9.19","11.81","65.7","65.38","9.03","39.5","89.66","3.86","2.04","56.21","54.21","6.3","30.99","78.45","0","0","47.72","5.36"
"2026-07-23","30.55","80.42","0","0","56.93","58.92","8.18","39.07","91.6","9.31","11.87","65.29","64.91","8.92","39.37","89.45","3.56","1.65","55.53","53.54","6.16","30.84","78.31","0","0","47.36","5.3"
"2026-07-24","30.68","80.63","0","0","56.84","58.82","8.16","39.21","91.75","9.42","11.92","64.88","64.43","8.8","39.23","89.23","3.26","1.27","54.86","52.89","6.03","30.71","78.17","0","0","47.01","5.24"
"2026-07-25","30.82","80.85","0","0","56.74","58.71","8.13","39.35","91.88","9.53","11.96","64.46","63.95","8.69","39.09","89.01","2.95","0.88","54.19","52.23","5.9","30.57","78.04","0","0","46.67","5.18"
"2026-07-26","30.96","81.08","0","0","56.65","58.6","8.11","39.48","92.01","9.62","11.98","64.04","63.46","8.57","38.95","88.79","2.64","0.5","53.53","51.59","5.77","30.45","77.92","0","0","46.34","5.13"
"2026-07-27","31.11","81.3","0","0","56.56","58.49","8.08","39.6","92.13","9.7","12.0","63.61","62.97","8.46","38.8","88.56","2.33","0.11","52.87","50.95","5.64","30.32","77.8","0","0","46.03","5.08"
"2026-07-28","31.26","81.53","0","0.04","56.47","58.38","8.06","39.72","92.24","9.78","12.0","63.17","62.47","8.34","38.65","88.32","2.01","0","52.21","50.31","5.51","30.2","77.69","0","0","45.73","5.03"
"2026-07-29","31.41","81.77","0","0.43","56.38","58.27","8.03","39.84","92.35","9.84","11.99","62.73","61.97","8.22","38.5","88.09","1.7","0","51.56","49.69","5.38","30.09","77.59","0","0","45.44","4.98"
"2026-07-30","31.57","82.01","0","0.81","56.3","58.16","8.0","39.95","92.45","9.89","11.96","62.28","61.46","8.1","38.34","87.85","1.38","0","50.92","49.07","5.26","29.98","77.5","0","0","45.16","4.94"
"2026-07-31","31.73","82.25","0","1.2","56.21","58.05","7.97","40.06","92.54","9.93","11.93","61.83","60.95","7.98","38.17","87.61","1.06","0","50.28","48.46","5.14","29.88","77.41","0","0","44.89","4.9"
"2026-08-01","31.89","82.49","0","1.58","56.13","57.93","7.94","40.16","92.62","9.97","11.88","61.37","60.43","7.86","38.01","87.36","0.74","0","49.65","47.86","5.02","29.78","77.33","0","0","44.64","4.86"
"2026-08-02","32.06","82.74","0","1.97","56.04","57.82","7.91","40.26","92.69","9.99","11.82","60.9","59.91","7.74","37.84","87.11","0.41","0","49.03","47.27","4.9","29.69","77.26","0","0","44.4","4.82"
"2026-08-03","32.23","82.98","0","2.35","55.96","57.7","7.88","40.35","92.76","10.0","11.74","60.43","59.38","7.61","37.67","86.86","0.09","0","48.41","46.69","4.79","29.6","77.2","0","0","44.17","4.79"
"2026-08-04","32.4","83.24","0.03","2.73","55.87","57.58","7.85","40.43","92.82","10.0","11.66","59.96","58.85","7.49","37.49","86.61","0","0","47.8","46.11","4.67","29.52","77.15","0","0","43.95","4.76"
"2026-08-05","32.58","83.49","0.36","3.1","55.78","57.46","7.82","40.51","92.87","9.99","11.56","59.48","58.32","7.37","37.32","86.36","0","0","47.2","45.55","4.57","29.44","77.1","0","0","43.75","4.73"
"2026-08-06","32.75","83.74","0.68","3.47","55.7","57.33","7.78","40.59","92.91","9.97","11.45","59.0","57.78","7.24","37.14","86.1","0","0","46.61","45.0","4.46","29.37","77.07","0","0","43.55","4.7"
"2026-08-07","32.93","84.0","1.0","3.84","55.61","57.21","7.75","40.65","92.95","9.94","11.33","58.51","57.24","7.12","36.95","85.85","0","0","46.03","44.45","4.35","29.31","77.04","0","0","43.37","4.68"
"2026-08-08","33.12","84.25","1.32","4.21","55.52","57.08","7.71","40.72","92.97","9.9","11.2","58.02","56.7","6.99","36.77","85.59","0","0","45.45","43.92","4.25","29.25","77.02","0","0","43.2","4.66"
"2026-08-09","33.3","84.51","1.64","4.57","55.44","56.95","7.68","40.77","92.99","9.85","11.05","57.53","56.16","6.87","36.58","85.33","0","0","44.89","43.4","4.15","29.2","77.0","0","0","43.05","4.64"
"2026-08-10","33.49","84.77","1.96","4.92","55.35","56.81","7.64","40.82","93.0","9.79","10.89","57.03","55.61","6.75","36.4","85.07","0","0","44.33","42.89","4.06","29.15","77.0","0","0","42.9","4.62"
"2026-08-11","33.68","85.03","2.27","5.27","55.26","56.68","7.6","40.87","93.0","9.72","10.73","56.53","55.07","6.62","36.21","84.82","0","0","43.79","42.4","3.96","29.11","77.0","0","0","42.77","4.6"
"2026-08-12","33.87","85.29","2.59","5.62","55.16","56.54","7.56","40.9","92.99","9.63","10.55","56.02","54.52","6.5","36.02","84.56","0","0","43.26","41.91","3.87","29.08","77.02","0","0","42.65","4.59"
"2026-08-13","34.06","85.54","2.9","5.96","55.07","56.4","7.52","40.93","92.98","9.54","10.36","55.52","53.97","6.37","35.83","84.3","0","0","42.73","41.44","3.78","29.05","77.04","0","0","42.54","4.58"
"2026-08-14","34.25","85.8","3.2","6.29","54.98","56.25","7.48","40.96","92.95","9.44","10.16","55.01","53.42","6.25","35.63","84.04","0","0","42.22","40.98","3.7","29.03","77.07","0","0","42.44","4.57"
"2026-08-15","34.44","86.06","3.51","6.62","54.88","56.1","7.44","40.98","92.92","9.33","9.95","54.5","52.87","6.12","35.44","83.79","0","0","41.72","40.53","3.62","29.01","77.1","0","0","42.35","4.56"
"2026-08-16","34.63","86.31","3.81","6.94","54.78","55.95","7.4","40.99","92.88","9.21","9.72","53.99","52.33","6.0","35.25","83.53","0","0","41.23","40.1","3.54","29.0","77.15","0","0","42.27","4.56"
"2026-08-17","34.83","86.57","4.1","7.25","54.68","55.8","7.35","41.0","92.83","9.08","9.49","53.48","51.78","5.88","35.05","83.28","0","0","40.76","39.68","3.46","29.0","77.2","0","0","42.21","4.56"
"2026-08-18","35.02","86.82","4.39","7.55","54.58","55.64","7.31","41.0","92.77","8.94","9.25","52.97","51.23","5.75","34.86","83.03","0","0","40.3","39.27","3.39","29.0","77.27","0","0","42.15","4.56"
"2026-08-19","35.21","87.07","4.68","7.85","54.47","55.48","7.26","40.99","92.71","8.79","9.0","52.45","50.68","5.63","34.67","82.78","0","0","39.85","38.87","3.32","29.01","77.34","0","0","42.11","4.56"
"2026-08-20","35.41","87.32","4.96","8.14","54.37","55.31","7.21","40.98","92.63","8.63","8.74","51.94","50.14","5.51","34.47","82.53","0","0","39.41","38.49","3.25","29.03","77.41","0","0","42.08","4.56"
"2026-08-21","35.6","87.56","5.24","8.42","54.26","55.15","7.17","40.96","92.55","8.46","8.47","51.43","49.6","5.39","34.28","82.29","0","0","38.98","38.13","3.19","29.05","77.5","0","0","42.06","4.57"
"2026-08-22","35.79","87.81","5.51","8.69","54.14","54.98","7.12","40.94","92.46","8.29","8.19","50.92","49.06","5.27","34.09","82.05","0","0","38.57","37.78","3.13","29.08","77.59","0","0","42.04","4.57"
"2026-08-23","35.98","88.05","5.78","8.95","54.03","54.8","7.07","40.91","92.37","8.1","7.9","50.4","48.52","5.15","33.9","81.81","0","0","38.17","37.44","3.07","29.11","77.7","0","0","42.04","4.58"
"2026-08-24","36.17","88.28","6.04","9.21","53.91","54.62","7.02","40.87","92.26","7.91","7.61","49.89","47.99","5.04","33.71","81.57","0","0","37.79","37.12","3.02","29.15","77.8","0","0","42.05","4.59"
"2026-08-25","36.36","88.52","6.29","9.45","53.79","54.44","6.97","40.83","92.15","7.71","7.3","49.38","47.46","4.92","33.52","81.34","0","0","37.42","36.81","2.97","29.2","77.92","0","0","42.07","4.6"
"2026-08-26","36.55","88.75","6.54","9.68","53.67","54.26","6.92","40.78","92.03","7.5","6.99","48.88","46.93","4.81","33.34","81.12","0","0","37.07","36.52","2.92","29.25","78.04","0","0","42.09","4.62"
"2026-08-27","36.74","88.97","6.78","9.91","53.55","54.07","6.86","40.73","91.9","7.28","6.67","48.37","46.41","4.69","33.15","80.89","0","0","36.73","36.24","2.88","29.31","78.18","0","0","42.13","4.63"
"2026-08-28","36.92","89.19","7.02","10.12","53.42","53.88","6.81","40.66","91.77","7.06","6.35","47.87","45.89","4.58","32.97","80.67","0","0","36.4","35.98","2.84","29.38","78.31","0","0","42.17","4.65"
"2026-08-29","37.1","89.41","7.24","10.32","53.29","53.68","6.75","40.6","91.63","6.82","6.02","47.37","45.38","4.47","32.79","80.46","0","0","36.09","35.73","2.8","29.45","78.46","0","0","42.23","4.67"
"2026-08-30","37.28","89.62","7.46","10.51","53.15","53.48","6.7","40.53","91.48","6.58","5.68","46.87","44.87","4.36","32.61","80.25","0","0","35.79","35.5","2.77","29.52","78.61","0","0","42.29","4.69"
"2026-08-31","37.46","89.83","7.67","10.7","53.02","53.28","6.64","40.45","91.33","6.34","5.34","46.38","44.37","4.25","32.43","80.04","0","0","35.51","35.28","2.74","29.6","78.77","0","0","42.36","4.71"
"2026-09-01","37.64","90.04","7.87","10.87","52.88","53.08","6.58","40.36","91.17","6.09","4.99","45.89","43.87","4.15","32.26","79.84","0","0","35.25","35.08","2.71","29.69","78.94","0","0","42.44","4.73"
"2026-09-02","37.81","90.23","8.07","11.02","52.73","52.87","6.53","40.27","91.0","5.83","4.63","45.41","43.38","4.04","32.09","79.65","0","0","35.0","34.9","2.68","29.78","79.11","0","0","42.53","4.75"
"2026-09-03","37.98","90.43","8.26","11.17","52.59","52.66","6.47","40.18","90.83","5.56","4.27","44.93","42.9","3.94","31.92","79.46","0","0","34.76","34.73","2.66","29.88","79.28","0","0","42.62","4.77"
"2026-09-04","38.15","90.61","8.43","11.31","52.44","52.45","6.41","40.08","90.65","5.29","3.91","44.45","42.42","3.84","31.75","79.28","0","0","34.54","34.58","2.65","29.99","79.47","0","0","42.72","4.8"
"2026-09-05","38.31","90.79","8.6","11.43","52.29","52.23","6.35","39.97","90.46","5.01","3.54","43.98","41.96","3.75","31.59","79.1","0","0","34.34","34.44","2.63","30.09","79.66","0","0","42.83","4.83"
"2026-09-06","38.47","90.97","8.76","11.54","52.13","52.01","6.29","39.86","90.27","4.73","3.17","43.52","41.5","3.65","31.44","78.93","0","0","34.15","34.31","2.62","30.21","79.85","0","0","42.95","4.85"
"2026-09-07","38.62","91.14","8.91","11.64","51.98","51.79","6.23","39.75","90.07","4.45","2.79","43.06","41.04","3.56","31.28","78.76","0","0","33.98","34.21","2.61","30.33","80.05","0","0","43.07","4.88"
"2026-09-08","38.78","91.3","9.05","11.73","51.82","51.56","6.17","39.62","89.87","4.15","2.42","42.61","40.6","3.46","31.13","78.6","0","0","33.82","34.12","2.61","30.45","80.26","0","0","43.2","4.91"
"2026-09-09","38.93","91.46","9.19","11.81","51.65","51.33","6.1","39.5","89.66","3.86","2.04","42.16","40.17","3.38","30.99","78.45","0","0","33.68","34.04","2.61","30.58","80.47","0","0","43.34","4.94"
"2026-09-10","39.07","91.6","9.31","11.87","51.49","51.1","6.04","39.37","89.45","3.56","1.65","41.73","39.74","3.29","30.84","78.31","0","0","33.56","33.98","2.61","30.71","80.68","0","0","43.48","4.97"
"2026-09-11","39.21","91.75","9.42","11.92","51.32","50.87","5.98","39.23","89.23","3.26","1.27","41.3","39.32","3.2","30.71","78.17","0","0","33.45","33.94","2.61","30.85","80.9","0","0","43.63","5.0"
"2026-09-12","39.35","91.88","9.53","11.96","51.15","50.64","5.92","39.09","89.01","2.95","0.88","40.88","38.92","3.12","30.57","78.04","0","0","33.36","33.91","2.62","30.99","81.13","0","0","43.78","5.03"
"2026-09-13","39.48","92.01","9.62","11.98","50.97","50.4","5.85","38.95","88.79","2.64","0.5","40.46","38.52","3.04","30.45","77.92","0","0","33.28","33.89","2.63","31.14","81.35","0","0","43.94","5.07"
"2026-09-14","39.6","92.13","9.7","12.0","50.8","50.16","5.79","38.8","88.56","2.33","0.11","40.06","38.14","2.97","30.32","77.8","0","0","33.22","33.9","2.65","31.29","81.58","0","0.13","44.1","5.1"
"2026-09-15","39.72","92.24","9.78","12.0","50.62","49.92","5.72","38.65","88.32","2.01","0","39.66","37.76","2.89","30.2","77.69","0","0","33.18","33.91","2.67","31.44","81.82","0","0.51","44.27","5.13"
"2026-09-16","39.84","92.35","9.84","11.99","50.44","49.68","5.66","38.5","88.09","1.7","0","39.27","37.4","2.82","30.09","77.59","0","0","33.15","33.95","2.69","31.6","82.06","0","0.9","44.44","5.17"
"2026-09-17","39.95","92.45","9.89","11.96","50.26","49.44","5.6","38.34","87.85","1.38","0","38.89","37.05","2.75","29.98","77.5","0","0","33.14","33.99","2.71","31.76","82.3","0","1.29","44.61","5.2"
"2026-09-18","40.06","92.54","9.93","11.93","50.07","49.19","5.53","38.17","87.61","1.06","0","38.53","36.71","2.69","29.88","77.41","0","0","33.14","34.05","2.74","31.93","82.54","0","1.67","44.79","5.23"
"2026-09-19","40.16","92.62","9.97","11.88","49.89","48.95","5.47","38.01","87.36","0.74","0","38.17","36.38","2.63","29.78","77.33","0","0","33.16","34.13","2.77","32.09","82.79","0","2.05","44.97","5.27"
"2026-09-20","40.26","92.69","9.99","11.82","49.7","48.7","5.4","37.84","87.11","0.41","0","37.82","36.06","2.57","29.69","77.26","0","0","33.19","34.22","2.8","32.27","83.04","0","2.43","45.16","5.3"
"2026-09-21","40.35","92.76","10.0","11.74","49.51","48.46","5.34","37.67","86.86","0.09","0","37.48","35.76","2.51","29.6","77.2","0","0","33.24","34.33","2.83","32.44","83.29","0.11","2.81","45.35","5.34"
"2026-09-22","40.43","92.82","10.0","11.66","49.32","48.21","5.27","37.49","86.61","0","0","37.16","35.47","2.46","29.52","77.15","0","0","33.31","34.45","2.87","32.62","83.54","0.43","3.18","45.54","5.38"
"2026-09-23","40.51","92.87","9.99","11.56","49.12","47.96","5.21","37.32","86.36","0","0","36.84","35.19","2.41","29.44","77.1","0","0","33.39","34.58","2.91","32.79","83.8","0.75","3.56","45.74","5.41"
"2026-09-24","40.59","92.91","9.97","11.45","48.93","47.71","5.15","37.14","86.1","0","0","36.54","34.93","2.36","29.37","77.07","0","0","33.48","34.73","2.95","32.97","84.05","1.07","3.92","45.93","5.45"
"2026-09-25","40.65","92.95","9.94","11.33","48.73","47.47","5.08","36.95","85.85","0","0","36.25","34.68","2.32","29.31","77.04","0","0","33.6","34.89","3.0","33.16","84.31","1.39","4.29","46.13","5.48"
"2026-09-26","40.72","92.97","9.9","11.2","48.54","47.22","5.02","36.77","85.59","0","0","35.97","34.44","2.28","29.25","77.02","0","0","33.72","35.07","3.05","33.34","84.57","1.71","4.65","46.33","5.52"
"2026-09-27","40.77","92.99","9.85","11.05","48.34","46.98","4.96","36.58","85.33","0","0","35.7","34.22","2.24","29.2","77.0","0","0","33.86","35.26","3.1","33.53","84.83","2.03","5.0","46.54","5.55"
"2026-09-28","40.82","93.0","9.79","10.89","48.15","46.73","4.89","36.4","85.07","0","0","35.45","34.01","2.21","29.15","77.0","0","0","34.02","35.46","3.15","33.72","85.08","2.34","5.35","46.74","5.59"
"2026-09-29","40.87","93.0","9.72","10.73","47.95","46.49","4.83","36.21","84.82","0","0","35.21","33.82","2.17","29.11","77.0","0","0","34.19","35.68","3.21","33.91","85.34","2.65","5.69","46.95","5.62"
"2026-09-30","40.9","92.99","9.63","10.55","47.75","46.25","4.77","36.02","84.56","0","0","34.98","33.64","2.15","29.08","77.02","0","0","34.37","35.9","3.27","34.1","85.6","2.96","6.03","47.15","5.66"
"2026-10-01","40.93","92.98","9.54","10.36","47.55","46.01","4.71","35.83","84.3","0","0","34.77","33.47","2.12","29.05","77.04","0","0","34.57","36.14","3.33","34.29","85.86","3.27","6.36","47.36","5.69"
"2026-10-02","40.96","92.95","9.44","10.16","47.36","45.77","4.65","35.63","84.04","0","0","34.57","33.32","2.1","29.03","77.07","0","0","34.78","36.4","3.39","34.48","86.11","3.57","6.69","47.57","5.73"
"2026-10-03","40.98","92.92","9.33","9.95","47.16","45.53","4.59","35.44","83.79","0","0","34.38","33.19","2.09","29.01","77.1","0","0","35.01","36.66","3.45","34.68","86.37","3.87","7.01","47.78","5.76"
"2026-10-04","40.99","92.88","9.21","9.72","46.96","45.3","4.54","35.25","83.53","0","0","34.21","33.07","2.07","29.0","77.15","0","0","35.25","36.94","3.52","34.87","86.62","4.17","7.32","47.98","5.8"
"2026-10-05","41.0","92.83","9.08","9.49","46.77","45.07","4.48","35.05","83.28","0","0","34.05","32.96","2.06","29.0","77.2","0","0","35.5","37.22","3.59","35.06","86.87","4.46","7.62","48.19","5.83"
"2026-10-06","41.0","92.77","8.94","9.25","46.58","44.84","4.42","34.86","83.03","0","0","33.9","32.88","2.06","29.0","77.27","0","0","35.76","37.52","3.66","35.26","87.12","4.75","7.91","48.4","5.86"
"2026-10-07","40.99","92.71","8.79","9.0","46.38","44.61","4.37","34.67","82.78","0","0","33.77","32.8","2.05","29.01","77.34","0","0","36.04","37.83","3.73","35.45","87.37","5.03","8.2","48.6","5.9"
"2026-10-08","40.98","92.63","8.63","8.74","46.19","44.39","4.31","34.47","82.53","0","0","33.66","32.75","2.06","29.03","77.41","0","0","36.33","38.15","3.8","35.64","87.62","5.3","8.48","48.81","5.93"
"2026-10-09","40.96","92.55","8.46","8.47","46.0","44.17","4.26","34.28","82.29","0","0","33.56","32.7","2.06","29.05","77.5","0","0","36.63","38.48","3.88","35.83","87.86","5.57","8.75","49.02","5.96"
"2026-10-10","40.94","92.46","8.29","8.19","45.82","43.96","4.21","34.09","82.05","0","0","33.47","32.68","2.07","29.08","77.59","0","0","36.94","38.82","3.96","36.03","88.1","5.84","9.01","49.22","5.99"
"2026-10-11","40.91","92.37","8.1","7.9","45.63","43.75","4.16","33.9","81.81","0","0","33.4","32.67","2.08","29.11","77.7","0","0","37.27","39.17","4.03","36.22","88.33","6.1","9.26","49.42","6.02"
"2026-10-12","40.87","92.26","7.91","7.61","45.45","43.54","4.11","33.71","81.57","0","0","33.35","32.68","2.09","29.15","77.8","0","0","37.61","39.53","4.11","36.41","88.57","6.35","9.5","49.62","6.05"
"2026-10-13","40.83","92.15","7.71","7.3","45.27","43.34","4.06","33.52","81.34","0","0","33.31","32.7","2.11","29.2","77.92","0","0","37.95","39.89","4.2","36.59","88.8","6.6","9.73","49.82","6.08"
"2026-10-14","40.78","92.03","7.5","6.99","45.1","43.15","4.02","33.34","81.12","0","0","33.29","32.74","2.13","29.25","78.04","0","0","38.31","40.27","4.28","36.78","89.02","6.83","9.95","50.02","6.11"
"2026-10-15","40.73","91.9","7.28","6.67","44.92","42.96","3.97","33.15","80.89","0","0","33.28","32.79","2.16","29.31","78.18","0","0","38.68","40.65","4.36","36.96","89.24","7.07","10.17","50.22","6.14"
"2026-10-16","40.66","91.77","7.06","6.35","44.75","42.77","3.93","32.97","80.67","0","0","33.28","32.86","2.19","29.38","78.31","0","0","39.06","41.05","4.45","37.14","89.46","7.29","10.37","50.41","6.17"
"2026-10-17","40.6","91.63","6.82","6.02","44.59","42.6","3.89","32.79","80.46","0","0","33.31","32.95","2.22","29.45","78.46","0","0","39.45","41.45","4.54","37.32","89.67","7.51","10.56","50.61","6.19"
"2026-10-18","40.53","91.48","6.58","5.68","44.43","42.42","3.85","32.61","80.25","0","0","33.35","33.05","2.26","29.52","78.61","0","0","39.85","41.86","4.62","37.5","89.88","7.72","10.73","50.8","6.22"
"2026-10-19","40.45","91.33","6.34","5.34","44.27","42.26","3.81","32.43","80.04","0","0","33.4","33.17","2.3","29.6","78.77","0","0","40.25","42.27","4.71","37.68","90.08","7.92","10.9","50.99","6.24"
"2026-10-20","40.36","91.17","6.09","4.99","44.12","42.1","3.78","32.26","79.84","0","0","33.47","33.31","2.34","29.69","78.94","0","0","40.67","42.69","4.8","37.85","90.28","8.11","11.06","51.17","6.27"
"2026-10-21","40.27","91.0","5.83","4.63","43.97","41.95","3.75","32.09","79.65","0","0","33.56","33.46","2.38","29.78","79.11","0","0","41.09","43.12","4.89","38.02","90.47","8.3","11.2","51.35","6.29"
"2026-10-22","40.18","90.83","5.56","4.27","43.83","41.8","3.71","31.92","79.46","0","0","33.66","33.63","2.43","29.88","79.28","0","0","41.52","43.55","4.98","38.18","90.65","8.47","11.34","51.53","6.32"
"2026-10-23","40.08","90.65","5.29","3.91","43.69","41.66","3.68","31.75","79.28","0","0","33.78","33.81","2.49","29.99","79.47","0","0","41.96","43.99","5.08","38.34","90.83","8.64","11.46","51.71","6.34"
"2026-10-24","39.97","90.46","5.01","3.54","43.56","41.53","3.66","31.59","79.1","0","0","33.91","34.01","2.54","30.09","79.66","0","0","42.41","44.44","5.17","38.5","91.01","8.8","11.57","51.89","6.36"
"2026-10-25","39.86","90.27","4.73","3.17","43.43","41.41","3.63","31.44","78.93","0","0","34.07","34.23","2.6","30.21","79.85","0","0","42.87","44.89","5.26","38.66","91.17","8.95","11.66","52.06","6.38"
"2026-10-26","39.75","90.07","4.45","2.79","43.31","41.3","3.61","31.28","78.76","0","0","34.23","34.46","2.67","30.33","80.05","0","0","43.33","45.34","5.36","38.81","91.33","9.08","11.75","52.23","6.4"
"2026-10-27","39.62","89.87","4.15","2.42","43.2","41.19","3.59","31.13","78.6","0","0","34.41","34.71","2.73","30.45","80.26","0","0","43.79","45.8","5.45","38.96","91.49","9.21","11.82","52.4","6.42"
"2026-10-28","39.5","89.66","3.86","2.04","43.09","41.09","3.57","30.99","78.45","0","0","34.61","34.97","2.8","30.58","80.47","0","0","44.27","46.26","5.55","39.1","91.64","9.34","11.88","52.56","6.44"
"2026-10-29","39.37","89.45","3.56","1.65","42.99","41.01","3.55","30.84","78.31","0","0","34.83","35.25","2.87","30.71","80.68","0","0","44.75","46.73","5.64","39.24","91.78","9.45","11.93","52.72","6.46"
"2026-10-30","39.23","89.23","3.26","1.27","42.9","40.93","3.54","30.71","78.17","0","0","35.05","35.54","2.95","30.85","80.9","0","0","45.23","47.19","5.74","39.37","91.91","9.55","11.97","52.88","6.48"
"2026-10-31","39.09","89.01","2.95","0.88","42.82","40.86","3.53","30.57","78.04","0","0","35.3","35.85","3.03","30.99","81.13","0","0","45.72","47.67","5.83","39.5","92.04","9.64","11.99","53.03","6.5"
"2026-11-01","38.95","88.79","2.64","0.5","42.74","40.8","3.52","30.45","77.92","0","0","35.56","36.17","3.11","31.14","81.35","0","0","46.21","48.14","5.93","39.63","92.16","9.72","12.0","53.18","6.52"
"2026-11-02","38.8","88.56","2.33","0.11","42.67","40.75","3.51","30.32","77.8","0","0","35.83","36.51","3.19","31.29","81.58","0","0.13","46.71","48.62","6.02","39.75","92.27","9.79","12.0","53.33","6.53"
"2026-11-03","38.65","88.32","2.01","0","42.61","40.71","3.51","30.2","77.69","0","0","36.12","36.86","3.28","31.44","81.82","0","0.51","47.21","49.1","6.12","39.87","92.37","9.85","11.98","53.48","6.55"
"2026-11-04","38.5","88.09","1.7","0","42.55","40.68","3.51","30.09","77.59","0","0","36.43","37.23","3.37","31.6","82.06","0","0.9","47.72","49.58","6.21","39.98","92.47","9.9","11.96","53.62","6.56"
"2026-11-05","38.34","87.85","1.38","0","42.51","40.66","3.51","29.98","77.5","0","0","36.75","37.61","3.46","31.76","82.3","0","1.29","48.23","50.06","6.31","40.08","92.56","9.94","11.92","53.76","6.58"
"2026-11-06","38.17","87.61","1.06","0","42.47","40.65","3.51","29.88","77.41","0","0","37.09","38.0","3.56","31.93","82.54","0","1.67","48.74","50.54","6.4","40.18","92.64","9.97","11.87","53.9","6.59"
"2026-11-07","38.01","87.36","0.74","0","42.45","40.66","3.52","29.78","77.33","0","0","37.44","38.41","3.66","32.09","82.79","0","2.05","49.25","51.02","6.49","40.28","92.71","9.99","11.8","54.03","6.61"
"2026-11-08","37.84","87.11","0.41","0","42.43","40.67","3.53","29.69","77.26","0","0","37.8","38.83","3.76","32.27","83.04","0","2.43","49.77","51.5","6.59","40.37","92.78","10.0","11.73","54.16","6.62"
"2026-11-09","37.67","86.86","0.09","0","42.42","40.7","3.54","29.6","77.2","0","0","38.18","39.26","3.86","32.44","83.29","0.11","2.81","50.29","51.99","6.68","40.45","92.83","10.0","11.64","54.29","6.63"
"2026-11-10","37.49","86.61","0","0","42.42","40.73","3.55","29.52","77.15","0","0","38.57","39.71","3.97","32.62","83.54","0.43","3.18","50.8","52.47","6.78","40.53","92.88","9.99","11.54","54.41","6.64"
"2026-11-11","37.32","86.36","0","0","42.43","40.78","3.57","29.44","77.1","0","0","38.98","40.17","4.08","32.79","83.8","0.75","3.56","51.32","52.95","6.87","40.6","92.92","9.96","11.43","54.54","6.65"
"2026-11-12","37.14","86.1","0","0","42.45","40.84","3.59","29.37","77.07","0","0","39.4","40.64","4.19","32.97","84.05","1.07","3.92","51.85","53.43","6.96","40.67","92.95","9.93","11.3","54.66","6.67"
"2026-11-13","36.95","85.85","0","0","42.48","40.91","3.62","29.31","77.04","0","0","39.83","41.13","4.3","33.16","84.31","1.39","4.29","52.37","53.91","7.05","40.73","92.98","9.89","11.16","54.77","6.68"
"2026-11-14","36.77","85.59","0","0","42.52","40.99","3.64","29.25","77.02","0","0","40.27","41.62","4.41","33.34","84.57","1.71","4.65","52.89","54.39","7.14","40.78","92.99","9.84","11.02","54.89","6.69"
"2026-11-15","36.58","85.33","0","0","42.57","41.09","3.67","29.2","77.0","0","0","40.73","42.13","4.53","33.53","84.83","2.03","5.0","53.41","54.87","7.23","40.83","93.0","9.77","10.86","55.0","6.7"
"2026-11-16","36.4","85.07","0","0","42.64","41.2","3.7","29.15","77.0","0","0","41.2","42.65","4.65","33.72","85.08","2.34","5.35","53.93","55.34","7.32","40.87","93.0","9.7","10.69","55.11","6.71"
"2026-11-17","36.21","84.82","0","0","42.71","41.32","3.74","29.11","77.0","0","0","41.69","43.18","4.77","33.91","85.34","2.65","5.69","54.45","55.81","7.41","40.91","92.99","9.61","10.51","55.22","6.72"
"2026-11-18","36.02","84.56","0","0","42.79","41.45","3.78","29.08","77.02","0","0","42.18","43.71","4.89","34.1","85.6","2.96","6.03","54.96","56.28","7.49","40.94","92.97","9.52","10.31","55.32","6.73"
"2026-11-19","35.83","84.3","0","0","42.89","41.59","3.82","29.05","77.04","0","0","42.69","44.26","5.02","34.29","85.86","3.27","6.36","55.48","56.74","7.58","40.96","92.95","9.42","10.11","55.43","6.74"
"2026-11-20","35.63","84.04","0","0","42.99","41.75","3.86","29.03","77.07","0","0","43.21","44.82","5.14","34.48","86.11","3.57","6.69","55.99","57.21","7.67","40.98","92.91","9.3","9.9","55.53","6.75"
"2026-11-21","35.44","83.79","0","0","43.11","41.92","3.91","29.01","77.1","0","0","43.74","45.39","5.27","34.68","86.37","3.87","7.01","56.51","57.67","7.75","40.99","92.87","9.18","9.67","55.63","6.76"
"2026-11-22","35.25","83.53","0","0","43.24","42.1","3.96","29.0","77.15","0","0","44.28","45.97","5.4","34.87","86.62","4.17","7.32","57.02","58.12","7.83","41.0","92.82","9.05","9.44","55.73","6.77"
"2026-11-23","35.05","83.28","0","0","43.38","42.3","4.01","29.0","77.2","0","0","44.83","46.55","5.53","35.06","86.87","4.46","7.62","57.52","58.57","7.92","41.0","92.76","8.91","9.19","55.82","6.78"
"2026-11-24","34.86","83.03","0","0","43.53","42.5","4.06","29.0","77.27","0","0","45.39","47.15","5.66","35.26","87.12","4.75","7.91","58.03","59.02","8.0","40.99","92.69","8.76","8.94","55.92","6.79"
"2026-11-25","34.67","82.78","0","0","43.7","42.72","4.12","29.01","77.34","0","0","45.96","47.75","5.8","35.45","87.37","5.03","8.2","58.53","59.46","8.08","40.98","92.62","8.59","8.68","56.01","6.79"
"2026-11-26","34.47","82.53","0","0","43.87","42.96","4.18","29.03","77.41","0","0","46.54","48.36","5.93","35.64","87.62","5.3","8.48","59.02","59.9","8.15","40.96","92.53","8.43","8.41","56.11","6.8"
"2026-11-27","34.28","82.29","0","0","44.06","43.2","4.25","29.05","77.5","0","0","47.13","48.98","6.07","35.83","87.86","5.57","8.75","59.52","60.33","8.23","40.93","92.44","8.25","8.13","56.2","6.81"
"2026-11-28","34.09","82.05","0","0","44.26","43.46","4.31","29.08","77.59","0","0","47.73","49.6","6.2","36.03","88.1","5.84","9.01","60.0","60.76","8.31","40.9","92.34","8.06","7.84","56.29","6.82"
"2026-11-29","33.9","81.81","0","0","44.47","43.73","4.38","29.11","77.7","0","0","48.34","50.23","6.34","36.22","88.33","6.1","9.26","60.49","61.19","8.38","40.86","92.24","7.87","7.54","56.38","6.83"
"2026-11-30","33.71","81.57","0","0","44.69","44.02","4.46","29.15","77.8","0","0","48.95","50.87","6.48","36.41","88.57","6.35","9.5","60.97","61.6","8.46","40.82","92.13","7.66","7.24","56.47","6.85"
"2026-12-01","33.52","81.34","0","0","44.93","44.32","4.53","29.2","77.92","0","0","49.57","51.51","6.62","36.59","88.8","6.6","9.73","61.44","62.01","8.53","40.77","92.0","7.45","6.92","56.56","6.86"
"2026-12-02","33.34","81.12","0","0","45.17","44.63","4.61","29.25","78.04","0","0","50.2","52.16","6.76","36.78","89.02","6.83","9.95","61.91","62.42","8.6","40.71","91.88","7.23","6.6","56.65","6.87"
"2026-12-03","33.15","80.89","0","0","45.43","44.95","4.69","29.31","78.18","0","0","50.84","52.81","6.9","36.96","89.24","7.07","10.17","62.38","62.82","8.67","40.65","91.74","7.01","6.28","56.74","6.88"
"2026-12-04","32.97","80.67","0","0","45.7","45.28","4.78","29.38","78.31","0","0","51.48","53.47","7.04","37.14","89.46","7.29","10.37","62.83","63.22","8.74","40.58","91.6","6.77","5.94","56.84","6.89"
"2026-12-05","32.79","80.46","0","0","45.99","45.63","4.86","29.45","78.46","0","0","52.13","54.13","7.18","37.32","89.67","7.51","10.56","63.29","63.6","8.8","40.51","91.45","6.53","5.6","56.93","6.9"
"2026-12-06","32.61","80.25","0","0","46.28","45.99","4.95","29.52","78.61","0","0","52.78","54.79","7.32","37.5","89.88","7.72","10.73","63.73","63.99","8.87","40.43","91.29","6.28","5.26","57.02","6.92"
"2026-12-07","32.43","80.04","0","0","46.59","46.36","5.04","29.6","78.77","0","0","53.44","55.46","7.46","37.68","90.08","7.92","10.9","64.18","64.36","8.93","40.34","91.13","6.03","4.91","57.11","6.93"
"2026-12-08","32.26","79.84","0","0","46.91","46.75","5.14","29.69","78.94","0","0","54.11","56.13","7.6","37.85","90.28","8.11","11.06","64.61","64.73","8.99","40.25","90.96","5.77","4.55","57.21","6.95"
"2026-12-09","32.09","79.65","0","0","47.24","47.15","5.24","29.78","79.11","0","0","54.78","56.8","7.74","38.02","90.47","8.3","11.2","65.04","65.09","9.06","40.16","90.79","5.5","4.19","57.3","6.96"
"2026-12-10","31.92","79.46","0","0","47.59","47.55","5.34","29.88","79.28","0","0","55.45","57.48","7.89","38.18","90.65","8.47","11.34","65.46","65.45","9.12","40.06","90.6","5.23","3.83","57.4","6.98"
"2026-12-11","31.75","79.28","0","0","47.94","47.98","5.44","29.99","79.47","0","0","56.12","58.15","8.03","38.34","90.83","8.64","11.46","65.87","65.8","9.17","39.95","90.42","4.95","3.46","57.5","7.0"
"2026-12-12","31.59","79.1","0","0","48.31","48.41","5.54","30.09","79.66","0","0","56.8","58.83","8.17","38.5","91.01","8.8","11.57","66.28","66.14","9.23","39.84","90.22","4.67","3.09","57.6","7.01"
"2026-12-13","31.44","78.93","0","0","48.69","48.85","5.65","30.21","79.85","0","0","57.49","59.51","8.31","38.66","91.17","8.95","11.66","66.68","66.48","9.29","39.72","90.03","4.38","2.71","57.7","7.03"
"2026-12-14","31.28","78.76","0","0","49.08","49.31","5.76","30.33","80.05","0","0","58.17","60.18","8.45","38.81","91.33","9.08","11.75","67.07","66.8","9.34","39.6","89.82","4.09","2.33","57.8","7.05"
"2026-12-15","31.13","78.6","0","0","49.48","49.77","5.87","30.45","80.26","0","0","58.86","60.86","8.59","38.96","91.49","9.21","11.82","67.46","67.13","9.39","39.47","89.62","3.79","1.95","57.91","7.07"
"2026-12-16","30.99","78.45","0","0","49.89","50.25","5.98","30.58","80.47","0","0","59.55","61.54","8.73","39.1","91.64","9.34","11.88","67.84","67.44","9.44","39.34","89.4","3.49","1.57","58.02","7.09"
"2026-12-17","30.84","78.31","0","0","50.31","50.74","6.1","30.71","80.68","0","0","60.24","62.22","8.87","39.24","91.78","9.45","11.93","68.21","67.75","9.49","39.2","89.18","3.19","1.18","58.13","7.12"
"2026-12-18","30.71","78.17","0","0","50.75","51.24","6.22","30.85","80.9","0","0","60.93","62.89","9.01","39.37","91.91","9.55","11.97","68.57","68.05","9.54","39.06","88.96","2.88","0.8","58.25","7.14"
"2026-12-19","30.57","78.04","0","0","51.2","51.75","6.34","30.99","81.13","0","0","61.62","63.56","9.14","39.5","92.04","9.64","11.99","68.93","68.34","9.59","38.92","88.74","2.57","0.41","58.36","7.16"
"2026-12-20","30.45","77.92","0","0","51.65","52.27","6.46","31.14","81.35","0","0","62.31","64.23","9.28","39.63","92.16","9.72","12.0","69.28","68.63","9.63","38.77","88.51","2.26","0.02","58.49","7.19"
"2026-12-21","30.32","77.8","0","0","52.12","52.79","6.59","31.29","81.58","0","0.13","63.0","64.9","9.41","39.75","92.27","9.79","12.0","69.62","68.9","9.68","38.62","88.27","1.94","0","58.61","7.22"
"2026-12-22","30.2","77.69","0","0","52.6","53.33","6.71","31.44","81.82","0","0.51","63.69","65.57","9.55","39.87","92.37","9.85","11.98","69.95","69.18","9.72","38.46","88.03","1.63","0","58.74","7.24"
"2026-12-23","30.09","77.59","0","0","53.08","53.88","6.84","31.6","82.06","0","0.9","64.37","66.23","9.68","39.98","92.47","9.9","11.96","70.27","69.44","9.76","38.3","87.79","1.31","0","58.87","7.27"
"2026-12-24","29.98","77.5","0","0","53.58","54.44","6.97","31.76","82.3","0","1.29","65.06","66.89","9.81","40.08","92.56","9.94","11.92","70.59","69.7","9.8","38.14","87.55","0.99","0","59.0","7.31"
"2026-12-25","29.88","77.41","0","0","54.09","55.0","7.1","31.93","82.54","0","1.67","65.74","67.54","9.94","40.18","92.64","9.97","11.87","70.9","69.95","9.84","37.97","87.31","0.66","0","59.14","7.34"
"2026-12-26","29.78","77.33","0","0","54.61","55.58","7.23","32.09","82.79","0","2.05","66.42","68.19","10.07","40.28","92.71","9.99","11.8","71.2","70.19","9.88","37.8","87.06","0.34","0","59.29","7.37"
"2026-12-27","29.69","77.26","0","0","55.13","56.16","7.37","32.27","83.04","0","2.43","67.1","68.84","10.2","40.37","92.78","10.0","11.73","71.49","70.43","9.91","37.63","86.81","0.02","0","59.44","7.41"
"2026-12-28","29.6","77.2","0","0","55.67","56.75","7.5","32.44","83.29","0.11","2.81","67.77","69.48","10.33","40.45","92.83","10.0","11.64","71.78","70.66","9.95","37.45","86.55","0","0","59.59","7.44"
"2026-12-29","29.52","77.15","0","0","56.21","57.35","7.64","32.62","83.54","0.43","3.18","68.44","70.11","10.45","40.53","92.88","9.99","11.54","72.05","70.88","9.98","37.28","86.3","0","0","59.75","7.48"
"2026-12-30","29.44","77.1","0","0","56.76","57.96","7.78","32.79","83.8","0.75","3.56","69.11","70.74","10.57","40.6","92.92","9.96","11.43","72.32","71.1","10.01","37.1","86.05","0","0","59.91","7.52"
"2026-12-31","29.37","77.07","0","0","57.32","58.57","7.92","32.97","84.05","1.07","3.92","69.77","71.36","10.69","40.67","92.95","9.93","11.3","72.58","71.31","10.05","36.91","85.79","0","0","60.08","7.56"
