"date","mean_thaw_depth","mean_frost_depth","mean_snow_depth","mean_swe","mean_lz_volume","mean_uz_volume","mean_runoff","open_thaw_depth","open_frost_depth","open_snow_depth","open_swe","open_lz_volume","open_uz_volume","open_runoff","forest_thaw_depth","forest_frost_depth","forest_snow_depth","forest_swe","forest_lz_volume","forest_uz_volume","forest_runoff","bog_thaw_depth","bog_frost_depth","bog_snow_depth","bog_swe","bog_sm_volume","bog_runoff"
"2024-01-01","110.1","6.14","77.79","113.65","84.99","83.17","12.37","101.79","0","66.75","103.14","79.56","80.47","12.41","103.81","1.03","75.8","116.68","91.2","93.0","15.25","112.08","11.14","86.67","126.92","96.39","15.45"
"2024-01-02","109.55","6.32","77.06","112.66","84.6","82.8","12.3","101.32","0","66.32","102.59","79.55","80.51","12.43","103.6","1.7","75.72","116.45","91.35","93.12","15.27","111.79","11.64","86.28","126.25","96.16","15.38"
"2024-01-03","108.98","6.53","76.32","111.64","84.2","82.44","12.23","100.82","0","65.88","102.02","79.53","80.56","12.45","103.37","2.4","75.62","116.2","91.48","93.22","15.28","111.48","12.16","85.87","125.54","95.92","15.32"
"2024-01-04","108.39","6.75","75.55","110.59","83.8","82.07","12.16","100.32","0","65.42","101.43","79.52","80.6","12.47","103.13","3.13","75.49","115.9","91.61","93.32","15.29","111.15","12.69","85.42","124.78","95.66","15.25"
"2024-01-05","107.78","7.0","74.75","109.51","83.4","81.71","12.09","99.79","0","64.95","100.81","79.51","80.64","12.49","102.86","3.88","75.34","115.57","91.73","93.4","15.3","110.79","13.24","84.94","123.97","95.38","15.18"
"2024-01-06","107.14","7.27","73.94","108.4","82.99","81.34","12.02","99.25","0","64.48","100.18","79.5","80.69","12.51","102.58","4.66","75.17","115.2","91.83","93.47","15.31","110.4","13.81","84.42","123.12","95.09","15.1"
"2024-01-07","106.48","7.56","73.1","107.25","82.59","80.97","11.95","98.7","0","63.99","99.52","79.49","80.73","12.54","102.28","5.46","74.98","114.8","91.93","93.52","15.31","109.98","14.39","83.88","122.23","94.78","15.03"
"2024-01-08","105.79","7.88","72.24","106.08","82.18","80.6","11.88","98.13","0","63.49","98.85","79.48","80.78","12.56","101.96","6.29","74.76","114.36","92.01","93.56","15.31","109.54","14.98","83.3","121.29","94.46","14.95"
"2024-01-09","105.08","8.21","71.37","104.88","81.77","80.24","11.82","97.55","0","62.97","98.15","79.48","80.82","12.58","101.62","7.14","74.52","113.88","92.08","93.59","15.31","109.07","15.59","82.69","120.31","94.13","14.86"
"2024-01-10","104.36","8.57","70.47","103.65","81.36","79.87","11.75","96.95","0.22","62.45","97.43","79.47","80.87","12.6","101.26","8.01","74.26","113.37","92.14","93.61","15.3","108.58","16.21","82.05","119.28","93.78","14.78"
"2024-01-11","103.6","8.95","69.55","102.4","80.95","79.5","11.68","96.34","0.85","61.91","96.69","79.47","80.91","12.62","100.89","8.91","73.98","112.81","92.19","93.61","15.29","108.06","16.85","81.37","118.21","93.42","14.69"
"2024-01-12","102.83","9.36","68.61","101.12","80.54","79.14","11.62","95.72","1.52","61.37","95.93","79.47","80.95","12.64","100.49","9.83","73.67","112.23","92.23","93.6","15.28","107.51","17.51","80.67","117.09","93.04","14.6"
"2024-01-13","102.04","9.78","67.66","99.81","80.12","78.77","11.55","95.08","2.21","60.81","95.15","79.47","81.0","12.66","100.08","10.77","73.33","111.6","92.25","93.57","15.26","106.94","18.17","79.93","115.94","92.65","14.51"
"2024-01-14","101.22","10.23","66.69","98.48","79.71","78.41","11.49","94.43","2.94","60.24","94.35","79.47","81.04","12.68","99.65","11.73","72.97","110.93","92.26","93.53","15.25","106.34","18.85","79.17","114.74","92.25","14.41"
"2024-01-15","100.39","10.7","65.7","97.12","79.3","78.05","11.42","93.77","3.7","59.66","93.53","79.47","81.08","12.7","99.2","12.72","72.59","110.23","92.26","93.47","15.22","105.72","19.55","78.37","113.5","91.83","14.31"
"2024-01-16","99.54","11.2","64.69","95.74","78.89","77.69","11.36","93.09","4.48","59.08","92.68","79.47","81.12","12.71","98.73","13.72","72.19","109.49","92.24","93.41","15.2","105.07","20.26","77.54","112.22","91.4","14.21"
"2024-01-17","98.66","11.71","63.66","94.33","78.47","77.33","11.29","92.4","5.3","58.48","91.82","79.47","81.16","12.73","98.24","14.75","71.76","108.71","92.21","93.32","15.17","104.39","20.98","76.68","110.89","90.96","14.11"
"2024-01-18","97.77","12.25","62.62","92.91","78.06","76.98","11.23","91.69","6.14","57.86","90.94","79.47","81.19","12.75","97.74","15.79","71.3","107.9","92.17","93.23","15.14","103.69","21.71","75.8","109.53","90.51","14.0"
"2024-01-19","96.86","12.82","61.57","91.46","77.66","76.62","11.17","90.98","7.02","57.24","90.04","79.47","81.23","12.76","97.21","16.86","70.82","107.05","92.11","93.11","15.1","102.97","22.46","74.88","108.13","90.05","13.9"
"2024-01-20","95.93","13.4","60.5","89.99","77.25","76.27","11.11","90.25","7.92","56.61","89.12","79.47","81.26","12.78","96.67","17.94","70.32","106.16","92.05","92.99","15.06","102.22","23.22","73.94","106.69","89.57","13.79"
"2024-01-21","94.98","14.01","59.41","88.5","76.84","75.92","11.05","89.51","8.85","55.97","88.18","79.47","81.29","12.79","96.11","19.04","69.79","105.23","91.96","92.85","15.02","101.45","23.99","72.96","105.21","89.09","13.68"
"2024-01-22","94.02","14.64","58.31","86.98","76.44","75.58","10.99","88.76","9.82","55.32","87.21","79.47","81.32","12.8","95.53","20.16","69.24","104.26","91.87","92.69","14.97","100.65","24.78","71.96","103.7","88.59","13.56"
"2024-01-23","93.03","15.29","57.2","85.45","76.04","75.24","10.93","88.0","10.8","54.66","86.23","79.47","81.34","12.81","94.93","21.29","68.66","103.26","91.76","92.52","14.93","99.83","25.58","70.93","102.15","88.09","13.45"
"2024-01-24","92.04","15.97","56.08","83.9","75.64","74.9","10.88","87.23","11.82","53.98","85.23","79.47","81.36","12.82","94.31","22.44","68.06","102.22","91.63","92.34","14.87","98.98","26.39","69.88","100.56","87.57","13.33"
"2024-01-25","91.02","16.67","54.94","82.34","75.25","74.57","10.82","86.44","12.86","53.3","84.21","79.46","81.38","12.83","93.68","23.61","67.43","101.14","91.5","92.14","14.82","98.12","27.21","68.8","98.93","87.04","13.21"
"2024-01-26","89.99","17.39","53.79","80.75","74.85","74.24","10.76","85.64","13.93","52.61","83.17","79.46","81.4","12.84","93.02","24.8","66.78","100.03","91.35","91.92","14.76","97.22","28.04","67.69","97.28","86.51","13.1"
"2024-01-27","88.95","18.14","52.63","79.15","74.46","73.91","10.71","84.84","15.03","51.91","82.11","79.45","81.41","12.85","92.35","25.99","66.11","98.88","91.18","91.7","14.7","96.31","28.89","66.55","95.58","85.96","12.97"
"2024-01-28","87.89","18.9","51.46","77.53","74.08","73.59","10.66","84.02","16.15","51.2","81.04","79.44","81.42","12.86","91.66","27.21","65.41","97.69","91.0","91.45","14.63","95.37","29.74","65.39","93.86","85.41","12.85"
"2024-01-29","86.81","19.69","50.28","75.9","73.7","73.27","10.6","83.19","17.3","50.47","79.94","79.43","81.42","12.86","90.95","28.43","64.68","96.47","90.81","91.2","14.57","94.42","30.61","64.21","92.1","84.85","12.73"
"2024-01-30","85.72","20.51","49.09","74.25","73.32","72.95","10.55","82.36","18.47","49.74","78.82","79.42","81.42","12.86","90.22","29.67","63.93","95.21","90.6","90.92","14.5","93.44","31.49","63.0","90.31","84.28","12.6"
"2024-01-31","84.62","21.34","47.89","72.59","72.94","72.64","10.5","81.51","19.67","49.0","77.69","79.4","81.41","12.87","89.48","30.93","63.16","93.91","90.38","90.64","14.42","92.43","32.38","61.77","88.49","83.7","12.48"
"2024-02-01","83.51","22.2","46.69","70.91","72.57","72.34","10.45","80.65","20.89","48.25","76.53","79.39","81.4","12.87","88.71","32.19","62.36","92.58","90.14","90.34","14.35","91.41","33.28","60.52","86.64","83.12","12.35"
"2024-02-02","82.38","23.08","45.47","69.22","72.21","72.04","10.41","79.79","22.13","47.49","75.36","79.37","81.39","12.86","87.93","33.47","61.54","91.21","89.89","90.02","14.27","90.37","34.19","59.24","84.76","82.53","12.22"
"2024-02-03","81.24","23.98","44.25","67.52","71.84","71.74","10.36","78.91","23.4","46.72","74.17","79.34","81.37","12.86","87.13","34.76","60.69","89.81","89.63","89.69","14.18","89.3","35.12","57.94","82.85","81.93","12.09"
"2024-02-04","80.09","24.9","43.02","65.81","71.49","71.45","10.31","78.03","24.69","45.94","72.96","79.31","81.34","12.86","86.32","36.06","59.82","88.37","89.35","89.35","14.1","88.22","36.05","56.62","80.91","81.33","11.96"
"2024-02-05","78.93","25.85","41.78","64.08","71.13","71.16","10.27","77.13","26.0","45.15","71.73","79.28","81.31","12.85","85.48","37.37","58.92","86.9","89.06","88.99","14.01","87.12","36.99","55.28","78.95","80.72","11.83"
"2024-02-06","77.76","26.82","40.54","62.35","70.79","70.88","10.22","76.23","27.34","44.35","70.48","79.25","81.28","12.84","84.63","38.69","58.0","85.39","88.76","88.62","13.92","85.99","37.95","53.92","76.96","80.11","11.7"
"2024-02-07","76.57","27.81","39.29","60.6","70.44","70.6","10.18","75.32","28.69","43.54","69.22","79.21","81.23","12.84","83.76","40.02","57.06","83.85","88.44","88.24","13.82","84.85","38.91","52.54","74.94","79.49","11.57"
"2024-02-08","75.38","28.82","38.04","58.85","70.11","70.33","10.14","74.4","30.07","42.72","67.93","79.17","81.18","12.82","82.88","41.36","56.09","82.27","88.11","87.84","13.72","83.69","39.88","51.14","72.91","78.87","11.44"
"2024-02-09","74.18","29.85","36.78","57.08","69.77","70.06","10.1","73.47","31.46","41.9","66.63","79.13","81.13","12.81","81.97","42.7","55.1","80.67","87.76","87.43","13.62","82.52","40.87","49.73","70.84","78.24","11.31"
"2024-02-10","72.97","30.9","35.52","55.31","69.45","69.8","10.06","72.54","32.88","41.06","65.31","79.07","81.07","12.8","81.05","44.06","54.09","79.03","87.4","87.01","13.52","81.32","41.86","48.29","68.76","77.61","11.17"
"2024-02-11","71.75","31.98","34.25","53.53","69.13","69.54","10.02","71.59","34.31","40.21","63.97","79.02","81.0","12.78","80.12","45.42","53.05","77.35","87.03","86.57","13.41","80.11","42.86","46.84","66.65","76.98","11.04"
"2024-02-12","70.53","33.07","32.98","51.75","68.81","69.29","9.98","70.64","35.77","39.36","62.61","78.96","80.92","12.76","79.17","46.78","52.0","75.65","86.64","86.12","13.31","78.88","43.87","45.37","64.53","76.34","10.91"
"2024-02-13","69.29","34.19","31.71","49.95","68.5","69.04","9.94","69.68","37.24","38.49","61.24","78.89","80.84","12.74","78.2","48.16","50.91","73.91","86.24","85.66","13.2","77.64","44.89","43.89","62.38","75.7","10.78"
"2024-02-14","68.05","35.32","30.44","48.16","68.19","68.8","9.9","68.72","38.72","37.62","59.85","78.82","80.75","12.72","77.21","49.54","49.81","72.15","85.83","85.19","13.08","76.38","45.92","42.39","60.21","75.06","10.64"
"2024-02-15","66.81","36.48","29.16","46.35","67.89","68.56","9.87","67.74","40.23","36.73","58.44","78.75","80.66","12.7","76.21","50.92","48.68","70.35","85.41","84.7","12.97","75.1","46.96","40.88","58.03","74.42","10.51"
"2024-02-16","65.55","37.65","27.88","44.54","67.6","68.33","9.84","66.76","41.75","35.84","57.01","78.67","80.55","12.67","75.19","52.31","47.54","68.52","84.97","84.2","12.85","73.81","48.01","39.35","55.83","73.78","10.38"
"2024-02-17","64.29","38.85","26.61","42.73","67.31","68.1","9.8","65.78","43.28","34.94","55.57","78.58","80.44","12.64","74.16","53.71","46.37","66.67","84.52","83.69","12.73","72.51","49.07","37.81","53.61","73.13","10.25"
"2024-02-18","63.03","40.06","25.33","40.92","67.03","67.88","9.77","64.78","44.83","34.03","54.11","78.49","80.32","12.61","73.11","55.1","45.18","64.78","84.06","83.17","12.61","71.19","50.13","36.26","51.38","72.49","10.11"
"2024-02-19","61.76","41.29","24.05","39.1","66.75","67.66","9.74","63.78","46.39","33.1","52.63","78.39","80.19","12.58","72.05","56.5","43.97","62.87","83.59","82.64","12.48","69.86","51.21","34.7","49.14","71.85","9.98"
"2024-02-20","60.49","42.55","22.77","37.27","66.48","67.45","9.71","62.78","47.97","32.18","51.13","78.28","80.05","12.54","70.97","57.91","42.74","60.93","83.1","82.1","12.36","68.52","52.29","33.13","46.88","71.2","9.85"
"2024-02-21","59.22","43.82","21.49","35.45","66.22","67.24","9.68","61.77","49.56","31.24","49.62","78.17","79.91","12.51","69.88","59.31","41.49","58.97","82.6","81.54","12.23","67.17","53.38","31.54","44.61","70.56","9.72"
"2024-02-22","57.94","45.1","20.22","33.62","65.96","67.04","9.65","60.75","51.16","30.29","48.1","78.05","79.76","12.47","68.77","60.72","40.22","56.97","82.09","80.98","12.1","65.8","54.48","29.95","42.33","69.92","9.59"
"2024-02-23","56.66","46.41","18.94","31.79","65.7","66.84","9.62","59.72","52.77","29.33","46.55","77.92","79.59","12.43","67.65","62.13","38.92","54.95","81.58","80.41","11.97","64.42","55.58","28.35","40.03","69.28","9.47"
"2024-02-24","55.37","47.73","17.67","29.97","65.46","66.64","9.59","58.7","54.39","28.36","44.99","77.79","79.42","12.38","66.51","63.54","37.62","52.91","81.05","79.82","11.83","63.04","56.7","26.74","37.73","68.64","9.34"
"2024-02-25","54.09","49.07","16.4","28.14","65.21","66.45","9.56","57.66","56.03","27.39","43.41","77.65","79.24","12.34","65.37","64.95","36.29","50.84","80.51","79.23","11.7","61.64","57.82","25.12","35.42","68.01","9.21"
"2024-02-26","52.8","50.43","15.13","26.31","64.98","66.27","9.54","56.62","57.67","26.41","41.82","77.51","79.06","12.29","64.21","66.36","34.94","48.75","79.95","78.63","11.56","60.23","58.94","23.5","33.1","67.38","9.09"
"2024-02-27","51.51","51.8","13.86","24.48","64.75","66.09","9.51","55.58","59.32","25.41","40.21","77.35","78.86","12.24","63.03","67.77","33.58","46.64","79.39","78.02","11.42","58.82","60.08","21.87","30.78","66.75","8.96"
"2024-02-28","50.22","53.19","12.6","22.65","64.52","65.91","9.48","54.53","60.98","24.41","38.59","77.19","78.65","12.19","61.84","69.18","32.2","44.5","78.82","77.4","11.28","57.39","61.22","20.23","28.45","66.12","8.84"
"2024-02-29","48.93","54.59","11.34","20.83","64.3","65.74","9.46","53.47","62.65","23.4","36.95","77.02","78.44","12.13","60.64","70.59","30.8","42.35","78.24","76.78","11.14","55.96","62.37","18.59","26.12","65.5","8.72"
"2024-03-01","47.64","56.01","10.09","19.01","64.09","65.57","9.43","52.41","64.32","22.38","35.3","76.84","78.21","12.08","59.43","71.99","29.39","40.17","77.66","76.15","11.0","54.52","63.53","16.95","23.78","64.88","8.59"
"2024-03-02","46.35","57.44","8.84","17.18","63.88","65.4","9.41","51.35","66.0","21.36","33.63","76.66","77.98","12.02","58.21","73.4","27.96","37.97","77.06","75.51","10.86","53.08","64.69","15.31","21.44","64.27","8.47"
"2024-03-03","45.07","58.89","7.59","15.37","63.67","65.24","9.39","50.28","67.68","20.32","31.95","76.46","77.73","11.95","56.98","74.8","26.51","35.76","76.45","74.86","10.71","51.63","65.86","13.66","19.09","63.66","8.36"
"2024-03-04","43.78","60.35","6.35","13.55","63.47","65.08","9.36","49.21","69.37","19.28","30.25","76.26","77.48","11.89","55.73","76.2","25.05","33.52","75.84","74.2","10.57","50.17","67.04","12.01","16.75","63.06","8.24"
"2024-03-05","42.5","61.82","5.11","11.74","63.28","64.93","9.34","48.14","71.06","18.22","28.54","76.05","77.22","11.82","54.48","77.59","23.58","31.27","75.22","73.54","10.42","48.71","68.22","10.36","14.41","62.46","8.12"
"2024-03-06","41.21","63.31","3.88","9.93","63.09","64.78","9.32","47.06","72.76","17.16","26.82","75.83","76.94","11.76","53.21","78.98","22.09","29.0","74.59","72.88","10.27","47.24","69.41","8.71","12.07","61.87","8.01"
"2024-03-07","39.93","64.81","2.65","8.13","62.91","64.63","9.3","45.98","74.45","16.09","25.08","75.61","76.66","11.69","51.93","80.37","20.59","26.72","73.95","72.21","10.12","45.77","70.61","7.06","9.73","61.28","7.9"
"2024-03-08","38.66","66.32","1.44","6.33","62.73","64.48","9.27","44.89","76.15","15.02","23.33","75.37","76.37","11.61","50.65","81.76","19.07","24.42","73.31","71.53","9.98","44.3","71.81","5.41","7.39","60.71","7.79"
"2024-03-09","37.39","67.84","0.22","4.53","62.56","64.34","9.25","43.8","77.85","13.93","21.57","75.13","76.07","11.54","49.35","83.13","17.55","22.11","72.66","70.85","9.83","42.83","73.01","3.77","5.06","60.13","7.68"
"2024-03-10","36.12","69.37","0","2.74","62.39","64.2","9.23","42.71","79.55","12.84","19.8","74.88","75.76","11.46","48.05","84.51","16.01","19.78","72.0","70.17","9.68","41.35","74.23","2.12","2.73","59.57","7.57"
"2024-03-11","34.85","70.91","0","0.96","62.22","64.07","9.21","41.62","81.26","11.74","18.01","74.62","75.44","11.38","46.74","85.88","14.46","17.44","71.34","69.48","9.53","39.87","75.44","0.48","0.4","59.01","7.47"
"2024-03-12","33.59","72.47","0","0","62.06","63.93","9.19","40.52","82.95","10.63","16.21","74.35","75.11","11.3","45.42","87.24","12.9","15.09","70.68","68.79","9.38","38.39","76.66","0","0","58.46","7.37"
"2024-03-13","32.34","74.03","0","0","61.9","63.8","9.16","39.42","84.65","9.51","14.4","74.07","74.77","11.21","44.09","88.59","11.33","12.73","70.0","68.1","9.23","36.92","77.89","0","0","57.92","7.26"
"2024-03-14","31.09","75.6","0","0","61.75","63.67","9.14","38.32","86.35","8.39","12.57","73.78","74.42","11.13","42.76","89.94","9.75","10.37","69.33","67.4","9.08","35.44","79.12","0","0","57.38","7.16"
"2024-03-15","29.84","77.18","0","0","61.6","63.54","9.12","37.22","88.04","7.26","10.74","73.49","74.07","11.04","41.42","91.29","8.16","7.99","68.65","66.7","8.92","33.96","80.36","0","0","56.86","7.07"
"2024-03-16","29.25","78.03","0","0","61.46","63.41","9.1","36.76","89.0","6.81","9.93","73.18","73.7","10.95","40.72","91.89","7.26","6.64","67.97","66.0","8.77","33.13","80.87","0","0","56.34","6.97"
"2024-03-17","29.3","78.16","0","0","61.31","63.29","9.08","36.94","89.22","7.04","10.14","72.87","73.32","10.86","40.66","91.76","7.03","6.31","67.28","65.3","8.62","32.95","80.65","0","0","55.83","6.88"
"2024-03-18","29.37","78.3","0","0","61.18","63.16","9.06","37.12","89.44","7.27","10.35","72.55","72.94","10.76","40.59","91.61","6.8","5.98","66.59","64.6","8.47","32.77","80.43","0","0","55.33","6.79"
"2024-03-19","29.44","78.44","0","0","61.04","63.04","9.03","37.3","89.65","7.49","10.54","72.22","72.54","10.67","40.52","91.46","6.56","5.64","65.9","63.89","8.32","32.59","80.22","0","0","54.84","6.7"
"2024-03-20","29.51","78.59","0","0","60.91","62.92","9.01","37.48","89.86","7.7","10.72","71.88","72.14","10.57","40.44","91.31","6.31","5.3","65.21","63.19","8.18","32.41","80.02","0","0","54.36","6.61"
"2024-03-21","29.59","78.75","0","0","60.78","62.8","8.99","37.66","90.06","7.9","10.88","71.54","71.73","10.47","40.35","91.15","6.06","4.95","64.51","62.49","8.03","32.24","79.82","0","0","53.89","6.53"
"2024-03-22","29.68","78.92","0","0","60.65","62.67","8.97","37.83","90.26","8.09","11.04","71.18","71.31","10.37","40.26","90.98","5.8","4.59","63.81","61.79","7.88","32.07","79.63","0","0","53.43","6.45"
"2024-03-23","29.77","79.09","0","0","60.53","62.55","8.94","38.0","90.45","8.28","11.19","70.82","70.88","10.26","40.17","90.8","5.53","4.23","63.12","61.09","7.73","31.9","79.44","0","0","52.98","6.37"
"2024-03-24","29.87","79.26","0","0","60.41","62.43","8.92","38.16","90.63","8.45","11.32","70.44","70.44","10.16","40.07","90.62","5.26","3.87","62.42","60.39","7.59","31.74","79.26","0","0","52.54","6.29"
"2024-03-25","29.97","79.45","0","0","60.29","62.31","8.89","38.33","90.81","8.62","11.44","70.06","70.0","10.05","39.96","90.44","4.98","3.5","61.72","59.7","7.44","31.58","79.08","0","0","52.11","6.21"
"2024-03-26","30.08","79.64","0","0","60.17","62.19","8.87","38.49","90.99","8.78","11.55","69.68","69.54","9.94","39.85","90.25","4.7","3.13","61.02","59.0","7.3","31.42","78.91","0","0","51.69","6.14"
"2024-03-27","30.2","79.83","0","0","60.05","62.07","8.84","38.64","91.16","8.93","11.65","69.28","69.08","9.83","39.73","90.05","4.41","2.75","60.33","58.31","7.15","31.26","78.74","0","0","51.28","6.07"
"2024-03-28","30.31","80.03","0","0","59.94","61.95","8.82","38.79","91.32","9.07","11.74","68.87","68.61","9.72","39.61","89.85","4.12","2.37","59.63","57.63","7.01","31.12","78.59","0","0","50.88","6.0"
"2024-03-29","30.44","80.24","0","0","59.83","61.83","8.79","38.94","91.47","9.2","11.81","68.46","68.13","9.6","39.48","89.64","3.83","1.99","58.94","56.94","6.87","30.97","78.44","0","0","50.49","5.93"
"2024-03-30","30.57","80.44","0","0","59.72","61.71","8.76","39.09","91.62","9.32","11.88","68.04","67.65","9.49","39.35","89.42","3.53","1.61","58.25","56.26","6.73","30.83","78.29","0","0","50.12","5.87"
"2024-03-31","30.7","80.66","0","0","59.61","61.59","8.74","39.23","91.76","9.43","11.92","67.61","67.16","9.37","39.22","89.21","3.22","1.22","57.56","55.59","6.59","30.69","78.15","0","0","49.75","5.81"
"2024-04-01","30.84","80.88","0","0","59.5","61.46","8.71","39.36","91.9","9.54","11.96","67.18","66.66","9.25","39.08","88.99","2.91","0.84","56.88","54.92","6.46","30.56","78.02","0","0","49.4","5.75"
"2024-04-02","30.98","81.1","0","0","59.39","61.34","8.68","39.49","92.02","9.63","11.99","66.74","66.15","9.13","38.93","88.76","2.6","0.45","56.2","54.26","6.32","30.43","77.9","0","0","49.05","5.69"
"2024-04-03","31.12","81.33","0","0","59.28","61.21","8.65","39.62","92.14","9.71","12.0","66.29","65.64","9.01","38.79","88.53","2.29","0.07","55.52","53.6","6.19","30.31","77.79","0","0","48.72","5.64"
"2024-04-04","31.27","81.56","0","0.09","59.17","61.08","8.62","39.74","92.26","9.78","12.0","65.83","65.12","8.89","38.63","88.3","1.98","0","54.84","52.95","6.06","30.19","77.68","0","0","48.4","5.59"
"2024-04-05","31.43","81.79","0","0.47","59.06","60.95","8.59","39.85","92.36","9.84","11.99","65.37","64.6","8.77","38.48","88.06","1.66","0","54.18","52.31","5.93","30.08","77.58","0","0","48.09","5.54"
"2024-04-06","31.58","82.03","0","0.86","58.96","60.82","8.55","39.97","92.46","9.9","11.96","64.9","64.07","8.64","38.32","87.82","1.34","0","53.51","51.67","5.8","29.97","77.49","0","0","47.8","5.49"
"2024-04-07","31.74","82.27","0","1.24","58.85","60.68","8.52","40.07","92.55","9.94","11.92","64.42","63.53","8.52","38.16","87.58","1.02","0","52.85","51.04","5.68","29.87","77.4","0","0","47.51","5.44"
"2024-04-08","31.91","82.52","0","1.63","58.74","60.54","8.49","40.17","92.63","9.97","11.87","63.94","62.99","8.39","37.99","87.33","0.7","0","52.2","50.42","5.55","29.77","77.32","0","0","47.23","5.4"
"2024-04-09","32.08","82.76","0","2.01","58.63","60.41","8.45","40.27","92.7","9.99","11.81","63.45","62.45","8.26","37.82","87.08","0.38","0","51.56","49.8","5.43","29.68","77.26","0","0","46.97","5.36"
"2024-04-10","32.25","83.01","0","2.39","58.52","60.26","8.41","40.36","92.77","10.0","11.74","62.96","61.9","8.14","37.65","86.83","0.05","0","50.92","49.2","5.31","29.59","77.2","0","0","46.72","5.32"
"2024-04-11","32.42","83.26","0.07","2.77","58.41","60.12","8.38","40.44","92.83","10.0","11.65","62.46","61.34","8.01","37.47","86.58","0","0","50.28","48.6","5.19","29.51","77.14","0","0","46.48","5.29"
"2024-04-12","32.6","83.52","0.39","3.15","58.3","59.97","8.34","40.52","92.88","9.99","11.55","61.95","60.78","7.88","37.3","86.33","0","0","49.66","48.01","5.08","29.43","77.1","0","0","46.25","5.25"
"2024-04-13","32.77","83.77","0.72","3.52","58.19","59.82","8.3","40.59","92.92","9.97","11.44","61.44","60.22","7.75","37.12","86.07","0","0","49.04","47.43","4.97","29.36","77.06","0","0","46.03","5.22"
"2024-04-14","32.96","84.03","1.04","3.89","58.08","59.67","8.26","40.66","92.95","9.94","11.31","60.93","59.66","7.62","36.93","85.82","0","0","48.43","46.87","4.86","29.3","77.03","0","0","45.83","5.19"
"2024-04-15","33.14","84.28","1.36","4.25","57.96","59.51","8.22","40.72","92.97","9.89","11.18","60.41","59.09","7.49","36.75","85.56","0","0","47.83","46.31","4.75","29.24","77.01","0","0","45.63","5.16"
"2024-04-16","33.32","84.54","1.68","4.61","57.84","59.35","8.18","40.78","92.99","9.84","11.03","59.89","58.52","7.36","36.56","85.3","0","0","47.24","45.76","4.65","29.19","77.0","0","0","45.45","5.14"
"2024-04-17","33.51","84.8","1.99","4.96","57.73","59.19","8.13","40.83","93.0","9.78","10.88","59.36","57.94","7.23","36.38","85.04","0","0","46.66","45.22","4.54","29.15","77.0","0","0","45.27","5.12"
"2024-04-18","33.7","85.06","2.31","5.31","57.61","59.02","8.09","40.87","93.0","9.71","10.71","58.83","57.37","7.1","36.19","84.79","0","0","46.09","44.7","4.44","29.11","77.01","0","0","45.11","5.09"
"2024-04-19","33.89","85.32","2.62","5.66","57.48","58.85","8.04","40.91","92.99","9.62","10.53","58.3","56.79","6.97","36.0","84.53","0","0","45.52","44.19","4.35","29.07","77.02","0","0","44.96","5.08"
"2024-04-20","34.08","85.57","2.93","6.0","57.36","58.68","8.0","40.94","92.97","9.53","10.33","57.76","56.21","6.84","35.8","84.27","0","0","44.97","43.68","4.25","29.05","77.04","0","0","44.82","5.06"
"2024-04-21","34.27","85.83","3.24","6.33","57.23","58.5","7.95","40.96","92.95","9.43","10.13","57.22","55.63","6.71","35.61","84.01","0","0","44.43","43.19","4.16","29.03","77.07","0","0","44.69","5.04"
"2024-04-22","34.46","86.09","3.54","6.65","57.1","58.32","7.9","40.98","92.91","9.32","9.92","56.68","55.05","6.57","35.42","83.76","0","0","43.9","42.71","4.07","29.01","77.11","0","0","44.57","5.03"
"2024-04-23","34.66","86.34","3.84","6.97","56.97","58.14","7.85","40.99","92.87","9.19","9.7","56.13","54.46","6.44","35.23","83.5","0","0","43.38","42.25","3.99","29.0","77.16","0","0","44.47","5.02"
"2024-04-24","34.85","86.59","4.14","7.28","56.84","57.95","7.8","41.0","92.82","9.06","9.46","55.59","53.88","6.31","35.03","83.25","0","0","42.87","41.79","3.9","29.0","77.21","0","0","44.37","5.01"
"2024-04-25","35.04","86.85","4.43","7.59","56.7","57.75","7.75","41.0","92.77","8.92","9.22","55.04","53.3","6.19","34.84","83.0","0","0","42.38","41.35","3.83","29.0","77.27","0","0","44.28","5.0"
"2024-04-26","35.24","87.1","4.72","7.88","56.56","57.56","7.69","40.99","92.7","8.77","8.97","54.49","52.72","6.06","34.65","82.75","0","0","41.89","40.93","3.75","29.01","77.34","0","0","44.2","5.0"
"2024-04-27","35.43","87.34","5.0","8.17","56.42","57.36","7.64","40.98","92.63","8.61","8.71","53.94","52.14","5.93","34.45","82.51","0","0","41.42","40.51","3.68","29.03","77.42","0","0","44.14","4.99"
"2024-04-28","35.62","87.59","5.27","8.45","56.27","57.15","7.58","40.96","92.54","8.44","8.44","53.39","51.56","5.8","34.26","82.26","0","0","40.96","40.11","3.6","29.05","77.51","0","0","44.08","4.99"
"2024-04-29","35.81","87.83","5.55","8.72","56.12","56.94","7.53","40.94","92.45","8.27","8.16","52.85","50.98","5.67","34.07","82.02","0","0","40.51","39.73","3.54","29.08","77.61","0","0","44.03","4.99"
"2024-04-30","36.01","88.07","5.81","8.98","55.97","56.73","7.47","40.9","92.36","8.08","7.87","52.3","50.41","5.55","33.88","81.78","0","0","40.08","39.35","3.47","29.12","77.71","0","0","43.99","4.99"
"2024-05-01","36.2","88.31","6.07","9.23","55.81","56.52","7.41","40.87","92.25","7.89","7.57","51.75","49.84","5.42","33.69","81.55","0","0","39.66","39.0","3.41","29.16","77.82","0","0","43.96","4.99"
"2024-05-02","36.39","88.54","6.32","9.48","55.65","56.3","7.35","40.82","92.14","7.68","7.27","51.2","49.27","5.3","33.5","81.32","0","0","39.25","38.65","3.35","29.21","77.93","0","0","43.94","5.0"
"2024-05-03","36.57","88.77","6.57","9.71","55.49","56.07","7.29","40.77","92.02","7.47","6.96","50.65","48.7","5.18","33.31","81.09","0","0","38.86","38.32","3.3","29.26","78.06","0","0","43.93","5.0"
"2024-05-04","36.76","89.0","6.81","9.93","55.33","55.84","7.23","40.72","91.89","7.26","6.64","50.11","48.14","5.05","33.13","80.87","0","0","38.48","38.01","3.25","29.32","78.19","0","0","43.93","5.01"
"2024-05-05","36.94","89.22","7.04","10.14","55.16","55.61","7.17","40.66","91.76","7.03","6.31","49.57","47.58","4.93","32.95","80.65","0","0","38.12","37.71","3.2","29.38","78.33","0","0","43.94","5.02"
"2024-05-06","37.12","89.44","7.27","10.35","54.99","55.37","7.1","40.59","91.61","6.8","5.98","49.03","47.03","4.82","32.77","80.43","0","0","37.77","37.42","3.15","29.45","78.48","0","0","43.95","5.03"
"2024-05-07","37.3","89.65","7.49","10.54","54.81","55.13","7.04","40.52","91.46","6.56","5.64","48.49","46.48","4.7","32.59","80.22","0","0","37.43","37.15","3.11","29.53","78.63","0","0","43.97","5.04"
"2024-05-08","37.48","89.86","7.7","10.72","54.63","54.89","6.97","40.44","91.31","6.31","5.3","47.95","45.94","4.58","32.41","80.02","0","0","37.11","36.89","3.07","29.61","78.79","0","0","44.0","5.05"
"2024-05-09","37.66","90.06","7.9","10.88","54.45","54.64","6.91","40.35","91.15","6.06","4.95","47.42","45.4","4.47","32.24","79.82","0","0","36.8","36.65","3.04","29.7","78.95","0","0","44.04","5.06"
"2024-05-10","37.83","90.26","8.09","11.04","54.26","54.39","6.84","40.26","90.98","5.8","4.59","46.9","44.87","4.36","32.07","79.63","0","0","36.51","36.42","3.0","29.79","79.13","0","0","44.08","5.07"
"2024-05-11","38.0","90.45","8.28","11.19","54.07","54.14","6.77","40.17","90.8","5.53","4.23","46.37","44.35","4.24","31.9","79.44","0","0","36.24","36.21","2.97","29.89","79.3","0","0","44.14","5.09"
"2024-05-12","38.16","90.63","8.45","11.32","53.88","53.88","6.71","40.07","90.62","5.26","3.87","45.86","43.83","4.14","31.74","79.26","0","0","35.98","36.02","2.95","30.0","79.49","0","0","44.2","5.11"
"2024-05-13","38.33","90.81","8.62","11.44","53.69","53.62","6.64","39.96","90.44","4.98","3.5","45.34","43.32","4.03","31.58","79.08","0","0","35.73","35.84","2.93","30.11","79.68","0","0","44.26","5.12"
"2024-05-14","38.49","90.99","8.78","11.55","53.49","53.35","6.57","39.85","90.25","4.7","3.13","44.84","42.81","3.92","31.42","78.91","0","0","35.5","35.67","2.91","30.22","79.87","0","0","44.33","5.14"
"2024-05-15","38.64","91.16","8.93","11.65","53.28","53.09","6.5","39.73","90.05","4.41","2.75","44.33","42.32","3.82","31.26","78.74","0","0","35.28","35.52","2.89","30.34","80.08","0","0","44.41","5.16"
"2024-05-16","38.79","91.32","9.07","11.74","53.08","52.82","6.43","39.61","89.85","4.12","2.37","43.84","41.83","3.72","31.12","78.59","0","0","35.09","35.39","2.88","30.47","80.28","0","0","44.5","5.18"
"2024-05-17","38.94","91.47","9.2","11.81","52.87","52.54","6.35","39.48","89.64","3.83","1.99","43.35","41.35","3.62","30.97","78.44","0","0","34.9","35.27","2.86","30.6","80.49","0","0","44.59","5.2"
"2024-05-18","39.09","91.62","9.32","11.88","52.66","52.26","6.28","39.35","89.42","3.53","1.61","42.87","40.88","3.53","30.83","78.29","0","0","34.73","35.16","2.86","30.73","80.71","0","0","44.68","5.22"
"2024-05-19","39.23","91.76","9.43","11.92","52.44","51.99","6.21","39.22","89.21","3.22","1.22","42.39","40.42","3.43","30.69","78.15","0","0","34.58","35.07","2.85","30.87","80.93","0","0","44.79","5.24"
"2024-05-20","39.36","91.9","9.54","11.96","52.22","51.7","6.14","39.08","88.99","2.91","0.84","41.92","39.97","3.34","30.56","78.02","0","0","34.44","35.0","2.85","31.01","81.15","0","0","44.89","5.26"
"2024-05-21","39.49","92.02","9.63","11.99","52.0","51.42","6.06","38.93","88.76","2.6","0.45","41.46","39.53","3.25","30.43","77.9","0","0","34.32","34.94","2.85","31.16","81.38","0","0","45.0","5.29"
"2024-05-22","39.62","92.14","9.71","12.0","51.78","51.13","5.99","38.79","88.53","2.29","0.07","41.01","39.09","3.17","30.31","77.79","0","0","34.22","34.9","2.86","31.31","81.61","0","0.17","45.12","5.31"
"2024-05-23","39.74","92.26","9.78","12.0","51.55","50.85","5.92","38.63","88.3","1.98","0","40.57","38.67","3.08","30.19","77.68","0","0","34.13","34.87","2.87","31.46","81.85","0","0.56","45.24","5.33"
"2024-05-24","39.85","92.36","9.84","11.99","51.32","50.56","5.84","38.48","88.06","1.66","0","40.13","38.26","3.0","30.08","77.58","0","0","34.05","34.85","2.88","31.62","82.09","0","0.94","45.36","5.36"
"2024-05-25","39.97","92.46","9.9","11.96","51.09","50.27","5.77","38.32","87.82","1.34","0","39.71","37.86","2.93","29.97","77.49","0","0","33.99","34.86","2.89","31.78","82.33","0","1.33","45.49","5.38"
"2024-05-26","40.07","92.55","9.94","11.92","50.86","49.97","5.69","38.16","87.58","1.02","0","39.29","37.48","2.85","29.87","77.4","0","0","33.95","34.87","2.91","31.95","82.57","0","1.71","45.62","5.41"
"2024-05-27","40.17","92.63","9.97","11.87","50.62","49.68","5.62","37.99","87.33","0.7","0","38.89","37.1","2.78","29.77","77.32","0","0","33.92","34.9","2.93","32.11","82.82","0","2.1","45.76","5.43"
"2024-05-28","40.27","92.7","9.99","11.81","50.39","49.38","5.54","37.82","87.08","0.38","0","38.49","36.74","2.71","29.68","77.26","0","0","33.91","34.94","2.95","32.28","83.07","0","2.48","45.89","5.46"
"2024-05-29","40.36","92.77","10.0","11.74","50.15","49.09","5.47","37.65","86.83","0.05","0","38.11","36.39","2.64","29.59","77.2","0","0","33.91","35.0","2.98","32.46","83.32","0.14","2.85","46.03","5.48"
"2024-05-30","40.44","92.83","10.0","11.65","49.91","48.79","5.39","37.47","86.58","0","0","37.73","36.05","2.58","29.51","77.14","0","0","33.93","35.08","3.0","32.64","83.57","0.47","3.23","46.18","5.51"
"2024-05-31","40.52","92.88","9.99","11.55","49.66","48.5","5.32","37.3","86.33","0","0","37.37","35.72","2.52","29.43","77.1","0","0","33.96","35.16","3.03","32.81","83.83","0.79","3.6","46.32","5.53"
"2024-06-01","40.59","92.92","9.97","11.44","49.42","48.2","5.25","37.12","86.07","0","0","37.02","35.41","2.46","29.36","77.06","0","0","34.01","35.26","3.07","33.0","84.08","1.11","3.97","46.47","5.56"
"2024-06-02","40.66","92.95","9.94","11.31","49.18","47.9","5.17","36.93","85.82","0","0","36.68","35.11","2.41","29.3","77.03","0","0","34.07","35.38","3.1","33.18","84.34","1.43","4.33","46.62","5.58"
"2024-06-03","40.72","92.97","9.89","11.18","48.93","47.61","5.1","36.75","85.56","0","0","36.35","34.83","2.36","29.24","77.01","0","0","34.15","35.5","3.14","33.36","84.6","1.75","4.69","46.77","5.61"
"2024-06-04","40.78","92.99","9.84","11.03","48.68","47.31","5.03","36.56","85.3","0","0","36.04","34.56","2.31","29.19","77.0","0","0","34.24","35.64","3.18","33.55","84.86","2.06","5.04","46.92","5.63"
"2024-06-05","40.83","93.0","9.78","10.88","48.44","47.02","4.95","36.38","85.04","0","0","35.73","34.3","2.27","29.15","77.0","0","0","34.35","35.8","3.22","33.74","85.11","2.38","5.39","47.08","5.66"
"2024-06-06","40.87","93.0","9.71","10.71","48.19","46.72","4.88","36.19","84.79","0","0","35.44","34.06","2.23","29.11","77.01","0","0","34.47","35.96","3.27","33.93","85.37","2.69","5.73","47.23","5.68"
"2024-06-07","40.91","92.99","9.62","10.53","47.94","46.43","4.81","36.0","84.53","0","0","35.17","33.83","2.19","29.07","77.02","0","0","34.61","36.14","3.32","34.12","85.63","3.0","6.07","47.39","5.71"
"2024-06-08","40.94","92.97","9.53","10.33","47.69","46.14","4.74","35.8","84.27","0","0","34.9","33.62","2.16","29.05","77.04","0","0","34.75","36.33","3.37","34.31","85.89","3.31","6.4","47.55","5.73"
"2024-06-09","40.96","92.95","9.43","10.13","47.44","45.85","4.67","35.61","84.01","0","0","34.65","33.42","2.12","29.03","77.07","0","0","34.92","36.54","3.42","34.51","86.14","3.61","6.73","47.7","5.76"
"2024-06-10","40.98","92.91","9.32","9.92","47.2","45.56","4.6","35.42","83.76","0","0","34.42","33.23","2.1","29.01","77.11","0","0","35.09","36.75","3.47","34.7","86.4","3.91","7.04","47.86","5.78"
"2024-06-11","40.99","92.87","9.19","9.7","46.95","45.28","4.53","35.23","83.5","0","0","34.2","33.06","2.07","29.0","77.16","0","0","35.28","36.98","3.53","34.89","86.65","4.2","7.35","48.02","5.8"
"2024-06-12","41.0","92.82","9.06","9.46","46.71","45.0","4.46","35.03","83.25","0","0","33.99","32.91","2.05","29.0","77.21","0","0","35.49","37.22","3.59","35.09","86.9","4.49","7.65","48.17","5.83"
"2024-06-13","41.0","92.77","8.92","9.22","46.46","44.72","4.4","34.84","83.0","0","0","33.8","32.77","2.04","29.0","77.27","0","0","35.7","37.46","3.65","35.28","87.15","4.78","7.95","48.33","5.85"
"2024-06-14","40.99","92.7","8.77","8.97","46.22","44.44","4.33","34.65","82.75","0","0","33.62","32.65","2.02","29.01","77.34","0","0","35.93","37.72","3.71","35.47","87.4","5.06","8.23","48.49","5.87"
"2024-06-15","40.98","92.63","8.61","8.71","45.98","44.17","4.27","34.45","82.51","0","0","33.45","32.55","2.02","29.03","77.42","0","0","36.17","37.99","3.77","35.66","87.64","5.33","8.51","48.64","5.89"
"2024-06-16","40.96","92.54","8.44","8.44","45.74","43.9","4.21","34.26","82.26","0","0","33.3","32.46","2.01","29.05","77.51","0","0","36.42","38.27","3.84","35.86","87.89","5.6","8.78","48.8","5.91"
"2024-06-17","40.94","92.45","8.27","8.16","45.5","43.64","4.14","34.07","82.02","0","0","33.17","32.38","2.01","29.08","77.61","0","0","36.69","38.57","3.9","36.05","88.13","5.87","9.04","48.95","5.93"
"2024-06-18","40.9","92.36","8.08","7.87","45.27","43.38","4.08","33.88","81.78","0","0","33.05","32.33","2.01","29.12","77.71","0","0","36.96","38.87","3.97","36.24","88.36","6.13","9.29","49.1","5.95"
"2024-06-19","40.87","92.25","7.89","7.57","45.04","43.13","4.02","33.69","81.55","0","0","32.95","32.28","2.01","29.16","77.82","0","0","37.25","39.17","4.04","36.43","88.59","6.38","9.53","49.25","5.97"
"2024-06-20","40.82","92.14","7.68","7.27","44.81","42.88","3.97","33.5","81.32","0","0","32.86","32.26","2.02","29.21","77.93","0","0","37.55","39.49","4.11","36.61","88.82","6.62","9.76","49.4","5.99"
"2024-06-21","40.77","92.02","7.47","6.96","44.58","42.63","3.91","33.31","81.09","0","0","32.79","32.25","2.03","29.26","78.06","0","0","37.86","39.82","4.19","36.8","89.05","6.86","9.98","49.55","6.01"
"2024-06-22","40.72","91.89","7.26","6.64","44.36","42.39","3.86","33.13","80.87","0","0","32.73","32.26","2.05","29.32","78.19","0","0","38.18","40.16","4.26","36.98","89.27","7.09","10.19","49.7","6.03"
"2024-06-23","40.66","91.76","7.03","6.31","44.14","42.16","3.8","32.95","80.65","0","0","32.69","32.28","2.07","29.38","78.33","0","0","38.51","40.5","4.34","37.16","89.48","7.32","10.39","49.84","6.05"
"2024-06-24","40.59","91.61","6.8","5.98","43.93","41.93","3.75","32.77","80.43","0","0","32.67","32.32","2.09","29.45","78.48","0","0","38.85","40.85","4.41","37.34","89.69","7.53","10.58","49.99","6.06"
"2024-06-25","40.52","91.46","6.56","5.64","43.72","41.71","3.7","32.59","80.22","0","0","32.66","32.38","2.12","29.53","78.63","0","0","39.2","41.21","4.49","37.52","89.9","7.74","10.75","50.13","6.08"
"2024-06-26","40.44","91.31","6.31","5.3","43.51","41.5","3.66","32.41","80.02","0","0","32.67","32.45","2.15","29.61","78.79","0","0","39.56","41.58","4.57","37.7","90.1","7.94","10.92","50.27","6.09"
"2024-06-27","40.35","91.15","6.06","4.95","43.31","41.29","3.61","32.24","79.82","0","0","32.69","32.54","2.18","29.7","78.95","0","0","39.93","41.95","4.65","37.87","90.3","8.13","11.07","50.4","6.11"
"2024-06-28","40.26","90.98","5.8","4.59","43.12","41.09","3.57","32.07","79.63","0","0","32.73","32.64","2.22","29.79","79.13","0","0","40.3","42.33","4.73","38.04","90.49","8.32","11.22","50.54","6.12"
"2024-06-29","40.17","90.8","5.53","4.23","42.92","40.9","3.53","31.9","79.44","0","0","32.79","32.76","2.26","29.89","79.3","0","0","40.69","42.72","4.81","38.2","90.67","8.49","11.35","50.67","6.14"
"2024-06-30","40.07","90.62","5.26","3.87","42.74","40.71","3.49","31.74","79.26","0","0","32.86","32.9","2.3","30.0","79.49","0","0","41.08","43.11","4.89","38.36","90.85","8.66","11.47","50.8","6.15"
"2024-07-01","39.96","90.44","4.98","3.5","42.56","40.54","3.45","31.58","79.08","0","0","32.95","33.06","2.35","30.11","79.68","0","0","41.48","43.5","4.98","38.52","91.03","8.81","11.58","50.93","6.16"
"2024-07-02","39.85","90.25","4.7","3.13","42.39","40.37","3.41","31.42","78.91","0","0","33.05","33.23","2.4","30.22","79.87","0","0","41.89","43.91","5.06","38.68","91.19","8.96","11.67","51.05","6.17"
"2024-07-03","39.73","90.05","4.41","2.75","42.22","40.21","3.38","31.26","78.74","0","0","33.17","33.41","2.45","30.34","80.08","0","0","42.3","44.31","5.14","38.83","91.35","9.1","11.76","51.17","6.18"
"2024-07-04","39.61","89.85","4.12","2.37","42.06","40.06","3.35","31.12","78.59","0","0","33.31","33.61","2.51","30.47","80.28","0","0","42.72","44.73","5.23","38.97","91.51","9.23","11.83","51.29","6.19"
"2024-07-05","39.48","89.64","3.83","1.99","41.91","39.91","3.32","30.97","78.44","0","0","33.46","33.83","2.57","30.6","80.49","0","0","43.15","45.14","5.31","39.12","91.65","9.35","11.89","51.41","6.2"
"2024-07-06","39.35","89.42","3.53","1.61","41.77","39.78","3.3","30.83","78.29","0","0","33.63","34.06","2.63","30.73","80.71","0","0","43.59","45.56","5.4","39.26","91.79","9.46","11.93","51.52","6.21"
"2024-07-07","39.22","89.21","3.22","1.22","41.63","39.66","3.27","30.69","78.15","0","0","33.82","34.31","2.69","30.87","80.93","0","0","44.02","45.99","5.48","39.39","91.93","9.56","11.97","51.63","6.22"
"2024-07-08","39.08","88.99","2.91","0.84","41.5","39.54","3.25","30.56","78.02","0","0","34.02","34.58","2.76","31.01","81.15","0","0","44.47","46.41","5.57","39.52","92.05","9.65","11.99","51.74","6.23"
"2024-07-09","38.93","88.76","2.6","0.45","41.38","39.44","3.24","30.43","77.9","0","0","34.24","34.86","2.84","31.16","81.38","0","0","44.92","46.84","5.65","39.64","92.17","9.73","12.0","51.85","6.24"
"2024-07-10","38.79","88.53","2.29","0.07","41.26","39.35","3.22","30.31","77.79","0","0","34.47","35.15","2.91","31.31","81.61","0","0.17","45.37","47.27","5.74","39.76","92.28","9.8","12.0","51.95","6.24"
"2024-07-11","38.63","88.3","1.98","0","41.16","39.27","3.21","30.19","77.68","0","0","34.72","35.46","2.99","31.46","81.85","0","0.56","45.83","47.71","5.83","39.88","92.38","9.86","11.98","52.05","6.25"
"2024-07-12","38.48","88.06","1.66","0","41.06","39.19","3.2","30.08","77.58","0","0","34.98","35.78","3.07","31.62","82.09","0","0.94","46.29","48.15","5.91","39.99","92.48","9.91","11.95","52.15","6.26"
"2024-07-13","38.32","87.82","1.34","0","40.98","39.13","3.19","29.97","77.49","0","0","35.26","36.12","3.16","31.78","82.33","0","1.33","46.76","48.58","6.0","40.09","92.57","9.95","11.91","52.25","6.26"
"2024-07-14","38.16","87.58","1.02","0","40.9","39.08","3.18","29.87","77.4","0","0","35.55","36.48","3.24","31.95","82.57","0","1.71","47.23","49.02","6.08","40.19","92.65","9.97","11.86","52.34","6.27"
"2024-07-15","37.99","87.33","0.7","0","40.83","39.04","3.18","29.77","77.32","0","0","35.86","36.84","3.33","32.11","82.82","0","2.1","47.7","49.46","6.17","40.29","92.72","9.99","11.79","52.43","6.27"
"2024-07-16","37.82","87.08","0.38","0","40.77","39.02","3.18","29.68","77.26","0","0","36.19","37.22","3.42","32.28","83.07","0","2.48","48.17","49.9","6.25","40.38","92.78","10.0","11.72","52.52","6.27"
"2024-07-17","37.65","86.83","0.05","0","40.72","39.0","3.19","29.59","77.2","0","0","36.52","37.62","3.52","32.46","83.32","0.14","2.85","48.65","50.34","6.34","40.46","92.84","10.0","11.63","52.6","6.28"
"2024-07-18","37.47","86.58","0","0","40.68","39.0","3.19","29.51","77.14","0","0","36.88","38.02","3.62","32.64","83.57","0.47","3.23","49.13","50.79","6.42","40.54","92.89","9.98","11.53","52.69","6.28"
"2024-07-19","37.3","86.33","0","0","40.65","39.01","3.2","29.43","77.1","0","0","37.24","38.44","3.72","32.81","83.83","0.79","3.6","49.6","51.23","6.51","40.61","92.92","9.96","11.41","52.77","6.29"
"2024-07-20","37.12","86.07","0","0","40.63","39.03","3.22","29.36","77.06","0","0","37.63","38.88","3.82","33.0","84.08","1.11","3.97","50.09","51.67","6.59","40.67","92.96","9.93","11.29","52.85","6.29"
"2024-07-21","36.93","85.82","0","0","40.63","39.06","3.23","29.3","77.03","0","0","38.02","39.32","3.92","33.18","84.34","1.43","4.33","50.57","52.11","6.67","40.73","92.98","9.88","11.15","52.93","6.29"
"2024-07-22","36.75","85.56","0","0","40.63","39.11","3.25","29.24","77.01","0","0","38.43","39.78","4.03","33.36","84.6","1.75","4.69","51.05","52.55","6.76","40.79","92.99","9.83","11.0","53.0","6.29"
"2024-07-23","36.56","85.3","0","0","40.64","39.16","3.27","29.19","77.0","0","0","38.85","40.25","4.14","33.55","84.86","2.06","5.04","51.53","52.98","6.84","40.84","93.0","9.76","10.84","53.08","6.3"
"2024-07-24","36.38","85.04","0","0","40.67","39.24","3.3","29.15","77.0","0","0","39.29","40.73","4.25","33.74","85.11","2.38","5.39","52.01","53.42","6.92","40.88","93.0","9.69","10.67","53.15","6.3"
"2024-07-25","36.19","84.79","0","0","40.71","39.32","3.32","29.11","77.01","0","0","39.73","41.23","4.36","33.93","85.37","2.69","5.73","52.5","53.85","7.0","40.91","92.99","9.6","10.48","53.22","6.3"
"2024-07-26","36.0","84.53","0","0","40.76","39.42","3.35","29.07","77.02","0","0","40.19","41.73","4.48","34.12","85.63","3.0","6.07","52.98","54.29","7.08","40.94","92.97","9.51","10.29","53.29","6.3"
"2024-07-27","35.8","84.27","0","0","40.82","39.53","3.39","29.05","77.04","0","0","40.67","42.24","4.6","34.31","85.89","3.31","6.4","53.46","54.71","7.16","40.97","92.94","9.4","10.09","53.35","6.3"
"2024-07-28","35.61","84.01","0","0","40.89","39.65","3.42","29.03","77.07","0","0","41.15","42.77","4.72","34.51","86.14","3.61","6.73","53.93","55.14","7.23","40.98","92.91","9.29","9.87","53.42","6.31"
"2024-07-29","35.42","83.76","0","0","40.97","39.79","3.46","29.01","77.11","0","0","41.65","43.3","4.84","34.7","86.4","3.91","7.04","54.41","55.57","7.31","41.0","92.86","9.17","9.65","53.49","6.31"
"2024-07-30","35.23","83.5","0","0","41.07","39.93","3.51","29.0","77.16","0","0","42.15","43.85","4.96","34.89","86.65","4.2","7.35","54.89","55.99","7.39","41.0","92.81","9.03","9.41","53.55","6.31"
"2024-07-31","35.03","83.25","0","0","41.18","40.1","3.55","29.0","77.21","0","0","42.67","44.4","5.08","35.09","86.9","4.49","7.65","55.36","56.4","7.46","41.0","92.75","8.89","9.17","53.61","6.31"
"2024-08-01","34.84","83.0","0","0","41.3","40.27","3.6","29.0","77.27","0","0","43.2","44.96","5.21","35.28","87.15","4.78","7.95","55.83","56.82","7.54","40.99","92.68","8.74","8.91","53.68","6.32"
"2024-08-02","34.65","82.75","0","0","41.43","40.46","3.65","29.01","77.34","0","0","43.74","45.54","5.33","35.47","87.4","5.06","8.23","56.3","57.23","7.61","40.98","92.61","8.58","8.65","53.74","6.32"
"2024-08-03","34.45","82.51","0","0","41.57","40.67","3.71","29.03","77.42","0","0","44.29","46.11","5.46","35.66","87.64","5.33","8.51","56.76","57.63","7.68","40.96","92.52","8.41","8.37","53.8","6.32"
"2024-08-04","34.26","82.26","0","0","41.73","40.88","3.77","29.05","77.51","0","0","44.85","46.7","5.59","35.86","87.89","5.6","8.78","57.22","58.04","7.75","40.93","92.43","8.23","8.09","53.86","6.33"
"2024-08-05","34.07","82.02","0","0","41.9","41.11","3.83","29.08","77.61","0","0","45.42","47.3","5.72","36.05","88.13","5.87","9.04","57.68","58.43","7.82","40.9","92.33","8.04","7.8","53.92","6.33"
"2024-08-06","33.88","81.78","0","0","42.09","41.36","3.89","29.12","77.71","0","0","46.0","47.9","5.85","36.24","88.36","6.13","9.29","58.14","58.83","7.89","40.86","92.23","7.84","7.51","53.98","6.33"
"2024-08-07","33.69","81.55","0","0","42.28","41.62","3.96","29.16","77.82","0","0","46.58","48.51","5.99","36.43","88.59","6.38","9.53","58.59","59.21","7.96","40.81","92.11","7.64","7.2","54.05","6.34"
"2024-08-08","33.5","81.32","0","0","42.49","41.89","4.03","29.21","77.93","0","0","47.18","49.12","6.12","36.61","88.82","6.62","9.76","59.03","59.6","8.02","40.76","91.99","7.43","6.89","54.11","6.34"
"2024-08-09","33.31","81.09","0","0","42.71","42.17","4.1","29.26","78.06","0","0","47.78","49.74","6.25","36.8","89.05","6.86","9.98","59.47","59.98","8.09","40.71","91.86","7.21","6.57","54.17","6.35"
"2024-08-10","33.13","80.87","0","0","42.95","42.47","4.18","29.32","78.19","0","0","48.39","50.37","6.39","36.98","89.27","7.09","10.19","59.91","60.35","8.15","40.64","91.72","6.98","6.24","54.24","6.36"
"2024-08-11","32.95","80.65","0","0","43.19","42.78","4.26","29.38","78.33","0","0","49.01","51.0","6.52","37.16","89.48","7.32","10.39","60.34","60.72","8.21","40.57","91.58","6.74","5.9","54.3","6.36"
"2024-08-12","32.77","80.43","0","0","43.45","43.1","4.34","29.45","78.48","0","0","49.63","51.64","6.66","37.34","89.69","7.53","10.58","60.77","61.08","8.28","40.5","91.43","6.5","5.56","54.37","6.37"
"2024-08-13","32.59","80.22","0","0","43.73","43.44","4.42","29.53","78.63","0","0","50.27","52.28","6.8","37.52","89.9","7.74","10.75","61.19","61.44","8.34","40.42","91.27","6.25","5.22","54.44","6.38"
"2024-08-14","32.41","80.02","0","0","44.01","43.79","4.51","29.61","78.79","0","0","50.9","52.92","6.93","37.7","90.1","7.94","10.92","61.61","61.79","8.39","40.33","91.11","6.0","4.87","54.51","6.39"
"2024-08-15","32.24","79.82","0","0","44.31","44.16","4.6","29.7","78.95","0","0","51.54","53.57","7.07","37.87","90.3","8.13","11.07","62.02","62.14","8.45","40.24","90.94","5.74","4.51","54.58","6.4"
"2024-08-16","32.07","79.63","0","0","44.62","44.53","4.69","29.79","79.13","0","0","52.19","54.22","7.21","38.04","90.49","8.32","11.22","62.43","62.48","8.51","40.15","90.77","5.47","4.15","54.65","6.41"
"2024-08-17","31.9","79.44","0","0","44.94","44.92","4.79","29.89","79.3","0","0","52.84","54.87","7.34","38.2","90.67","8.49","11.35","62.83","62.81","8.56","40.04","90.58","5.2","3.78","54.73","6.42"
"2024-08-18","31.74","79.26","0","0","45.28","45.32","4.89","30.0","79.49","0","0","53.5","55.53","7.48","38.36","90.85","8.66","11.47","63.22","63.14","8.62","39.94","90.4","4.92","3.42","54.81","6.43"
"2024-08-19","31.58","79.08","0","0","45.63","45.74","4.99","30.11","79.68","0","0","54.16","56.19","7.62","38.52","91.03","8.81","11.58","63.61","63.46","8.67","39.82","90.2","4.64","3.04","54.89","6.45"
"2024-08-20","31.42","78.91","0","0","45.99","46.16","5.09","30.22","79.87","0","0","54.83","56.84","7.75","38.68","91.19","8.96","11.67","63.99","63.77","8.72","39.71","90.0","4.35","2.67","54.97","6.46"
"2024-08-21","31.26","78.74","0","0","46.36","46.6","5.2","30.34","80.08","0","0","55.49","57.5","7.89","38.83","91.35","9.1","11.76","64.36","64.08","8.77","39.58","89.8","4.06","2.29","55.06","6.48"
"2024-08-22","31.12","78.59","0","0","46.75","47.05","5.31","30.47","80.28","0","0","56.16","58.16","8.03","38.97","91.51","9.23","11.83","64.73","64.39","8.82","39.46","89.59","3.76","1.91","55.15","6.5"
"2024-08-23","30.97","78.44","0","0","47.15","47.51","5.42","30.6","80.49","0","0","56.83","58.83","8.16","39.12","91.65","9.35","11.89","65.09","64.69","8.87","39.32","89.38","3.46","1.52","55.24","6.51"
"2024-08-24","30.83","78.29","0","0","47.56","47.99","5.53","30.73","80.71","0","0","57.51","59.49","8.3","39.26","91.79","9.46","11.93","65.45","64.98","8.91","39.19","89.16","3.15","1.14","55.34","6.53"
"2024-08-25","30.69","78.15","0","0","47.98","48.47","5.65","30.87","80.93","0","0","58.18","60.15","8.43","39.39","91.93","9.56","11.97","65.79","65.26","8.96","39.05","88.94","2.85","0.75","55.44","6.55"
"2024-08-26","30.56","78.02","0","0","48.41","48.97","5.76","31.01","81.15","0","0","58.86","60.81","8.57","39.52","92.05","9.65","11.99","66.14","65.54","9.0","38.9","88.71","2.54","0.37","55.54","6.58"
"2024-08-27","30.43","77.9","0","0","48.86","49.48","5.88","31.16","81.38","0","0","59.54","61.46","8.7","39.64","92.17","9.73","12.0","66.47","65.81","9.04","38.75","88.48","2.22","0","55.65","6.6"
"2024-08-28","30.31","77.79","0","0","49.31","50.0","6.0","31.31","81.61","0","0.17","60.22","62.12","8.83","39.76","92.28","9.8","12.0","66.8","66.08","9.09","38.6","88.24","1.91","0","55.76","6.62"
"2024-08-29","30.19","77.68","0","0","49.78","50.52","6.13","31.46","81.85","0","0.56","60.89","62.77","8.96","39.88","92.38","9.86","11.98","67.12","66.34","9.13","38.44","88.01","1.59","0","55.88","6.65"
"2024-08-30","30.08","77.58","0","0","50.26","51.06","6.25","31.62","82.09","0","0.94","61.57","63.42","9.1","39.99","92.48","9.91","11.95","67.43","66.59","9.16","38.28","87.77","1.27","0","56.0","6.68"
"2024-08-31","29.97","77.49","0","0","50.75","51.61","6.38","31.78","82.33","0","1.33","62.25","64.07","9.23","40.09","92.57","9.95","11.91","67.74","66.84","9.2","38.12","87.52","0.95","0","56.13","6.71"
"2024-09-01","29.87","77.4","0","0","51.25","52.17","6.51","31.95","82.57","0","1.71","62.92","64.72","9.35","40.19","92.65","9.97","11.86","68.04","67.08","9.24","37.95","87.28","0.63","0","56.26","6.74"
"2024-09-02","29.77","77.32","0","0","51.76","52.74","6.64","32.11","82.82","0","2.1","63.59","65.36","9.48","40.29","92.72","9.99","11.79","68.33","67.31","9.28","37.78","87.03","0.31","0","56.4","6.77"
"2024-09-03","29.68","77.26","0","0","52.28","53.32","6.78","32.28","83.07","0","2.48","64.26","66.0","9.61","40.38","92.78","10.0","11.72","68.61","67.54","9.31","37.61","86.78","0","0","56.54","6.8"
"2024-09-04","29.59","77.2","0","0","52.81","53.9","6.91","32.46","83.32","0.14","2.85","64.93","66.63","9.73","40.46","92.84","10.0","11.63","68.89","67.76","9.34","37.43","86.53","0","0","56.69","6.84"
"2024-09-05","29.51","77.14","0","0","53.35","54.5","7.05","32.64","83.57","0.47","3.23","65.6","67.26","9.86","40.54","92.89","9.98","11.53","69.16","67.98","9.38","37.26","86.27","0","0","56.84","6.87"
"2024-09-06","29.43","77.1","0","0","53.9","55.1","7.19","32.81","83.83","0.79","3.6","66.26","67.88","9.98","40.61","92.92","9.96","11.41","69.42","68.19","9.41","37.07","86.02","0","0","57.0","6.91"
"2024-09-07","29.36","77.06","0","0","54.46","55.71","7.33","33.0","84.08","1.11","3.97","66.92","68.5","10.1","40.67","92.96","9.93","11.29","69.68","68.4","9.44","36.89","85.76","0","0","57.17","6.95"
"2024-09-08","29.3","77.03","0","0","55.02","56.33","7.47","33.18","84.34","1.43","4.33","67.57","69.11","10.22","40.73","92.98","9.88","11.15","69.93","68.6","9.47","36.71","85.5","0","0","57.34","6.99"
"2024-09-09","29.24","77.01","0","0","55.6","56.95","7.61","33.36","84.6","1.75","4.69","68.22","69.72","10.33","40.79","92.99","9.83","11.0","70.17","68.79","9.5","36.52","85.24","0","0","57.51","7.04"
"2024-09-10","29.19","77.0","0","0","56.18","57.58","7.75","33.55","84.86","2.06","5.04","68.86","70.32","10.45","40.84","93.0","9.76","10.84","70.41","68.98","9.53","36.33","84.99","0","0","57.7","7.08"
"2024-09-11","29.15","77.0","0","0","56.77","58.22","7.89","33.74","85.11","2.38","5.39","69.5","70.91","10.56","40.88","93.0","9.69","10.67","70.64","69.16","9.55","36.14","84.73","0","0","57.89","7.13"
"2024-09-12","29.11","77.01","0","0","57.37","58.87","8.04","33.93","85.37","2.69","5.73","70.14","71.49","10.67","40.91","92.99","9.6","10.48","70.86","69.34","9.58","35.95","84.47","0","0","58.08","7.18"
"2024-09-13","29.07","77.02","0","0","57.98","59.52","8.19","34.12","85.63","3.0","6.07","70.76","72.07","10.78","40.94","92.97","9.51","10.29","71.07","69.51","9.61","35.76","84.21","0","0","58.28","7.23"
"2024-09-14","29.05","77.04","0","0","58.59","60.17","8.33","34.31","85.89","3.31","6.4","71.38","72.64","10.89","40.97","92.94","9.4","10.09","71.28","69.68","9.63","35.57","83.96","0","0","58.49","7.28"
"2024-09-15","30.32","75.61","0","0","59.21","60.83","8.48","35.8","84.68","4.98","8.79","72.0","73.2","11.0","42.28","91.44","10.67","11.94","71.48","69.84","9.66","36.67","82.24","0","0","58.71","7.34"
"2024-09-16","31.59","74.18","0","0","59.84","61.5","8.63","37.28","83.47","6.66","11.17","72.61","73.76","11.1","43.58","89.94","11.92","13.78","71.68","70.0","9.68","37.76","80.52","0","0","58.93","7.39"
"2024-09-17","32.87","72.77","0","0","60.47","62.17","8.78","38.76","82.26","8.33","13.55","73.21","74.3","11.2","44.87","88.42","13.16","15.61","71.87","70.15","9.7","38.86","78.81","0","0","59.16","7.45"
"2024-09-18","34.16","71.36","0","0","61.11","62.84","8.92","40.25","81.05","10.0","15.91","73.8","74.84","11.3","46.16","86.9","14.39","17.42","72.05","70.3","9.73","39.96","77.1","0.84","0.42","59.4","7.51"
"2024-09-19","35.45","69.97","0","1.25","61.75","63.52","9.07","41.73","79.84","11.66","18.26","74.38","75.37","11.4","47.44","85.38","15.61","19.23","72.23","70.45","9.75","41.05","75.39","1.93","2.19","59.64","7.57"
"2024-09-20","36.75","68.58","0","3.56","62.4","64.2","9.22","43.2","78.64","13.31","20.61","74.96","75.89","11.5","48.71","83.84","16.82","21.02","72.4","70.59","9.77","42.14","73.69","3.02","3.97","59.89","7.63"
"2024-09-21","38.05","67.21","1.11","5.88","63.06","64.88","9.37","44.68","77.43","14.95","22.94","75.53","76.4","11.59","49.97","82.31","18.02","22.8","72.56","70.72","9.79","43.23","71.99","4.12","5.75","60.15","7.7"
"2024-09-22","39.35","65.84","2.65","8.21","63.71","65.56","9.52","46.15","76.22","16.59","25.25","76.09","76.9","11.68","51.23","80.76","19.21","24.57","72.72","70.86","9.81","44.32","70.3","5.22","7.53","60.42","7.76"
"2024-09-23","40.66","64.49","4.19","10.54","64.37","66.25","9.67","47.62","75.01","18.21","27.56","76.64","77.39","11.77","52.47","79.22","20.38","26.32","72.88","70.99","9.83","45.41","68.61","6.32","9.32","60.69","7.83"
"2024-09-24","41.96","63.15","5.74","12.87","65.04","66.94","9.82","49.08","73.8","19.83","29.84","77.18","77.87","11.86","53.71","77.67","21.55","28.06","73.02","71.11","9.85","46.49","66.94","7.42","11.12","60.97","7.9"
"2024-09-25","43.28","61.82","7.29","15.2","65.71","67.63","9.97","50.54","72.59","21.44","32.12","77.71","78.34","11.94","54.93","76.11","22.7","29.79","73.17","71.23","9.87","47.58","65.27","8.53","12.92","61.26","7.97"
"2024-09-26","44.59","60.5","8.85","17.53","66.38","68.32","10.12","52.0","71.39","23.03","34.37","78.23","78.79","12.02","56.15","74.56","23.83","31.5","73.31","71.35","9.89","48.66","63.61","9.64","14.72","61.55","8.05"
"2024-09-27","45.9","59.2","10.41","19.87","67.05","69.01","10.27","53.44","70.18","24.62","36.61","78.74","79.24","12.1","57.35","73.0","24.96","33.2","73.44","71.47","9.91","49.73","61.95","10.75","16.52","61.85","8.12"
"2024-09-28","47.22","57.9","11.97","22.2","67.72","69.7","10.42","54.88","68.98","26.19","38.83","79.24","79.68","12.18","58.54","71.44","26.07","34.88","73.57","71.58","9.93","50.81","60.31","11.86","18.33","62.16","8.2"
"2024-09-29","48.53","56.63","13.54","24.53","68.4","70.39","10.56","56.32","67.78","27.74","41.03","79.73","80.1","12.25","59.73","69.88","27.17","36.55","73.69","71.69","9.95","51.88","58.68","12.98","20.14","62.48","8.28"
"2024-09-30","49.85","55.36","15.11","26.86","69.07","71.08","10.71","57.74","66.58","29.29","43.21","80.21","80.52","12.33","60.9","68.31","28.26","38.2","73.81","71.8","9.97","52.94","57.06","14.1","21.95","62.8","8.36"
"2024-10-01","51.17","54.11","16.67","29.19","69.75","71.76","10.86","59.16","65.38","30.82","45.37","80.68","80.92","12.4","62.06","66.75","29.33","39.84","73.92","71.91","9.99","54.01","55.45","15.21","23.76","63.13","8.44"
"2024-10-02","52.48","52.87","18.24","31.51","70.43","72.45","11.0","60.56","64.18","32.33","47.51","81.14","81.32","12.46","63.2","65.19","30.39","41.46","74.03","72.01","10.01","55.07","53.86","16.33","25.57","63.47","8.53"
"2024-10-03","53.8","51.65","19.8","33.82","71.11","73.13","11.14","61.96","62.99","33.83","49.63","81.58","81.7","12.53","64.34","63.63","31.44","43.06","74.14","72.11","10.03","56.13","52.28","17.46","27.39","63.81","8.61"
"2024-10-04","55.11","50.44","21.37","36.13","71.78","73.81","11.29","63.35","61.8","35.32","51.72","82.02","82.07","12.59","65.46","62.08","32.47","44.65","74.24","72.22","10.05","57.18","50.71","18.58","29.2","64.16","8.7"
"2024-10-05","56.42","49.24","22.93","38.43","72.46","74.49","11.43","64.73","60.61","36.79","53.79","82.44","82.42","12.65","66.57","60.52","33.49","46.23","74.34","72.31","10.07","58.23","49.15","19.7","31.02","64.52","8.79"
"2024-10-06","57.73","48.06","24.49","40.73","73.13","75.16","11.57","66.09","59.43","38.23","55.84","82.85","82.77","12.71","67.67","58.97","34.5","47.78","74.44","72.41","10.09","59.27","47.61","20.82","32.83","64.89","8.88"
"2024-10-07","59.03","46.9","26.04","43.01","73.8","75.83","11.71","67.45","58.24","39.67","57.86","83.25","83.1","12.76","68.75","57.42","35.49","49.32","74.53","72.51","10.11","60.31","46.09","21.95","34.64","65.26","8.97"
"2024-10-08","60.33","45.75","27.59","45.28","74.47","76.49","11.85","68.79","57.07","41.08","59.85","83.64","83.42","12.81","69.82","55.88","36.47","50.85","74.62","72.61","10.13","61.34","44.58","23.07","36.45","65.64","9.06"
"2024-10-09","61.63","44.61","29.14","47.54","75.14","77.15","11.98","70.12","55.89","42.48","61.82","84.01","83.73","12.86","70.87","54.34","37.43","52.35","74.71","72.7","10.15","62.37","43.09","24.2","38.26","66.02","9.16"
"2024-10-10","62.92","43.5","30.68","49.79","75.81","77.81","12.12","71.43","54.72","43.85","63.76","84.37","84.03","12.91","71.91","52.8","38.38","53.84","74.79","72.8","10.17","63.4","41.62","25.32","40.07","66.41","9.25"
"2024-10-11","64.21","42.39","32.22","52.03","76.47","78.46","12.25","72.73","53.55","45.21","65.67","84.72","84.32","12.96","72.94","51.28","39.32","55.31","74.87","72.89","10.2","64.42","40.16","26.44","41.87","66.81","9.35"
"2024-10-12","65.49","41.31","33.74","54.25","77.12","79.1","12.38","74.02","52.39","46.54","67.56","85.06","84.59","13.0","73.95","49.76","40.24","56.77","74.95","72.98","10.22","65.43","38.72","27.56","43.67","67.21","9.45"
"2024-10-13","66.77","40.24","35.26","56.46","77.77","79.74","12.51","75.29","51.23","47.86","69.42","85.38","84.85","13.04","74.95","48.24","41.14","58.2","75.03","73.08","10.24","66.44","37.3","28.68","45.46","67.62","9.55"
"2024-10-14","68.04","39.18","36.78","58.65","78.42","80.37","12.64","76.55","50.08","49.15","71.24","85.7","85.1","13.08","75.93","46.74","42.04","59.62","75.1","73.17","10.26","67.44","35.9","29.8","47.26","68.04","9.65"
"2024-10-15","69.31","38.14","38.28","60.82","79.07","80.99","12.77","77.79","48.93","50.42","73.04","86.0","85.34","13.11","76.9","45.24","42.92","61.02","75.18","73.27","10.29","68.43","34.53","30.92","49.04","68.46","9.75"
"2024-10-16","70.56","37.12","39.77","62.98","79.7","81.6","12.89","79.02","47.79","51.67","74.81","86.28","85.56","13.14","77.86","43.75","43.78","62.4","75.25","73.36","10.31","69.42","33.17","32.04","50.82","68.89","9.86"
"2024-10-17","71.81","36.12","41.26","65.12","80.33","82.21","13.01","80.23","46.65","52.9","76.54","86.56","85.78","13.18","78.79","42.28","44.63","63.77","75.32","73.46","10.34","70.4","31.83","33.15","52.6","69.32","9.96"
"2024-10-18","73.05","35.13","42.73","67.24","80.96","82.81","13.13","81.42","45.52","54.1","78.25","86.82","85.98","13.2","79.72","40.81","45.46","65.11","75.39","73.55","10.36","71.38","30.51","34.26","54.36","69.76","10.07"
"2024-10-19","74.28","34.16","44.19","69.33","81.58","83.4","13.25","82.6","44.4","55.28","79.92","87.07","86.17","13.23","80.62","39.35","46.29","66.44","75.46","73.65","10.39","72.35","29.21","35.37","56.12","70.2","10.17"
"2024-10-20","75.51","33.2","45.64","71.41","82.19","83.98","13.37","83.75","43.28","56.44","81.56","87.3","86.34","13.25","81.51","37.91","47.09","67.75","75.53","73.75","10.41","73.31","27.94","36.48","57.87","70.64","10.28"
"2024-10-21","76.72","32.27","47.08","73.46","82.79","84.56","13.48","84.89","42.17","57.57","83.16","87.52","86.51","13.27","82.39","36.48","47.88","69.04","75.59","73.85","10.44","74.26","26.69","37.58","59.62","71.1","10.39"
"2024-10-22","77.92","31.35","48.5","75.49","83.38","85.12","13.59","86.01","41.06","58.68","84.73","87.73","86.66","13.29","83.25","35.06","48.66","70.31","75.66","73.95","10.47","75.21","25.46","38.68","61.35","71.55","10.5"
"2024-10-23","79.11","30.45","49.91","77.5","83.97","85.67","13.7","87.11","39.96","59.76","86.27","87.93","86.8","13.31","84.09","33.65","49.42","71.56","75.73","74.05","10.5","76.15","24.26","39.77","63.08","72.01","10.61"
"2024-10-24","80.29","29.56","51.3","79.48","84.55","86.21","13.8","88.19","38.87","60.82","87.78","88.11","86.93","13.32","84.91","32.26","50.17","72.8","75.8","74.16","10.53","77.08","23.08","40.86","64.79","72.47","10.72"
"2024-10-25","81.46","28.69","52.68","81.43","85.12","86.74","13.91","89.26","37.79","61.85","89.25","88.29","87.05","13.34","85.72","30.88","50.91","74.01","75.86","74.26","10.56","78.0","21.92","41.95","66.5","72.94","10.83"
"2024-10-26","82.62","27.85","54.04","83.36","85.68","87.26","14.01","90.3","36.72","62.86","90.68","88.44","87.16","13.35","86.51","29.52","51.63","75.21","75.93","74.37","10.59","78.91","20.79","43.03","68.19","73.41","10.94"
"2024-10-27","83.76","27.01","55.38","85.26","86.23","87.77","14.1","91.32","35.65","63.84","92.08","88.59","87.26","13.36","87.29","28.17","52.33","76.38","76.0","74.48","10.62","79.81","19.68","44.1","69.87","73.89","11.05"
"2024-10-28","84.89","26.2","56.71","87.13","86.77","88.27","14.2","92.32","34.59","64.79","93.45","88.72","87.34","13.36","88.05","26.84","53.02","77.54","76.07","74.59","10.65","80.71","18.6","45.17","71.54","74.36","11.16"
"2024-10-29","86.01","25.4","58.02","88.98","87.3","88.75","14.29","93.3","33.55","65.72","94.77","88.85","87.42","13.37","88.79","25.53","53.7","78.68","76.13","74.71","10.69","81.6","17.55","46.24","73.2","74.84","11.28"
"2024-10-30","87.11","24.62","59.31","90.79","87.82","89.23","14.38","94.25","32.51","66.62","96.07","88.95","87.48","13.37","89.52","24.24","54.36","79.8","76.2","74.83","10.72","82.47","16.52","47.29","74.84","75.32","11.39"
"2024-10-31","88.2","23.86","60.58","92.57","88.33","89.69","14.46","95.19","31.48","67.5","97.32","89.05","87.53","13.37","90.23","22.96","55.01","80.9","76.27","74.95","10.76","83.34","15.51","48.34","76.47","75.8","11.5"
"2024-11-01","89.28","23.12","61.83","94.32","88.83","90.13","14.55","96.1","30.46","68.34","98.54","89.14","87.57","13.37","90.92","21.7","55.65","81.98","76.35","75.07","10.79","84.2","14.54","49.39","78.08","76.29","11.62"
"2024-11-02","90.34","22.39","63.06","96.04","89.31","90.57","14.63","96.99","29.45","69.16","99.72","89.21","87.61","13.37","91.59","20.46","56.27","83.04","76.42","75.19","10.83","85.04","13.59","50.42","79.68","76.77","11.73"
"2024-11-03","91.38","21.69","64.27","97.72","89.78","90.99","14.7","97.86","28.45","69.95","100.87","89.27","87.63","13.36","92.25","19.25","56.87","84.08","76.5","75.32","10.87","85.88","12.66","51.45","81.26","77.26","11.84"
"2024-11-04","92.4","21.0","65.46","99.37","90.25","91.4","14.78","98.7","27.46","70.72","101.98","89.32","87.64","13.35","92.89","18.05","57.47","85.1","76.57","75.45","10.91","86.71","11.77","52.47","82.83","77.75","11.95"
"2024-11-05","93.41","20.33","66.63","100.99","90.69","91.79","14.85","99.52","26.49","71.46","103.05","89.36","87.64","13.35","93.51","16.87","58.04","86.1","76.65","75.58","10.95","87.52","10.9","53.48","84.37","78.24","12.07"
"2024-11-06","94.41","19.67","67.77","102.57","91.13","92.17","14.91","100.32","25.52","72.17","104.08","89.38","87.63","13.34","94.12","15.71","58.61","87.08","76.73","75.72","10.99","88.33","10.06","54.48","85.9","78.73","12.18"
"2024-11-07","95.38","19.04","68.89","104.11","91.55","92.54","14.98","101.09","24.57","72.85","105.07","89.4","87.62","13.32","94.7","14.58","59.16","88.04","76.81","75.86","11.03","89.12","9.25","55.47","87.41","79.21","12.29"
"2024-11-08","96.34","18.42","69.98","105.62","91.96","92.89","15.04","101.84","23.63","73.5","106.03","89.4","87.59","13.31","95.28","13.47","59.7","88.98","76.9","76.0","11.07","89.9","8.46","56.45","88.9","79.7","12.4"
"2024-11-09","97.28","17.82","71.05","107.09","92.36","93.23","15.1","102.57","22.7","74.12","106.95","89.39","87.55","13.3","95.83","12.38","60.22","89.9","76.98","76.15","11.11","90.67","7.71","57.42","90.37","80.19","12.51"
"2024-11-10","98.19","17.24","72.1","108.52","92.74","93.55","15.15","103.27","21.78","74.72","107.83","89.38","87.51","13.28","96.36","11.32","60.73","90.8","77.07","76.3","11.16","91.43","6.98","58.38","91.82","80.68","12.62"
"2024-11-11","99.09","16.67","73.12","109.91","93.11","93.86","15.2","103.94","20.88","75.29","108.68","89.35","87.46","13.26","96.88","10.28","61.22","91.68","77.16","76.45","11.2","92.17","6.28","59.33","93.25","81.16","12.73"
"2024-11-12","99.97","16.13","74.11","111.27","93.46","94.15","15.25","104.59","19.99","75.83","109.48","89.31","87.4","13.25","97.38","9.26","61.7","92.54","77.25","76.6","11.25","92.9","5.61","60.27","94.66","81.64","12.84"
"2024-11-13","100.83","15.6","75.08","112.58","93.8","94.43","15.29","105.22","19.12","76.34","110.25","89.26","87.33","13.23","97.87","8.27","62.17","93.38","77.35","76.76","11.3","93.62","4.97","61.19","96.04","82.12","12.95"
"2024-11-14","101.67","15.09","76.02","113.85","94.13","94.69","15.33","105.82","18.26","76.82","110.98","89.2","87.25","13.2","98.33","7.31","62.63","94.2","77.45","76.92","11.34","94.33","4.35","62.1","97.4","82.6","13.06"
"2024-11-15","102.49","14.6","76.93","115.09","94.44","94.94","15.37","106.4","17.41","77.28","111.67","89.13","87.16","13.18","98.78","6.37","63.07","95.0","77.55","77.08","11.39","95.02","3.77","63.0","98.74","83.08","13.16"
"2024-11-16","103.29","14.12","77.82","116.28","94.73","95.17","15.41","106.95","16.58","77.7","112.33","89.06","87.07","13.16","99.21","5.45","63.5","95.78","77.65","77.25","11.44","95.7","3.22","63.89","100.05","83.55","13.27"
"2024-11-17","104.06","13.67","78.67","117.43","95.01","95.38","15.44","107.47","15.76","78.1","112.94","88.97","86.97","13.14","99.62","4.57","63.91","96.53","77.75","77.42","11.49","96.37","2.69","64.76","101.34","84.02","13.37"
"2024-11-18","104.82","13.23","79.5","118.53","95.27","95.58","15.46","107.97","14.96","78.47","113.52","88.87","86.87","13.11","100.02","3.71","64.31","97.27","77.86","77.59","11.54","97.02","2.2","65.62","102.6","84.48","13.48"
"2024-11-19","105.55","12.81","80.3","119.6","95.52","95.77","15.49","108.45","14.18","78.82","114.06","88.77","86.75","13.08","100.4","2.88","64.7","97.98","77.97","77.77","11.59","97.66","1.73","66.46","103.84","84.94","13.58"
"2024-11-20","106.25","12.4","81.07","120.62","95.76","95.94","15.51","108.89","13.41","79.13","114.56","88.66","86.63","13.06","100.76","2.08","65.07","98.68","78.09","77.95","11.64","98.28","1.29","67.29","105.05","85.4","13.68"
"2024-11-21","106.94","12.02","81.81","121.59","95.97","96.09","15.53","109.32","12.66","79.42","115.03","88.53","86.51","13.03","101.1","1.3","65.43","99.35","78.2","78.13","11.7","98.89","0.88","68.1","106.23","85.85","13.78"
"2024-11-22","107.6","11.65","82.52","122.52","96.18","96.23","15.54","109.71","11.92","79.67","115.45","88.4","86.38","13.0","101.43","0.56","65.78","100.01","78.32","78.31","11.75","99.48","0.5","68.9","107.38","86.29","13.87"
"2024-11-23","108.24","11.3","83.2","123.41","96.36","96.35","15.55","110.08","11.21","79.91","115.85","88.27","86.24","12.97","101.74","0","66.11","100.64","78.44","78.5","11.8","100.06","0.15","69.68","108.5","86.73","13.97"
"2024-11-24","108.85","10.97","83.85","124.25","96.53","96.45","15.56","110.43","10.51","80.11","116.2","88.12","86.1","12.94","102.03","0","66.43","101.25","78.57","78.69","11.86","100.62","0","70.44","109.59","87.17","14.06"
"2024-11-25","109.44","10.65","84.46","125.05","96.69","96.54","15.56","110.74","9.83","80.28","116.51","87.97","85.95","12.91","102.3","0","66.74","101.83","78.7","78.88","11.91","101.17","0","71.19","110.66","87.6","14.15"
"2024-11-26","110.01","10.35","85.05","125.8","96.83","96.61","15.56","111.03","9.16","80.43","116.79","87.81","85.8","12.88","102.56","0","67.04","102.4","78.83","79.08","11.97","101.7","0","71.91","111.69","88.02","14.24"
"2024-11-27","110.54","10.07","85.6","126.5","96.95","96.67","15.56","111.3","8.52","80.55","117.04","87.64","85.64","12.85","102.8","0","67.32","102.95","78.96","79.27","12.02","102.21","0","72.62","112.69","88.43","14.33"
"2024-11-28","111.06","9.81","86.12","127.16","97.05","96.71","15.55","111.54","7.89","80.65","117.24","87.47","85.48","12.82","103.02","0","67.59","103.47","79.09","79.47","12.08","102.71","0","73.31","113.66","88.84","14.42"
"2024-11-29","111.55","9.57","86.61","127.78","97.14","96.74","15.54","111.75","7.29","80.72","117.41","87.29","85.31","12.78","103.23","0","67.84","103.97","79.23","79.68","12.13","103.19","0","73.99","114.6","89.24","14.5"
"2024-11-30","112.01","9.34","87.06","128.34","97.22","96.75","15.53","111.94","6.7","80.76","117.55","87.11","85.14","12.75","103.42","0","68.08","104.45","79.37","79.88","12.19","103.65","0","74.64","115.5","89.63","14.59"
"2024-12-01","112.45","9.13","87.49","128.86","97.27","96.74","15.52","112.1","6.14","80.77","117.65","86.92","84.97","12.72","103.59","0","68.31","104.91","79.51","80.08","12.25","104.1","0","75.27","116.37","90.01","14.66"
"2024-12-02","112.86","8.93","87.88","129.33","97.31","96.72","15.5","112.24","5.59","80.76","117.71","86.72","84.79","12.68","103.74","0","68.53","105.34","79.66","80.29","12.31","104.53","0","75.88","117.21","90.39","14.74"
"2024-12-03","113.24","8.76","88.23","129.76","97.34","96.68","15.48","112.35","5.07","80.73","117.74","86.52","84.61","12.65","103.88","0","68.73","105.76","79.8","80.5","12.36","104.94","0","76.47","118.01","90.75","14.82"
"2024-12-04","113.6","8.6","88.56","130.13","97.35","96.63","15.45","112.44","4.56","80.66","117.73","86.32","84.43","12.62","104.0","0","68.92","106.15","79.95","80.71","12.42","105.33","0","77.05","118.78","91.11","14.89"
"2024-12-05","113.93","8.46","88.84","130.46","97.34","96.56","15.42","112.49","4.08","80.58","117.69","86.11","84.24","12.58","104.1","0","69.1","106.52","80.1","80.92","12.48","105.71","0","77.59","119.51","91.46","14.96"
"2024-12-06","114.23","8.33","89.1","130.74","97.32","96.48","15.39","112.53","3.62","80.46","117.61","85.89","84.05","12.55","104.19","0","69.26","106.86","80.26","81.13","12.54","106.06","0","78.12","120.21","91.79","15.03"
"2024-12-07","114.51","8.23","89.32","130.98","97.28","96.38","15.36","112.54","3.18","80.33","117.5","85.67","83.86","12.52","104.26","0","69.41","107.19","80.41","81.35","12.59","106.4","0","78.62","120.87","92.12","15.09"
"2024-12-08","114.76","8.14","89.51","131.17","97.22","96.26","15.32","112.52","2.77","80.17","117.36","85.45","83.67","12.48","104.31","0","69.55","107.48","80.57","81.56","12.65","106.72","0","79.11","121.49","92.44","15.16"
"2024-12-09","114.98","8.07","89.67","131.3","97.15","96.14","15.28","112.48","2.38","79.98","117.18","85.22","83.48","12.45","104.35","0","69.68","107.76","80.72","81.77","12.71","107.02","0","79.57","122.07","92.74","15.22"
"2024-12-10","115.18","8.01","89.79","131.4","97.07","95.99","15.24","112.41","2.01","79.77","116.97","84.99","83.28","12.41","104.37","0","69.79","108.02","80.88","81.99","12.77","107.3","0","80.0","122.62","93.04","15.27"
"2024-12-11","115.34","7.97","89.87","131.44","96.96","95.84","15.19","112.32","1.66","79.54","116.73","84.76","83.09","12.38","104.37","0","69.88","108.25","81.04","82.2","12.82","107.56","0","80.41","123.12","93.32","15.33"
"2024-12-12","115.48","7.95","89.92","131.44","96.85","95.67","15.14","112.2","1.33","79.28","116.46","84.53","82.89","12.35","104.36","0","69.97","108.45","81.21","82.42","12.88","107.8","0","80.8","123.59","93.59","15.38"
"2024-12-13","115.59","7.94","89.94","131.38","96.71","95.48","15.09","112.06","1.04","79.0","116.15","84.29","82.69","12.31","104.33","0","70.04","108.64","81.37","82.63","12.94","108.02","0","81.16","124.02","93.85","15.43"
"2024-12-14","115.67","7.96","89.93","131.28","96.56","95.28","15.04","111.89","0.76","78.7","115.81","84.05","82.49","12.28","104.29","0","70.1","108.8","81.53","82.85","12.99","108.22","0","81.5","124.41","94.1","15.47"
"2024-12-15","115.73","7.99","89.88","131.14","96.4","95.07","14.98","111.7","0.51","78.37","115.44","83.81","82.29","12.25","104.23","0","70.14","108.93","81.7","83.06","13.05","108.4","0","81.81","124.76","94.33","15.52"
"2024-12-16","115.75","8.03","89.79","130.95","96.22","94.84","14.93","111.49","0.28","78.02","115.04","83.56","82.09","12.22","104.15","0","70.17","109.04","81.86","83.27","13.11","108.56","0","82.1","125.07","94.55","15.55"
"2024-12-17","115.75","8.09","89.67","130.7","96.03","94.6","14.86","111.25","0.08","77.65","114.61","83.32","81.9","12.18","104.05","0","70.19","109.13","82.03","83.48","13.16","108.7","0.27","82.36","125.33","94.76","15.59"
"2024-12-18","115.72","8.17","89.52","130.42","95.82","94.35","14.8","110.99","0","77.26","114.15","83.07","81.7","12.15","103.94","0","70.19","109.19","82.19","83.69","13.21","108.82","0.61","82.59","125.56","94.96","15.62"
"2024-12-19","115.66","8.27","89.34","130.08","95.6","94.08","14.74","110.7","0","76.85","113.66","82.83","81.5","12.12","103.82","0","70.18","109.23","82.36","83.9","13.27","108.91","0.97","82.8","125.74","95.14","15.65"
"2024-12-20","115.58","8.38","89.12","129.7","95.37","93.81","14.67","110.39","0","76.42","113.14","82.58","81.3","12.09","103.67","0","70.16","109.25","82.52","84.11","13.32","108.99","1.36","82.98","125.89","95.31","15.68"
"2024-12-21","115.46","8.51","88.87","129.28","95.12","93.52","14.6","110.06","0","75.97","112.59","82.33","81.1","12.06","103.52","0","70.12","109.23","82.69","84.31","13.37","109.04","1.77","83.13","125.99","95.47","15.7"
"2024-12-22","115.32","8.66","88.58","128.81","94.86","93.21","14.52","109.71","0","75.5","112.01","82.08","80.91","12.03","103.34","0","70.07","109.2","82.85","84.51","13.42","109.08","2.21","83.26","126.05","95.61","15.73"
"2024-12-23","115.15","8.83","88.26","128.29","94.58","92.9","14.45","109.33","0","75.01","111.41","81.83","80.71","12.0","103.15","0","70.01","109.14","83.01","84.71","13.47","109.09","2.67","83.36","126.06","95.74","15.74"
"2024-12-24","114.95","9.01","87.91","127.72","94.29","92.58","14.37","108.94","0","74.5","110.78","81.59","80.52","11.98","102.95","0","69.93","109.05","83.17","84.91","13.52","109.07","3.15","83.43","126.03","95.85","15.76"
"2024-12-25","114.72","9.2","87.52","127.12","93.99","92.24","14.3","108.52","0","73.97","110.12","81.34","80.33","11.95","102.73","0","69.84","108.94","83.33","85.1","13.57","109.04","3.66","83.47","125.96","95.95","15.77"
"2024-12-26","114.46","9.42","87.11","126.47","93.68","91.89","14.22","108.07","0","73.42","109.43","81.09","80.14","11.92","102.49","0","69.73","108.8","83.49","85.29","13.62","108.99","4.19","83.49","125.85","96.03","15.77"
"2024-12-27","114.18","9.65","86.66","125.77","93.35","91.54","14.13","107.61","0","72.85","108.72","80.84","79.95","11.89","102.24","0","69.61","108.64","83.65","85.48","13.67","108.91","4.74","83.48","125.69","96.1","15.78"
"2024-12-28","113.87","9.89","86.17","125.03","93.01","91.17","14.05","107.13","0","72.27","107.98","80.6","79.76","11.87","101.97","0","69.47","108.45","83.8","85.66","13.71","108.81","5.31","83.43","125.49","96.15","15.78"
"2024-12-29","113.53","10.16","85.66","124.25","92.66","90.79","13.97","106.62","0","71.67","107.21","80.35","79.58","11.84","101.68","0","69.32","108.24","83.96","85.84","13.75","108.69","5.9","83.36","125.25","96.19","15.77"
"2024-12-30","113.16","10.44","85.12","123.42","92.3","90.41","13.88","106.1","0","71.05","106.42","80.11","79.4","11.82","101.39","0","69.16","107.99","84.11","86.01","13.8","108.54","6.52","83.26","124.96","96.22","15.77"
"2024-12-31","112.76","10.74","84.54","122.55","91.92","90.01","13.79","105.55","0.01","70.42","105.61","79.87","79.21","11.79","101.07","0","68.98","107.73","84.26","86.18","13.84","108.37","7.15","83.13","124.63","96.23","15.76"
"2025-01-01","112.34","11.05","83.93","121.64","91.54","89.6","13.7","104.98","0.2","69.77","104.77","79.63","79.04","11.77","100.74","0","68.78","107.43","84.4","86.35","13.88","108.18","7.81","82.97","124.25","96.22","15.74"
"2025-01-02","111.89","11.38","83.3","120.69","91.14","89.19","13.61","104.4","0.43","69.1","103.91","79.39","78.86","11.75","100.4","0","68.58","107.11","84.54","86.51","13.91","107.97","8.49","82.78","123.83","96.2","15.72"
"2025-01-03","111.41","11.73","82.63","119.7","90.74","88.77","13.52","103.8","0.68","68.42","103.02","79.15","78.69","11.73","100.04","0","68.35","106.76","84.68","86.66","13.95","107.73","9.18","82.56","123.37","96.16","15.7"
"2025-01-04","110.91","12.09","81.93","118.66","90.32","88.34","13.42","103.17","0.97","67.72","102.11","78.92","78.52","11.7","99.66","0","68.11","106.39","84.82","86.81","13.98","107.47","9.9","82.32","122.86","96.11","15.68"
"2025-01-05","110.38","12.47","81.2","117.59","89.9","87.9","13.33","102.53","1.28","67.01","101.18","78.68","78.35","11.68","99.27","0","67.86","105.99","84.95","86.95","14.02","107.19","10.63","82.04","122.3","96.04","15.65"
"2025-01-06","109.82","12.87","80.45","116.48","89.46","87.46","13.23","101.87","1.61","66.28","100.23","78.46","78.18","11.66","98.87","0.1","67.59","105.56","85.07","87.09","14.05","106.88","11.38","81.73","121.71","95.95","15.62"
"2025-01-07","109.24","13.28","79.66","115.33","89.02","87.01","13.14","101.19","1.98","65.54","99.25","78.23","78.02","11.64","98.45","0.83","67.31","105.11","85.2","87.21","14.08","106.55","12.15","81.39","121.07","95.85","15.59"
"2025-01-08","108.63","13.71","78.85","114.14","88.57","86.55","13.04","100.49","2.38","64.79","98.26","78.0","77.86","11.63","98.02","1.59","67.01","104.62","85.31","87.34","14.1","106.2","12.94","81.02","120.38","95.74","15.55"
"2025-01-09","107.99","14.16","78.01","112.91","88.11","86.08","12.94","99.78","2.8","64.02","97.24","77.78","77.71","11.61","97.57","2.38","66.69","104.11","85.43","87.45","14.13","105.82","13.75","80.62","119.65","95.6","15.51"
"2025-01-10","107.33","14.62","77.14","111.65","87.64","85.62","12.84","99.05","3.25","63.24","96.2","77.56","77.55","11.59","97.1","3.2","66.36","103.57","85.53","87.56","14.15","105.42","14.57","80.2","118.88","95.46","15.46"
"2025-01-11","106.65","15.1","76.24","110.35","87.17","85.14","12.74","98.3","3.73","62.45","95.14","77.35","77.4","11.57","96.63","4.05","66.02","103.01","85.64","87.66","14.18","105.0","15.41","79.74","118.06","95.29","15.41"
"2025-01-12","105.94","15.59","75.32","109.02","86.69","84.66","12.64","97.54","4.24","61.65","94.06","77.13","77.25","11.56","96.13","4.92","65.65","102.41","85.73","87.76","14.19","104.56","16.26","79.25","117.2","95.12","15.36"
"2025-01-13","105.2","16.11","74.37","107.65","86.2","84.17","12.54","96.76","4.78","60.83","92.97","76.92","77.11","11.54","95.63","5.82","65.28","101.79","85.82","87.84","14.21","104.09","17.13","78.73","116.3","94.92","15.31"
"2025-01-14","104.44","16.64","73.4","106.24","85.7","83.69","12.44","95.97","5.34","60.0","91.85","76.72","76.97","11.53","95.1","6.75","64.88","101.14","85.91","87.92","14.23","103.6","18.02","78.18","115.35","94.71","15.25"
"2025-01-15","103.66","17.18","72.4","104.81","85.2","83.19","12.34","95.16","5.94","59.17","90.72","76.51","76.83","11.51","94.57","7.71","64.47","100.46","85.99","87.99","14.24","103.08","18.92","77.6","114.36","94.49","15.19"
"2025-01-16","102.85","17.74","71.38","103.34","84.69","82.69","12.24","94.33","6.56","58.32","89.56","76.31","76.69","11.5","94.02","8.69","64.04","99.76","86.06","88.05","14.25","102.54","19.84","76.99","113.33","94.24","15.12"
"2025-01-17","102.02","18.32","70.33","101.83","84.18","82.19","12.13","93.49","7.21","57.46","88.39","76.11","76.56","11.49","93.45","9.7","63.6","99.02","86.12","88.1","14.26","101.98","20.77","76.36","112.25","93.99","15.06"
"2025-01-18","101.16","18.92","69.26","100.3","83.66","81.69","12.03","92.64","7.89","56.59","87.21","75.92","76.43","11.47","92.87","10.74","63.14","98.26","86.18","88.14","14.26","101.4","21.71","75.69","111.14","93.72","14.98"
"2025-01-19","100.29","19.53","68.17","98.74","83.14","81.19","11.93","91.77","8.59","55.71","86.0","75.73","76.3","11.46","92.28","11.8","62.67","97.47","86.23","88.17","14.27","100.79","22.67","74.99","109.98","93.43","14.91"
"2025-01-20","99.39","20.16","67.05","97.14","82.61","80.68","11.83","90.89","9.33","54.82","84.78","75.54","76.18","11.45","91.67","12.88","62.17","96.65","86.28","88.2","14.27","100.16","23.64","74.26","108.78","93.13","14.83"
"2025-01-21","98.47","20.8","65.92","95.52","82.08","80.17","11.72","90.0","10.09","53.92","83.54","75.36","76.06","11.44","91.05","13.99","61.66","95.8","86.31","88.21","14.27","99.5","24.63","73.51","107.54","92.81","14.75"
"2025-01-22","97.52","21.46","64.76","93.87","81.54","79.66","11.62","89.09","10.88","53.02","82.29","75.18","75.94","11.43","90.42","15.12","61.14","94.92","86.34","88.21","14.26","98.83","25.62","72.72","106.25","92.48","14.67"
"2025-01-23","96.56","22.14","63.58","92.19","81.01","79.14","11.52","88.17","11.69","52.1","81.02","75.0","75.82","11.42","89.77","16.27","60.6","94.02","86.36","88.21","14.26","98.13","26.63","71.91","104.93","92.14","14.58"
"2025-01-24","95.57","22.84","62.38","90.49","80.47","78.63","11.42","87.24","12.54","51.18","79.74","74.83","75.71","11.41","89.11","17.45","60.04","93.08","86.37","88.19","14.25","97.41","27.65","71.06","103.57","91.78","14.49"
"2025-01-25","94.57","23.55","61.16","88.76","79.92","78.11","11.32","86.29","13.41","50.25","78.44","74.66","75.6","11.4","88.43","18.65","59.46","92.12","86.37","88.16","14.24","96.67","28.69","70.19","102.17","91.4","14.4"
"2025-01-26","93.54","24.27","59.93","87.0","79.38","77.6","11.22","85.34","14.3","49.31","77.13","74.5","75.49","11.39","87.74","19.87","58.87","91.13","86.36","88.12","14.22","95.9","29.73","69.29","100.72","91.01","14.31"
"2025-01-27","92.5","25.02","58.67","85.22","78.83","77.09","11.12","84.37","15.23","48.37","75.8","74.33","75.38","11.38","87.04","21.11","58.26","90.11","86.35","88.07","14.2","95.11","30.78","68.36","99.24","90.61","14.21"
"2025-01-28","91.44","25.78","57.4","83.41","78.28","76.57","11.02","83.4","16.18","47.41","74.46","74.17","75.28","11.37","86.32","22.37","57.63","89.06","86.32","88.01","14.19","94.3","31.85","67.41","97.73","90.2","14.11"
"2025-01-29","90.35","26.55","56.11","81.59","77.73","76.06","10.92","82.41","17.16","46.46","73.1","74.02","75.18","11.36","85.59","23.66","56.98","87.98","86.29","87.94","14.16","93.47","32.92","66.43","96.17","89.77","14.0"
"2025-01-30","89.25","27.34","54.8","79.74","77.18","75.55","10.82","81.41","18.16","45.49","71.74","73.86","75.08","11.35","84.85","24.96","56.32","86.87","86.25","87.86","14.14","92.62","34.0","65.42","94.58","89.32","13.9"
"2025-01-31","88.13","28.15","53.48","77.87","76.63","75.04","10.72","80.41","19.19","44.52","70.36","73.71","74.98","11.34","84.09","26.27","55.64","85.74","86.19","87.77","14.11","91.75","35.1","64.38","92.95","88.87","13.79"
"2025-02-01","87.0","28.97","52.14","75.98","76.08","74.53","10.62","79.39","20.24","43.54","68.96","73.57","74.88","11.33","83.32","27.61","54.94","84.58","86.13","87.66","14.08","90.85","36.2","63.32","91.28","88.4","13.68"
"2025-02-02","85.84","29.81","50.79","74.07","75.53","74.02","10.53","78.37","21.32","42.56","67.56","73.42","74.79","11.33","82.54","28.97","54.23","83.39","86.06","87.55","14.05","89.94","37.31","62.23","89.58","87.92","13.57"
"2025-02-03","84.68","30.67","49.42","72.14","74.99","73.51","10.43","77.34","22.43","41.57","66.14","73.28","74.69","11.32","81.75","30.34","53.5","82.17","85.97","87.42","14.01","89.0","38.43","61.11","87.85","87.43","13.45"
"2025-02-04","83.49","31.54","48.05","70.2","74.44","73.01","10.33","76.29","23.56","40.58","64.72","73.14","74.6","11.31","80.94","31.73","52.75","80.92","85.88","87.28","13.97","88.04","39.55","59.97","86.08","86.92","13.33"
"2025-02-05","82.29","32.43","46.65","68.23","73.89","72.51","10.24","75.25","24.71","39.58","63.28","73.01","74.51","11.3","80.12","33.13","51.98","79.64","85.78","87.12","13.93","87.07","40.68","58.81","84.28","86.41","13.21"
"2025-02-06","81.08","33.33","45.25","66.25","73.35","72.02","10.15","74.19","25.89","38.58","61.83","72.88","74.42","11.29","79.29","34.55","51.2","78.34","85.66","86.96","13.88","86.07","41.83","57.62","82.44","85.88","13.09"
"2025-02-07","79.85","34.25","43.84","64.26","72.8","71.53","10.06","73.13","27.09","37.58","60.37","72.75","74.33","11.28","78.44","35.98","50.4","77.01","85.54","86.78","13.84","85.06","42.97","56.4","80.57","85.34","12.97"
"2025-02-08","78.6","35.19","42.41","62.25","72.26","71.04","9.96","72.05","28.31","36.57","58.9","72.62","74.24","11.28","77.58","37.43","49.58","75.65","85.4","86.59","13.78","84.02","44.13","55.17","78.68","84.79","12.84"
"2025-02-09","77.35","36.14","40.98","60.23","71.73","70.55","9.88","70.98","29.55","35.55","57.42","72.49","74.16","11.27","76.71","38.89","48.74","74.26","85.25","86.39","13.73","82.97","45.29","53.9","76.75","84.23","12.71"
"2025-02-10","76.08","37.1","39.53","58.2","71.19","70.07","9.79","69.89","30.82","34.53","55.92","72.37","74.07","11.26","75.83","40.36","47.89","72.85","85.09","86.18","13.67","81.89","46.45","52.62","74.79","83.66","12.58"
"2025-02-11","74.79","38.08","38.08","56.15","70.66","69.59","9.7","68.81","32.11","33.51","54.42","72.25","73.98","11.25","74.93","41.85","47.01","71.41","84.92","85.95","13.62","80.8","47.63","51.32","72.8","83.09","12.45"
"2025-02-12","73.5","39.08","36.62","54.09","70.13","69.12","9.61","67.71","33.42","32.49","52.92","72.13","73.9","11.24","74.03","43.34","46.13","69.94","84.74","85.72","13.55","79.69","48.8","49.99","70.78","82.5","12.32"
"2025-02-13","72.2","40.09","35.15","52.03","69.61","68.66","9.53","66.61","34.76","31.46","51.4","72.01","73.81","11.23","73.11","44.85","45.22","68.45","84.55","85.47","13.49","78.57","49.98","48.64","68.74","81.9","12.18"
"2025-02-14","70.88","41.12","33.67","49.95","69.09","68.2","9.45","65.51","36.11","30.43","49.87","71.9","73.72","11.22","72.18","46.36","44.3","66.92","84.35","85.2","13.42","77.42","51.17","47.27","66.67","81.29","12.05"
"2025-02-15","69.55","42.16","32.19","47.86","68.57","67.74","9.36","64.4","37.48","29.4","48.34","71.78","73.64","11.21","71.24","47.89","43.36","65.38","84.13","84.93","13.35","76.26","52.36","45.88","64.57","80.68","11.91"
"2025-02-16","68.22","43.22","30.71","45.77","68.06","67.29","9.28","63.28","38.88","28.36","46.79","71.67","73.55","11.19","70.28","49.43","42.4","63.8","83.9","84.64","13.28","75.08","53.56","44.47","62.45","80.06","11.77"
"2025-02-17","66.87","44.29","29.21","43.67","67.56","66.84","9.2","62.16","40.29","27.32","45.24","71.56","73.46","11.18","69.32","50.97","41.42","62.21","83.67","84.34","13.2","73.89","54.76","43.04","60.3","79.43","11.63"
"2025-02-18","65.52","45.37","27.72","41.56","67.06","66.41","9.13","61.04","41.72","26.28","43.68","71.45","73.37","11.17","68.34","52.52","40.43","60.58","83.42","84.03","13.12","72.68","55.96","41.59","58.13","78.79","11.49"
"2025-02-19","64.16","46.47","26.22","39.45","66.56","65.97","9.05","59.92","43.17","25.24","42.11","71.34","73.28","11.15","67.36","54.08","39.43","58.93","83.16","83.71","13.04","71.45","57.17","40.13","55.94","78.15","11.35"
"2025-02-20","62.79","47.58","24.72","37.34","66.07","65.55","8.97","58.79","44.63","24.19","40.54","71.23","73.19","11.14","66.36","55.64","38.4","57.26","82.88","83.37","12.96","70.21","58.38","38.64","53.72","77.5","11.21"
"2025-02-21","61.42","48.71","23.21","35.22","65.59","65.13","8.9","57.66","46.12","23.15","38.96","71.12","73.1","11.12","65.35","57.21","37.36","55.56","82.6","83.02","12.87","68.96","59.59","37.14","51.49","76.84","11.06"
"2025-02-22","60.03","49.85","21.71","33.09","65.11","64.71","8.83","56.53","47.62","22.1","37.37","71.01","73.0","11.11","64.33","58.79","36.3","53.84","82.3","82.66","12.78","67.69","60.8","35.63","49.24","76.18","10.92"
"2025-02-23","58.65","51.01","20.2","30.97","64.64","64.31","8.76","55.39","49.13","21.05","35.78","70.9","72.91","11.09","63.3","60.36","35.23","52.09","81.99","82.29","12.69","66.4","62.02","34.1","46.96","75.51","10.77"
"2025-02-24","57.25","52.18","18.69","28.84","64.18","63.91","8.69","54.25","50.66","20.0","34.18","70.8","72.81","11.07","62.27","61.95","34.14","50.32","81.68","81.91","12.6","65.11","63.24","32.55","44.67","74.84","10.63"
"2025-02-25","55.86","53.36","17.18","26.72","63.72","63.52","8.62","53.12","52.21","18.95","32.57","70.69","72.71","11.05","61.22","63.53","33.03","48.53","81.34","81.51","12.5","63.8","64.46","30.99","42.36","74.17","10.48"
"2025-02-26","54.45","54.56","15.68","24.59","63.27","63.13","8.56","51.97","53.77","17.9","30.96","70.58","72.6","11.04","60.16","65.12","31.91","46.71","81.0","81.1","12.4","62.47","65.68","29.42","40.04","73.49","10.34"
"2025-02-27","53.05","55.76","14.17","22.46","62.83","62.75","8.49","50.83","55.35","16.84","29.34","70.47","72.5","11.01","59.09","66.71","30.77","44.88","80.65","80.68","12.3","61.14","66.91","27.83","37.7","72.8","10.19"
"2025-02-28","51.64","56.99","12.67","20.34","62.39","62.38","8.43","49.69","56.93","15.79","27.71","70.36","72.39","10.99","58.01","68.3","29.62","43.02","80.28","80.25","12.19","59.79","68.13","26.23","35.34","72.12","10.04"
"2025-03-01","50.23","58.22","11.17","18.22","61.96","62.02","8.37","48.55","58.53","14.73","26.08","70.25","72.28","10.97","56.92","69.9","28.45","41.14","79.91","79.81","12.09","58.44","69.36","24.62","32.98","71.43","9.9"
"2025-03-02","48.81","59.46","9.67","16.1","61.54","61.66","8.31","47.41","60.15","13.68","24.45","70.14","72.16","10.95","55.83","71.49","27.27","39.24","79.52","79.36","11.98","57.07","70.58","23.0","30.6","70.74","9.75"
"2025-03-03","47.4","60.72","8.18","13.99","61.13","61.31","8.25","46.26","61.77","12.62","22.81","70.03","72.04","10.92","54.72","73.08","26.07","37.32","79.12","78.9","11.87","55.69","71.81","21.37","28.21","70.04","9.6"
"2025-03-04","45.98","61.99","6.69","11.88","60.72","60.97","8.19","45.12","63.4","11.56","21.17","69.91","71.92","10.89","53.61","74.67","24.86","35.37","78.72","78.42","11.75","54.31","73.04","19.72","25.8","69.35","9.46"
"2025-03-05","44.57","63.27","5.2","9.77","60.32","60.64","8.14","43.98","65.05","10.51","19.52","69.8","71.8","10.87","52.49","76.26","23.64","33.41","78.3","77.94","11.64","52.91","74.26","18.07","23.39","68.65","9.31"
"2025-03-06","43.15","64.56","3.72","7.67","59.93","60.31","8.09","42.83","66.7","9.45","17.86","69.68","71.67","10.84","51.36","77.85","22.4","31.44","77.87","77.45","11.52","51.5","75.49","16.42","20.98","67.96","9.16"
"2025-03-07","41.73","65.87","2.25","5.58","59.55","60.0","8.03","41.69","68.36","8.39","16.21","69.56","71.53","10.81","50.22","79.43","21.14","29.44","77.43","76.94","11.4","50.09","76.72","14.75","18.55","67.26","9.02"
"2025-03-08","40.32","67.18","0.78","3.49","59.18","59.69","7.98","40.55","70.03","7.33","14.55","69.44","71.4","10.78","49.08","81.01","19.88","27.42","76.97","76.43","11.28","48.67","77.94","13.08","16.12","66.57","8.87"
"2025-03-09","38.9","68.51","0","1.42","58.81","59.39","7.94","39.42","71.71","6.28","12.88","69.32","71.25","10.74","47.92","82.59","18.6","25.39","76.51","75.9","11.16","47.24","79.17","11.4","13.68","65.87","8.73"
"2025-03-10","37.49","69.84","0","0","58.46","59.09","7.89","38.28","73.4","5.22","11.21","69.19","71.11","10.71","46.76","84.16","17.31","23.34","76.04","75.37","11.03","45.81","80.39","9.72","11.24","65.18","8.58"
"2025-03-11","36.09","71.18","0","0","58.11","58.81","7.84","37.14","75.09","4.16","9.54","69.06","70.96","10.67","45.59","85.73","16.0","21.28","75.56","74.83","10.91","44.37","81.61","8.03","8.79","64.48","8.44"
"2025-03-12","34.68","72.54","0","0","57.77","58.53","7.8","36.01","76.78","3.1","7.87","68.93","70.8","10.64","44.42","87.29","14.69","19.2","75.07","74.28","10.78","42.92","82.84","6.34","6.35","63.79","8.3"
"2025-03-13","33.28","73.9","0","0","57.44","58.26","7.76","34.88","78.48","2.05","6.19","68.79","70.64","10.6","43.24","88.84","13.36","17.11","74.57","73.72","10.65","41.47","84.06","4.64","3.9","63.1","8.16"
"2025-03-14","31.88","75.27","0","0","57.12","57.99","7.72","33.75","80.19","0.99","4.51","68.65","70.47","10.56","42.05","90.39","12.02","15.0","74.06","73.15","10.51","40.02","85.27","2.94","1.45","62.42","8.02"
"2025-03-15","30.49","76.65","0","0","56.8","57.74","7.68","32.63","81.9","0","2.83","68.51","70.3","10.52","40.86","91.93","10.67","12.88","73.54","72.57","10.38","38.56","86.49","1.24","0","61.74","7.88"
"2025-03-16","29.75","77.31","0","0","56.5","57.49","7.64","32.15","82.87","0","2.18","68.37","70.13","10.47","40.31","92.73","9.99","11.78","73.02","71.99","10.25","37.74","86.97","0.23","0","61.06","7.74"
"2025-03-17","29.66","77.24","0","0","56.2","57.25","7.6","32.32","83.12","0","2.56","68.22","69.95","10.43","40.4","92.8","10.0","11.7","72.48","71.4","10.11","37.57","86.72","0","0","60.38","7.6"
"2025-03-18","29.57","77.18","0","0","55.92","57.02","7.56","32.5","83.38","0.21","2.94","68.07","69.76","10.38","40.48","92.85","10.0","11.61","71.94","70.8","9.97","37.39","86.47","0","0","59.71","7.47"
"2025-03-19","29.49","77.13","0","0","55.64","56.8","7.53","32.67","83.63","0.54","3.31","67.91","69.56","10.33","40.55","92.89","9.98","11.5","71.39","70.2","9.83","37.22","86.21","0","0","59.04","7.33"
"2025-03-20","29.42","77.09","0","0","55.37","56.58","7.5","32.85","83.88","0.86","3.68","67.75","69.36","10.28","40.62","92.93","9.95","11.38","70.83","69.58","9.7","37.03","85.96","0","0","58.38","7.2"
"2025-03-21","29.35","77.06","0","0","55.11","56.37","7.47","33.04","84.14","1.18","4.05","67.59","69.16","10.23","40.69","92.96","9.92","11.26","70.26","68.97","9.55","36.85","85.7","0","0","57.73","7.07"
"2025-03-22","29.29","77.03","0","0","54.85","56.17","7.44","33.22","84.4","1.5","4.41","67.42","68.95","10.18","40.75","92.98","9.87","11.12","69.69","68.34","9.41","36.67","85.45","0","0","57.08","6.94"
"2025-03-23","29.23","77.01","0","0","54.61","55.97","7.41","33.41","84.66","1.82","4.77","67.24","68.73","10.13","40.8","93.0","9.82","10.97","69.11","67.71","9.27","36.48","85.19","0","0","56.43","6.82"
"2025-03-24","29.18","77.0","0","0","54.37","55.78","7.38","33.59","84.91","2.13","5.12","67.07","68.51","10.07","40.85","93.0","9.75","10.8","68.52","67.08","9.13","36.29","84.93","0","0","55.8","6.69"
"2025-03-25","29.14","77.0","0","0","54.15","55.6","7.35","33.78","85.17","2.45","5.47","66.88","68.28","10.01","40.89","93.0","9.67","10.63","67.93","66.44","8.98","36.1","84.67","0","0","55.17","6.57"
"2025-03-26","29.1","77.01","0","0","53.93","55.43","7.33","33.97","85.43","2.76","5.81","66.69","68.04","9.95","40.92","92.98","9.58","10.44","67.33","65.8","8.84","35.91","84.41","0","0","54.55","6.44"
"2025-03-27","29.07","77.02","0","0","53.72","55.26","7.3","34.16","85.69","3.07","6.14","66.5","67.8","9.89","40.95","92.96","9.49","10.25","66.72","65.15","8.69","35.72","84.16","0","0","53.93","6.32"
"2025-03-28","29.04","77.05","0","0","53.51","55.1","7.28","34.36","85.94","3.37","6.47","66.3","67.55","9.83","40.97","92.93","9.38","10.04","66.11","64.5","8.55","35.53","83.9","0","0","53.32","6.21"
"2025-03-29","29.02","77.08","0","0","53.32","54.95","7.26","34.55","86.2","3.67","6.8","66.1","67.3","9.76","40.99","92.9","9.26","9.82","65.5","63.84","8.4","35.33","83.65","0","0","52.73","6.09"
"2025-03-30","29.01","77.12","0","0","53.13","54.8","7.23","34.74","86.45","3.97","7.11","65.89","67.03","9.7","41.0","92.85","9.14","9.6","64.88","63.19","8.26","35.14","83.39","0","0","52.14","5.98"
"2025-03-31","29.0","77.17","0","0","52.96","54.66","7.21","34.93","86.71","4.27","7.42","65.68","66.77","9.63","41.0","92.8","9.0","9.36","64.25","62.53","8.11","34.95","83.14","0","0","51.56","5.87"
"2025-04-01","29.0","77.22","0","0","52.78","54.52","7.19","35.13","86.96","4.56","7.72","65.46","66.49","9.56","41.0","92.74","8.86","9.11","63.62","61.87","7.97","34.75","82.89","0","0","50.98","5.76"
"2025-04-02","29.01","77.29","0","0","52.62","54.39","7.17","35.32","87.21","4.84","8.01","65.24","66.21","9.49","40.99","92.67","8.7","8.85","62.99","61.2","7.82","34.56","82.64","0","0","50.42","5.65"
"2025-04-03","29.02","77.36","0","0","52.47","54.27","7.16","35.51","87.45","5.12","8.3","65.01","65.92","9.42","40.97","92.59","8.54","8.59","62.36","60.54","7.67","34.37","82.4","0","0","49.87","5.55"
"2025-04-04","29.04","77.44","0","0","52.32","54.15","7.14","35.71","87.7","5.39","8.57","64.77","65.63","9.34","40.95","92.5","8.37","8.31","61.72","59.87","7.53","34.18","82.15","0","0","49.33","5.44"
"2025-04-05","29.06","77.53","0","0","52.18","54.04","7.12","35.9","87.94","5.66","8.84","64.53","65.33","9.27","40.92","92.41","8.19","8.03","61.08","59.21","7.38","33.98","81.91","0","0","48.8","5.35"
"2025-04-06","29.09","77.63","0","0","52.05","53.93","7.11","36.09","88.18","5.93","9.1","64.28","65.02","9.19","40.89","92.31","8.0","7.74","60.44","58.54","7.24","33.79","81.68","0","0","48.28","5.25"
"2025-04-07","29.13","77.73","0","0","51.92","53.82","7.09","36.28","88.41","6.18","9.34","64.03","64.7","9.11","40.85","92.2","7.8","7.44","59.79","57.87","7.09","33.6","81.45","0","0","47.77","5.15"
"2025-04-08","29.17","77.84","0","0","51.8","53.73","7.07","36.47","88.64","6.43","9.58","63.77","64.38","9.03","40.8","92.09","7.59","7.13","59.15","57.21","6.95","33.42","81.22","0","0","47.27","5.06"
"2025-04-09","29.22","77.96","0","0","51.69","53.63","7.06","36.66","88.87","6.68","9.81","63.51","64.06","8.95","40.75","91.96","7.38","6.82","58.5","56.54","6.81","33.23","80.99","0","0","46.78","4.97"
"2025-04-10","29.27","78.09","0","0","51.58","53.55","7.05","36.84","89.1","6.91","10.03","63.24","63.72","8.87","40.69","91.83","7.16","6.49","57.85","55.88","6.66","33.05","80.77","0","0","46.3","4.89"
"2025-04-11","29.33","78.22","0","0","51.48","53.46","7.03","37.02","89.32","7.14","10.23","62.96","63.38","8.78","40.63","91.69","6.93","6.16","57.21","55.22","6.52","32.87","80.55","0","0","45.84","4.8"
"2025-04-12","29.4","78.36","0","0","51.39","53.38","7.02","37.2","89.53","7.36","10.43","62.68","63.04","8.69","40.56","91.55","6.69","5.83","56.56","54.56","6.38","32.69","80.34","0","0","45.39","4.72"
"2025-04-13","29.47","78.51","0","0","51.3","53.3","7.01","37.38","89.74","7.58","10.62","62.39","62.69","8.61","40.48","91.4","6.45","5.49","55.91","53.9","6.24","32.51","80.13","0","0","44.95","4.64"
"2025-04-14","29.55","78.66","0","0","51.22","53.23","7.0","37.56","89.95","7.79","10.79","62.1","62.33","8.52","40.4","91.24","6.2","5.14","55.27","53.25","6.1","32.33","79.93","0","0","44.52","4.57"
"2025-04-15","29.63","78.82","0","0","51.14","53.16","6.98","37.73","90.15","7.98","10.96","61.8","61.97","8.43","40.31","91.07","5.94","4.79","54.62","52.6","5.97","32.16","79.73","0","0","44.11","4.5"
"2025-04-16","29.72","78.99","0","0","51.07","53.1","6.97","37.9","90.34","8.17","11.11","61.5","61.6","8.34","40.22","90.9","5.68","4.43","53.98","51.95","5.83","31.99","79.54","0","0","43.71","4.43"
"2025-04-17","29.82","79.17","0","0","51.01","53.03","6.96","38.07","90.53","8.36","11.25","61.19","61.22","8.24","40.12","90.73","5.41","4.07","53.34","51.31","5.7","31.83","79.36","0","0","43.32","4.36"
"2025-04-18","29.92","79.35","0","0","50.95","52.98","6.95","38.24","90.71","8.53","11.38","60.87","60.84","8.15","40.02","90.54","5.14","3.7","52.7","50.68","5.56","31.66","79.18","0","0","42.94","4.3"
"2025-04-19","30.02","79.53","0","0","50.89","52.92","6.94","38.4","90.89","8.69","11.49","60.55","60.45","8.05","39.91","90.35","4.86","3.33","52.07","50.05","5.43","31.51","79.0","0","0","42.58","4.23"
"2025-04-20","30.13","79.72","0","0","50.84","52.86","6.93","38.56","91.06","8.85","11.6","60.22","60.06","7.96","39.8","90.16","4.57","2.96","51.44","49.42","5.3","31.35","78.84","0","0","42.23","4.18"
"2025-04-21","30.25","79.92","0","0","50.8","52.81","6.91","38.71","91.23","8.99","11.69","59.89","59.67","7.86","39.68","89.96","4.28","2.58","50.81","48.8","5.17","31.2","78.67","0","0","41.89","4.12"
"2025-04-22","30.37","80.12","0","0","50.75","52.76","6.9","38.86","91.39","9.13","11.77","59.56","59.27","7.76","39.56","89.75","3.99","2.2","50.19","48.19","5.05","31.05","78.52","0","0","41.57","4.07"
"2025-04-23","30.49","80.33","0","0","50.72","52.72","6.89","39.01","91.54","9.26","11.84","59.22","58.86","7.66","39.43","89.54","3.69","1.82","49.57","47.58","4.92","30.91","78.37","0","0","41.26","4.02"
"2025-04-24","30.62","80.54","0","0","50.68","52.67","6.88","39.15","91.68","9.37","11.9","58.87","58.45","7.56","39.29","89.33","3.39","1.44","48.96","46.98","4.8","30.77","78.23","0","0","40.97","3.97"
"2025-04-25","30.76","80.76","0","0","50.65","52.63","6.87","39.29","91.82","9.48","11.94","58.52","58.03","7.46","39.16","89.11","3.09","1.05","48.35","46.39","4.68","30.63","78.1","0","0","40.69","3.93"
"2025-04-26","30.9","80.98","0","0","50.63","52.58","6.86","39.42","91.95","9.58","11.97","58.16","57.61","7.36","39.01","88.89","2.78","0.67","47.75","45.81","4.56","30.5","77.97","0","0","40.42","3.89"
"2025-04-27","31.04","81.2","0","0","50.6","52.54","6.84","39.55","92.08","9.67","11.99","57.8","57.19","7.26","38.87","88.66","2.47","0.28","47.16","45.23","4.44","30.38","77.85","0","0","40.17","3.85"
"2025-04-28","31.19","81.43","0","0","50.58","52.5","6.83","39.67","92.19","9.74","12.0","57.43","56.76","7.16","38.72","88.43","2.15","0","46.57","44.66","4.33","30.26","77.74","0","0","39.93","3.81"
"2025-04-29","31.34","81.66","0","0.26","50.56","52.46","6.82","39.79","92.3","9.81","11.99","57.07","56.33","7.05","38.57","88.19","1.84","0","45.99","44.1","4.22","30.14","77.63","0","0","39.7","3.78"
"2025-04-30","31.5","81.9","0","0.64","50.55","52.42","6.81","39.9","92.41","9.87","11.98","56.69","55.9","6.95","38.41","87.95","1.52","0","45.41","43.56","4.11","30.03","77.54","0","0","39.49","3.75"
"2025-05-01","31.65","82.14","0","1.03","50.54","52.38","6.79","40.01","92.5","9.92","11.95","56.31","55.46","6.84","38.25","87.71","1.2","0","44.85","43.02","4.0","29.92","77.45","0","0","39.29","3.72"
"2025-05-02","31.82","82.38","0","1.41","50.53","52.35","6.78","40.12","92.58","9.95","11.9","55.93","55.02","6.74","38.08","87.47","0.88","0","44.29","42.49","3.9","29.82","77.37","0","0","39.11","3.7"
"2025-05-03","31.98","82.63","0","1.8","50.52","52.31","6.77","40.22","92.66","9.98","11.85","55.55","54.58","6.63","37.91","87.22","0.56","0","43.74","41.97","3.79","29.73","77.29","0","0","38.94","3.68"
"2025-05-04","32.15","82.87","0","2.18","50.51","52.27","6.75","40.31","92.73","9.99","11.78","55.16","54.13","6.53","37.74","86.97","0.23","0","43.2","41.46","3.7","29.64","77.23","0","0","38.79","3.66"
"2025-05-05","32.32","83.12","0","2.56","50.51","52.23","6.74","40.4","92.8","10.0","11.7","54.77","53.69","6.42","37.57","86.72","0","0","42.67","40.96","3.6","29.55","77.17","0","0","38.64","3.65"
"2025-05-06","32.5","83.38","0.21","2.94","50.5","52.19","6.72","40.48","92.85","10.0","11.61","54.37","53.24","6.31","37.39","86.47","0","0","42.15","40.48","3.51","29.48","77.12","0","0","38.52","3.63"
"2025-05-07","32.67","83.63","0.54","3.31","50.5","52.15","6.71","40.55","92.89","9.98","11.5","53.98","52.78","6.21","37.22","86.21","0","0","41.63","40.0","3.41","29.4","77.08","0","0","38.4","3.62"
"2025-05-08","32.85","83.88","0.86","3.68","50.5","52.11","6.69","40.62","92.93","9.95","11.38","53.58","52.33","6.1","37.03","85.96","0","0","41.13","39.54","3.33","29.34","77.05","0","0","38.3","3.62"
"2025-05-09","33.04","84.14","1.18","4.05","50.5","52.07","6.67","40.69","92.96","9.92","11.26","53.17","51.88","6.0","36.85","85.7","0","0","40.64","39.09","3.24","29.27","77.02","0","0","38.21","3.61"
"2025-05-10","33.22","84.4","1.5","4.41","50.5","52.03","6.66","40.75","92.98","9.87","11.12","52.77","51.43","5.89","36.67","85.45","0","0","40.16","38.66","3.16","29.22","77.01","0","0","38.14","3.61"
"2025-05-11","33.41","84.66","1.82","4.77","50.5","51.99","6.64","40.8","93.0","9.82","10.97","52.36","50.97","5.78","36.48","85.19","0","0","39.69","38.23","3.08","29.17","77.0","0","0","38.08","3.61"
"2025-05-12","33.59","84.91","2.13","5.12","50.5","51.94","6.62","40.85","93.0","9.75","10.8","51.96","50.52","5.68","36.29","84.93","0","0","39.23","37.82","3.0","29.13","77.0","0","0","38.03","3.61"
"2025-05-13","33.78","85.17","2.45","5.47","50.5","51.9","6.6","40.89","93.0","9.67","10.63","51.55","50.06","5.57","36.1","84.67","0","0","38.79","37.42","2.93","29.09","77.01","0","0","38.0","3.62"
"2025-05-14","33.97","85.43","2.76","5.81","50.51","51.85","6.58","40.92","92.98","9.58","10.44","51.14","49.61","5.47","35.91","84.41","0","0","38.36","37.04","2.86","29.06","77.03","0","0","37.98","3.63"
"2025-05-15","34.16","85.69","3.07","6.14","50.51","51.8","6.56","40.95","92.96","9.49","10.25","50.73","49.15","5.36","35.72","84.16","0","0","37.94","36.67","2.8","29.04","77.05","0","0","37.97","3.64"
"2025-05-16","34.36","85.94","3.37","6.47","50.51","51.75","6.54","40.97","92.93","9.38","10.04","50.31","48.7","5.26","35.53","83.9","0","0","37.53","36.31","2.73","29.02","77.09","0","0","37.97","3.65"
"2025-05-17","34.55","86.2","3.67","6.8","50.51","51.7","6.52","40.99","92.9","9.26","9.82","49.9","48.25","5.16","35.33","83.65","0","0","37.13","35.97","2.67","29.01","77.13","0","0","37.99","3.66"
"2025-05-18","34.74","86.45","3.97","7.11","50.51","51.65","6.49","41.0","92.85","9.14","9.6","49.49","47.8","5.05","35.14","83.39","0","0","36.75","35.64","2.62","29.0","77.18","0","0","38.02","3.68"
"2025-05-19","34.93","86.71","4.27","7.42","50.51","51.59","6.47","41.0","92.8","9.0","9.36","49.08","47.36","4.95","34.95","83.14","0","0","36.38","35.33","2.56","29.0","77.24","0","0","38.06","3.7"
"2025-05-20","35.13","86.96","4.56","7.72","50.51","51.54","6.45","41.0","92.74","8.86","9.11","48.67","46.91","4.85","34.75","82.89","0","0","36.03","35.03","2.51","29.01","77.3","0","0","38.11","3.72"
"2025-05-21","35.32","87.21","4.84","8.01","50.5","51.48","6.42","40.99","92.67","8.7","8.85","48.26","46.47","4.75","34.56","82.64","0","0","35.69","34.75","2.47","29.02","77.38","0","0","38.18","3.75"
"2025-05-22","35.51","87.45","5.12","8.3","50.5","51.41","6.4","40.97","92.59","8.54","8.59","47.85","46.03","4.65","34.37","82.4","0","0","35.36","34.48","2.42","29.04","77.46","0","0","38.26","3.77"
"2025-05-23","35.71","87.7","5.39","8.57","50.49","51.35","6.37","40.95","92.5","8.37","8.31","47.44","45.59","4.55","34.18","82.15","0","0","35.05","34.23","2.38","29.07","77.55","0","0","38.35","3.8"
"2025-05-24","35.9","87.94","5.66","8.84","50.49","51.28","6.34","40.92","92.41","8.19","8.03","47.03","45.16","4.46","33.98","81.91","0","0","34.75","33.99","2.35","29.1","77.65","0","0","38.45","3.83"
"2025-05-25","36.09","88.18","5.93","9.1","50.48","51.21","6.31","40.89","92.31","8.0","7.74","46.63","44.73","4.36","33.79","81.68","0","0","34.47","33.77","2.32","29.13","77.76","0","0","38.56","3.86"
"2025-05-26","36.28","88.41","6.18","9.34","50.47","51.14","6.29","40.85","92.2","7.8","7.44","46.23","44.31","4.27","33.6","81.45","0","0","34.2","33.57","2.29","29.18","77.87","0","0","38.68","3.89"
"2025-05-27","36.47","88.64","6.43","9.58","50.46","51.07","6.26","40.8","92.09","7.59","7.13","45.83","43.89","4.18","33.42","81.22","0","0","33.95","33.38","2.26","29.23","77.99","0","0","38.81","3.93"
"2025-05-28","36.66","88.87","6.68","9.81","50.44","50.99","6.23","40.75","91.96","7.38","6.82","45.44","43.48","4.08","33.23","80.99","0","0","33.72","33.2","2.24","29.28","78.12","0","0","38.95","3.97"
"2025-05-29","36.84","89.1","6.91","10.03","50.43","50.91","6.2","40.69","91.83","7.16","6.49","45.04","43.07","4.0","33.05","80.77","0","0","33.49","33.05","2.22","29.35","78.25","0","0","39.11","4.01"
"2025-05-30","37.02","89.32","7.14","10.23","50.41","50.83","6.17","40.63","91.69","6.93","6.16","44.65","42.67","3.91","32.87","80.55","0","0","33.29","32.9","2.2","29.41","78.39","0","0","39.27","4.05"
"2025-05-31","37.2","89.53","7.36","10.43","50.39","50.75","6.13","40.56","91.55","6.69","5.83","44.27","42.27","3.82","32.69","80.34","0","0","33.1","32.78","2.19","29.49","78.54","0","0","39.44","4.09"
"2025-06-01","37.38","89.74","7.58","10.62","50.37","50.66","6.1","40.48","91.4","6.45","5.49","43.89","41.88","3.74","32.51","80.13","0","0","32.93","32.67","2.18","29.57","78.7","0","0","39.62","4.13"
"2025-06-02","37.56","89.95","7.79","10.79","50.35","50.58","6.07","40.4","91.24","6.2","5.14","43.51","41.5","3.65","32.33","79.93","0","0","32.77","32.58","2.18","29.65","78.86","0","0","39.81","4.18"
"2025-06-03","37.73","90.15","7.98","10.96","50.32","50.48","6.04","40.31","91.07","5.94","4.79","43.14","41.12","3.57","32.16","79.73","0","0","32.63","32.5","2.18","29.74","79.03","0","0","40.01","4.22"
"2025-06-04","37.9","90.34","8.17","11.11","50.29","50.39","6.0","40.22","90.9","5.68","4.43","42.78","40.75","3.5","31.99","79.54","0","0","32.5","32.44","2.18","29.84","79.2","0","0","40.22","4.27"
"2025-06-05","38.07","90.53","8.36","11.25","50.26","50.3","5.97","40.12","90.73","5.41","4.07","42.42","40.39","3.42","31.83","79.36","0","0","32.39","32.4","2.19","29.94","79.39","0","0","40.43","4.32"
"2025-06-06","38.24","90.71","8.53","11.38","50.23","50.2","5.93","40.02","90.54","5.14","3.7","42.06","40.03","3.35","31.66","79.18","0","0","32.3","32.37","2.19","30.05","79.57","0","0","40.66","4.37"
"2025-06-07","38.4","90.89","8.69","11.49","50.19","50.1","5.9","39.91","90.35","4.86","3.33","41.71","39.69","3.27","31.51","79.0","0","0","32.22","32.36","2.21","30.16","79.76","0","0","40.89","4.42"
"2025-06-08","38.56","91.06","8.85","11.6","50.16","50.0","5.86","39.8","90.16","4.57","2.96","41.37","39.35","3.2","31.35","78.84","0","0","32.16","32.36","2.22","30.27","79.96","0","0","41.13","4.47"
"2025-06-09","38.71","91.23","8.99","11.69","50.12","49.89","5.82","39.68","89.96","4.28","2.58","41.04","39.02","3.14","31.2","78.67","0","0","32.12","32.39","2.24","30.4","80.17","0","0","41.37","4.53"
"2025-06-10","38.86","91.39","9.13","11.77","50.08","49.78","5.79","39.56","89.75","3.99","2.2","40.71","38.71","3.07","31.05","78.52","0","0","32.09","32.42","2.26","30.52","80.37","0","0","41.63","4.58"
"2025-06-11","39.01","91.54","9.26","11.84","50.03","49.68","5.75","39.43","89.54","3.69","1.82","40.39","38.4","3.01","30.91","78.37","0","0","32.08","32.48","2.29","30.65","80.59","0","0","41.89","4.64"
"2025-06-12","39.15","91.68","9.37","11.9","49.99","49.57","5.71","39.29","89.33","3.39","1.44","40.08","38.1","2.95","30.77","78.23","0","0","32.09","32.55","2.32","30.79","80.8","0","0","42.15","4.69"
"2025-06-13","39.29","91.82","9.48","11.94","49.94","49.45","5.68","39.16","89.11","3.09","1.05","39.77","37.81","2.89","30.63","78.1","0","0","32.11","32.63","2.35","30.93","81.03","0","0","42.42","4.75"
"2025-06-14","39.42","91.95","9.58","11.97","49.89","49.34","5.64","39.01","88.89","2.78","0.67","39.48","37.53","2.84","30.5","77.97","0","0","32.15","32.73","2.39","31.07","81.25","0","0","42.7","4.81"
"2025-06-15","39.55","92.08","9.67","11.99","49.83","49.22","5.6","38.87","88.66","2.47","0.28","39.19","37.26","2.78","30.38","77.85","0","0","32.2","32.85","2.42","31.22","81.48","0","0","42.98","4.87"
"2025-06-16","39.67","92.19","9.74","12.0","49.78","49.11","5.56","38.72","88.43","2.15","0","38.91","37.01","2.73","30.26","77.74","0","0","32.27","32.98","2.47","31.37","81.72","0","0.34","43.27","4.93"
"2025-06-17","39.79","92.3","9.81","11.99","49.72","48.99","5.52","38.57","88.19","1.84","0","38.64","36.76","2.69","30.14","77.63","0","0","32.36","33.13","2.51","31.53","81.95","0","0.73","43.56","4.98"
"2025-06-18","39.9","92.41","9.87","11.98","49.66","48.87","5.48","38.41","87.95","1.52","0","38.38","36.53","2.64","30.03","77.54","0","0","32.46","33.29","2.56","31.69","82.19","0","1.12","43.86","5.04"
"2025-06-19","40.01","92.5","9.92","11.95","49.6","48.75","5.44","38.25","87.71","1.2","0","38.14","36.3","2.6","29.92","77.45","0","0","32.58","33.47","2.61","31.85","82.44","0","1.5","44.16","5.1"
"2025-06-20","40.12","92.58","9.95","11.9","49.54","48.63","5.41","38.08","87.47","0.88","0","37.9","36.09","2.56","29.82","77.37","0","0","32.72","33.67","2.66","32.02","82.68","0","1.88","44.46","5.16"
"2025-06-21","40.22","92.66","9.98","11.85","49.48","48.51","5.37","37.91","87.22","0.56","0","37.67","35.9","2.53","29.73","77.29","0","0","32.87","33.88","2.72","32.19","82.93","0","2.26","44.77","5.23"
"2025-06-22","40.31","92.73","9.99","11.78","49.41","48.38","5.33","37.74","86.97","0.23","0","37.45","35.71","2.5","29.64","77.23","0","0","33.04","34.1","2.78","32.36","83.18","0","2.64","45.08","5.29"
"2025-06-23","40.4","92.8","10.0","11.7","49.34","48.26","5.29","37.57","86.72","0","0","37.24","35.54","2.47","29.55","77.17","0","0","33.22","34.34","2.84","32.54","83.43","0.29","3.02","45.4","5.35"
"2025-06-24","40.48","92.85","10.0","11.61","49.27","48.14","5.25","37.39","86.47","0","0","37.05","35.38","2.44","29.48","77.12","0","0","33.42","34.59","2.91","32.71","83.69","0.61","3.39","45.72","5.41"
"2025-06-25","40.55","92.89","9.98","11.5","49.2","48.01","5.21","37.22","86.21","0","0","36.86","35.23","2.42","29.4","77.08","0","0","33.63","34.85","2.97","32.89","83.94","0.93","3.76","46.04","5.47"
"2025-06-26","40.62","92.93","9.95","11.38","49.13","47.89","5.18","37.03","85.96","0","0","36.69","35.1","2.4","29.34","77.05","0","0","33.86","35.13","3.04","33.08","84.2","1.25","4.13","46.36","5.53"
"2025-06-27","40.69","92.96","9.92","11.26","49.06","47.77","5.14","36.85","85.7","0","0","36.53","34.98","2.38","29.27","77.02","0","0","34.1","35.43","3.12","33.26","84.45","1.57","4.49","46.68","5.59"
"2025-06-28","40.75","92.98","9.87","11.12","48.99","47.64","5.1","36.67","85.45","0","0","36.38","34.87","2.37","29.22","77.01","0","0","34.36","35.73","3.19","33.45","84.71","1.89","4.85","47.01","5.65"
"2025-06-29","40.8","93.0","9.82","10.97","48.91","47.52","5.06","36.48","85.19","0","0","36.24","34.78","2.36","29.17","77.0","0","0","34.63","36.05","3.27","33.63","84.97","2.2","5.2","47.33","5.72"
"2025-06-30","40.85","93.0","9.75","10.8","48.84","47.4","5.03","36.29","84.93","0","0","36.12","34.71","2.36","29.13","77.0","0","0","34.92","36.38","3.35","33.82","85.23","2.52","5.54","47.66","5.78"
"2025-07-01","40.89","93.0","9.67","10.63","48.77","47.28","4.99","36.1","84.67","0","0","36.01","34.64","2.35","29.09","77.01","0","0","35.22","36.73","3.43","34.01","85.49","2.83","5.88","47.99","5.84"
"2025-07-02","40.92","92.98","9.58","10.44","48.69","47.16","4.96","35.91","84.41","0","0","35.91","34.59","2.35","29.06","77.03","0","0","35.53","37.09","3.52","34.21","85.74","3.13","6.22","48.32","5.9"
"2025-07-03","40.95","92.96","9.49","10.25","48.62","47.04","4.92","35.72","84.16","0","0","35.83","34.56","2.36","29.04","77.05","0","0","35.86","37.45","3.6","34.4","86.0","3.44","6.55","48.65","5.96"
"2025-07-04","40.97","92.93","9.38","10.04","48.54","46.93","4.89","35.53","83.9","0","0","35.75","34.54","2.36","29.02","77.09","0","0","36.2","37.84","3.69","34.59","86.26","3.74","6.87","48.98","6.02"
"2025-07-05","40.99","92.9","9.26","9.82","48.47","46.82","4.86","35.33","83.65","0","0","35.7","34.53","2.37","29.01","77.13","0","0","36.55","38.23","3.78","34.78","86.51","4.04","7.18","49.31","6.08"
"2025-07-06","41.0","92.85","9.14","9.6","48.39","46.7","4.82","35.14","83.39","0","0","35.65","34.54","2.39","29.0","77.18","0","0","36.92","38.63","3.88","34.98","86.76","4.33","7.49","49.64","6.14"
"2025-07-07","41.0","92.8","9.0","9.36","48.32","46.59","4.79","34.95","83.14","0","0","35.62","34.57","2.41","29.0","77.24","0","0","37.3","39.04","3.97","35.17","87.01","4.62","7.79","49.96","6.19"
"2025-07-08","41.0","92.74","8.86","9.11","48.24","46.49","4.76","34.75","82.89","0","0","35.61","34.61","2.43","29.01","77.3","0","0","37.69","39.47","4.07","35.36","87.26","4.9","8.08","50.29","6.25"
"2025-07-09","40.99","92.67","8.7","8.85","48.17","46.38","4.73","34.56","82.64","0","0","35.6","34.66","2.45","29.02","77.38","0","0","38.1","39.9","4.16","35.56","87.51","5.18","8.36","50.62","6.31"
"2025-07-10","40.97","92.59","8.54","8.59","48.1","46.28","4.7","34.37","82.4","0","0","35.62","34.74","2.48","29.04","77.46","0","0","38.51","40.35","4.26","35.75","87.75","5.45","8.63","50.94","6.37"
"2025-07-11","40.95","92.5","8.37","8.31","48.03","46.19","4.68","34.18","82.15","0","0","35.64","34.82","2.51","29.07","77.55","0","0","38.94","40.8","4.37","35.94","87.99","5.72","8.9","51.26","6.42"
"2025-07-12","40.92","92.41","8.19","8.03","47.96","46.09","4.65","33.98","81.91","0","0","35.68","34.92","2.54","29.1","77.65","0","0","39.38","41.26","4.47","36.13","88.23","5.98","9.15","51.58","6.48"
"2025-07-13","40.89","92.31","8.0","7.74","47.9","46.0","4.63","33.79","81.68","0","0","35.74","35.04","2.58","29.13","77.76","0","0","39.82","41.73","4.57","36.32","88.46","6.24","9.4","51.9","6.53"
"2025-07-14","40.85","92.2","7.8","7.44","47.83","45.92","4.6","33.6","81.45","0","0","35.81","35.17","2.62","29.18","77.87","0","0","40.28","42.21","4.68","36.51","88.7","6.49","9.63","52.22","6.59"
"2025-07-15","40.8","92.09","7.59","7.13","47.77","45.83","4.58","33.42","81.22","0","0","35.89","35.32","2.67","29.23","77.99","0","0","40.75","42.7","4.78","36.7","88.92","6.73","9.86","52.54","6.64"
"2025-07-16","40.75","91.96","7.38","6.82","47.71","45.76","4.56","33.23","80.99","0","0","35.99","35.48","2.71","29.28","78.12","0","0","41.23","43.2","4.89","36.88","89.15","6.96","10.07","52.85","6.69"
"2025-07-17","40.69","91.83","7.16","6.49","47.66","45.68","4.54","33.05","80.77","0","0","36.11","35.66","2.76","29.35","78.25","0","0","41.72","43.7","5.0","37.06","89.36","7.19","10.28","53.16","6.74"
"2025-07-18","40.63","91.69","6.93","6.16","47.6","45.62","4.52","32.87","80.55","0","0","36.24","35.85","2.82","29.41","78.39","0","0","42.22","44.21","5.11","37.24","89.58","7.41","10.47","53.46","6.79"
"2025-07-19","40.56","91.55","6.69","5.83","47.55","45.55","4.51","32.69","80.34","0","0","36.38","36.06","2.88","29.49","78.54","0","0","42.72","44.73","5.22","37.42","89.79","7.63","10.66","53.77","6.84"
"2025-07-20","40.48","91.4","6.45","5.49","47.5","45.5","4.49","32.51","80.13","0","0","36.54","36.29","2.94","29.57","78.7","0","0","43.24","45.25","5.33","37.6","89.99","7.83","10.83","54.07","6.89"
"2025-07-21","40.4","91.24","6.2","5.14","47.46","45.44","4.48","32.33","79.93","0","0","36.72","36.52","3.0","29.65","78.86","0","0","43.76","45.78","5.45","37.77","90.19","8.03","10.99","54.37","6.94"
"2025-07-22","40.31","91.07","5.94","4.79","47.42","45.4","4.47","32.16","79.73","0","0","36.9","36.78","3.07","29.74","79.03","0","0","44.29","46.31","5.56","37.94","90.38","8.21","11.14","54.66","6.99"
"2025-07-23","40.22","90.9","5.68","4.43","47.38","45.36","4.46","31.99","79.54","0","0","37.11","37.05","3.14","29.84","79.2","0","0","44.83","46.85","5.67","38.11","90.57","8.39","11.28","54.95","7.03"
"2025-07-24","40.12","90.73","5.41","4.07","47.35","45.32","4.45","31.83","79.36","0","0","37.33","37.33","3.21","29.94","79.39","0","0","45.37","47.4","5.79","38.27","90.75","8.57","11.4","55.24","7.08"
"2025-07-25","40.02","90.54","5.14","3.7","47.32","45.3","4.44","31.66","79.18","0","0","37.56","37.63","3.29","30.05","79.57","0","0","45.92","47.95","5.9","38.43","90.93","8.73","11.52","55.52","7.12"
"2025-07-26","39.91","90.35","4.86","3.33","47.3","45.28","4.44","31.51","79.0","0","0","37.81","37.95","3.37","30.16","79.76","0","0","46.48","48.5","6.02","38.59","91.1","8.88","11.62","55.8","7.17"
"2025-07-27","39.8","90.16","4.57","2.96","47.28","45.26","4.43","31.35","78.84","0","0","38.07","38.27","3.45","30.27","79.96","0","0","47.04","49.06","6.13","38.74","91.26","9.02","11.71","56.07","7.21"
"2025-07-28","39.68","89.96","4.28","2.58","47.27","45.26","4.43","31.2","78.67","0","0","38.35","38.62","3.54","30.4","80.17","0","0","47.61","49.61","6.25","38.89","91.42","9.16","11.79","56.34","7.25"
"2025-07-29","39.56","89.75","3.99","2.2","47.26","45.26","4.44","31.05","78.52","0","0","38.64","38.98","3.63","30.52","80.37","0","0","48.18","50.18","6.36","39.04","91.57","9.28","11.86","56.61","7.29"
"2025-07-30","39.43","89.54","3.69","1.82","47.26","45.27","4.44","30.91","78.37","0","0","38.95","39.35","3.72","30.65","80.59","0","0","48.76","50.74","6.48","39.18","91.72","9.4","11.91","56.87","7.33"
"2025-07-31","39.29","89.33","3.39","1.44","47.26","45.28","4.45","30.77","78.23","0","0","39.27","39.73","3.82","30.79","80.8","0","0","49.34","51.31","6.59","39.32","91.85","9.5","11.95","57.13","7.37"
"2025-08-01","39.16","89.11","3.09","1.05","47.27","45.31","4.45","30.63","78.1","0","0","39.61","40.13","3.91","30.93","81.03","0","0","49.92","51.88","6.71","39.45","91.98","9.6","11.98","57.38","7.41"
"2025-08-02","39.01","88.89","2.78","0.67","47.29","45.34","4.46","30.5","77.97","0","0","39.96","40.54","4.01","31.07","81.25","0","0","50.51","52.45","6.82","39.58","92.1","9.68","12.0","57.63","7.45"
"2025-08-03","38.87","88.66","2.47","0.28","47.31","45.38","4.48","30.38","77.85","0","0","40.32","40.97","4.12","31.22","81.48","0","0","51.1","53.02","6.94","39.7","92.22","9.76","12.0","57.88","7.49"
"2025-08-04","38.72","88.43","2.15","0","47.34","45.43","4.49","30.26","77.74","0","0","40.7","41.41","4.22","31.37","81.72","0","0.34","51.7","53.59","7.05","39.82","92.33","9.82","11.99","58.12","7.52"
"2025-08-05","38.57","88.19","1.84","0","47.38","45.49","4.51","30.14","77.63","0","0","41.09","41.86","4.33","31.53","81.95","0","0.73","52.29","54.16","7.17","39.93","92.43","9.88","11.97","58.36","7.56"
"2025-08-06","38.41","87.95","1.52","0","47.42","45.56","4.53","30.03","77.54","0","0","41.5","42.33","4.44","31.69","82.19","0","1.12","52.89","54.73","7.28","40.04","92.52","9.92","11.94","58.59","7.59"
"2025-08-07","38.25","87.71","1.2","0","47.47","45.64","4.55","29.92","77.45","0","0","41.92","42.81","4.55","31.85","82.44","0","1.5","53.49","55.31","7.4","40.14","92.6","9.96","11.89","58.82","7.62"
"2025-08-08","38.08","87.47","0.88","0","47.53","45.72","4.57","29.82","77.37","0","0","42.35","43.3","4.67","32.02","82.68","0","1.88","54.09","55.88","7.51","40.24","92.68","9.98","11.83","59.04","7.66"
"2025-08-09","37.91","87.22","0.56","0","47.59","45.82","4.6","29.73","77.29","0","0","42.79","43.8","4.79","32.19","82.93","0","2.26","54.69","56.45","7.62","40.33","92.75","10.0","11.76","59.26","7.69"
"2025-08-10","37.74","86.97","0.23","0","47.66","45.92","4.63","29.64","77.23","0","0","43.25","44.31","4.91","32.36","83.18","0","2.64","55.3","57.01","7.73","40.41","92.81","10.0","11.68","59.47","7.72"
"2025-08-11","37.57","86.72","0","0","47.74","46.04","4.66","29.55","77.17","0","0","43.72","44.84","5.03","32.54","83.43","0.29","3.02","55.9","57.58","7.84","40.5","92.86","9.99","11.58","59.68","7.75"
"2025-08-12","37.39","86.47","0","0","47.83","46.16","4.69","29.48","77.12","0","0","44.2","45.37","5.15","32.71","83.69","0.61","3.39","56.5","58.14","7.95","40.57","92.9","9.98","11.48","59.89","7.78"
"2025-08-13","37.22","86.21","0","0","47.93","46.3","4.73","29.4","77.08","0","0","44.69","45.92","5.28","32.89","83.94","0.93","3.76","57.1","58.71","8.06","40.64","92.94","9.95","11.36","60.09","7.8"
"2025-08-14","37.03","85.96","0","0","48.03","46.44","4.76","29.34","77.05","0","0","45.2","46.48","5.41","33.08","84.2","1.25","4.13","57.7","59.27","8.17","40.7","92.97","9.91","11.23","60.29","7.83"
"2025-08-15","36.85","85.7","0","0","48.15","46.6","4.81","29.27","77.02","0","0","45.72","47.04","5.54","33.26","84.45","1.57","4.49","58.3","59.82","8.28","40.76","92.99","9.86","11.08","60.48","7.86"
"2025-08-16","36.67","85.45","0","0","48.27","46.76","4.85","29.22","77.01","0","0","46.25","47.62","5.67","33.45","84.71","1.89","4.85","58.9","60.37","8.38","40.81","93.0","9.8","10.93","60.67","7.89"
"2025-08-17","36.48","85.19","0","0","48.4","46.94","4.89","29.17","77.0","0","0","46.79","48.21","5.8","33.63","84.97","2.2","5.2","59.49","60.92","8.49","40.86","93.0","9.73","10.76","60.85","7.91"
"2025-08-18","36.29","84.93","0","0","48.54","47.13","4.94","29.13","77.0","0","0","47.34","48.8","5.94","33.82","85.23","2.52","5.54","60.08","61.47","8.59","40.89","92.99","9.65","10.59","61.03","7.94"
"2025-08-19","36.1","84.67","0","0","48.69","47.32","4.99","29.09","77.01","0","0","47.9","49.41","6.07","34.01","85.49","2.83","5.88","60.67","62.01","8.69","40.93","92.98","9.56","10.4","61.21","7.96"
"2025-08-20","35.91","84.41","0","0","48.85","47.53","5.05","29.06","77.03","0","0","48.47","50.02","6.21","34.21","85.74","3.13","6.22","61.26","62.54","8.79","40.95","92.96","9.46","10.2","61.38","7.98"
"2025-08-21","35.72","84.16","0","0","49.02","47.75","5.1","29.04","77.05","0","0","49.05","50.64","6.35","34.4","86.0","3.44","6.55","61.84","63.07","8.89","40.98","92.93","9.36","9.99","61.55","8.01"
"2025-08-22","35.53","83.9","0","0","49.19","47.98","5.16","29.02","77.09","0","0","49.64","51.27","6.49","34.59","86.26","3.74","6.87","62.42","63.6","8.99","40.99","92.89","9.24","9.77","61.72","8.03"
"2025-08-23","35.33","83.65","0","0","49.38","48.22","5.22","29.01","77.13","0","0","50.24","51.91","6.63","34.78","86.51","4.04","7.18","62.99","64.12","9.09","41.0","92.84","9.11","9.54","61.88","8.05"
"2025-08-24","35.14","83.39","0","0","49.58","48.47","5.29","29.0","77.18","0","0","50.84","52.55","6.78","34.98","86.76","4.33","7.49","63.56","64.63","9.18","41.0","92.79","8.97","9.3","62.04","8.08"
"2025-08-25","34.95","83.14","0","0","49.78","48.73","5.36","29.0","77.24","0","0","51.46","53.2","6.92","35.17","87.01","4.62","7.79","64.12","65.14","9.28","41.0","92.72","8.82","9.05","62.2","8.1"
"2025-08-26","34.75","82.89","0","0","50.0","49.0","5.42","29.01","77.3","0","0","52.09","53.86","7.07","35.36","87.26","4.9","8.08","64.68","65.64","9.37","40.99","92.65","8.67","8.8","62.35","8.12"
"2025-08-27","34.56","82.64","0","0","50.22","49.29","5.5","29.02","77.38","0","0","52.72","54.52","7.21","35.56","87.51","5.18","8.36","65.24","66.14","9.46","40.97","92.57","8.5","8.53","62.5","8.14"
"2025-08-28","34.37","82.4","0","0","50.46","49.58","5.57","29.04","77.46","0","0","53.36","55.19","7.36","35.75","87.75","5.45","8.63","65.79","66.63","9.55","40.95","92.48","8.33","8.25","62.64","8.16"
"2025-08-29","34.18","82.15","0","0","50.71","49.89","5.65","29.07","77.55","0","0","54.0","55.86","7.5","35.94","87.99","5.72","8.9","66.33","67.11","9.64","40.92","92.39","8.14","7.97","62.79","8.18"
"2025-08-30","33.98","81.91","0","0","50.96","50.2","5.73","29.1","77.65","0","0","54.66","56.54","7.65","36.13","88.23","5.98","9.15","66.86","67.59","9.72","40.88","92.29","7.95","7.67","62.93","8.2"
"2025-08-31","33.79","81.68","0","0","51.23","50.53","5.81","29.13","77.76","0","0","55.31","57.22","7.8","36.32","88.46","6.24","9.4","67.39","68.06","9.81","40.84","92.18","7.75","7.37","63.07","8.22"
"2025-09-01","33.6","81.45","0","0","51.5","50.87","5.89","29.18","77.87","0","0","55.98","57.91","7.95","36.51","88.7","6.49","9.63","67.92","68.52","9.89","40.79","92.06","7.55","7.06","63.21","8.24"
"2025-09-02","33.42","81.22","0","0","51.79","51.21","5.98","29.23","77.99","0","0","56.65","58.6","8.1","36.7","88.92","6.73","9.86","68.43","68.97","9.97","40.74","91.93","7.33","6.75","63.34","8.26"
"2025-09-03","33.23","80.99","0","0","52.09","51.57","6.07","29.28","78.12","0","0","57.32","59.29","8.24","36.88","89.15","6.96","10.07","68.94","69.41","10.05","40.68","91.8","7.11","6.42","63.47","8.28"
"2025-09-04","33.05","80.77","0","0","52.39","51.94","6.16","29.35","78.25","0","0","58.0","59.99","8.39","37.06","89.36","7.19","10.28","69.44","69.85","10.13","40.61","91.66","6.88","6.09","63.61","8.3"
"2025-09-05","32.87","80.55","0","0","52.71","52.32","6.25","29.41","78.39","0","0","58.69","60.68","8.54","37.24","89.58","7.41","10.47","69.94","70.28","10.2","40.54","91.52","6.64","5.75","63.73","8.33"
"2025-09-06","32.69","80.34","0","0","53.04","52.71","6.35","29.49","78.54","0","0","59.38","61.38","8.69","37.42","89.79","7.63","10.66","70.42","70.7","10.27","40.47","91.36","6.39","5.41","63.86","8.35"
"2025-09-07","32.51","80.13","0","0","53.37","53.12","6.44","29.57","78.7","0","0","60.07","62.08","8.84","37.6","89.99","7.83","10.83","70.9","71.11","10.35","40.38","91.2","6.14","5.06","63.99","8.37"
"2025-09-08","32.33","79.93","0","0","53.72","53.53","6.54","29.65","78.86","0","0","60.76","62.78","8.99","37.77","90.19","8.03","10.99","71.37","71.52","10.42","40.29","91.04","5.88","4.71","64.12","8.39"
"2025-09-09","32.16","79.73","0","0","54.07","53.95","6.65","29.74","79.03","0","0","61.46","63.48","9.14","37.94","90.38","8.21","11.14","71.83","71.91","10.48","40.2","90.86","5.62","4.35","64.24","8.41"
"2025-09-10","31.99","79.54","0","0","54.44","54.38","6.75","29.84","79.2","0","0","62.16","64.19","9.28","38.11","90.57","8.39","11.28","72.28","72.3","10.55","40.1","90.69","5.35","3.99","64.36","8.43"
"2025-09-11","31.83","79.36","0","0","54.82","54.82","6.86","29.94","79.39","0","0","62.86","64.89","9.43","38.27","90.75","8.57","11.4","72.72","72.68","10.61","40.0","90.5","5.08","3.62","64.49","8.45"
"2025-09-12","31.66","79.18","0","0","55.2","55.27","6.97","30.05","79.57","0","0","63.56","65.59","9.58","38.43","90.93","8.73","11.52","73.16","73.05","10.68","39.89","90.31","4.8","3.25","64.61","8.48"
"2025-09-13","31.51","79.0","0","0","55.6","55.73","7.08","30.16","79.76","0","0","64.26","66.29","9.72","38.59","91.1","8.88","11.62","73.58","73.41","10.74","39.77","90.12","4.51","2.88","64.73","8.5"
"2025-09-14","31.35","78.84","0","0","56.0","56.2","7.19","30.27","79.96","0","0","64.97","66.98","9.87","38.74","91.26","9.02","11.71","74.0","73.76","10.79","39.65","89.91","4.22","2.5","64.86","8.52"
"2025-09-15","32.49","77.21","0","0","56.41","56.68","7.3","31.69","78.7","0","0","65.67","67.68","10.01","40.18","89.96","10.54","13.86","74.41","74.1","10.85","40.82","88.24","5.3","4.19","64.98","8.54"
"2025-09-16","33.63","75.59","0","0","56.84","57.17","7.42","33.1","77.45","0","2.16","66.37","68.37","10.15","41.62","88.65","12.04","15.99","74.8","74.43","10.91","41.98","86.57","6.38","5.87","65.1","8.57"
"2025-09-17","34.78","73.98","0","0","57.27","57.67","7.54","34.53","76.2","0.62","4.61","67.08","69.06","10.29","43.05","87.33","13.53","18.1","75.19","74.76","10.96","43.14","84.89","7.45","7.55","65.23","8.59"
"2025-09-18","35.93","72.38","0","0","57.71","58.17","7.66","35.95","74.96","2.3","7.05","67.78","69.75","10.43","44.48","86.0","15.01","20.21","75.57","75.07","11.01","44.29","83.21","8.52","9.22","65.35","8.62"
"2025-09-19","37.08","70.79","0","0","58.16","58.68","7.78","37.38","73.72","3.98","9.5","68.48","70.43","10.57","45.9","84.67","16.48","22.3","75.94","75.38","11.06","45.43","81.53","9.59","10.9","65.48","8.65"
"2025-09-20","38.23","69.21","0","0.38","58.62","59.21","7.9","38.81","72.49","5.66","11.94","69.17","71.11","10.71","47.31","83.34","17.93","24.37","76.3","75.67","11.11","46.57","79.84","10.65","12.57","65.6","8.67"
"2025-09-21","39.39","67.63","0","2.43","59.09","59.73","8.03","40.24","71.26","7.34","14.38","69.87","71.78","10.85","48.71","82.0","19.38","26.42","76.64","75.96","11.15","47.7","78.16","11.7","14.23","65.73","8.7"
"2025-09-22","40.55","66.07","1.2","4.48","59.56","60.27","8.15","41.67","70.05","9.02","16.82","70.56","72.45","10.98","50.11","80.66","20.81","28.46","76.98","76.24","11.2","48.83","76.47","12.75","15.89","65.86","8.73"
"2025-09-23","41.71","64.52","2.5","6.53","60.05","60.82","8.28","43.1","68.84","10.7","19.25","71.25","73.12","11.12","51.5","79.31","22.22","30.49","77.31","76.5","11.24","49.95","74.78","13.79","17.55","65.99","8.76"
"2025-09-24","42.88","62.98","3.8","8.6","60.54","61.37","8.41","44.54","67.63","12.38","21.67","71.93","73.77","11.25","52.88","77.96","23.63","32.49","77.63","76.76","11.28","51.06","73.1","14.83","19.2","66.12","8.79"
"2025-09-25","44.04","61.45","5.12","10.67","61.04","61.93","8.54","45.97","66.44","14.05","24.09","72.61","74.43","11.38","54.26","76.6","25.02","34.48","77.94","77.01","11.32","52.16","71.42","15.87","20.85","66.26","8.82"
"2025-09-26","45.21","59.93","6.44","12.74","61.54","62.49","8.67","47.4","65.25","15.73","26.5","73.29","75.07","11.51","55.62","75.25","26.39","36.44","78.24","77.25","11.35","53.26","69.73","16.89","22.5","66.39","8.85"
"2025-09-27","46.37","58.43","7.76","14.82","62.06","63.06","8.8","48.83","64.07","17.39","28.89","73.96","75.71","11.63","56.97","73.88","27.75","38.39","78.52","77.48","11.39","54.35","68.05","17.92","24.13","66.53","8.88"
"2025-09-28","47.54","56.94","9.09","16.91","62.58","63.64","8.93","50.26","62.89","19.06","31.28","74.63","76.34","11.76","58.31","72.52","29.09","40.32","78.8","77.71","11.42","55.43","66.38","18.93","25.77","66.67","8.92"
"2025-09-29","48.71","55.47","10.43","19.0","63.11","64.22","9.07","51.69","61.73","20.71","33.66","75.29","76.97","11.88","59.65","71.15","30.42","42.23","79.07","77.92","11.45","56.51","64.71","19.95","27.39","66.81","8.95"
"2025-09-30","49.87","54.01","11.77","21.09","63.64","64.81","9.2","53.11","60.57","22.36","36.03","75.94","77.58","12.0","60.97","69.79","31.73","44.11","79.33","78.12","11.48","57.57","63.04","20.95","29.02","66.96","8.98"
"2025-10-01","51.04","52.56","13.11","23.19","64.18","65.4","9.34","54.53","59.42","24.01","38.38","76.59","78.19","12.12","62.28","68.42","33.03","45.98","79.57","78.32","11.51","58.63","61.38","21.95","30.63","67.11","9.02"
"2025-10-02","52.2","51.13","14.46","25.28","64.73","66.0","9.48","55.95","58.28","25.64","40.72","77.23","78.79","12.24","63.57","67.05","34.3","47.82","79.81","78.51","11.54","59.68","59.73","22.95","32.24","67.26","9.06"
"2025-10-03","53.37","49.72","15.81","27.38","65.28","66.6","9.61","57.36","57.15","27.27","43.04","77.86","79.38","12.35","64.85","65.68","35.56","49.64","80.04","78.69","11.57","60.72","58.08","23.94","33.85","67.42","9.1"
"2025-10-04","54.53","48.32","17.16","29.48","65.84","67.21","9.75","58.76","56.02","28.89","45.35","78.49","79.96","12.46","66.12","64.31","36.8","51.43","80.26","78.85","11.59","61.75","56.44","24.92","35.44","67.57","9.14"
"2025-10-05","55.7","46.94","18.52","31.57","66.4","67.82","9.89","60.16","54.91","30.5","47.64","79.1","80.54","12.57","67.38","62.94","38.03","53.21","80.47","79.02","11.61","62.78","54.81","25.9","37.03","67.74","9.18"
"2025-10-06","56.86","45.57","19.88","33.67","66.97","68.43","10.03","61.55","53.8","32.09","49.91","79.71","81.1","12.68","68.62","61.57","39.23","54.95","80.66","79.17","11.63","63.79","53.19","26.87","38.62","67.9","9.22"
"2025-10-07","58.02","44.23","21.23","35.76","67.54","69.05","10.17","62.94","52.7","33.68","52.16","80.31","81.65","12.78","69.85","60.2","40.42","56.68","80.85","79.31","11.65","64.79","51.58","27.84","40.19","68.07","9.26"
"2025-10-08","59.17","42.9","22.59","37.85","68.12","69.67","10.31","64.32","51.62","35.25","54.4","80.9","82.19","12.89","71.07","58.83","41.58","58.38","81.03","79.45","11.67","65.79","49.97","28.8","41.76","68.24","9.31"
"2025-10-09","60.33","41.59","23.95","39.94","68.7","70.29","10.44","65.69","50.54","36.82","56.61","81.49","82.72","12.99","72.26","57.47","42.73","60.06","81.2","79.58","11.69","66.77","48.38","29.75","43.32","68.42","9.35"
"2025-10-10","61.48","40.3","25.31","42.02","69.28","70.92","10.58","67.05","49.47","38.36","58.8","82.06","83.24","13.08","73.45","56.1","43.86","61.71","81.36","79.7","11.71","67.75","46.8","30.7","44.87","68.6","9.4"
"2025-10-11","62.62","39.03","26.67","44.1","69.87","71.54","10.72","68.4","48.41","39.9","60.97","82.62","83.75","13.18","74.62","54.74","44.97","63.33","81.51","79.82","11.72","68.71","45.24","31.64","46.42","68.78","9.45"
"2025-10-12","63.77","37.78","28.03","46.17","70.46","72.17","10.86","69.74","47.36","41.41","63.11","83.17","84.25","13.27","75.77","53.38","46.05","64.93","81.65","79.92","11.73","69.67","43.68","32.58","47.96","68.97","9.5"
"2025-10-13","64.91","36.55","29.38","48.24","71.05","72.79","11.0","71.08","46.32","42.92","65.23","83.71","84.73","13.36","76.9","52.03","47.12","66.5","81.79","80.02","11.75","70.62","42.14","33.51","49.48","69.16","9.55"
"2025-10-14","66.04","35.33","30.74","50.3","71.65","73.42","11.14","72.4","45.29","44.4","67.33","84.24","85.21","13.44","78.02","50.68","48.17","68.05","81.91","80.11","11.76","71.55","40.62","34.43","51.0","69.36","9.6"
"2025-10-15","67.17","34.14","32.09","52.35","72.24","74.05","11.28","73.71","44.27","45.88","69.4","84.76","85.67","13.53","79.12","49.33","49.2","69.57","82.02","80.2","11.77","72.48","39.11","35.34","52.51","69.56","9.65"
"2025-10-16","68.3","32.97","33.44","54.39","72.84","74.68","11.42","75.01","43.26","47.33","71.44","85.27","86.12","13.61","80.2","47.99","50.2","71.06","82.13","80.28","11.78","73.39","37.61","36.25","54.02","69.76","9.7"
"2025-10-17","69.42","31.82","34.78","56.42","73.44","75.3","11.55","76.29","42.26","48.76","73.46","85.77","86.55","13.69","81.27","46.66","51.18","72.53","82.23","80.35","11.79","74.29","36.13","37.16","55.51","69.97","9.76"
"2025-10-18","70.53","30.69","36.12","58.44","74.04","75.93","11.69","77.56","41.27","50.18","75.44","86.25","86.97","13.76","82.31","45.33","52.15","73.96","82.32","80.42","11.79","75.18","34.67","38.05","56.99","70.19","9.82"
"2025-10-19","71.64","29.59","37.46","60.45","74.64","76.55","11.83","78.82","40.29","51.58","77.4","86.72","87.38","13.83","83.34","44.01","53.09","75.38","82.4","80.48","11.8","76.07","33.22","38.94","58.46","70.4","9.87"
"2025-10-20","72.74","28.5","38.79","62.44","75.24","77.18","11.96","80.07","39.33","52.95","79.33","87.18","87.78","13.9","84.35","42.69","54.01","76.76","82.47","80.53","11.81","76.94","31.8","39.83","59.92","70.63","9.93"
"2025-10-21","73.83","27.44","40.12","64.43","75.85","77.8","12.1","81.3","38.37","54.31","81.23","87.63","88.17","13.97","85.34","41.38","54.91","78.11","82.54","80.58","11.81","77.8","30.39","40.7","61.38","70.85","9.99"
"2025-10-22","74.92","26.4","41.43","66.4","76.45","78.41","12.23","82.52","37.42","55.64","83.09","88.06","88.54","14.03","86.31","40.08","55.78","79.44","82.6","80.62","11.82","78.64","29.0","41.57","62.82","71.09","10.05"
"2025-10-23","76.0","25.38","42.75","68.35","77.04","79.03","12.36","83.72","36.49","56.96","84.92","88.48","88.89","14.09","87.27","38.79","56.64","80.74","82.65","80.66","11.82","79.48","27.63","42.44","64.25","71.32","10.12"
"2025-10-24","77.07","24.38","44.05","70.29","77.64","79.64","12.49","84.9","35.57","58.25","86.72","88.89","89.24","14.15","88.2","37.5","57.47","82.01","82.69","80.69","11.82","80.3","26.28","43.29","65.67","71.56","10.18"
"2025-10-25","78.13","23.41","45.35","72.21","78.24","80.24","12.62","86.07","34.65","59.52","88.49","89.28","89.56","14.2","89.11","36.23","58.28","83.25","82.72","80.71","11.83","81.12","24.95","44.14","67.07","71.81","10.24"
"2025-10-26","79.19","22.46","46.63","74.12","78.83","80.85","12.75","87.22","33.75","60.76","90.23","89.66","89.88","14.25","90.0","34.96","59.07","84.46","82.75","80.74","11.83","81.92","23.65","44.98","68.47","72.06","10.31"
"2025-10-27","80.23","21.53","47.91","76.01","79.42","81.44","12.88","88.35","32.86","61.98","91.92","90.03","90.18","14.3","90.88","33.71","59.84","85.64","82.78","80.75","11.83","82.71","22.36","45.81","69.85","72.31","10.38"
"2025-10-28","81.27","20.63","49.18","77.88","80.01","82.04","13.0","89.47","31.98","63.18","93.59","90.38","90.47","14.35","91.73","32.46","60.59","86.8","82.79","80.77","11.83","83.48","21.1","46.64","71.22","72.57","10.44"
"2025-10-29","82.3","19.75","50.44","79.72","80.6","82.62","13.12","90.57","31.12","64.35","95.21","90.72","90.74","14.39","92.56","31.23","61.31","87.92","82.8","80.77","11.83","84.25","19.86","47.46","72.58","72.83","10.51"
"2025-10-30","83.31","18.89","51.69","81.55","81.18","83.2","13.25","91.65","30.26","65.5","96.8","91.04","91.0","14.43","93.37","30.01","62.01","89.02","82.81","80.78","11.83","85.0","18.65","48.27","73.92","73.1","10.58"
"2025-10-31","84.32","18.06","52.92","83.36","81.75","83.78","13.37","92.71","29.42","66.62","98.36","91.35","91.24","14.47","94.16","28.8","62.69","90.09","82.8","80.78","11.83","85.74","17.46","49.07","75.25","73.37","10.65"
"2025-11-01","85.31","17.25","54.15","85.14","82.33","84.35","13.48","93.75","28.59","67.71","99.87","91.65","91.47","14.5","94.93","27.6","63.34","91.13","82.8","80.78","11.83","86.47","16.29","49.86","76.57","73.65","10.73"
"2025-11-02","86.3","16.47","55.36","86.91","82.89","84.91","13.6","94.77","27.77","68.78","101.35","91.93","91.69","14.53","95.67","26.42","63.98","92.14","82.78","80.77","11.83","87.19","15.15","50.65","77.88","73.93","10.8"
"2025-11-03","87.27","15.71","56.56","88.64","83.46","85.46","13.72","95.77","26.97","69.82","102.79","92.19","91.89","14.56","96.4","25.25","64.59","93.12","82.77","80.76","11.83","87.89","14.03","51.43","79.17","74.21","10.87"
"2025-11-04","88.23","14.97","57.74","90.36","84.01","86.01","13.83","96.74","26.17","70.84","104.19","92.44","92.07","14.58","97.1","24.1","65.18","94.07","82.74","80.75","11.83","88.58","12.94","52.2","80.44","74.5","10.95"
"2025-11-05","89.18","14.26","58.91","92.05","84.56","86.55","13.94","97.7","25.39","71.82","105.55","92.68","92.25","14.6","97.79","22.96","65.75","94.99","82.71","80.74","11.83","89.26","11.87","52.96","81.7","74.79","11.02"
"2025-11-06","90.11","13.57","60.07","93.71","85.11","87.08","14.05","98.64","24.62","72.78","106.86","92.9","92.4","14.62","98.45","21.83","66.29","95.88","82.68","80.72","11.83","89.92","10.84","53.71","82.94","75.09","11.1"
"2025-11-07","91.03","12.91","61.21","95.35","85.65","87.6","14.15","99.55","23.87","73.71","108.14","93.11","92.55","14.64","99.09","20.72","66.82","96.75","82.65","80.7","11.83","90.58","9.83","54.46","84.17","75.39","11.17"
"2025-11-08","91.94","12.27","62.34","96.95","86.18","88.11","14.25","100.44","23.12","74.61","109.38","93.3","92.67","14.65","99.7","19.63","67.32","97.58","82.6","80.68","11.83","91.21","8.84","55.19","85.38","75.69","11.25"
"2025-11-09","92.83","11.66","63.44","98.53","86.7","88.61","14.36","101.31","22.39","75.48","110.58","93.47","92.79","14.66","100.3","18.55","67.8","98.39","82.56","80.66","11.83","91.84","7.89","55.92","86.58","76.0","11.33"
"2025-11-10","93.71","11.07","64.53","100.08","87.21","89.11","14.45","102.15","21.68","76.32","111.73","93.64","92.89","14.66","100.87","17.49","68.26","99.16","82.51","80.63","11.83","92.45","6.96","56.63","87.76","76.31","11.41"
"2025-11-11","94.58","10.5","65.61","101.6","87.72","89.59","14.55","102.98","20.97","77.13","112.84","93.78","92.98","14.67","101.42","16.45","68.7","99.91","82.46","80.61","11.83","93.05","6.06","57.34","88.92","76.62","11.49"
"2025-11-12","95.43","9.96","66.66","103.09","88.22","90.06","14.64","103.77","20.28","77.91","113.91","93.91","93.05","14.67","101.95","15.42","69.11","100.63","82.41","80.58","11.83","93.64","5.19","58.04","90.07","76.94","11.57"
"2025-11-13","96.26","9.44","67.7","104.55","88.71","90.52","14.73","104.55","19.61","78.66","114.94","94.03","93.1","14.67","102.45","14.42","69.51","101.32","82.35","80.55","11.83","94.21","4.35","58.73","91.2","77.25","11.65"
"2025-11-14","97.08","8.95","68.71","105.98","89.19","90.97","14.82","105.3","18.95","79.38","115.93","94.13","93.15","14.66","102.94","13.43","69.88","101.98","82.29","80.52","11.83","94.77","3.54","59.4","92.3","77.58","11.73"
"2025-11-15","97.88","8.48","69.71","107.37","89.66","91.41","14.9","106.02","18.3","80.07","116.87","94.22","93.18","14.66","103.4","12.47","70.23","102.61","82.23","80.5","11.83","95.31","2.76","60.07","93.39","77.9","11.81"
"2025-11-16","98.67","8.03","70.69","108.73","90.12","91.83","14.99","106.72","17.66","80.73","117.77","94.29","93.2","14.65","103.84","11.52","70.57","103.21","82.16","80.47","11.83","95.84","2.01","60.73","94.47","78.22","11.89"
"2025-11-17","99.44","7.61","71.64","110.06","90.56","92.25","15.07","107.39","17.04","81.35","118.62","94.35","93.2","14.64","104.25","10.59","70.88","103.79","82.09","80.43","11.83","96.36","1.29","61.38","95.52","78.55","11.98"
"2025-11-18","100.19","7.22","72.58","111.35","91.0","92.65","15.14","108.04","16.44","81.95","119.43","94.39","93.19","14.62","104.65","9.69","71.17","104.34","82.02","80.4","11.83","96.86","0.6","62.01","96.55","78.88","12.06"
"2025-11-19","100.92","6.85","73.49","112.6","91.43","93.04","15.21","108.66","15.84","82.51","120.2","94.42","93.16","14.61","105.02","8.81","71.44","104.86","81.95","80.37","11.84","97.35","0","62.64","97.56","79.21","12.14"
"2025-11-20","101.64","6.5","74.38","113.82","91.85","93.41","15.28","109.26","15.27","83.04","120.92","94.43","93.13","14.59","105.37","7.94","71.69","105.35","81.88","80.34","11.84","97.82","0","63.25","98.55","79.54","12.22"
"2025-11-21","102.33","6.17","75.25","115.01","92.25","93.77","15.35","109.83","14.7","83.54","121.6","94.43","93.08","14.56","105.7","7.11","71.91","105.81","81.81","80.31","11.84","98.28","0","63.85","99.53","79.88","12.31"
"2025-11-22","103.01","5.87","76.09","116.15","92.65","94.12","15.41","110.38","14.16","84.0","122.24","94.42","93.02","14.54","106.0","6.29","72.12","106.24","81.73","80.28","11.84","98.73","0","64.44","100.47","80.21","12.39"
"2025-11-23","103.67","5.59","76.91","117.26","93.03","94.46","15.47","110.89","13.62","84.44","122.83","94.39","92.94","14.51","106.29","5.5","72.31","106.65","81.66","80.26","11.85","99.16","0","65.02","101.4","80.55","12.47"
"2025-11-24","104.31","5.34","77.7","118.33","93.4","94.78","15.53","111.38","13.11","84.84","123.37","94.35","92.85","14.48","106.55","4.73","72.48","107.03","81.58","80.23","11.85","99.57","0","65.59","102.31","80.88","12.55"
"2025-11-25","104.93","5.11","78.47","119.36","93.75","95.09","15.58","111.85","12.6","85.21","123.87","94.29","92.75","14.45","106.79","3.98","72.63","107.38","81.51","80.2","11.86","99.97","0","66.14","103.19","81.22","12.64"
"2025-11-26","105.54","4.9","79.22","120.34","94.09","95.38","15.63","112.28","12.12","85.55","124.33","94.22","92.64","14.42","107.01","3.26","72.76","107.71","81.43","80.18","11.86","100.36","0","66.69","104.05","81.56","12.72"
"2025-11-27","106.12","4.72","79.94","121.29","94.42","95.66","15.68","112.69","11.65","85.85","124.74","94.14","92.52","14.38","107.2","2.56","72.87","108.01","81.35","80.15","11.87","100.73","0","67.21","104.89","81.89","12.8"
"2025-11-28","106.68","4.56","80.63","122.2","94.74","95.92","15.73","113.07","11.19","86.13","125.11","94.04","92.38","14.35","107.38","1.89","72.97","108.28","81.28","80.13","11.88","101.09","0","67.73","105.7","82.23","12.88"
"2025-11-29","107.21","4.42","81.3","123.07","95.04","96.17","15.77","113.43","10.75","86.37","125.43","93.93","92.24","14.31","107.53","1.25","73.04","108.52","81.2","80.11","11.88","101.43","0","68.23","106.49","82.56","12.96"
"2025-11-30","107.73","4.31","81.94","123.89","95.33","96.4","15.8","113.75","10.33","86.58","125.71","93.81","92.08","14.27","107.66","0.63","73.1","108.74","81.13","80.09","11.89","101.76","0","68.72","107.25","82.89","13.04"
"2025-12-01","108.23","4.21","82.55","124.68","95.6","96.62","15.84","114.05","9.92","86.75","125.95","93.67","91.91","14.22","107.77","0.04","73.14","108.93","81.05","80.07","11.9","102.07","0","69.2","107.99","83.23","13.12"
"2025-12-02","108.7","4.14","83.13","125.42","95.86","96.82","15.87","114.32","9.53","86.89","126.14","93.53","91.73","14.18","107.86","0","73.15","109.09","80.98","80.05","11.91","102.36","0","69.66","108.71","83.56","13.2"
"2025-12-03","109.16","4.1","83.69","126.11","96.11","97.01","15.89","114.57","9.16","87.01","126.28","93.37","91.54","14.13","107.92","0","73.16","109.23","80.9","80.03","11.92","102.64","0","70.11","109.4","83.89","13.28"
"2025-12-04","109.59","4.07","84.21","126.77","96.34","97.18","15.91","114.78","8.8","87.09","126.39","93.2","91.34","14.08","107.97","0","73.14","109.34","80.83","80.02","11.93","102.91","0","70.54","110.06","84.21","13.36"
"2025-12-05","109.99","4.07","84.71","127.38","96.55","97.34","15.93","114.97","8.46","87.13","126.45","93.01","91.13","14.03","107.99","0","73.11","109.43","80.76","80.01","11.94","103.16","0","70.96","110.69","84.54","13.43"
"2025-12-06","110.38","4.09","85.18","127.94","96.75","97.47","15.95","115.13","8.14","87.15","126.46","92.82","90.92","13.98","108.0","0","73.05","109.49","80.69","80.0","11.95","103.39","0","71.36","111.3","84.86","13.51"
"2025-12-07","110.74","4.13","85.62","128.46","96.93","97.6","15.96","115.26","7.84","87.13","126.44","92.61","90.69","13.93","107.98","0","72.99","109.53","80.62","79.99","11.96","103.61","0","71.75","111.88","85.18","13.58"
"2025-12-08","111.08","4.19","86.03","128.94","97.1","97.7","15.97","115.36","7.55","87.08","126.37","92.39","90.45","13.87","107.94","0","72.9","109.53","80.55","79.99","11.97","103.81","0","72.12","112.44","85.49","13.66"
"2025-12-09","111.39","4.27","86.4","129.37","97.26","97.79","15.97","115.43","7.28","87.0","126.26","92.17","90.21","13.82","107.88","0","72.8","109.52","80.48","79.98","11.99","103.99","0","72.48","112.96","85.8","13.73"
"2025-12-10","111.68","4.37","86.75","129.75","97.39","97.87","15.98","115.48","7.03","86.89","126.1","91.93","89.95","13.76","107.81","0","72.68","109.48","80.42","79.98","12.0","104.16","0","72.82","113.46","86.11","13.8"
"2025-12-11","111.95","4.5","87.07","130.09","97.52","97.93","15.97","115.5","6.79","86.75","125.9","91.68","89.69","13.7","107.71","0","72.55","109.41","80.36","79.99","12.02","104.31","0","73.14","113.93","86.42","13.87"
"2025-12-12","112.19","4.64","87.35","130.38","97.62","97.97","15.97","115.49","6.58","86.58","125.66","91.42","89.42","13.64","107.59","0","72.4","109.32","80.29","79.99","12.03","104.45","0","73.45","114.36","86.71","13.94"
"2025-12-13","112.41","4.81","87.61","130.63","97.71","97.99","15.96","115.45","6.38","86.38","125.38","91.15","89.14","13.58","107.45","0","72.23","109.21","80.24","79.99","12.05","104.57","0","73.74","114.77","87.01","14.01"
"2025-12-14","112.6","4.99","87.83","130.83","97.78","98.0","15.95","115.38","6.2","86.14","125.06","90.87","88.86","13.52","107.29","0","72.05","109.07","80.18","80.0","12.06","104.67","0","74.01","115.15","87.3","14.07"
"2025-12-15","112.77","5.2","88.02","130.98","97.84","97.99","15.93","115.29","6.04","85.88","124.7","90.59","88.56","13.46","107.12","0","71.85","108.91","80.12","80.01","12.08","104.76","0","74.27","115.5","87.58","14.14"
"2025-12-16","112.91","5.42","88.18","131.09","97.88","97.97","15.91","115.17","5.9","85.58","124.3","90.29","88.27","13.39","106.92","0","71.64","108.72","80.07","80.03","12.1","104.83","0","74.51","115.81","87.86","14.2"
"2025-12-17","113.02","5.67","88.3","131.14","97.91","97.93","15.89","115.02","5.78","85.26","123.85","89.99","87.96","13.33","106.71","0","71.41","108.51","80.02","80.04","12.11","104.88","0","74.73","116.1","88.13","14.26"
"2025-12-18","113.12","5.93","88.4","131.15","97.91","97.87","15.86","114.84","5.68","84.91","123.37","89.68","87.65","13.26","106.47","0","71.17","108.27","79.97","80.06","12.13","104.91","0","74.93","116.35","88.4","14.32"
"2025-12-19","113.18","6.21","88.46","131.12","97.9","97.79","15.83","114.64","5.59","84.53","122.85","89.36","87.33","13.2","106.22","0","70.91","108.02","79.93","80.08","12.15","104.93","0","75.11","116.58","88.66","14.37"
"2025-12-20","113.22","6.52","88.49","131.03","97.88","97.7","15.8","114.4","5.53","84.12","122.29","89.03","87.01","13.13","105.95","0","70.64","107.73","79.88","80.1","12.17","104.93","0","75.28","116.77","88.91","14.43"
"2025-12-21","113.24","6.84","88.48","130.9","97.84","97.6","15.76","114.15","5.49","83.68","121.69","88.69","86.68","13.06","105.66","0","70.35","107.43","79.84","80.12","12.19","104.92","0","75.42","116.92","89.16","14.48"
"2025-12-22","113.23","7.18","88.45","130.72","97.78","97.47","15.72","113.86","5.46","83.21","121.05","88.35","86.35","13.0","105.35","0","70.05","107.1","79.8","80.15","12.21","104.88","0","75.55","117.05","89.4","14.53"
"2025-12-23","113.19","7.53","88.38","130.5","97.71","97.34","15.68","113.55","5.46","82.72","120.38","88.0","86.01","12.93","105.03","0","69.74","106.75","79.76","80.17","12.23","104.83","0","75.65","117.14","89.63","14.58"
"2025-12-24","113.13","7.91","88.27","130.22","97.62","97.18","15.63","113.21","5.48","82.2","119.67","87.65","85.67","12.86","104.68","0","69.41","106.38","79.73","80.2","12.25","104.77","0","75.74","117.2","89.85","14.63"
"2025-12-25","113.04","8.3","88.14","129.9","97.51","97.01","15.58","112.85","5.51","81.65","118.92","87.29","85.33","12.79","104.32","0","69.07","105.98","79.7","80.23","12.27","104.68","0","75.8","117.22","90.07","14.68"
"2025-12-26","112.92","8.71","87.97","129.53","97.38","96.82","15.53","112.45","5.57","81.08","118.14","86.92","84.98","12.72","103.94","0","68.72","105.56","79.67","80.27","12.29","104.58","0","75.85","117.21","90.27","14.72"
"2025-12-27","112.78","9.14","87.77","129.12","97.25","96.62","15.47","112.04","5.65","80.48","117.32","86.55","84.63","12.65","103.55","0","68.35","105.12","79.64","80.3","12.31","104.46","0","75.88","117.16","90.47","14.76"
"2025-12-28","112.61","9.59","87.53","128.65","97.09","96.4","15.41","111.59","5.75","79.85","116.46","86.18","84.27","12.58","103.14","0","67.97","104.66","79.61","80.34","12.34","104.32","0","75.88","117.08","90.66","14.8"
"2025-12-29","112.41","10.05","87.26","128.14","96.92","96.17","15.35","111.13","5.87","79.2","115.57","85.79","83.92","12.51","102.71","0","67.58","104.17","79.59","80.37","12.36","104.16","0","75.86","116.97","90.84","14.83"
"2025-12-30","112.19","10.53","86.96","127.59","96.73","95.92","15.28","110.63","6.01","78.53","114.65","85.41","83.56","12.44","102.26","0","67.17","103.67","79.57","80.41","12.38","103.99","0.35","75.82","116.82","91.01","14.87"
"2025-12-31","111.94","11.03","86.62","126.98","96.53","95.66","15.21","110.11","6.17","77.83","113.7","85.02","83.2","12.37","101.8","0","66.75","103.14","79.55","80.45","12.4","103.79","1.0","75.77","116.63","91.17","14.9"
"2026-01-01","111.67","11.54","86.25","126.33","96.31","95.38","15.14","109.57","6.35","77.1","112.71","84.63","82.83","12.3","101.33","0","66.32","102.59","79.53","80.49","12.42","103.58","1.67","75.68","116.41","91.31","14.92"
"2026-01-02","111.36","12.07","85.85","125.64","96.07","95.09","15.07","109.0","6.56","76.35","111.69","84.23","82.47","12.23","100.83","0","65.88","102.01","79.52","80.54","12.44","103.35","2.37","75.58","116.15","91.45","14.95"
"2026-01-03","111.04","12.61","85.42","124.89","95.82","94.78","14.99","108.41","6.78","75.58","110.64","83.83","82.1","12.16","100.33","0","65.42","101.42","79.5","80.58","12.47","103.11","3.1","75.46","115.86","91.58","14.97"
"2026-01-04","110.68","13.17","84.95","124.1","95.56","94.46","14.91","107.8","7.03","74.79","109.55","83.43","81.73","12.09","99.8","0","64.95","100.8","79.49","80.62","12.49","102.84","3.85","75.31","115.53","91.7","14.99"
"2026-01-05","110.3","13.75","84.45","123.27","95.28","94.13","14.83","107.16","7.3","73.98","108.44","83.02","81.36","12.03","99.26","0","64.47","100.17","79.48","80.66","12.51","102.56","4.63","75.14","115.16","91.81","15.01"
"2026-01-06","109.89","14.34","83.92","122.39","94.98","93.78","14.75","106.5","7.59","73.14","107.3","82.62","81.0","11.96","98.71","0","63.98","99.51","79.47","80.71","12.53","102.26","5.43","74.94","114.76","91.9","15.02"
"2026-01-07","109.46","14.95","83.35","121.47","94.67","93.42","14.66","105.81","7.91","72.28","106.12","82.21","80.63","11.89","98.14","0","63.48","98.83","79.47","80.75","12.55","101.94","6.26","74.73","114.32","91.98","15.04"
"2026-01-08","109.0","15.57","82.76","120.5","94.35","93.04","14.57","105.11","8.24","71.4","104.92","81.8","80.26","11.82","97.56","0","62.97","98.13","79.46","80.8","12.57","101.6","7.11","74.49","113.84","92.06","15.05"
"2026-01-09","108.51","16.2","82.13","119.49","94.01","92.66","14.48","104.38","8.6","70.5","103.7","81.39","79.89","11.75","96.96","0.22","62.44","97.41","79.45","80.84","12.59","101.24","7.98","74.23","113.33","92.12","15.05"
"2026-01-10","108.0","16.85","81.47","118.43","93.66","92.25","14.38","103.63","8.98","69.59","102.44","80.97","79.52","11.69","96.35","0.85","61.91","96.67","79.45","80.88","12.61","100.86","8.88","73.94","112.77","92.17","15.05"
"2026-01-11","107.46","17.51","80.78","117.33","93.29","91.84","14.28","102.85","9.39","68.65","101.16","80.56","79.16","11.62","95.72","1.52","61.36","95.91","79.45","80.93","12.63","100.47","9.8","73.63","112.19","92.2","15.05"
"2026-01-12","106.9","18.19","80.05","116.19","92.91","91.42","14.19","102.06","9.81","67.69","99.85","80.15","78.79","11.55","95.09","2.21","60.8","95.13","79.45","80.97","12.65","100.06","10.74","73.3","111.56","92.22","15.05"
"2026-01-13","106.31","18.89","79.3","115.01","92.52","90.98","14.08","101.25","10.26","66.72","98.52","79.73","78.43","11.49","94.43","2.94","60.23","94.32","79.45","81.01","12.67","99.63","11.71","72.94","110.9","92.24","15.05"
"2026-01-14","105.69","19.59","78.52","113.78","92.11","90.53","13.98","100.41","10.73","65.73","97.16","79.32","78.07","11.42","93.77","3.69","59.65","93.5","79.45","81.05","12.69","99.18","12.69","72.56","110.19","92.23","15.04"
"2026-01-15","105.05","20.31","77.7","112.51","91.69","90.07","13.88","99.56","11.23","64.72","95.78","78.91","77.7","11.36","93.09","4.48","59.06","92.66","79.45","81.09","12.71","98.71","13.69","72.15","109.46","92.22","15.02"
"2026-01-16","104.38","21.04","76.86","111.2","91.26","89.6","13.77","98.68","11.74","63.7","94.37","78.5","77.35","11.3","92.4","5.29","58.46","91.8","79.45","81.13","12.72","98.22","14.72","71.72","108.68","92.19","15.01"
"2026-01-17","103.69","21.79","75.98","109.85","90.82","89.12","13.66","97.79","12.28","62.66","92.94","78.09","76.99","11.23","91.69","6.14","57.85","90.91","79.45","81.16","12.74","97.71","15.76","71.27","107.86","92.15","14.99"
"2026-01-18","102.98","22.55","75.08","108.47","90.36","88.63","13.55","96.88","12.84","61.6","91.49","77.68","76.64","11.17","90.98","7.01","57.23","90.01","79.45","81.2","12.75","97.19","16.83","70.79","107.01","92.09","14.97"
"2026-01-19","102.24","23.32","74.15","107.04","89.89","88.13","13.44","95.95","13.43","60.53","90.02","77.27","76.28","11.11","90.25","7.91","56.59","89.09","79.44","81.23","12.77","96.65","17.91","70.29","106.12","92.03","14.94"
"2026-01-20","101.47","24.1","73.19","105.57","89.41","87.62","13.32","95.0","14.04","59.44","88.53","76.86","75.94","11.05","89.51","8.85","55.95","88.14","79.44","81.26","12.78","96.09","19.01","69.76","105.2","91.95","14.92"
"2026-01-21","100.68","24.9","72.2","104.07","88.92","87.1","13.21","94.04","14.67","58.35","87.02","76.46","75.59","10.99","88.76","9.81","55.3","87.18","79.44","81.28","12.79","95.51","20.13","69.21","104.23","91.85","14.89"
"2026-01-22","99.87","25.7","71.18","102.53","88.42","86.57","13.09","93.06","15.32","57.23","85.48","76.06","75.25","10.93","88.0","10.79","54.64","86.2","79.44","81.31","12.81","94.91","21.27","68.63","103.23","91.74","14.85"
"2026-01-23","99.03","26.52","70.14","100.95","87.91","86.04","12.97","92.06","16.0","56.11","83.93","75.66","74.91","10.88","87.22","11.81","53.96","85.2","79.44","81.33","12.82","94.29","22.42","68.03","102.19","91.62","14.81"
"2026-01-24","98.17","27.36","69.06","99.34","87.39","85.49","12.85","91.04","16.7","54.97","82.36","75.26","74.57","10.82","86.44","12.85","53.28","84.18","79.43","81.35","12.83","93.66","23.59","67.41","101.12","91.48","14.77"
"2026-01-25","97.29","28.2","67.97","97.69","86.86","84.94","12.73","90.01","17.42","53.82","80.78","74.87","74.24","10.76","85.64","13.92","52.59","83.14","79.43","81.36","12.83","93.0","24.77","66.76","100.0","91.33","14.73"
"2026-01-26","96.38","29.05","66.84","96.01","86.32","84.38","12.61","88.97","18.16","52.66","79.18","74.48","73.92","10.71","84.83","15.01","51.88","82.08","79.42","81.37","12.84","92.33","25.97","66.08","98.85","91.17","14.68"
"2026-01-27","95.46","29.92","65.69","94.29","85.77","83.81","12.49","87.91","18.93","51.49","77.56","74.09","73.59","10.66","84.01","16.13","51.17","81.0","79.41","81.38","12.85","91.64","27.18","65.38","97.67","90.99","14.63"
"2026-01-28","94.5","30.8","64.52","92.54","85.22","83.24","12.36","86.83","19.72","50.31","75.92","73.71","73.27","10.6","83.19","17.28","50.45","79.9","79.4","81.39","12.85","90.93","28.41","64.66","96.44","90.8","14.58"
"2026-01-29","93.53","31.69","63.32","90.76","84.65","82.66","12.24","85.74","20.53","49.12","74.27","73.33","72.96","10.55","82.35","18.45","49.71","78.78","79.39","81.38","12.86","90.2","29.65","63.91","95.18","90.59","14.53"
"2026-01-30","92.54","32.59","62.1","88.95","84.08","82.08","12.11","84.64","21.37","47.92","72.61","72.95","72.65","10.5","81.5","19.65","48.97","77.65","79.37","81.38","12.86","89.46","30.9","63.13","93.89","90.37","14.47"
"2026-01-31","91.52","33.5","60.86","87.1","83.5","81.48","11.99","83.53","22.22","46.71","70.93","72.58","72.34","10.45","80.64","20.87","48.22","76.49","79.35","81.37","12.86","88.7","32.17","62.34","92.56","90.14","14.4"
"2026-02-01","90.49","34.42","59.59","85.23","82.91","80.89","11.86","82.4","23.1","45.49","69.24","72.21","72.04","10.4","79.78","22.11","47.46","75.32","79.33","81.35","12.86","87.91","33.45","61.51","91.19","89.89","14.34"
"2026-02-02","89.43","35.35","58.3","83.33","82.31","80.29","11.73","81.26","24.0","44.27","67.54","71.85","71.74","10.36","78.9","23.38","46.69","74.13","79.31","81.33","12.85","87.12","34.74","60.67","89.79","89.63","14.27"
"2026-02-03","88.35","36.29","56.99","81.4","81.71","79.69","11.61","80.11","24.93","43.04","65.82","71.49","71.45","10.31","78.01","24.67","45.91","72.92","79.28","81.31","12.85","86.3","36.04","59.8","88.35","89.35","14.2"
"2026-02-04","87.26","37.24","55.65","79.44","81.11","79.08","11.48","78.95","25.87","41.8","64.1","71.14","71.16","10.26","77.12","25.98","45.12","71.69","79.25","81.28","12.85","85.47","37.35","58.9","86.88","89.06","14.12"
"2026-02-05","86.14","38.2","54.3","77.46","80.49","78.47","11.35","77.78","26.84","40.56","62.36","70.79","70.87","10.22","76.22","27.32","44.32","70.44","79.22","81.24","12.84","84.61","38.67","57.98","85.38","88.76","14.05"
"2026-02-06","85.01","39.17","52.93","75.45","79.88","77.85","11.22","76.59","27.83","39.31","60.61","70.45","70.6","10.18","75.3","28.67","43.51","69.17","79.18","81.2","12.83","83.75","40.0","57.04","83.84","88.44","13.97"
"2026-02-07","83.86","40.15","51.53","73.41","79.25","77.23","11.1","75.4","28.84","38.05","58.86","70.11","70.32","10.13","74.38","30.05","42.69","67.89","79.14","81.15","12.82","82.86","41.34","56.08","82.26","88.11","13.88"
"2026-02-08","82.68","41.14","50.12","71.35","78.63","76.62","10.97","74.2","29.87","36.79","57.09","69.77","70.05","10.09","73.46","31.44","41.86","66.58","79.09","81.1","12.81","81.96","42.68","55.09","80.66","87.76","13.8"
"2026-02-09","81.5","42.14","48.69","69.27","78.0","75.99","10.84","72.99","30.92","35.53","55.32","69.45","69.79","10.05","72.52","32.86","41.02","65.26","79.04","81.04","12.79","81.04","44.04","54.08","79.02","87.4","13.71"
"2026-02-10","80.29","43.15","47.25","67.17","77.36","75.37","10.71","71.77","31.99","34.26","53.54","69.12","69.53","10.01","71.58","34.29","40.18","63.93","78.99","80.97","12.77","80.1","45.4","53.04","77.35","87.03","13.61"
"2026-02-11","79.07","44.17","45.78","65.04","76.72","74.75","10.58","70.54","33.09","32.99","51.75","68.81","69.28","9.97","70.62","35.74","39.32","62.57","78.93","80.89","12.76","79.15","46.77","51.98","75.65","86.65","13.52"
"2026-02-12","77.83","45.2","44.3","62.9","76.08","74.12","10.46","69.31","34.2","31.72","49.96","68.49","69.03","9.94","69.67","37.21","38.46","61.19","78.86","80.81","12.74","78.18","48.14","50.9","73.91","86.25","13.42"
"2026-02-13","76.58","46.23","42.81","60.73","75.44","73.5","10.33","68.07","35.34","30.45","48.16","68.19","68.79","9.9","68.7","38.7","37.58","59.8","78.79","80.72","12.71","77.2","49.52","49.8","72.15","85.84","13.32"
"2026-02-14","75.31","47.27","41.3","58.55","74.8","72.88","10.2","66.82","36.49","29.17","46.35","67.89","68.55","9.86","67.73","40.2","36.7","58.39","78.72","80.63","12.69","76.2","50.91","48.68","70.35","85.41","13.22"
"2026-02-15","74.02","48.33","39.78","56.35","74.15","72.25","10.08","65.57","37.67","27.89","44.54","67.59","68.31","9.83","66.75","41.72","35.8","56.97","78.63","80.52","12.66","75.18","52.3","47.53","68.53","84.98","13.11"
"2026-02-16","72.72","49.39","38.24","54.13","73.51","71.63","9.95","64.31","38.86","26.61","42.73","67.3","68.09","9.8","65.76","43.25","34.9","55.52","78.55","80.41","12.64","74.15","53.7","46.36","66.67","84.53","13.01"
"2026-02-17","71.41","50.46","36.69","51.9","72.86","71.01","9.83","63.04","40.07","25.33","40.91","67.02","67.86","9.76","64.76","44.8","33.99","54.06","78.45","80.29","12.61","73.1","55.09","45.17","64.79","84.07","12.9"
"2026-02-18","70.09","51.53","35.13","49.65","72.21","70.39","9.7","61.78","41.3","24.05","39.09","66.74","67.64","9.73","63.76","46.36","33.07","52.58","78.36","80.16","12.57","72.04","56.5","43.97","62.88","83.6","12.78"
"2026-02-19","68.75","52.62","33.56","47.39","71.56","69.77","9.58","60.5","42.55","22.77","37.27","66.47","67.43","9.7","62.76","47.94","32.14","51.09","78.25","80.03","12.54","70.96","57.9","42.74","60.94","83.11","12.67"
"2026-02-20","67.4","53.71","31.97","45.11","70.92","69.15","9.46","59.23","43.82","21.49","35.44","66.2","67.22","9.67","61.75","49.53","31.2","49.58","78.14","79.88","12.5","69.87","59.31","41.49","58.98","82.62","12.55"
"2026-02-21","66.03","54.81","30.38","42.83","70.27","68.54","9.34","57.95","45.11","20.22","33.61","65.94","67.02","9.64","60.73","51.13","30.25","48.05","78.02","79.73","12.46","68.76","60.71","40.22","56.98","82.11","12.43"
"2026-02-22","64.66","55.92","28.78","40.53","69.62","67.93","9.22","56.66","46.41","18.94","31.78","65.69","66.82","9.61","59.7","52.74","29.29","46.51","77.9","79.57","12.42","67.64","62.12","38.93","54.97","81.59","12.31"
"2026-02-23","63.28","57.04","27.17","38.23","68.98","67.32","9.1","55.38","47.74","17.67","29.95","65.44","66.62","9.58","58.67","54.37","28.33","44.95","77.76","79.4","12.38","66.51","63.54","37.62","52.92","81.06","12.18"
"2026-02-24","61.88","58.16","25.55","35.91","68.34","66.72","8.98","54.09","49.07","16.39","28.12","65.2","66.43","9.56","57.64","56.0","27.35","43.37","77.62","79.22","12.33","65.36","64.95","36.29","50.86","80.52","12.06"
"2026-02-25","60.48","59.29","23.92","33.59","67.7","66.12","8.87","52.8","50.43","15.12","26.29","64.96","66.24","9.53","56.6","57.64","26.37","41.78","77.48","79.03","12.29","64.2","66.36","34.95","48.77","79.97","11.93"
"2026-02-26","59.06","60.42","22.29","31.26","67.06","65.53","8.75","51.52","51.8","13.86","24.46","64.73","66.06","9.5","55.56","59.29","25.38","40.17","77.32","78.84","12.24","63.02","67.77","33.59","46.66","79.41","11.8"
"2026-02-27","57.64","61.57","20.65","28.92","66.43","64.94","8.64","50.23","53.19","12.59","22.64","64.5","65.88","9.48","54.51","60.95","24.38","38.55","77.16","78.63","12.18","61.84","69.18","32.21","44.52","78.84","11.67"
"2026-02-28","56.21","62.72","19.01","26.58","65.8","64.35","8.52","48.94","54.59","11.33","20.81","64.28","65.71","9.45","53.45","62.62","23.37","36.91","76.99","78.41","12.13","60.64","70.59","30.81","42.37","78.27","11.54"
"2026-03-01","54.78","63.88","17.37","24.23","65.18","63.77","8.41","47.65","56.01","10.08","18.98","64.06","65.54","9.43","52.39","64.29","22.35","35.26","76.82","78.19","12.07","59.43","71.99","29.4","40.19","77.68","11.4"
"2026-03-02","53.33","65.04","15.72","21.89","64.55","63.2","8.3","46.36","57.44","8.82","17.16","63.85","65.38","9.4","51.33","65.97","21.32","33.59","76.63","77.96","12.01","58.21","73.4","27.97","37.99","77.08","11.26"
"2026-03-03","51.88","66.21","14.07","19.53","63.94","62.63","8.2","45.07","58.88","7.58","15.34","63.65","65.21","9.38","50.26","67.65","20.28","31.91","76.44","77.71","11.95","56.97","74.8","26.52","35.78","76.48","11.13"
"2026-03-04","50.43","67.38","12.41","17.18","63.33","62.07","8.09","43.78","60.34","6.33","13.53","63.45","65.05","9.36","49.19","69.34","19.24","30.22","76.24","77.46","11.89","55.73","76.2","25.06","33.55","75.86","10.99"
"2026-03-05","48.97","68.56","10.76","14.83","62.72","61.52","7.99","42.5","61.82","5.1","11.71","63.26","64.9","9.33","48.12","71.03","18.19","28.51","76.03","77.2","11.82","54.47","77.6","23.59","31.3","75.24","10.85"
"2026-03-06","47.5","69.75","9.1","12.48","62.12","60.97","7.88","41.22","63.3","3.87","9.9","63.07","64.75","9.31","47.04","72.73","17.13","26.79","75.81","76.93","11.75","53.21","78.99","22.1","29.03","74.61","10.7"
"2026-03-07","46.03","70.94","7.45","10.13","61.52","60.43","7.78","39.94","64.8","2.64","8.1","62.88","64.6","9.29","45.96","74.42","16.06","25.05","75.59","76.65","11.68","51.93","80.38","20.6","26.75","73.98","10.56"
"2026-03-08","44.56","72.14","5.79","7.78","60.93","59.89","7.68","38.66","66.31","1.42","6.3","62.7","64.45","9.27","44.87","76.12","14.98","23.3","75.35","76.36","11.61","50.65","81.76","19.09","24.45","73.33","10.42"
"2026-03-09","43.09","73.34","4.14","5.44","60.35","59.37","7.59","37.38","67.83","0.2","4.5","62.53","64.31","9.24","43.78","77.83","13.9","21.54","75.11","76.06","11.54","49.36","83.14","17.56","22.14","72.69","10.27"
"2026-03-10","41.61","74.55","2.49","3.1","59.78","58.85","7.49","36.11","69.36","0","2.71","62.36","64.17","9.22","42.69","79.53","12.81","19.76","74.86","75.75","11.46","48.05","84.52","16.03","19.81","72.03","10.12"
"2026-03-11","40.13","75.77","0.84","0.76","59.21","58.34","7.4","34.85","70.9","0","0.93","62.19","64.03","9.2","41.6","81.23","11.71","17.98","74.6","75.43","11.38","46.74","85.89","14.48","17.48","71.37","9.98"
"2026-03-12","38.65","76.98","0","0","58.65","57.84","7.31","33.59","72.45","0","0","62.03","63.9","9.18","40.5","82.93","10.6","16.18","74.33","75.1","11.3","45.42","87.25","12.92","15.13","70.7","9.83"
"2026-03-13","37.17","78.21","0","0","58.09","57.35","7.22","32.33","74.02","0","0","61.87","63.77","9.16","39.4","84.63","9.48","14.37","74.05","74.76","11.21","44.1","88.61","11.35","12.77","70.03","9.68"
"2026-03-14","35.69","79.43","0","0","57.55","56.86","7.13","31.08","75.59","0","0","61.72","63.63","9.14","38.3","86.32","8.36","12.55","73.77","74.42","11.13","42.77","89.96","9.77","10.4","69.36","9.53"
"2026-03-15","34.21","80.66","0","0","57.01","56.39","7.04","29.83","77.16","0","0","61.57","63.51","9.11","37.2","88.01","7.23","10.72","73.47","74.06","11.04","41.43","91.3","8.19","8.03","68.68","9.38"
"2026-03-16","33.38","81.17","0","0","56.48","55.92","6.96","29.24","78.02","0","0","61.42","63.38","9.09","36.74","88.97","6.78","9.91","73.17","73.7","10.95","40.73","91.9","7.28","6.67","68.0","9.23"
"2026-03-17","33.19","80.94","0","0","55.96","55.46","6.88","29.3","78.15","0","0","61.28","63.25","9.07","36.92","89.19","7.02","10.12","72.86","73.32","10.86","40.66","91.77","7.06","6.35","67.31","9.08"
"2026-03-18","33.01","80.72","0","0","55.45","55.02","6.8","29.36","78.28","0","0","61.14","63.13","9.05","37.1","89.41","7.24","10.32","72.54","72.94","10.76","40.6","91.63","6.82","6.02","66.62","8.93"
"2026-03-19","32.83","80.51","0","0","54.95","54.58","6.72","29.43","78.43","0","0","61.01","63.01","9.03","37.28","89.62","7.46","10.51","72.21","72.54","10.67","40.53","91.48","6.58","5.68","65.93","8.78"
"2026-03-20","32.65","80.29","0","0","54.46","54.15","6.65","29.5","78.58","0","0","60.88","62.88","9.0","37.46","89.83","7.67","10.7","71.87","72.14","10.57","40.45","91.33","6.34","5.34","65.24","8.63"
"2026-03-21","32.47","80.09","0","0","53.97","53.73","6.58","29.58","78.73","0","0","60.75","62.76","8.98","37.64","90.04","7.87","10.87","71.53","71.73","10.47","40.36","91.17","6.09","4.99","64.54","8.48"
"2026-03-22","32.3","79.89","0","0","53.5","53.32","6.5","29.67","78.9","0","0","60.62","62.64","8.96","37.81","90.23","8.07","11.02","71.17","71.31","10.37","40.27","91.0","5.83","4.63","63.85","8.33"
"2026-03-23","32.12","79.69","0","0","53.04","52.93","6.44","29.76","79.07","0","0","60.5","62.52","8.94","37.98","90.43","8.26","11.17","70.81","70.88","10.26","40.18","90.83","5.56","4.27","63.15","8.18"
"2026-03-24","31.96","79.5","0","0","52.58","52.54","6.37","29.86","79.24","0","0","60.37","62.4","8.91","38.15","90.61","8.43","11.31","70.44","70.45","10.16","40.08","90.65","5.29","3.91","62.45","8.03"
"2026-03-25","31.79","79.32","0","0","52.14","52.16","6.31","29.96","79.43","0","0","60.25","62.28","8.89","38.31","90.79","8.6","11.43","70.06","70.0","10.05","39.97","90.46","5.01","3.54","61.75","7.88"
"2026-03-26","31.63","79.14","0","0","51.71","51.79","6.24","30.07","79.61","0","0","60.14","62.16","8.86","38.47","90.97","8.76","11.54","69.67","69.55","9.94","39.86","90.27","4.73","3.17","61.06","7.73"
"2026-03-27","31.47","78.97","0","0","51.29","51.44","6.18","30.18","79.81","0","0","60.02","62.04","8.84","38.62","91.14","8.91","11.64","69.28","69.09","9.83","39.75","90.07","4.45","2.79","60.36","7.59"
"2026-03-28","31.32","78.8","0","0","50.88","51.09","6.13","30.3","80.01","0","0","59.91","61.92","8.81","38.78","91.3","9.05","11.73","68.87","68.62","9.72","39.62","89.87","4.15","2.42","59.67","7.44"
"2026-03-29","31.17","78.64","0","0","50.48","50.76","6.07","30.42","80.21","0","0","59.79","61.8","8.78","38.93","91.46","9.19","11.81","68.46","68.14","9.61","39.5","89.66","3.86","2.04","58.97","7.29"
"2026-03-30","31.02","78.49","0","0","50.09","50.43","6.02","30.55","80.42","0","0","59.68","61.68","8.76","39.07","91.6","9.31","11.87","68.04","67.66","9.49","39.37","89.45","3.56","1.65","58.28","7.15"
"2026-03-31","30.88","78.34","0","0","49.71","50.12","5.97","30.68","80.63","0","0","59.57","61.55","8.73","39.21","91.75","9.42","11.92","67.62","67.17","9.37","39.23","89.23","3.26","1.27","57.6","7.0"
"2026-04-01","30.74","78.2","0","0","49.34","49.82","5.92","30.82","80.85","0","0","59.46","61.43","8.7","39.35","91.88","9.53","11.96","67.18","66.67","9.26","39.09","89.01","2.95","0.88","56.91","6.86"
"2026-04-02","30.6","78.07","0","0","48.99","49.52","5.87","30.96","81.08","0","0","59.35","61.3","8.67","39.48","92.01","9.62","11.98","66.74","66.17","9.14","38.95","88.79","2.64","0.5","56.23","6.72"
"2026-04-03","30.47","77.94","0","0","48.64","49.24","5.83","31.11","81.3","0","0","59.25","61.18","8.64","39.6","92.13","9.7","12.0","66.29","65.66","9.02","38.8","88.56","2.33","0.11","55.55","6.58"
"2026-04-04","30.35","77.82","0","0","48.31","48.97","5.79","31.26","81.53","0","0.04","59.14","61.05","8.61","39.72","92.24","9.78","12.0","65.84","65.14","8.89","38.65","88.32","2.01","0","54.88","6.44"
"2026-04-05","30.23","77.71","0","0","47.99","48.71","5.75","31.41","81.77","0","0.43","59.03","60.92","8.58","39.84","92.35","9.84","11.99","65.38","64.62","8.77","38.5","88.09","1.7","0","54.21","6.3"
"2026-04-06","30.11","77.61","0","0","47.68","48.46","5.71","31.57","82.01","0","0.81","58.92","60.79","8.55","39.95","92.45","9.89","11.96","64.91","64.09","8.65","38.34","87.85","1.38","0","53.54","6.16"
"2026-04-07","30.0","77.52","0","0","47.38","48.22","5.67","31.73","82.25","0","1.2","58.82","60.65","8.51","40.06","92.54","9.93","11.93","64.43","63.55","8.52","38.17","87.61","1.06","0","52.89","6.03"
"2026-04-08","29.9","77.43","0","0","47.09","48.0","5.64","31.89","82.49","0","1.58","58.71","60.52","8.48","40.16","92.62","9.97","11.88","63.95","63.01","8.4","38.01","87.36","0.74","0","52.23","5.9"
"2026-04-09","29.8","77.35","0","0","46.82","47.78","5.61","32.06","82.74","0","1.97","58.6","60.38","8.45","40.26","92.69","9.99","11.82","63.46","62.47","8.27","37.84","87.11","0.41","0","51.59","5.77"
"2026-04-10","29.71","77.28","0","0","46.56","47.57","5.58","32.23","82.98","0","2.35","58.49","60.24","8.41","40.35","92.76","10.0","11.74","62.97","61.92","8.14","37.67","86.86","0.09","0","50.95","5.64"
"2026-04-11","29.62","77.21","0","0","46.3","47.38","5.55","32.4","83.24","0.03","2.73","58.38","60.09","8.37","40.43","92.82","10.0","11.66","62.47","61.36","8.01","37.49","86.61","0","0","50.31","5.51"
"2026-04-12","29.54","77.16","0","0","46.06","47.19","5.52","32.58","83.49","0.36","3.1","58.27","59.95","8.33","40.51","92.87","9.99","11.56","61.97","60.81","7.89","37.32","86.36","0","0","49.69","5.38"
"2026-04-13","29.46","77.11","0","0","45.84","47.02","5.5","32.75","83.74","0.68","3.47","58.16","59.8","8.3","40.59","92.91","9.97","11.45","61.46","60.25","7.76","37.14","86.1","0","0","49.07","5.26"
"2026-04-14","29.39","77.07","0","0","45.62","46.85","5.48","32.93","84.0","1.0","3.84","58.05","59.64","8.26","40.65","92.95","9.94","11.33","60.95","59.68","7.63","36.95","85.85","0","0","48.46","5.14"
"2026-04-15","29.32","77.04","0","0","45.41","46.7","5.46","33.12","84.25","1.32","4.21","57.93","59.49","8.21","40.72","92.97","9.9","11.2","60.43","59.11","7.5","36.77","85.59","0","0","47.86","5.02"
"2026-04-16","29.26","77.02","0","0","45.22","46.56","5.44","33.3","84.51","1.64","4.57","57.82","59.33","8.17","40.77","92.99","9.85","11.05","59.91","58.54","7.37","36.58","85.33","0","0","47.27","4.9"
"2026-04-17","29.21","77.01","0","0","45.04","46.42","5.42","33.49","84.77","1.96","4.92","57.7","59.17","8.13","40.82","93.0","9.79","10.89","59.38","57.97","7.24","36.4","85.07","0","0","46.69","4.79"
"2026-04-18","29.16","77.0","0","0","44.87","46.3","5.41","33.68","85.03","2.27","5.27","57.58","59.0","8.08","40.87","93.0","9.72","10.73","58.85","57.39","7.1","36.21","84.82","0","0","46.11","4.67"
"2026-04-19","29.12","77.0","0","0","44.71","46.18","5.39","33.87","85.29","2.59","5.62","57.46","58.83","8.04","40.9","92.99","9.63","10.55","58.32","56.81","6.97","36.02","84.56","0","0","45.55","4.57"
"2026-04-20","29.08","77.01","0","0","44.56","46.08","5.38","34.06","85.54","2.9","5.96","57.33","58.66","7.99","40.93","92.98","9.54","10.36","57.78","56.24","6.84","35.83","84.3","0","0","45.0","4.46"
"2026-04-21","29.05","77.03","0","0","44.42","45.98","5.37","34.25","85.8","3.2","6.29","57.21","58.48","7.95","40.96","92.95","9.44","10.16","57.24","55.65","6.71","35.63","84.04","0","0","44.45","4.35"
"2026-04-22","29.03","77.06","0","0","44.29","45.9","5.36","34.44","86.06","3.51","6.62","57.08","58.3","7.9","40.98","92.92","9.33","9.95","56.7","55.07","6.58","35.44","83.79","0","0","43.92","4.25"
"2026-04-23","29.02","77.1","0","0","44.17","45.82","5.36","34.63","86.31","3.81","6.94","56.95","58.12","7.85","40.99","92.88","9.21","9.72","56.16","54.49","6.45","35.25","83.53","0","0","43.4","4.15"
"2026-04-24","29.0","77.14","0","0","44.07","45.75","5.35","34.83","86.57","4.1","7.25","56.81","57.93","7.8","41.0","92.83","9.08","9.49","55.61","53.91","6.32","35.05","83.28","0","0","42.89","4.06"
"2026-04-25","29.0","77.19","0","0","43.97","45.69","5.35","35.02","86.82","4.39","7.55","56.68","57.74","7.74","41.0","92.77","8.94","9.25","55.07","53.33","6.19","34.86","83.03","0","0","42.4","3.96"
"2026-04-26","29.0","77.25","0","0","43.89","45.64","5.35","35.21","87.07","4.68","7.85","56.54","57.54","7.69","40.99","92.71","8.79","9.0","54.52","52.75","6.06","34.67","82.78","0","0","41.91","3.87"
"2026-04-27","29.01","77.32","0","0","43.81","45.6","5.35","35.41","87.32","4.96","8.14","56.4","57.34","7.64","40.98","92.63","8.63","8.74","53.97","52.17","5.94","34.47","82.53","0","0","41.44","3.78"
"2026-04-28","29.02","77.4","0","0","43.75","45.56","5.35","35.6","87.56","5.24","8.42","56.25","57.14","7.58","40.96","92.55","8.46","8.47","53.42","51.59","5.81","34.28","82.29","0","0","40.98","3.7"
"2026-04-29","29.05","77.48","0","0","43.7","45.54","5.35","35.79","87.81","5.51","8.69","56.1","56.93","7.53","40.94","92.46","8.29","8.19","52.87","51.02","5.68","34.09","82.05","0","0","40.53","3.62"
"2026-04-30","29.07","77.57","0","0","43.65","45.52","5.35","35.98","88.05","5.78","8.95","55.95","56.72","7.47","40.91","92.37","8.1","7.9","52.33","50.44","5.55","33.9","81.81","0","0","40.1","3.54"
"2026-05-01","29.1","77.67","0","0","43.62","45.51","5.35","36.17","88.28","6.04","9.21","55.8","56.51","7.41","40.87","92.26","7.91","7.61","51.78","49.87","5.43","33.71","81.57","0","0","39.68","3.46"
"2026-05-02","29.14","77.78","0","0","43.59","45.51","5.36","36.36","88.52","6.29","9.45","55.64","56.29","7.35","40.83","92.15","7.71","7.3","51.23","49.3","5.31","33.52","81.34","0","0","39.27","3.39"
"2026-05-03","29.19","77.89","0","0","43.57","45.51","5.37","36.55","88.75","6.54","9.68","55.48","56.06","7.29","40.78","92.03","7.5","6.99","50.68","48.74","5.18","33.34","81.12","0","0","38.87","3.32"
"2026-05-04","29.24","78.02","0","0","43.57","45.52","5.37","36.74","88.97","6.78","9.91","55.31","55.84","7.23","40.73","91.9","7.28","6.67","50.14","48.18","5.06","33.15","80.89","0","0","38.49","3.25"
"2026-05-05","29.3","78.15","0","0","43.57","45.54","5.38","36.92","89.19","7.02","10.12","55.15","55.61","7.17","40.66","91.77","7.06","6.35","49.6","47.62","4.94","32.97","80.67","0","0","38.13","3.19"
"2026-05-06","29.36","78.28","0","0","43.58","45.56","5.39","37.1","89.41","7.24","10.32","54.98","55.37","7.11","40.6","91.63","6.82","6.02","49.06","47.07","4.82","32.79","80.46","0","0","37.78","3.13"
"2026-05-07","29.43","78.43","0","0","43.6","45.59","5.4","37.28","89.62","7.46","10.51","54.8","55.13","7.04","40.53","91.48","6.58","5.68","48.52","46.52","4.71","32.61","80.25","0","0","37.44","3.07"
"2026-05-08","29.5","78.58","0","0","43.62","45.63","5.41","37.46","89.83","7.67","10.7","54.62","54.89","6.98","40.45","91.33","6.34","5.34","47.99","45.97","4.59","32.43","80.04","0","0","37.12","3.02"
"2026-05-09","29.58","78.73","0","0","43.66","45.68","5.42","37.64","90.04","7.87","10.87","54.44","54.64","6.91","40.36","91.17","6.09","4.99","47.46","45.44","4.47","32.26","79.84","0","0","36.81","2.97"
"2026-05-10","29.67","78.9","0","0","43.7","45.72","5.43","37.81","90.23","8.07","11.02","54.26","54.39","6.84","40.27","91.0","5.83","4.63","46.93","44.9","4.36","32.09","79.65","0","0","36.52","2.92"
"2026-05-11","29.76","79.07","0","0","43.75","45.78","5.45","37.98","90.43","8.26","11.17","54.07","54.14","6.78","40.18","90.83","5.56","4.27","46.41","44.38","4.25","31.92","79.46","0","0","36.24","2.88"
"2026-05-12","29.86","79.24","0","0","43.81","45.84","5.46","38.15","90.61","8.43","11.31","53.88","53.88","6.71","40.08","90.65","5.29","3.91","45.89","43.86","4.14","31.75","79.28","0","0","35.98","2.84"
"2026-05-13","29.96","79.43","0","0","43.88","45.9","5.48","38.31","90.79","8.6","11.43","53.68","53.62","6.64","39.97","90.46","5.01","3.54","45.38","43.35","4.04","31.59","79.1","0","0","35.73","2.8"
"2026-05-14","30.07","79.61","0","0","43.95","45.97","5.49","38.47","90.97","8.76","11.54","53.48","53.36","6.57","39.86","90.27","4.73","3.17","44.87","42.85","3.93","31.44","78.93","0","0","35.5","2.77"
"2026-05-15","30.18","79.81","0","0","44.03","46.05","5.5","38.62","91.14","8.91","11.64","53.28","53.09","6.5","39.75","90.07","4.45","2.79","44.37","42.35","3.83","31.28","78.76","0","0","35.28","2.74"
"2026-05-16","30.3","80.01","0","0","44.11","46.12","5.52","38.78","91.3","9.05","11.73","53.08","52.82","6.43","39.62","89.87","4.15","2.42","43.87","41.86","3.73","31.13","78.6","0","0","35.08","2.71"
"2026-05-17","30.42","80.21","0","0","44.2","46.21","5.54","38.93","91.46","9.19","11.81","52.87","52.55","6.36","39.5","89.66","3.86","2.04","43.38","41.38","3.63","30.99","78.45","0","0","34.9","2.68"
"2026-05-18","30.55","80.42","0","0","44.3","46.29","5.55","39.07","91.6","9.31","11.87","52.66","52.28","6.29","39.37","89.45","3.56","1.65","42.9","40.91","3.53","30.84","78.31","0","0","34.73","2.66"
"2026-05-19","30.68","80.63","0","0","44.4","46.38","5.57","39.21","91.75","9.42","11.92","52.45","52.0","6.21","39.23","89.23","3.26","1.27","42.42","40.45","3.44","30.71","78.17","0","0","34.58","2.65"
"2026-05-20","30.82","80.85","0","0","44.51","46.48","5.59","39.35","91.88","9.53","11.96","52.23","51.72","6.14","39.09","89.01","2.95","0.88","41.96","40.0","3.35","30.57","78.04","0","0","34.44","2.63"
"2026-05-21","30.96","81.08","0","0","44.62","46.57","5.6","39.48","92.01","9.62","11.98","52.01","51.43","6.07","38.95","88.79","2.64","0.5","41.5","39.56","3.26","30.45","77.92","0","0","34.31","2.62"
"2026-05-22","31.11","81.3","0","0","44.74","46.67","5.62","39.6","92.13","9.7","12.0","51.79","51.15","5.99","38.8","88.56","2.33","0.11","41.04","39.12","3.17","30.32","77.8","0","0","34.21","2.61"
"2026-05-23","31.26","81.53","0","0.04","44.86","46.77","5.64","39.72","92.24","9.78","12.0","51.56","50.86","5.92","38.65","88.32","2.01","0","40.6","38.7","3.09","30.2","77.69","0","0","34.12","2.61"
"2026-05-24","31.41","81.77","0","0.43","44.99","46.88","5.65","39.84","92.35","9.84","11.99","51.33","50.57","5.85","38.5","88.09","1.7","0","40.17","38.29","3.01","30.09","77.59","0","0","34.04","2.61"
"2026-05-25","31.57","82.01","0","0.81","45.12","46.98","5.67","39.95","92.45","9.89","11.96","51.1","50.28","5.77","38.34","87.85","1.38","0","39.74","37.89","2.93","29.98","77.5","0","0","33.98","2.61"
"2026-05-26","31.73","82.25","0","1.2","45.26","47.09","5.69","40.06","92.54","9.93","11.93","50.87","49.99","5.7","38.17","87.61","1.06","0","39.32","37.51","2.86","29.88","77.41","0","0","33.94","2.61"
"2026-05-27","31.89","82.49","0","1.58","45.4","47.2","5.71","40.16","92.62","9.97","11.88","50.64","49.7","5.62","38.01","87.36","0.74","0","38.92","37.13","2.78","29.78","77.33","0","0","33.91","2.62"
"2026-05-28","32.06","82.74","0","1.97","45.54","47.31","5.72","40.26","92.69","9.99","11.82","50.4","49.4","5.55","37.84","87.11","0.41","0","38.52","36.77","2.71","29.69","77.26","0","0","33.89","2.63"
"2026-05-29","32.23","82.98","0","2.35","45.68","47.43","5.74","40.35","92.76","10.0","11.74","50.16","49.11","5.47","37.67","86.86","0.09","0","38.14","36.41","2.65","29.6","77.2","0","0","33.9","2.65"
"2026-05-30","32.4","83.24","0.03","2.73","45.83","47.54","5.76","40.43","92.82","10.0","11.66","49.92","48.81","5.4","37.49","86.61","0","0","37.76","36.07","2.58","29.52","77.15","0","0","33.91","2.67"
"2026-05-31","32.58","83.49","0.36","3.1","45.98","47.66","5.77","40.51","92.87","9.99","11.56","49.68","48.52","5.33","37.32","86.36","0","0","37.4","35.75","2.52","29.44","77.1","0","0","33.95","2.69"
"2026-06-01","32.75","83.74","0.68","3.47","46.14","47.77","5.79","40.59","92.91","9.97","11.45","49.44","48.22","5.25","37.14","86.1","0","0","37.05","35.44","2.47","29.37","77.07","0","0","33.99","2.71"
"2026-06-02","32.93","84.0","1.0","3.84","46.29","47.89","5.81","40.65","92.95","9.94","11.33","49.19","47.93","5.18","36.95","85.85","0","0","36.71","35.14","2.41","29.31","77.04","0","0","34.05","2.74"
"2026-06-03","33.12","84.25","1.32","4.21","46.45","48.01","5.82","40.72","92.97","9.9","11.2","48.95","47.63","5.1","36.77","85.59","0","0","36.38","34.85","2.36","29.25","77.02","0","0","34.13","2.77"
"2026-06-04","33.3","84.51","1.64","4.57","46.61","48.12","5.84","40.77","92.99","9.85","11.05","48.7","47.34","5.03","36.58","85.33","0","0","36.06","34.58","2.31","29.2","77.0","0","0","34.22","2.8"
"2026-06-05","33.49","84.77","1.96","4.92","46.77","48.24","5.85","40.82","93.0","9.79","10.89","48.46","47.04","4.96","36.4","85.07","0","0","35.76","34.32","2.27","29.15","77.0","0","0","34.33","2.83"
"2026-06-06","33.68","85.03","2.27","5.27","46.94","48.36","5.87","40.87","93.0","9.72","10.73","48.21","46.75","4.89","36.21","84.82","0","0","35.47","34.08","2.23","29.11","77.0","0","0","34.45","2.87"
"2026-06-07","33.87","85.29","2.59","5.62","47.1","48.48","5.88","40.9","92.99","9.63","10.55","47.96","46.46","4.82","36.02","84.56","0","0","35.19","33.85","2.19","29.08","77.02","0","0","34.58","2.91"
"2026-06-08","34.06","85.54","2.9","5.96","47.27","48.59","5.9","40.93","92.98","9.54","10.36","47.71","46.17","4.75","35.83","84.3","0","0","34.93","33.63","2.16","29.05","77.04","0","0","34.73","2.95"
"2026-06-09","34.25","85.8","3.2","6.29","47.43","48.71","5.91","40.96","92.95","9.44","10.16","47.47","45.88","4.68","35.63","84.04","0","0","34.68","33.43","2.13","29.03","77.07","0","0","34.89","3.0"
"2026-06-10","34.44","86.06","3.51","6.62","47.6","48.82","5.92","40.98","92.92","9.33","9.95","47.22","45.59","4.61","35.44","83.79","0","0","34.44","33.25","2.1","29.01","77.1","0","0","35.07","3.05"
"2026-06-11","34.63","86.31","3.81","6.94","47.76","48.94","5.93","40.99","92.88","9.21","9.72","46.98","45.31","4.54","35.25","83.53","0","0","34.22","33.08","2.08","29.0","77.15","0","0","35.26","3.1"
"2026-06-12","34.83","86.57","4.1","7.25","47.93","49.05","5.95","41.0","92.83","9.08","9.49","46.73","45.03","4.47","35.05","83.28","0","0","34.01","32.93","2.06","29.0","77.2","0","0","35.46","3.15"
"2026-06-13","35.02","86.82","4.39","7.55","48.1","49.16","5.96","41.0","92.77","8.94","9.25","46.49","44.75","4.4","34.86","83.03","0","0","33.82","32.79","2.04","29.0","77.27","0","0","35.68","3.21"
"2026-06-14","35.21","87.07","4.68","7.85","48.26","49.27","5.97","40.99","92.71","8.79","9.0","46.25","44.48","4.34","34.67","82.78","0","0","33.64","32.67","2.03","29.01","77.34","0","0","35.9","3.27"
"2026-06-15","35.41","87.32","4.96","8.14","48.43","49.38","5.98","40.98","92.63","8.63","8.74","46.01","44.2","4.28","34.47","82.53","0","0","33.47","32.56","2.02","29.03","77.41","0","0","36.14","3.33"
"2026-06-16","35.6","87.56","5.24","8.42","48.6","49.49","5.99","40.96","92.55","8.46","8.47","45.77","43.94","4.21","34.28","82.29","0","0","33.32","32.47","2.01","29.05","77.5","0","0","36.4","3.39"
"2026-06-17","35.79","87.81","5.51","8.69","48.76","49.59","6.0","40.94","92.46","8.29","8.19","45.53","43.67","4.15","34.09","82.05","0","0","33.19","32.39","2.01","29.08","77.59","0","0","36.66","3.45"
"2026-06-18","35.98","88.05","5.78","8.95","48.92","49.69","6.01","40.91","92.37","8.1","7.9","45.3","43.41","4.09","33.9","81.81","0","0","33.07","32.33","2.01","29.11","77.7","0","0","36.94","3.52"
"2026-06-19","36.17","88.28","6.04","9.21","49.09","49.8","6.01","40.87","92.26","7.91","7.61","45.07","43.16","4.03","33.71","81.57","0","0","32.96","32.29","2.01","29.15","77.8","0","0","37.22","3.59"
"2026-06-20","36.36","88.52","6.29","9.45","49.25","49.9","6.02","40.83","92.15","7.71","7.3","44.84","42.91","3.97","33.52","81.34","0","0","32.88","32.26","2.02","29.2","77.92","0","0","37.52","3.66"
"2026-06-21","36.55","88.75","6.54","9.68","49.41","49.99","6.03","40.78","92.03","7.5","6.99","44.61","42.67","3.92","33.34","81.12","0","0","32.8","32.25","2.03","29.25","78.04","0","0","37.83","3.73"
"2026-06-22","36.74","88.97","6.78","9.91","49.57","50.09","6.03","40.73","91.9","7.28","6.67","44.39","42.43","3.86","33.15","80.89","0","0","32.75","32.26","2.05","29.31","78.18","0","0","38.15","3.8"
"2026-06-23","36.92","89.19","7.02","10.12","49.72","50.18","6.04","40.66","91.77","7.06","6.35","44.17","42.19","3.81","32.97","80.67","0","0","32.7","32.28","2.07","29.38","78.31","0","0","38.48","3.88"
"2026-06-24","37.1","89.41","7.24","10.32","49.88","50.27","6.04","40.6","91.63","6.82","6.02","43.96","41.97","3.76","32.79","80.46","0","0","32.68","32.32","2.09","29.45","78.46","0","0","38.82","3.96"
"2026-06-25","37.28","89.62","7.46","10.51","50.03","50.36","6.05","40.53","91.48","6.58","5.68","43.75","41.75","3.71","32.61","80.25","0","0","32.67","32.38","2.12","29.52","78.61","0","0","39.17","4.03"
"2026-06-26","37.46","89.83","7.67","10.7","50.18","50.45","6.05","40.45","91.33","6.34","5.34","43.54","41.53","3.66","32.43","80.04","0","0","32.68","32.45","2.14","29.6","78.77","0","0","39.53","4.11"
"2026-06-27","37.64","90.04","7.87","10.87","50.33","50.53","6.05","40.36","91.17","6.09","4.99","43.34","41.32","3.62","32.26","79.84","0","0","32.7","32.54","2.18","29.69","78.94","0","0","39.89","4.2"
"2026-06-28","37.81","90.23","8.07","11.02","50.48","50.61","6.06","40.27","91.0","5.83","4.63","43.15","41.12","3.57","32.09","79.65","0","0","32.74","32.64","2.21","29.78","79.11","0","0","40.27","4.28"
"2026-06-29","37.98","90.43","8.26","11.17","50.62","50.69","6.06","40.18","90.83","5.56","4.27","42.96","40.93","3.53","31.92","79.46","0","0","32.79","32.76","2.25","29.88","79.28","0","0","40.65","4.36"
"2026-06-30","38.15","90.61","8.43","11.31","50.76","50.77","6.06","40.08","90.65","5.29","3.91","42.77","40.75","3.49","31.75","79.28","0","0","32.86","32.9","2.3","29.99","79.47","0","0","41.05","4.45"
"2026-07-01","38.31","90.79","8.6","11.43","50.9","50.84","6.06","39.97","90.46","5.01","3.54","42.6","40.57","3.46","31.59","79.1","0","0","32.95","33.05","2.34","30.09","79.66","0","0","41.45","4.54"
"2026-07-02","38.47","90.97","8.76","11.54","51.04","50.91","6.06","39.86","90.27","4.73","3.17","42.42","40.4","3.42","31.44","78.93","0","0","33.05","33.22","2.39","30.21","79.85","0","0","41.86","4.62"
"2026-07-03","38.62","91.14","8.91","11.64","51.17","50.98","6.06","39.75","90.07","4.45","2.79","42.26","40.24","3.39","31.28","78.76","0","0","33.17","33.4","2.45","30.33","80.05","0","0","42.27","4.71"
"2026-07-04","38.78","91.3","9.05","11.73","51.3","51.05","6.06","39.62","89.87","4.15","2.42","42.1","40.09","3.36","31.13","78.6","0","0","33.31","33.61","2.5","30.45","80.26","0","0","42.69","4.8"
"2026-07-05","38.93","91.46","9.19","11.81","51.43","51.11","6.06","39.5","89.66","3.86","2.04","41.95","39.95","3.33","30.99","78.45","0","0","33.46","33.82","2.56","30.58","80.47","0","0","43.12","4.89"
"2026-07-06","39.07","91.6","9.31","11.87","51.56","51.18","6.06","39.37","89.45","3.56","1.65","41.8","39.81","3.3","30.84","78.31","0","0","33.63","34.05","2.62","30.71","80.68","0","0","43.55","4.98"
"2026-07-07","39.21","91.75","9.42","11.92","51.68","51.24","6.06","39.23","89.23","3.26","1.27","41.66","39.69","3.28","30.71","78.17","0","0","33.81","34.3","2.69","30.85","80.9","0","0","43.99","5.08"
"2026-07-08","39.35","91.88","9.53","11.96","51.81","51.29","6.05","39.09","89.01","2.95","0.88","41.53","39.58","3.26","30.57","78.04","0","0","34.01","34.57","2.76","30.99","81.13","0","0","44.44","5.17"
"2026-07-09","39.48","92.01","9.62","11.98","51.92","51.35","6.05","38.95","88.79","2.64","0.5","41.41","39.47","3.24","30.45","77.92","0","0","34.23","34.84","2.83","31.14","81.35","0","0","44.89","5.26"
"2026-07-10","39.6","92.13","9.7","12.0","52.04","51.4","6.05","38.8","88.56","2.33","0.11","41.3","39.38","3.23","30.32","77.8","0","0","34.46","35.14","2.91","31.29","81.58","0","0.13","45.34","5.36"
"2026-07-11","39.72","92.24","9.78","12.0","52.15","51.45","6.04","38.65","88.32","2.01","0","41.19","39.29","3.21","30.2","77.69","0","0","34.71","35.45","2.99","31.44","81.82","0","0.51","45.8","5.45"
"2026-07-12","39.84","92.35","9.84","11.99","52.26","51.5","6.04","38.5","88.09","1.7","0","41.09","39.22","3.2","30.09","77.59","0","0","34.97","35.77","3.07","31.6","82.06","0","0.9","46.26","5.55"
"2026-07-13","39.95","92.45","9.89","11.96","52.37","51.55","6.04","38.34","87.85","1.38","0","41.01","39.16","3.19","29.98","77.5","0","0","35.25","36.11","3.15","31.76","82.3","0","1.29","46.73","5.64"
"2026-07-14","40.06","92.54","9.93","11.93","52.48","51.6","6.03","38.17","87.61","1.06","0","40.93","39.11","3.19","29.88","77.41","0","0","35.54","36.46","3.24","31.93","82.54","0","1.67","47.19","5.74"
"2026-07-15","40.16","92.62","9.97","11.88","52.58","51.64","6.03","38.01","87.36","0.74","0","40.86","39.07","3.19","29.78","77.33","0","0","35.85","36.82","3.33","32.09","82.79","0","2.05","47.67","5.83"
"2026-07-16","40.26","92.69","9.99","11.82","52.68","51.68","6.02","37.84","87.11","0.41","0","40.8","39.04","3.19","29.69","77.26","0","0","36.17","37.2","3.42","32.27","83.04","0","2.43","48.14","5.93"
"2026-07-17","40.35","92.76","10.0","11.74","52.78","51.72","6.02","37.67","86.86","0.09","0","40.75","39.03","3.19","29.6","77.2","0","0","36.51","37.6","3.51","32.44","83.29","0.11","2.81","48.62","6.02"
"2026-07-18","40.43","92.82","10.0","11.66","52.87","51.76","6.01","37.49","86.61","0","0","40.71","39.02","3.2","29.52","77.15","0","0","36.86","38.0","3.61","32.62","83.54","0.43","3.18","49.1","6.12"
"2026-07-19","40.51","92.87","9.99","11.56","52.96","51.8","6.01","37.32","86.36","0","0","40.68","39.03","3.21","29.44","77.1","0","0","37.23","38.42","3.71","32.79","83.8","0.75","3.56","49.58","6.21"
"2026-07-20","40.59","92.91","9.97","11.45","53.05","51.84","6.0","37.14","86.1","0","0","40.66","39.05","3.22","29.37","77.07","0","0","37.61","38.85","3.81","32.97","84.05","1.07","3.92","50.06","6.31"
"2026-07-21","40.65","92.95","9.94","11.33","53.14","51.87","6.0","36.95","85.85","0","0","40.65","39.08","3.23","29.31","77.04","0","0","38.0","39.3","3.92","33.16","84.31","1.39","4.29","50.54","6.4"
"2026-07-22","40.72","92.97","9.9","11.2","53.23","51.91","6.0","36.77","85.59","0","0","40.66","39.13","3.25","29.25","77.02","0","0","38.41","39.76","4.02","33.34","84.57","1.71","4.65","51.02","6.49"
"2026-07-23","40.77","92.99","9.85","11.05","53.31","51.94","5.99","36.58","85.33","0","0","40.67","39.19","3.27","29.2","77.0","0","0","38.83","40.23","4.13","33.53","84.83","2.03","5.0","51.5","6.59"
"2026-07-24","40.82","93.0","9.79","10.89","53.39","51.98","5.99","36.4","85.07","0","0","40.7","39.26","3.3","29.15","77.0","0","0","39.26","40.71","4.24","33.72","85.08","2.34","5.35","51.99","6.68"
"2026-07-25","40.87","93.0","9.72","10.73","53.47","52.01","5.98","36.21","84.82","0","0","40.73","39.34","3.33","29.11","77.0","0","0","39.71","41.2","4.36","33.91","85.34","2.65","5.69","52.47","6.78"
"2026-07-26","40.9","92.99","9.63","10.55","53.55","52.04","5.98","36.02","84.56","0","0","40.78","39.44","3.36","29.08","77.02","0","0","40.17","41.7","4.47","34.1","85.6","2.96","6.03","52.95","6.87"
"2026-07-27","40.93","92.98","9.54","10.36","53.63","52.08","5.98","35.83","84.3","0","0","40.84","39.54","3.39","29.05","77.04","0","0","40.64","42.22","4.59","34.29","85.86","3.27","6.36","53.43","6.96"
"2026-07-28","40.96","92.95","9.44","10.16","53.7","52.11","5.97","35.63","84.04","0","0","40.91","39.67","3.43","29.03","77.07","0","0","41.13","42.74","4.71","34.48","86.11","3.57","6.69","53.91","7.05"
"2026-07-29","40.98","92.92","9.33","9.95","53.77","52.15","5.97","35.44","83.79","0","0","40.99","39.8","3.47","29.01","77.1","0","0","41.62","43.27","4.83","34.68","86.37","3.87","7.01","54.39","7.14"
"2026-07-30","40.99","92.88","9.21","9.72","53.85","52.18","5.97","35.25","83.53","0","0","41.09","39.95","3.51","29.0","77.15","0","0","42.13","43.82","4.95","34.87","86.62","4.17","7.32","54.87","7.23"
"2026-07-31","41.0","92.83","9.08","9.49","53.92","52.21","5.97","35.05","83.28","0","0","41.2","40.11","3.55","29.0","77.2","0","0","42.65","44.37","5.08","35.06","86.87","4.46","7.62","55.34","7.32"
"2026-08-01","41.0","92.77","8.94","9.25","53.99","52.25","5.97","34.86","83.03","0","0","41.32","40.29","3.6","29.0","77.27","0","0","43.18","44.93","5.2","35.26","87.12","4.75","7.91","55.81","7.41"
"2026-08-02","40.99","92.71","8.79","9.0","54.06","52.29","5.97","34.67","82.78","0","0","41.45","40.48","3.65","29.01","77.34","0","0","43.71","45.5","5.33","35.45","87.37","5.03","8.2","56.28","7.49"
"2026-08-03","40.98","92.63","8.63","8.74","54.13","52.32","5.97","34.47","82.53","0","0","41.59","40.68","3.71","29.03","77.41","0","0","44.26","46.08","5.46","35.64","87.62","5.3","8.48","56.74","7.58"
"2026-08-04","40.96","92.55","8.46","8.47","54.19","52.36","5.97","34.28","82.29","0","0","41.75","40.9","3.77","29.05","77.5","0","0","44.82","46.67","5.58","35.83","87.86","5.57","8.75","57.21","7.67"
"2026-08-05","40.94","92.46","8.29","8.19","54.26","52.4","5.97","34.09","82.05","0","0","41.92","41.12","3.83","29.08","77.59","0","0","45.39","47.26","5.71","36.03","88.1","5.84","9.01","57.67","7.75"
"2026-08-06","40.91","92.37","8.1","7.9","54.33","52.45","5.97","33.9","81.81","0","0","42.1","41.37","3.89","29.11","77.7","0","0","45.97","47.87","5.85","36.22","88.33","6.1","9.26","58.12","7.83"
"2026-08-07","40.87","92.26","7.91","7.61","54.4","52.49","5.98","33.71","81.57","0","0","42.3","41.62","3.96","29.15","77.8","0","0","46.55","48.47","5.98","36.41","88.57","6.35","9.5","58.57","7.92"
"2026-08-08","40.83","92.15","7.71","7.3","54.47","52.54","5.98","33.52","81.34","0","0","42.5","41.89","4.03","29.2","77.92","0","0","47.15","49.09","6.11","36.59","88.8","6.6","9.73","59.02","8.0"
"2026-08-09","40.78","92.03","7.5","6.99","54.53","52.59","5.99","33.34","81.12","0","0","42.72","42.18","4.1","29.25","78.04","0","0","47.75","49.71","6.25","36.78","89.02","6.83","9.95","59.46","8.08"
"2026-08-10","40.73","91.9","7.28","6.67","54.6","52.64","5.99","33.15","80.89","0","0","42.96","42.47","4.18","29.31","78.18","0","0","48.36","50.34","6.38","36.96","89.24","7.07","10.17","59.9","8.15"
"2026-08-11","40.66","91.77","7.06","6.35","54.67","52.69","6.0","32.97","80.67","0","0","43.2","42.78","4.25","29.38","78.31","0","0","48.98","50.97","6.52","37.14","89.46","7.29","10.37","60.33","8.23"
"2026-08-12","40.6","91.63","6.82","6.02","54.74","52.75","6.01","32.79","80.46","0","0","43.46","43.11","4.34","29.45","78.46","0","0","49.6","51.6","6.65","37.32","89.67","7.51","10.56","60.76","8.31"
"2026-08-13","40.53","91.48","6.58","5.68","54.81","52.81","6.02","32.61","80.25","0","0","43.73","43.44","4.42","29.52","78.61","0","0","50.23","52.24","6.79","37.5","89.88","7.72","10.73","61.19","8.38"
"2026-08-14","40.45","91.33","6.34","5.34","54.89","52.87","6.03","32.43","80.04","0","0","44.02","43.79","4.51","29.6","78.77","0","0","50.87","52.89","6.92","37.68","90.08","7.92","10.9","61.6","8.46"
"2026-08-15","40.36","91.17","6.09","4.99","54.96","52.94","6.04","32.26","79.84","0","0","44.32","44.15","4.6","29.69","78.94","0","0","51.51","53.53","7.06","37.85","90.28","8.11","11.06","62.01","8.53"
"2026-08-16","40.27","91.0","5.83","4.63","55.04","53.01","6.05","32.09","79.65","0","0","44.63","44.53","4.69","29.78","79.11","0","0","52.16","54.19","7.2","38.02","90.47","8.3","11.2","62.42","8.6"
"2026-08-17","40.18","90.83","5.56","4.27","55.11","53.09","6.07","31.92","79.46","0","0","44.95","44.92","4.79","29.88","79.28","0","0","52.81","54.84","7.34","38.18","90.65","8.47","11.34","62.82","8.67"
"2026-08-18","40.08","90.65","5.29","3.91","55.19","53.17","6.08","31.75","79.28","0","0","45.28","45.32","4.88","29.99","79.47","0","0","53.47","55.49","7.47","38.34","90.83","8.64","11.46","63.22","8.74"
"2026-08-19","39.97","90.46","5.01","3.54","55.28","53.25","6.1","31.59","79.1","0","0","45.63","45.73","4.98","30.09","79.66","0","0","54.13","56.15","7.61","38.5","91.01","8.8","11.57","63.6","8.8"
"2026-08-20","39.86","90.27","4.73","3.17","55.36","53.34","6.12","31.44","78.93","0","0","45.99","46.16","5.09","30.21","79.85","0","0","54.79","56.81","7.75","38.66","91.17","8.95","11.66","63.99","8.87"
"2026-08-21","39.75","90.07","4.45","2.79","55.45","53.43","6.14","31.28","78.76","0","0","46.36","46.59","5.19","30.33","80.05","0","0","55.46","57.47","7.88","38.81","91.33","9.08","11.75","64.36","8.93"
"2026-08-22","39.62","89.87","4.15","2.42","55.54","53.53","6.16","31.13","78.6","0","0","46.75","47.04","5.3","30.45","80.26","0","0","56.13","58.13","8.02","38.96","91.49","9.21","11.82","64.73","8.99"
"2026-08-23","39.5","89.66","3.86","2.04","55.63","53.63","6.18","30.99","78.45","0","0","47.15","47.51","5.41","30.58","80.47","0","0","56.8","58.79","8.16","39.1","91.64","9.34","11.88","65.09","9.06"
"2026-08-24","39.37","89.45","3.56","1.65","55.72","53.74","6.2","30.84","78.31","0","0","47.55","47.98","5.53","30.71","80.68","0","0","57.48","59.45","8.29","39.24","91.78","9.45","11.93","65.45","9.12"
"2026-08-25","39.23","89.23","3.26","1.27","55.82","53.85","6.23","30.71","78.17","0","0","47.98","48.46","5.64","30.85","80.9","0","0","58.15","60.12","8.43","39.37","91.91","9.55","11.97","65.8","9.17"
"2026-08-26","39.09","89.01","2.95","0.88","55.93","53.97","6.26","30.57","78.04","0","0","48.41","48.96","5.76","30.99","81.13","0","0","58.83","60.77","8.56","39.5","92.04","9.64","11.99","66.14","9.23"
"2026-08-27","38.95","88.79","2.64","0.5","56.03","54.09","6.29","30.45","77.92","0","0","48.85","49.46","5.88","31.14","81.35","0","0","59.51","61.43","8.69","39.63","92.16","9.72","12.0","66.48","9.29"
"2026-08-28","38.8","88.56","2.33","0.11","56.14","54.22","6.32","30.32","77.8","0","0","49.31","49.98","6.0","31.29","81.58","0","0.13","60.18","62.09","8.83","39.75","92.27","9.79","12.0","66.8","9.34"
"2026-08-29","38.65","88.32","2.01","0","56.26","54.36","6.35","30.2","77.69","0","0","49.77","50.51","6.12","31.44","81.82","0","0.51","60.86","62.74","8.96","39.87","92.37","9.85","11.98","67.13","9.39"
"2026-08-30","38.5","88.09","1.7","0","56.37","54.5","6.39","30.09","77.59","0","0","50.25","51.05","6.25","31.6","82.06","0","0.9","61.54","63.4","9.09","39.98","92.47","9.9","11.96","67.44","9.44"
"2026-08-31","38.34","87.85","1.38","0","56.5","54.65","6.42","29.98","77.5","0","0","50.74","51.59","6.38","31.76","82.3","0","1.29","62.22","64.04","9.22","40.08","92.56","9.94","11.92","67.75","9.49"
"2026-09-01","38.17","87.61","1.06","0","56.62","54.81","6.46","29.88","77.41","0","0","51.24","52.15","6.51","31.93","82.54","0","1.67","62.89","64.69","9.35","40.18","92.64","9.97","11.87","68.05","9.54"
"2026-09-02","38.01","87.36","0.74","0","56.76","54.97","6.5","29.78","77.33","0","0","51.75","52.72","6.64","32.09","82.79","0","2.05","63.56","65.33","9.48","40.28","92.71","9.99","11.8","68.34","9.59"
"2026-09-03","37.84","87.11","0.41","0","56.89","55.14","6.54","29.69","77.26","0","0","52.27","53.3","6.77","32.27","83.04","0","2.43","64.23","65.97","9.6","40.37","92.78","10.0","11.73","68.63","9.63"
"2026-09-04","37.67","86.86","0.09","0","57.04","55.31","6.58","29.6","77.2","0","0","52.79","53.88","6.91","32.44","83.29","0.11","2.81","64.9","66.6","9.73","40.45","92.83","10.0","11.64","68.9","9.68"
"2026-09-05","37.49","86.61","0","0","57.18","55.49","6.63","29.52","77.15","0","0","53.33","54.47","7.04","32.62","83.54","0.43","3.18","65.57","67.23","9.85","40.53","92.88","9.99","11.54","69.18","9.72"
"2026-09-06","37.32","86.36","0","0","57.34","55.68","6.68","29.44","77.1","0","0","53.88","55.08","7.18","32.79","83.8","0.75","3.56","66.23","67.86","9.97","40.6","92.92","9.96","11.43","69.44","9.76"
"2026-09-07","37.14","86.1","0","0","57.49","55.88","6.73","29.37","77.07","0","0","54.44","55.68","7.32","32.97","84.05","1.07","3.92","66.89","68.47","10.09","40.67","92.95","9.93","11.3","69.7","9.8"
"2026-09-08","36.95","85.85","0","0","57.66","56.09","6.78","29.31","77.04","0","0","55.0","56.3","7.46","33.16","84.31","1.39","4.29","67.54","69.09","10.21","40.73","92.98","9.89","11.16","69.95","9.84"
"2026-09-09","36.77","85.59","0","0","57.83","56.3","6.83","29.25","77.02","0","0","55.58","56.93","7.6","33.34","84.57","1.71","4.65","68.19","69.69","10.33","40.78","92.99","9.84","11.02","70.19","9.88"
"2026-09-10","36.58","85.33","0","0","58.0","56.52","6.88","29.2","77.0","0","0","56.16","57.56","7.74","33.53","84.83","2.03","5.0","68.84","70.29","10.45","40.83","93.0","9.77","10.86","70.43","9.91"
"2026-09-11","36.4","85.07","0","0","58.18","56.74","6.94","29.15","77.0","0","0","56.75","58.19","7.89","33.72","85.08","2.34","5.35","69.48","70.89","10.56","40.87","93.0","9.7","10.69","70.66","9.95"
"2026-09-12","36.21","84.82","0","0","58.37","56.98","7.0","29.11","77.0","0","0","57.35","58.84","8.03","33.91","85.34","2.65","5.69","70.11","71.47","10.67","40.91","92.99","9.61","10.51","70.88","9.98"
"2026-09-13","36.02","84.56","0","0","58.57","57.22","7.06","29.08","77.02","0","0","57.96","59.49","8.18","34.1","85.6","2.96","6.03","70.74","72.05","10.78","40.94","92.97","9.52","10.31","71.1","10.01"
"2026-09-14","35.83","84.3","0","0","58.77","57.47","7.12","29.05","77.04","0","0","58.57","60.14","8.32","34.29","85.86","3.27","6.36","71.36","72.62","10.89","40.96","92.95","9.42","10.11","71.31","10.05"
"2026-09-15","36.93","82.58","0","0","58.97","57.73","7.19","30.32","75.6","0","0","59.19","60.8","8.47","35.77","84.65","4.95","8.75","71.98","73.19","11.0","42.27","91.45","10.68","11.96","71.51","10.08"
"2026-09-16","38.02","80.86","0","0","59.19","58.0","7.26","31.59","74.18","0","0","59.82","61.47","8.62","37.26","83.44","6.63","11.14","72.58","73.74","11.1","43.58","89.94","11.93","13.8","71.7","10.11"
"2026-09-17","39.12","79.15","0.14","0","59.41","58.27","7.32","32.87","72.76","0","0","60.45","62.14","8.77","38.74","82.23","8.3","13.51","73.18","74.29","11.2","44.87","88.43","13.18","15.63","71.89","10.13"
"2026-09-18","40.21","77.43","1.22","0.82","59.63","58.55","7.39","34.16","71.36","0","0","61.08","62.81","8.92","40.22","81.03","9.96","15.88","73.78","74.83","11.3","46.16","86.91","14.41","17.45","72.08","10.16"
"2026-09-19","41.31","75.72","2.31","2.58","59.87","58.84","7.47","35.45","69.96","0","1.22","61.73","63.49","9.07","41.7","79.82","11.62","18.23","74.36","75.36","11.4","47.44","85.38","15.63","19.26","72.26","10.19"
"2026-09-20","42.4","74.02","3.39","4.34","60.11","59.14","7.54","36.75","68.57","0","3.53","62.38","64.17","9.22","43.18","78.61","13.27","20.57","74.94","75.88","11.5","48.71","83.85","16.84","21.05","72.43","10.21"
"2026-09-21","43.49","72.32","4.48","6.11","60.36","59.44","7.62","38.04","67.2","1.09","5.85","63.03","64.85","9.36","44.66","77.4","14.92","22.9","75.51","76.39","11.59","49.97","82.32","18.04","22.83","72.59","10.24"
"2026-09-22","44.58","70.62","5.57","7.89","60.61","59.76","7.7","39.35","65.83","2.63","8.17","63.68","65.53","9.51","46.13","76.19","16.56","25.22","76.07","76.89","11.68","51.23","80.77","19.23","24.6","72.75","10.26"
"2026-09-23","45.66","68.93","6.67","9.67","60.87","60.08","7.78","40.65","64.48","4.17","10.5","64.34","66.22","9.66","47.6","74.98","18.18","27.53","76.62","77.38","11.77","52.47","79.23","20.41","26.35","72.91","10.29"
"2026-09-24","46.75","67.25","7.76","11.45","61.14","60.41","7.86","41.96","63.14","5.72","12.83","65.01","66.91","9.81","49.06","73.77","19.8","29.82","77.16","77.86","11.86","53.71","77.68","21.57","28.1","73.05","10.31"
"2026-09-25","47.83","65.58","8.86","13.23","61.42","60.74","7.94","43.27","61.81","7.27","15.17","65.68","67.6","9.96","50.52","72.57","21.41","32.09","77.69","78.33","11.94","54.94","76.13","22.72","29.82","73.2","10.33"
"2026-09-26","48.9","63.91","9.96","15.02","61.7","61.09","8.03","44.58","60.49","8.83","17.5","66.35","68.28","10.11","51.98","71.36","23.0","34.35","78.22","78.79","12.02","56.15","74.57","23.86","31.54","73.34","10.35"
"2026-09-27","49.98","62.25","11.06","16.81","61.99","61.44","8.11","45.9","59.18","10.39","19.83","67.02","68.97","10.26","53.42","70.16","24.59","36.59","78.73","79.24","12.1","57.36","73.01","24.99","33.23","73.47","10.37"
"2026-09-28","51.05","60.6","12.17","18.6","62.29","61.8","8.2","47.21","57.89","11.95","22.16","67.69","69.66","10.41","54.86","68.96","26.16","38.81","79.23","79.68","12.18","58.55","71.45","26.1","34.92","73.6","10.39"
"2026-09-29","52.12","58.97","13.27","20.4","62.59","62.17","8.29","48.53","56.61","13.51","24.5","68.37","70.35","10.56","56.3","67.75","27.72","41.01","79.72","80.1","12.25","59.73","69.89","27.2","36.59","73.72","10.41"
"2026-09-30","53.18","57.34","14.38","22.19","62.9","62.55","8.39","49.84","55.34","15.08","26.82","69.04","71.04","10.7","57.72","66.55","29.26","43.19","80.2","80.52","12.33","60.91","68.33","28.29","38.24","73.84","10.43"
"2026-10-01","54.24","55.73","15.49","23.99","63.22","62.93","8.48","51.16","54.09","16.64","29.15","69.72","71.73","10.85","59.14","65.36","30.8","45.35","80.67","80.92","12.4","62.07","66.77","29.36","39.88","73.96","10.45"
"2026-10-02","55.3","54.12","16.6","25.79","63.55","63.32","8.58","52.47","52.85","18.21","31.47","70.4","72.41","10.99","60.54","64.16","32.31","47.49","81.13","81.32","12.46","63.21","65.21","30.42","41.5","74.07","10.46"
"2026-10-03","56.35","52.54","17.71","27.59","63.88","63.72","8.67","53.79","51.63","19.77","33.78","71.07","73.1","11.14","61.94","62.97","33.81","49.61","81.58","81.7","12.53","64.35","63.65","31.47","43.1","74.17","10.48"
"2026-10-04","57.4","50.96","18.82","29.39","64.22","64.12","8.77","55.1","50.42","21.34","36.09","71.75","73.78","11.28","63.33","61.78","35.3","51.71","82.01","82.07","12.59","65.47","62.1","32.5","44.69","74.28","10.5"
"2026-10-05","58.44","49.4","19.93","31.19","64.56","64.53","8.87","56.41","49.22","22.9","38.39","72.42","74.45","11.42","64.71","60.59","36.77","53.78","82.44","82.43","12.65","66.58","60.54","33.52","46.27","74.38","10.51"
"2026-10-06","59.48","47.85","21.04","32.98","64.91","64.95","8.97","57.72","48.04","24.46","40.68","73.1","75.13","11.56","66.07","59.41","38.22","55.82","82.85","82.77","12.71","67.68","58.99","34.53","47.83","74.47","10.53"
"2026-10-07","60.52","46.32","22.15","34.78","65.27","65.37","9.08","59.02","46.88","26.01","42.97","73.77","75.8","11.7","67.43","58.23","39.65","57.85","83.25","83.11","12.76","68.76","57.44","35.52","49.37","74.56","10.55"
"2026-10-08","61.55","44.8","23.26","36.57","65.64","65.81","9.18","60.32","45.73","27.56","45.24","74.44","76.46","11.84","68.77","57.05","41.06","59.84","83.64","83.43","12.82","69.83","55.9","36.5","50.89","74.65","10.56"
"2026-10-09","62.57","43.3","24.37","38.37","66.01","66.24","9.29","61.62","44.59","29.11","47.5","75.11","77.12","11.98","70.1","55.87","42.46","61.81","84.01","83.74","12.87","70.89","54.36","37.47","52.39","74.74","10.58"
"2026-10-10","63.59","41.82","25.49","40.16","66.39","66.69","9.39","62.91","43.47","30.65","49.75","75.77","77.78","12.11","71.42","54.7","43.84","63.75","84.37","84.04","12.91","71.93","52.83","38.42","53.88","74.82","10.6"
"2026-10-11","64.6","40.35","26.6","41.94","66.78","67.14","9.5","64.2","42.37","32.18","51.99","76.43","78.42","12.25","72.72","53.54","45.19","65.67","84.73","84.33","12.96","72.96","51.3","39.35","55.36","74.91","10.61"
"2026-10-12","65.61","38.91","27.7","43.72","67.17","67.59","9.61","65.48","41.28","33.71","54.21","77.09","79.07","12.38","74.01","52.38","46.53","67.56","85.06","84.6","13.0","73.97","49.78","40.27","56.81","74.98","10.63"
"2026-10-13","66.61","37.48","28.81","45.5","67.57","68.05","9.72","66.76","40.21","35.23","56.41","77.74","79.71","12.51","75.28","51.22","47.85","69.41","85.39","84.86","13.04","74.97","48.27","41.18","58.25","75.06","10.64"
"2026-10-14","67.61","36.07","29.92","47.28","67.97","68.52","9.83","68.03","39.15","36.74","58.61","78.39","80.34","12.64","76.54","50.07","49.14","71.24","85.7","85.11","13.08","75.95","46.76","42.07","59.66","75.14","10.66"
"2026-10-15","68.6","34.68","31.02","49.05","68.38","68.99","9.95","69.29","38.12","38.24","60.78","79.03","80.96","12.76","77.78","48.92","50.41","73.04","86.0","85.35","13.12","76.92","45.27","42.95","61.06","75.21","10.67"
"2026-10-16","69.58","33.31","32.13","50.81","68.79","69.47","10.06","70.55","37.09","39.74","62.94","79.67","81.58","12.89","79.01","47.78","51.66","74.81","86.29","85.58","13.15","77.87","43.78","43.82","62.45","75.28","10.69"
"2026-10-17","70.55","31.96","33.23","52.57","69.21","69.95","10.17","71.79","36.09","41.22","65.07","80.3","82.18","13.01","80.22","46.64","52.89","76.54","86.57","85.79","13.18","78.81","42.3","44.67","63.81","75.35","10.71"
"2026-10-18","71.52","30.63","34.32","54.32","69.64","70.43","10.29","73.03","35.1","42.69","67.19","80.93","82.78","13.13","81.41","45.51","54.1","78.25","86.83","85.99","13.21","79.73","40.84","45.5","65.16","75.42","10.72"
"2026-10-19","72.48","29.33","35.42","56.06","70.07","70.92","10.4","74.26","34.13","44.15","69.29","81.54","83.37","13.25","82.59","44.39","55.28","79.92","87.08","86.18","13.23","80.64","39.38","46.32","66.48","75.49","10.74"
"2026-10-20","73.44","28.04","36.51","57.8","70.5","71.42","10.52","75.49","33.18","45.6","71.37","82.16","83.96","13.36","83.74","43.27","56.43","81.56","87.31","86.36","13.26","81.53","37.94","47.13","67.79","75.56","10.76"
"2026-10-21","74.38","26.78","37.6","59.52","70.94","71.92","10.64","76.7","32.24","47.04","73.42","82.76","84.53","13.48","84.88","42.16","57.57","83.17","87.54","86.53","13.28","82.41","36.51","47.92","69.08","75.63","10.77"
"2026-10-22","75.32","25.54","38.68","61.24","71.39","72.42","10.76","77.9","31.32","48.46","75.45","83.35","85.09","13.59","86.0","41.05","58.68","84.74","87.75","86.68","13.3","83.27","35.09","48.7","70.35","75.69","10.79"
"2026-10-23","76.25","24.33","39.76","62.95","71.83","72.92","10.87","79.09","30.42","49.87","77.46","83.94","85.64","13.69","87.1","39.96","59.76","86.28","87.94","86.83","13.32","84.11","33.68","49.46","71.61","75.76","10.81"
"2026-10-24","77.18","23.14","40.84","64.65","72.29","73.43","10.99","80.27","29.53","51.26","79.44","84.52","86.19","13.8","88.19","38.87","60.82","87.79","88.13","86.96","13.33","84.93","32.29","50.21","72.84","75.82","10.83"
"2026-10-25","78.09","21.97","41.91","66.34","72.74","73.94","11.11","81.44","28.67","52.64","81.39","85.09","86.72","13.9","89.25","37.79","61.85","89.26","88.3","87.08","13.34","85.74","30.91","50.94","74.05","75.89","10.85"
"2026-10-26","78.99","20.83","42.98","68.02","73.2","74.45","11.23","82.6","27.82","54.0","83.32","85.65","87.24","14.0","90.29","36.71","62.86","90.7","88.46","87.18","13.35","86.54","29.55","51.66","75.25","75.96","10.87"
"2026-10-27","79.89","19.71","44.04","69.68","73.67","74.96","11.35","83.74","26.98","55.35","85.22","86.2","87.75","14.1","91.31","35.65","63.84","92.1","88.61","87.28","13.36","87.31","28.2","52.37","76.43","76.02","10.89"
"2026-10-28","80.78","18.62","45.1","71.34","74.13","75.48","11.47","84.87","26.17","56.67","87.09","86.74","88.25","14.19","92.31","34.59","64.8","93.46","88.74","87.37","13.37","88.07","26.87","53.06","77.58","76.09","10.91"
"2026-10-29","81.66","17.55","46.14","72.98","74.6","76.0","11.59","85.99","25.37","57.98","88.94","87.27","88.73","14.29","93.29","33.55","65.73","94.79","88.87","87.44","13.37","88.81","25.56","53.74","78.72","76.16","10.93"
"2026-10-30","82.53","16.51","47.19","74.61","75.07","76.51","11.7","87.09","24.59","59.27","90.75","87.79","89.21","14.38","94.25","32.51","66.63","96.09","88.98","87.51","13.38","89.54","24.27","54.4","79.84","76.23","10.95"
"2026-10-31","83.38","15.49","48.22","76.22","75.54","77.03","11.82","88.18","23.83","60.55","92.53","88.3","89.67","14.46","95.18","31.48","67.51","97.34","89.07","87.56","13.38","90.25","22.99","55.05","80.94","76.3","10.97"
"2026-11-01","84.23","14.51","49.25","77.82","76.02","77.55","11.94","89.26","23.09","61.8","94.28","88.8","90.12","14.54","96.1","30.46","68.35","98.56","89.16","87.6","13.38","90.94","21.73","55.68","82.01","76.37","11.0"
"2026-11-02","85.07","13.55","50.28","79.4","76.5","78.07","12.06","90.31","22.36","63.03","96.0","89.29","90.55","14.62","96.99","29.45","69.18","99.75","89.23","87.63","13.37","91.61","20.49","56.3","83.07","76.44","11.02"
"2026-11-03","85.9","12.61","51.29","80.97","76.98","78.59","12.18","91.36","21.66","64.24","97.69","89.76","90.97","14.7","97.86","28.45","69.97","100.89","89.29","87.66","13.37","92.27","19.28","56.91","84.11","76.52","11.04"
"2026-11-04","86.72","11.7","52.3","82.52","77.45","79.11","12.29","92.38","20.97","65.43","99.34","90.22","91.38","14.77","98.7","27.47","70.73","102.0","89.34","87.67","13.36","92.91","18.08","57.5","85.13","76.59","11.07"
"2026-11-05","87.53","10.83","53.29","84.05","77.94","79.62","12.41","93.39","20.3","66.59","100.95","90.67","91.78","14.85","99.52","26.49","71.47","103.07","89.38","87.67","13.35","93.53","16.9","58.08","86.13","76.67","11.1"
"2026-11-06","88.32","9.97","54.28","85.57","78.42","80.14","12.53","94.38","19.64","67.73","102.53","91.11","92.16","14.91","100.32","25.53","72.18","104.11","89.41","87.66","13.34","94.14","15.74","58.64","87.11","76.75","11.12"
"2026-11-07","89.11","9.15","55.26","87.07","78.9","80.66","12.64","95.36","19.01","68.85","104.08","91.53","92.53","14.98","101.09","24.58","72.86","105.1","89.42","87.65","13.33","94.73","14.61","59.19","88.07","76.83","11.15"
"2026-11-08","89.88","8.36","56.23","88.54","79.38","81.17","12.76","96.32","18.39","69.95","105.59","91.94","92.88","15.04","101.84","23.64","73.52","106.06","89.43","87.62","13.32","95.3","13.5","59.73","89.01","76.91","11.18"
"2026-11-09","90.64","7.59","57.19","90.0","79.86","81.68","12.87","97.25","17.79","71.02","107.06","92.34","93.22","15.1","102.57","22.71","74.14","106.98","89.42","87.59","13.3","95.85","12.41","60.25","89.93","77.0","11.21"
"2026-11-10","91.39","6.85","58.14","91.44","80.34","82.19","12.98","98.17","17.21","72.07","108.49","92.72","93.54","15.15","103.27","21.79","74.74","107.87","89.41","87.54","13.29","96.39","11.35","60.76","90.83","77.09","11.24"
"2026-11-11","92.12","6.14","59.07","92.86","80.82","82.69","13.1","99.07","16.65","73.09","109.88","93.09","93.85","15.2","103.95","20.89","75.31","108.71","89.38","87.49","13.27","96.9","10.3","61.25","91.71","77.18","11.27"
"2026-11-12","92.85","5.46","60.0","94.26","81.29","83.19","13.21","99.95","16.1","74.08","111.24","93.45","94.14","15.25","104.6","20.0","75.85","109.52","89.34","87.43","13.25","97.4","9.29","61.73","92.57","77.27","11.3"
"2026-11-13","93.56","4.81","60.91","95.63","81.77","83.69","13.31","100.81","15.57","75.05","112.55","93.79","94.42","15.29","105.23","19.13","76.36","110.29","89.29","87.36","13.23","97.89","8.3","62.2","93.41","77.36","11.33"
"2026-11-14","94.26","4.19","61.82","96.98","82.24","84.18","13.42","101.65","15.06","75.99","113.83","94.11","94.68","15.33","105.83","18.27","76.85","111.02","89.23","87.28","13.21","98.35","7.33","62.65","94.23","77.46","11.36"
"2026-11-15","94.94","3.59","62.7","98.31","82.71","84.67","13.53","102.47","14.57","76.91","115.06","94.42","94.93","15.37","106.4","17.43","77.3","111.71","89.17","87.2","13.19","98.8","6.39","63.09","95.02","77.56","11.39"
"2026-11-16","95.62","3.03","63.58","99.61","83.18","85.15","13.63","103.27","14.1","77.79","116.25","94.72","95.16","15.41","106.96","16.59","77.73","112.36","89.09","87.11","13.17","99.23","5.48","63.52","95.8","77.66","11.43"
"2026-11-17","96.27","2.5","64.44","100.89","83.64","85.63","13.74","104.04","13.64","78.65","117.4","95.0","95.38","15.44","107.48","15.78","78.13","112.98","89.0","87.01","13.14","99.64","4.59","63.93","96.55","77.76","11.46"
"2026-11-18","96.92","1.99","65.29","102.14","84.11","86.11","13.84","104.8","13.2","79.48","118.51","95.27","95.58","15.47","107.98","14.98","78.5","113.56","88.91","86.9","13.12","100.04","3.73","64.33","97.29","77.87","11.5"
"2026-11-19","97.55","1.52","66.13","103.37","84.56","86.57","13.94","105.53","12.78","80.28","119.58","95.52","95.77","15.49","108.46","14.2","78.84","114.1","88.8","86.79","13.09","100.42","2.9","64.72","98.0","77.98","11.54"
"2026-11-20","98.16","1.07","66.95","104.57","85.02","87.03","14.04","106.23","12.38","81.05","120.6","95.75","95.94","15.51","108.9","13.43","79.16","114.6","88.69","86.67","13.06","100.78","2.1","65.09","98.7","78.09","11.57"
"2026-11-21","98.76","0.65","67.75","105.75","85.47","87.49","14.14","106.92","11.99","81.79","121.57","95.97","96.09","15.53","109.33","12.68","79.45","115.07","88.57","86.54","13.04","101.12","1.32","65.45","99.37","78.21","11.61"
"2026-11-22","99.35","0.27","68.54","106.89","85.91","87.94","14.23","107.58","11.63","82.5","122.51","96.17","96.23","15.54","109.72","11.94","79.71","115.5","88.44","86.41","13.01","101.45","0.58","65.8","100.02","78.33","11.65"
"2026-11-23","99.92","0","69.31","108.01","86.35","88.38","14.32","108.22","11.28","83.18","123.4","96.36","96.35","15.55","110.09","11.23","79.94","115.89","88.3","86.27","12.98","101.76","0","66.13","100.65","78.45","11.69"
"2026-11-24","100.47","0","70.07","109.1","86.78","88.81","14.41","108.83","10.95","83.83","124.24","96.53","96.46","15.56","110.44","10.53","80.14","116.24","88.15","86.13","12.95","102.05","0","66.45","101.26","78.57","11.73"
"2026-11-25","101.01","0","70.8","110.16","87.21","89.23","14.5","109.42","10.63","84.44","125.04","96.69","96.55","15.56","110.76","9.85","80.32","116.56","88.0","85.98","12.92","102.32","0","66.76","101.85","78.7","11.77"
"2026-11-26","101.54","0","71.53","111.19","87.63","89.65","14.59","109.99","10.33","85.03","125.79","96.82","96.62","15.56","111.05","9.19","80.47","116.84","87.84","85.83","12.89","102.58","0","67.05","102.41","78.83","11.81"
"2026-11-27","102.05","0","72.23","112.19","88.04","90.06","14.67","110.53","10.05","85.58","126.5","96.95","96.68","15.56","111.32","8.54","80.59","117.08","87.68","85.67","12.85","102.82","0","67.33","102.95","78.96","11.85"
"2026-11-28","102.54","0","72.92","113.15","88.45","90.46","14.75","111.04","9.79","86.11","127.16","97.05","96.72","15.56","111.56","7.92","80.68","117.29","87.5","85.51","12.82","103.04","0","67.6","103.48","79.09","11.89"
"2026-11-29","103.01","0","73.58","114.09","88.85","90.85","14.83","111.53","9.55","86.59","127.77","97.15","96.75","15.55","111.77","7.31","80.75","117.46","87.33","85.34","12.79","103.24","0","67.86","103.98","79.23","11.94"
"2026-11-30","103.47","0","74.23","114.99","89.25","91.22","14.91","111.99","9.32","87.05","128.34","97.22","96.76","15.54","111.96","6.73","80.79","117.59","87.14","85.17","12.76","103.43","0","68.1","104.46","79.37","11.98"
"2026-12-01","103.91","0","74.86","115.86","89.63","91.59","14.99","112.43","9.11","87.47","128.86","97.28","96.75","15.52","112.12","6.16","80.81","117.69","86.95","85.0","12.72","103.6","0","68.32","104.91","79.51","12.02"
"2026-12-02","104.33","0","75.47","116.69","90.01","91.95","15.06","112.84","8.92","87.87","129.33","97.32","96.73","15.5","112.26","5.62","80.8","117.75","86.75","84.82","12.69","103.76","0","68.54","105.35","79.65","12.07"
"2026-12-03","104.74","0","76.05","117.5","90.38","92.3","15.13","113.23","8.75","88.22","129.76","97.35","96.7","15.48","112.37","5.09","80.76","117.78","86.55","84.64","12.66","103.89","0","68.74","105.76","79.8","12.11"
"2026-12-04","105.12","0","76.62","118.26","90.73","92.64","15.19","113.59","8.59","88.55","130.13","97.36","96.64","15.45","112.45","4.59","80.7","117.77","86.35","84.46","12.62","104.01","0","68.93","106.15","79.94","12.16"
"2026-12-05","105.49","0","77.17","119.0","91.09","92.97","15.26","113.92","8.45","88.84","130.47","97.35","96.58","15.43","112.51","4.11","80.61","117.73","86.14","84.27","12.59","104.12","0","69.11","106.51","80.09","12.21"
"2026-12-06","105.85","0","77.69","119.69","91.43","93.28","15.32","114.22","8.32","89.1","130.75","97.33","96.49","15.4","112.55","3.65","80.5","117.66","85.92","84.08","12.55","104.2","0","69.27","106.86","80.25","12.25"
"2026-12-07","106.18","0","78.2","120.35","91.76","93.59","15.37","114.5","8.22","89.32","130.98","97.29","96.4","15.36","112.55","3.21","80.36","117.55","85.7","83.89","12.52","104.27","0","69.42","107.18","80.4","12.3"
"2026-12-08","106.49","0","78.68","120.98","92.08","93.88","15.43","114.75","8.13","89.51","131.17","97.23","96.28","15.33","112.54","2.8","80.2","117.4","85.48","83.7","12.49","104.32","0","69.55","107.48","80.55","12.34"
"2026-12-09","106.79","0","79.13","121.56","92.39","94.16","15.48","114.97","8.06","89.66","131.31","97.17","96.16","15.29","112.5","2.4","80.02","117.23","85.25","83.5","12.45","104.36","0","69.68","107.75","80.71","12.39"
"2026-12-10","107.06","0","79.57","122.11","92.69","94.42","15.53","115.17","8.0","89.79","131.41","97.08","96.01","15.24","112.43","2.03","79.81","117.02","85.02","83.31","12.42","104.38","0","69.79","108.01","80.87","12.44"
"2026-12-11","107.32","0","79.98","122.62","92.98","94.68","15.58","115.33","7.96","89.87","131.45","96.98","95.86","15.2","112.34","1.69","79.57","116.77","84.79","83.11","12.38","104.38","0","69.88","108.23","81.03","12.49"
"2026-12-12","107.56","0","80.37","123.09","93.25","94.92","15.62","115.47","7.94","89.93","131.45","96.86","95.69","15.15","112.22","1.36","79.32","116.5","84.56","82.91","12.35","104.37","0","69.97","108.44","81.19","12.53"
"2026-12-13","107.78","0","80.73","123.53","93.52","95.15","15.66","115.58","7.94","89.95","131.4","96.73","95.5","15.1","112.08","1.06","79.04","116.19","84.32","82.72","12.32","104.34","0","70.04","108.62","81.35","12.58"
"2026-12-14","107.97","0","81.07","123.92","93.77","95.36","15.69","115.67","7.95","89.93","131.3","96.58","95.3","15.05","111.91","0.79","78.73","115.85","84.08","82.52","12.29","104.29","0","70.09","108.78","81.51","12.63"
"2026-12-15","108.15","0","81.38","124.28","94.01","95.56","15.73","115.72","7.98","89.88","131.15","96.42","95.09","14.99","111.72","0.54","78.41","115.48","83.84","82.32","12.25","104.23","0","70.14","108.91","81.68","12.67"
"2026-12-16","108.31","0","81.67","124.59","94.24","95.75","15.76","115.75","8.03","89.8","130.96","96.24","94.87","14.93","111.51","0.31","78.06","115.08","83.59","82.12","12.22","104.15","0","70.17","109.02","81.84","12.72"
"2026-12-17","108.45","0","81.94","124.87","94.46","95.92","15.78","115.75","8.09","89.68","130.72","96.05","94.63","14.87","111.27","0.11","77.69","114.65","83.35","81.92","12.19","104.06","0","70.18","109.11","82.0","12.77"
"2026-12-18","108.56","0.26","82.18","125.1","94.66","96.08","15.81","115.72","8.18","89.53","130.44","95.85","94.38","14.81","111.01","0","77.3","114.19","83.1","81.72","12.16","103.95","0","70.18","109.17","82.17","12.82"
"2026-12-19","108.66","0.63","82.39","125.29","94.86","96.22","15.83","115.66","8.27","89.35","130.11","95.63","94.11","14.74","110.72","0","76.89","113.7","82.85","81.52","12.13","103.82","0","70.17","109.21","82.33","12.86"
"2026-12-20","108.73","1.02","82.57","125.44","95.03","96.35","15.84","115.57","8.39","89.13","129.73","95.39","93.83","14.67","110.42","0","76.46","113.18","82.6","81.32","12.09","103.68","0","70.15","109.22","82.5","12.91"
"2026-12-21","108.79","1.43","82.73","125.55","95.2","96.46","15.86","115.46","8.52","88.88","129.3","95.14","93.55","14.6","110.09","0","76.0","112.63","82.35","81.12","12.06","103.52","0","70.11","109.21","82.66","12.95"
"2026-12-22","108.82","1.87","82.86","125.62","95.35","96.56","15.86","115.32","8.67","88.59","128.83","94.88","93.24","14.53","109.73","0","75.53","112.05","82.1","80.92","12.03","103.34","0","70.06","109.17","82.82","13.0"
"2026-12-23","108.83","2.33","82.97","125.65","95.49","96.64","15.87","115.14","8.83","88.28","128.31","94.61","92.93","14.46","109.36","0","75.04","111.44","81.86","80.73","12.01","103.15","0","69.99","109.11","82.99","13.04"
"2026-12-24","108.82","2.82","83.04","125.63","95.61","96.71","15.87","114.95","9.01","87.92","127.75","94.32","92.61","14.38","108.96","0","74.53","110.81","81.61","80.53","11.98","102.95","0","69.91","109.02","83.15","13.09"
"2026-12-25","108.78","3.32","83.09","125.57","95.72","96.77","15.87","114.72","9.21","87.54","127.15","94.02","92.27","14.3","108.54","0","74.0","110.15","81.36","80.34","11.95","102.72","0","69.82","108.91","83.31","13.13"
"2026-12-26","108.73","3.86","83.11","125.47","95.81","96.8","15.87","114.46","9.42","87.12","126.5","93.7","91.92","14.22","108.1","0","73.45","109.46","81.11","80.15","11.92","102.49","0","69.71","108.77","83.46","13.18"
"2026-12-27","108.65","4.41","83.11","125.32","95.89","96.83","15.86","114.18","9.66","86.68","125.8","93.38","91.57","14.14","107.63","0","72.88","108.75","80.86","79.96","11.89","102.23","0","69.59","108.61","83.62","13.22"
"2026-12-28","108.55","4.99","83.07","125.13","95.96","96.83","15.85","113.87","9.9","86.19","125.06","93.04","91.2","14.06","107.15","0","72.3","108.01","80.61","79.77","11.87","101.96","0","69.45","108.42","83.78","13.26"
"2026-12-29","108.43","5.58","83.01","124.9","96.0","96.82","15.83","113.53","10.17","85.68","124.28","92.69","90.82","13.97","106.64","0","71.7","107.24","80.37","79.59","11.84","101.68","0","69.3","108.2","83.93","13.3"
"2026-12-30","108.29","6.2","82.92","124.63","96.04","96.8","15.82","113.16","10.45","85.14","123.45","92.33","90.44","13.89","106.12","0","71.08","106.45","80.12","79.4","11.82","101.38","0","69.14","107.96","84.08","13.34"
"2026-12-31","108.12","6.84","82.79","124.31","96.06","96.76","15.79","112.77","10.75","84.56","122.59","91.95","90.04","13.8","105.57","0.03","70.45","105.64","79.88","79.22","11.79","101.07","0","68.95","107.69","84.23","13.38"
