"date","mean_thaw_depth","mean_frost_depth","mean_snow_depth","mean_swe","mean_lz_volume","mean_uz_volume","mean_runoff","open_thaw_depth","open_frost_depth","open_snow_depth","open_swe","open_lz_volume","open_uz_volume","open_runoff","forest_thaw_depth","forest_frost_depth","forest_snow_depth","forest_swe","forest_lz_volume","forest_uz_volume","forest_runoff","bog_thaw_depth","bog_frost_depth","bog_snow_depth","bog_swe","bog_sm_volume","bog_runoff"
"2024-01-01","101.09","24.77","73.33","105.91","90.18","88.52","13.54","95.37","15.44","60.15","89.07","77.42","76.28","11.07","89.11","9.03","54.96","86.56","78.42","80.1","12.51","94.95","18.48","68.25","103.45","91.16","14.79"
"2024-01-02","101.86","23.85","74.02","106.9","90.21","88.51","13.53","95.94","14.33","60.67","89.98","77.48","76.39","11.11","89.87","8.22","55.91","88.01","78.89","80.61","12.62","95.91","17.87","69.35","104.97","91.58","14.87"
"2024-01-03","102.61","22.95","74.67","107.85","90.22","88.48","13.52","96.49","13.23","61.18","90.87","77.54","76.51","11.15","90.61","7.43","56.85","89.45","79.35","81.11","12.74","96.85","17.27","70.43","106.46","92.0","14.95"
"2024-01-04","103.33","22.07","75.3","108.77","90.22","88.45","13.5","97.03","12.16","61.67","91.74","77.6","76.62","11.18","91.35","6.68","57.78","90.87","79.82","81.61","12.85","97.77","16.7","71.49","107.91","92.4","15.02"
"2024-01-05","104.03","21.19","75.9","109.64","90.21","88.41","13.49","97.54","11.11","62.14","92.59","77.66","76.74","11.22","92.07","5.95","58.7","92.27","80.29","82.11","12.96","98.67","16.14","72.52","109.32","92.78","15.09"
"2024-01-06","104.7","20.33","76.47","110.47","90.18","88.36","13.47","98.04","10.08","62.61","93.42","77.73","76.87","11.26","92.78","5.26","59.61","93.65","80.76","82.6","13.07","99.55","15.6","73.53","110.7","93.15","15.16"
"2024-01-07","105.35","19.48","77.01","111.27","90.15","88.29","13.45","98.52","9.08","63.05","94.23","77.79","76.99","11.3","93.48","4.59","60.51","95.01","81.22","83.1","13.18","100.41","15.08","74.51","112.03","93.51","15.22"
"2024-01-08","105.97","18.64","77.52","112.03","90.11","88.22","13.43","98.98","8.1","63.48","95.01","77.86","77.12","11.34","94.17","3.95","61.39","96.34","81.69","83.58","13.29","101.26","14.58","75.47","113.33","93.86","15.28"
"2024-01-09","106.57","17.82","78.0","112.75","90.05","88.15","13.4","99.42","7.15","63.9","95.78","77.93","77.26","11.38","94.84","3.34","62.26","97.65","82.15","84.07","13.39","102.08","14.09","76.39","114.58","94.18","15.34"
"2024-01-10","107.14","17.02","78.46","113.42","89.99","88.06","13.38","99.85","6.22","64.31","96.52","78.01","77.39","11.42","95.5","2.76","63.12","98.94","82.61","84.55","13.5","102.88","13.63","77.3","115.8","94.5","15.39"
"2024-01-11","107.68","16.23","78.88","114.06","89.91","87.96","13.36","100.25","5.32","64.69","97.24","78.08","77.53","11.46","96.15","2.21","63.97","100.21","83.07","85.03","13.6","103.66","13.18","78.17","116.97","94.8","15.44"
"2024-01-12","108.2","15.45","79.28","114.66","89.82","87.86","13.33","100.64","4.45","65.07","97.94","78.16","77.67","11.51","96.78","1.69","64.8","101.44","83.52","85.5","13.71","104.41","12.75","79.01","118.1","95.08","15.49"
"2024-01-13","108.7","14.69","79.64","115.23","89.73","87.75","13.3","101.01","3.6","65.43","98.62","78.24","77.81","11.55","97.39","1.2","65.62","102.66","83.98","85.96","13.81","105.15","12.34","79.83","119.19","95.35","15.53"
"2024-01-14","109.17","13.94","79.98","115.75","89.62","87.63","13.27","101.36","2.78","65.78","99.27","78.32","77.96","11.6","98.0","0.74","66.43","103.85","84.42","86.42","13.91","105.86","11.95","80.62","120.23","95.6","15.57"
"2024-01-15","109.61","13.22","80.29","116.23","89.51","87.51","13.24","101.7","1.99","66.11","99.91","78.41","78.11","11.64","98.59","0.31","67.22","105.01","84.87","86.88","14.0","106.55","11.57","81.37","121.23","95.84","15.6"
"2024-01-16","110.02","12.5","80.57","116.68","89.39","87.37","13.21","102.02","1.22","66.43","100.52","78.49","78.26","11.69","99.16","0","67.99","106.15","85.31","87.33","14.1","107.22","11.22","82.1","122.19","96.07","15.64"
"2024-01-17","110.41","11.81","80.82","117.08","89.25","87.23","13.18","102.31","0.49","66.73","101.11","78.58","78.42","11.73","99.72","0","68.75","107.25","85.74","87.77","14.19","107.87","10.88","82.8","123.1","96.27","15.67"
"2024-01-18","110.77","11.13","81.04","117.45","89.11","87.09","13.15","102.59","0","67.02","101.68","78.68","78.57","11.78","100.26","0","69.49","108.33","86.17","88.2","14.29","108.49","10.56","83.46","123.97","96.46","15.69"
"2024-01-19","111.11","10.47","81.24","117.78","88.96","86.94","13.12","102.86","0","67.3","102.23","78.77","78.73","11.83","100.79","0","70.22","109.38","86.6","88.63","14.38","109.08","10.26","84.1","124.79","96.64","15.72"
"2024-01-20","111.42","9.82","81.4","118.07","88.81","86.78","13.08","103.1","0","67.57","102.76","78.87","78.9","11.88","101.3","0","70.93","110.4","87.02","89.05","14.46","109.66","9.97","84.71","125.57","96.8","15.73"
"2024-01-21","111.7","9.2","81.54","118.33","88.64","86.62","13.05","103.33","0","67.81","103.26","78.97","79.06","11.93","101.8","0","71.63","111.4","87.43","89.46","14.55","110.2","9.71","85.28","126.3","96.94","15.75"
"2024-01-22","111.96","8.59","81.65","118.54","88.47","86.45","13.01","103.54","0","68.05","103.74","79.07","79.23","11.98","102.28","0","72.3","112.36","87.84","89.86","14.63","110.73","9.46","85.82","126.99","97.07","15.76"
"2024-01-23","112.19","8.0","81.74","118.72","88.29","86.27","12.98","103.73","0","68.27","104.2","79.18","79.4","12.03","102.75","0","72.96","113.29","88.24","90.26","14.71","111.22","9.23","86.33","127.63","97.18","15.77"
"2024-01-24","112.39","7.44","81.79","118.86","88.1","86.09","12.94","103.9","0","68.48","104.64","79.29","79.57","12.08","103.19","0","73.6","114.18","88.64","90.64","14.79","111.7","9.02","86.81","128.22","97.27","15.78"
"2024-01-25","112.57","6.89","81.82","118.97","87.91","85.91","12.91","104.06","0","68.68","105.05","79.4","79.75","12.13","103.62","0","74.22","115.05","89.02","91.02","14.87","112.14","8.82","87.25","128.77","97.35","15.78"
"2024-01-26","112.72","6.36","81.82","119.04","87.71","85.72","12.87","104.2","0","68.86","105.45","79.51","79.92","12.18","104.04","0","74.82","115.88","89.4","91.38","14.94","112.56","8.65","87.66","129.27","97.41","15.78"
"2024-01-27","112.85","5.84","81.79","119.07","87.51","85.53","12.83","104.32","0","69.03","105.82","79.62","80.1","12.23","104.43","0","75.4","116.68","89.77","91.74","15.02","112.96","8.49","88.04","129.72","97.46","15.77"
"2024-01-28","112.95","5.35","81.74","119.06","87.29","85.33","12.79","104.42","0","69.18","106.16","79.74","80.28","12.28","104.81","0","75.96","117.45","90.14","92.08","15.08","113.33","8.34","88.39","130.12","97.48","15.76"
"2024-01-29","113.02","4.89","81.66","119.02","87.08","85.14","12.75","104.51","0","69.33","106.49","79.86","80.47","12.34","105.17","0","76.5","118.18","90.49","92.42","15.15","113.67","8.22","88.7","130.48","97.5","15.75"
"2024-01-30","113.06","4.44","81.56","118.94","86.85","84.93","12.72","104.58","0","69.45","106.79","79.98","80.65","12.39","105.52","0","77.03","118.88","90.84","92.74","15.21","113.98","8.11","88.98","130.79","97.49","15.73"
"2024-01-31","113.08","4.01","81.42","118.83","86.63","84.73","12.68","104.63","0","69.57","107.07","80.11","80.84","12.44","105.84","0","77.52","119.54","91.17","93.06","15.28","114.27","8.02","89.22","131.05","97.48","15.72"
"2024-02-01","113.08","3.6","81.27","118.68","86.39","84.52","12.64","104.67","0","69.67","107.33","80.23","81.02","12.49","106.15","0","78.0","120.17","91.5","93.36","15.33","114.53","7.95","89.43","131.27","97.44","15.69"
"2024-02-02","113.05","3.22","81.08","118.5","86.16","84.31","12.6","104.69","0","69.76","107.56","80.36","81.21","12.55","106.44","0","78.46","120.75","91.82","93.65","15.39","114.77","7.89","89.61","131.43","97.39","15.67"
"2024-02-03","112.99","2.86","80.88","118.28","85.92","84.09","12.56","104.69","0","69.84","107.77","80.49","81.4","12.6","106.71","0","78.89","121.31","92.12","93.93","15.44","114.97","7.86","89.75","131.55","97.32","15.64"
"2024-02-04","112.91","2.52","80.64","118.03","85.67","83.88","12.52","104.67","0","69.9","107.96","80.62","81.59","12.65","106.96","0","79.3","121.82","92.42","94.19","15.49","115.15","7.84","89.86","131.62","97.24","15.61"
"2024-02-05","112.8","2.2","80.39","117.75","85.42","83.66","12.48","104.64","0","69.95","108.13","80.75","81.78","12.7","107.19","0","79.69","122.3","92.71","94.45","15.54","115.3","7.83","89.94","131.65","97.14","15.57"
"2024-02-06","112.67","1.91","80.11","117.43","85.17","83.44","12.44","104.59","0","69.98","108.27","80.89","81.97","12.76","107.4","0","80.05","122.74","92.98","94.69","15.58","115.42","7.85","89.98","131.62","97.02","15.54"
"2024-02-07","112.51","1.64","79.8","117.08","84.91","83.22","12.41","104.53","0","70.0","108.39","81.02","82.16","12.81","107.6","0","80.39","123.14","93.24","94.91","15.62","115.52","7.88","89.99","131.55","96.89","15.49"
"2024-02-08","112.33","1.39","79.47","116.7","84.66","83.0","12.37","104.44","0","70.01","108.48","81.16","82.35","12.86","107.77","0","80.71","123.51","93.5","95.13","15.65","115.59","7.92","89.96","131.43","96.75","15.45"
"2024-02-09","112.12","1.17","79.12","116.28","84.39","82.78","12.33","104.35","0","70.01","108.55","81.3","82.54","12.91","107.92","0","81.0","123.83","93.74","95.33","15.69","115.63","7.99","89.9","131.26","96.59","15.4"
"2024-02-10","111.89","0.97","78.75","115.84","84.13","82.56","12.29","104.23","0","69.99","108.6","81.43","82.73","12.96","108.05","0","81.27","124.12","93.96","95.51","15.72","115.64","8.07","89.8","131.05","96.41","15.35"
"2024-02-11","111.63","0.79","78.35","115.36","83.87","82.33","12.25","104.1","0","69.96","108.63","81.57","82.92","13.01","108.17","0","81.51","124.36","94.18","95.69","15.75","115.62","8.17","89.67","130.78","96.22","15.3"
"2024-02-12","111.35","0.64","77.93","114.85","83.6","82.11","12.22","103.95","0","69.91","108.63","81.71","83.1","13.07","108.26","0.08","81.73","124.56","94.38","95.85","15.77","115.58","8.28","89.51","130.47","96.02","15.25"
"2024-02-13","111.05","0.52","77.49","114.31","83.33","81.89","12.18","103.79","0","69.86","108.6","81.85","83.29","13.12","108.33","0.47","81.92","124.73","94.57","95.99","15.79","115.5","8.41","89.32","130.12","95.8","15.19"
"2024-02-14","110.72","0.42","77.03","113.74","83.06","81.66","12.14","103.61","0","69.78","108.55","82.0","83.48","13.17","108.38","0.89","82.08","124.85","94.75","96.12","15.81","115.4","8.56","89.08","129.72","95.56","15.13"
"2024-02-15","110.37","0.34","76.55","113.14","82.79","81.44","12.11","103.41","0","69.7","108.48","82.14","83.66","13.21","108.41","1.33","82.22","124.93","94.92","96.24","15.82","115.27","8.73","88.82","129.27","95.32","15.06"
"2024-02-16","110.0","0.29","76.04","112.51","82.52","81.22","12.07","103.2","0","69.6","108.38","82.28","83.85","13.26","108.42","1.79","82.33","124.97","95.07","96.34","15.83","115.11","8.91","88.52","128.77","95.06","15.0"
"2024-02-17","109.6","0.26","75.52","111.86","82.24","81.0","12.03","102.98","0","69.49","108.26","82.42","84.03","13.31","108.41","2.28","82.42","124.97","95.2","96.42","15.84","114.93","9.11","88.19","128.23","94.78","14.93"
"2024-02-18","109.18","0.27","74.98","111.17","81.97","80.77","12.0","102.73","0","69.36","108.12","82.56","84.2","13.36","108.38","2.79","82.48","124.92","95.33","96.49","15.84","114.71","9.32","87.83","127.65","94.49","14.85"
"2024-02-19","108.74","0.29","74.41","110.46","81.7","80.56","11.97","102.47","0","69.22","107.95","82.7","84.38","13.4","108.32","3.33","82.51","124.84","95.44","96.55","15.84","114.47","9.56","87.43","127.02","94.19","14.78"
"2024-02-20","108.28","0.35","73.83","109.72","81.43","80.34","11.93","102.2","0","69.07","107.75","82.83","84.55","13.45","108.24","3.89","82.51","124.71","95.53","96.59","15.84","114.2","9.8","87.0","126.34","93.88","14.7"
"2024-02-21","107.79","0.43","73.23","108.95","81.15","80.12","11.9","101.91","0","68.9","107.53","82.97","84.73","13.49","108.15","4.47","82.48","124.54","95.61","96.61","15.83","113.9","10.07","86.54","125.62","93.55","14.63"
"2024-02-22","107.28","0.53","72.61","108.16","80.88","79.91","11.87","101.61","0","68.72","107.28","83.11","84.89","13.53","108.02","5.07","82.43","124.32","95.68","96.62","15.82","113.58","10.35","86.05","124.86","93.21","14.54"
"2024-02-23","106.76","0.66","71.97","107.34","80.61","79.69","11.83","101.29","0","68.53","107.01","83.24","85.06","13.57","107.88","5.7","82.35","124.07","95.73","96.61","15.8","113.22","10.65","85.52","124.05","92.86","14.46"
"2024-02-24","106.21","0.82","71.32","106.49","80.34","79.48","11.8","100.95","0","68.32","106.72","83.37","85.22","13.61","107.72","6.34","82.24","123.77","95.77","96.59","15.79","112.84","10.96","84.96","123.2","92.49","14.38"
"2024-02-25","105.64","1.01","70.65","105.62","80.07","79.27","11.77","100.6","0","68.1","106.4","83.5","85.37","13.65","107.53","7.01","82.11","123.42","95.79","96.55","15.77","112.43","11.29","84.38","122.31","92.12","14.29"
"2024-02-26","105.05","1.22","69.96","104.72","79.81","79.06","11.74","100.24","0","67.86","106.05","83.63","85.53","13.69","107.32","7.7","81.94","123.04","95.8","96.5","15.74","111.99","11.64","83.76","121.38","91.73","14.2"
"2024-02-27","104.44","1.46","69.25","103.8","79.54","78.86","11.71","99.86","0","67.61","105.68","83.76","85.67","13.73","107.09","8.41","81.74","122.61","95.79","96.43","15.71","111.53","12.0","83.11","120.4","91.34","14.11"
"2024-02-28","103.81","1.73","68.53","102.86","79.27","78.66","11.69","99.46","0","67.35","105.28","83.88","85.82","13.76","106.84","9.14","81.52","122.13","95.77","96.35","15.68","111.04","12.38","82.42","119.38","90.93","14.02"
"2024-02-29","103.16","2.03","67.79","101.89","79.01","78.46","11.66","99.05","0","67.07","104.85","84.0","85.96","13.8","106.56","9.89","81.27","121.62","95.73","96.24","15.65","110.52","12.78","81.71","118.32","90.51","13.92"
"2024-03-01","102.49","2.35","67.04","100.9","78.75","78.26","11.63","98.63","0","66.77","104.4","84.12","86.09","13.83","106.26","10.65","80.99","121.06","95.67","96.13","15.61","109.98","13.19","80.97","117.23","90.08","13.83"
"2024-03-02","101.8","2.7","66.28","99.89","78.49","78.07","11.6","98.19","0.3","66.47","103.93","84.23","86.22","13.86","105.94","11.44","80.67","120.46","95.61","95.99","15.57","109.41","13.62","80.2","116.09","89.65","13.73"
"2024-03-03","101.1","3.08","65.5","98.85","78.24","77.87","11.58","97.73","1.04","66.14","103.42","84.34","86.34","13.89","105.6","12.25","80.33","119.81","95.52","95.84","15.52","108.81","14.06","79.41","114.91","89.2","13.63"
"2024-03-04","100.38","3.48","64.7","97.8","77.98","77.69","11.55","97.26","1.81","65.81","102.9","84.45","86.45","13.92","105.23","13.07","79.96","119.12","95.42","95.68","15.47","108.19","14.52","78.58","113.7","88.74","13.53"
"2024-03-05","99.64","3.92","63.89","96.72","77.73","77.5","11.53","96.78","2.61","65.46","102.34","84.55","86.56","13.94","104.84","13.91","79.56","118.39","95.3","95.5","15.42","107.54","15.0","77.72","112.45","88.28","13.43"
"2024-03-06","98.88","4.38","63.07","95.62","77.49","77.32","11.51","96.29","3.43","65.09","101.76","84.65","86.67","13.96","104.43","14.77","79.14","117.61","95.17","95.3","15.37","106.87","15.49","76.84","111.16","87.81","13.32"
"2024-03-07","98.11","4.87","62.24","94.5","77.24","77.14","11.48","95.77","4.29","64.71","101.15","84.74","86.76","13.99","104.0","15.65","78.68","116.79","95.03","95.09","15.31","106.17","16.0","75.93","109.83","87.33","13.22"
"2024-03-08","97.31","5.38","61.39","93.36","77.0","76.96","11.46","95.25","5.17","64.31","100.52","84.83","86.85","14.01","103.54","16.54","78.19","115.93","94.86","94.86","15.24","105.44","16.53","75.0","108.47","86.84","13.11"
"2024-03-09","96.51","5.93","60.53","92.21","76.76","76.79","11.44","94.71","6.08","63.9","99.85","84.91","86.94","14.02","103.06","17.45","77.67","115.02","94.69","94.62","15.18","104.7","17.07","74.03","107.07","86.34","13.01"
"2024-03-10","95.68","6.5","59.66","91.03","76.52","76.62","11.42","94.16","7.02","63.47","99.17","84.99","87.01","14.04","102.56","18.37","77.13","114.07","94.49","94.36","15.11","103.92","17.63","73.05","105.64","85.84","12.9"
"2024-03-11","94.85","7.1","58.78","89.84","76.29","76.45","11.4","93.59","7.98","63.03","98.45","85.06","87.08","14.05","102.04","19.31","76.55","113.08","94.28","94.09","15.04","103.13","18.2","72.03","104.18","85.33","12.79"
"2024-03-12","93.99","7.73","57.89","88.62","76.06","76.29","11.38","93.01","8.98","62.57","97.71","85.13","87.14","14.07","101.49","20.26","75.94","112.05","94.06","93.8","14.96","102.31","18.79","71.0","102.68","84.82","12.68"
"2024-03-13","93.12","8.38","56.99","87.39","75.84","76.12","11.36","92.41","10.0","62.1","96.94","85.19","87.19","14.07","100.92","21.23","75.31","110.98","93.82","93.49","14.89","101.46","19.4","69.93","101.15","84.3","12.57"
"2024-03-14","92.24","9.06","56.07","86.15","75.61","75.97","11.34","91.81","11.04","61.61","96.14","85.24","87.23","14.08","100.33","22.22","74.65","109.86","93.57","93.18","14.81","100.59","20.02","68.85","99.59","83.78","12.46"
"2024-03-15","91.35","9.77","55.15","84.88","75.4","75.81","11.32","91.18","12.11","61.11","95.32","85.29","87.27","14.09","99.71","23.21","73.95","108.7","93.3","92.84","14.72","99.7","20.66","67.74","98.0","83.25","12.35"
"2024-03-16","90.44","10.51","54.22","83.6","75.18","75.66","11.31","90.55","13.2","60.59","94.47","85.33","87.3","14.09","99.07","24.22","73.23","107.5","93.01","92.49","14.63","98.79","21.31","66.61","96.38","82.71","12.24"
"2024-03-17","89.51","11.27","53.28","82.31","74.97","75.51","11.29","89.9","14.32","60.06","93.59","85.36","87.31","14.09","98.41","25.24","72.48","106.26","92.71","92.13","14.54","97.86","21.98","65.46","94.73","82.17","12.12"
"2024-03-18","88.58","12.06","52.33","80.99","74.76","75.37","11.27","89.24","15.46","59.51","92.68","85.39","87.32","14.09","97.73","26.28","71.7","104.98","92.4","91.75","14.45","96.9","22.67","64.28","93.05","81.63","12.01"
"2024-03-19","87.63","12.88","51.37","79.67","74.56","75.23","11.26","88.56","16.63","58.94","91.75","85.41","87.32","14.08","97.03","27.33","70.89","103.66","92.07","91.36","14.36","95.93","23.37","63.09","91.34","81.08","11.9"
"2024-03-20","86.67","13.73","50.41","78.33","74.36","75.09","11.24","87.88","17.82","58.36","90.79","85.42","87.31","14.08","96.3","28.38","70.06","102.31","91.73","90.96","14.26","94.93","24.08","61.87","89.61","80.53","11.79"
"2024-03-21","85.69","14.6","49.43","76.97","74.16","74.95","11.23","87.18","19.03","57.76","89.81","85.43","87.29","14.07","95.56","29.45","69.19","100.91","91.37","90.54","14.16","93.91","24.82","60.64","87.85","79.98","11.67"
"2024-03-22","84.71","15.49","48.45","75.6","73.97","74.82","11.21","86.46","20.26","57.15","88.79","85.42","87.26","14.06","94.79","30.54","68.3","99.47","91.0","90.11","14.05","92.87","25.56","59.38","86.07","79.43","11.56"
"2024-03-23","83.71","16.42","47.46","74.22","73.78","74.69","11.2","85.73","21.52","56.52","87.75","85.41","87.21","14.04","94.0","31.63","67.38","97.99","90.61","89.66","13.95","91.82","26.33","58.11","84.26","78.87","11.45"
"2024-03-24","82.71","17.37","46.47","72.82","73.59","74.56","11.19","84.99","22.79","55.87","86.68","85.39","87.16","14.02","93.19","32.73","66.44","96.48","90.21","89.21","13.84","90.74","27.11","56.82","82.43","78.31","11.33"
"2024-03-25","81.69","18.34","45.47","71.41","73.41","74.43","11.17","84.24","24.08","55.21","85.59","85.36","87.1","14.01","92.35","33.84","65.46","94.93","89.8","88.74","13.73","89.64","27.9","55.52","80.57","77.75","11.22"
"2024-03-26","80.67","19.34","44.46","69.99","73.23","74.31","11.16","83.48","25.4","54.53","84.46","85.32","87.03","13.98","91.5","34.96","64.46","93.34","89.37","88.25","13.62","88.53","28.72","54.19","78.69","77.19","11.11"
"2024-03-27","79.63","20.37","43.45","68.56","73.06","74.19","11.15","82.7","26.73","53.84","83.31","85.28","86.95","13.96","90.63","36.09","63.43","91.72","88.93","87.76","13.5","87.4","29.54","52.85","76.79","76.63","11.0"
"2024-03-28","78.59","21.42","42.43","67.11","72.88","74.07","11.14","81.91","28.08","53.13","82.14","85.22","86.85","13.93","89.73","37.23","62.38","90.06","88.47","87.25","13.38","86.25","30.38","51.5","74.88","76.07","10.89"
"2024-03-29","77.53","22.49","41.41","65.66","72.72","73.96","11.13","81.11","29.45","52.4","80.93","85.16","86.75","13.9","88.81","38.38","61.3","88.36","88.01","86.74","13.26","85.09","31.24","50.13","72.94","75.51","10.77"
"2024-03-30","76.47","23.59","40.38","64.19","72.55","73.84","11.11","80.3","30.84","51.66","79.7","85.08","86.63","13.87","87.88","39.53","60.19","86.63","87.53","86.21","13.14","83.91","32.11","48.75","70.98","74.95","10.66"
"2024-03-31","75.4","24.72","39.35","62.71","72.39","73.73","11.1","79.47","32.24","50.9","78.44","85.0","86.5","13.83","86.92","40.69","59.06","84.87","87.04","85.67","13.02","82.71","33.0","47.35","69.01","74.39","10.55"
"2024-04-01","74.32","25.87","38.31","61.22","72.23","73.62","11.09","78.63","33.66","50.12","77.16","84.9","86.36","13.79","85.95","41.86","57.91","83.07","86.54","85.12","12.89","81.5","33.91","45.94","67.02","73.84","10.44"
"2024-04-02","73.24","27.04","37.27","59.72","72.08","73.52","11.08","77.78","35.1","49.33","75.85","84.8","86.21","13.75","84.95","43.04","56.73","81.24","86.02","84.56","12.76","80.27","34.82","44.52","65.01","73.28","10.34"
"2024-04-03","72.15","28.23","36.23","58.22","71.93","73.41","11.07","76.92","36.54","48.52","74.51","84.68","86.05","13.71","83.94","44.22","55.53","79.38","85.5","83.99","12.63","79.03","35.76","43.09","62.99","72.73","10.23"
"2024-04-04","71.05","29.45","35.18","56.7","71.78","73.31","11.06","76.05","38.01","47.7","73.15","84.56","85.88","13.66","82.91","45.41","54.3","77.49","84.96","83.41","12.5","77.77","36.71","41.65","60.95","72.17","10.12"
"2024-04-05","69.95","30.69","34.13","55.17","71.63","73.2","11.04","75.16","39.48","46.86","71.76","84.42","85.69","13.61","81.86","46.6","53.05","75.56","84.41","82.82","12.37","76.51","37.67","40.2","58.9","71.62","10.01"
"2024-04-06","68.83","31.95","33.07","53.64","71.49","73.1","11.03","74.27","40.97","46.0","70.34","84.28","85.5","13.56","80.79","47.8","51.78","73.61","83.85","82.22","12.24","75.22","38.65","38.73","56.84","71.08","9.91"
"2024-04-07","67.72","33.24","32.01","52.09","71.35","73.0","11.02","73.36","42.48","45.13","68.9","84.12","85.29","13.51","79.7","49.01","50.48","71.62","83.29","81.62","12.1","73.93","39.64","37.26","54.76","70.53","9.81"
"2024-04-08","66.6","34.54","30.95","50.54","71.21","72.9","11.01","72.44","43.99","44.24","67.43","83.96","85.07","13.45","78.59","50.22","49.16","69.61","82.71","81.0","11.96","72.63","40.65","35.78","52.68","69.99","9.7"
"2024-04-09","65.47","35.87","29.89","48.98","71.08","72.8","11.0","71.51","45.51","43.33","65.94","83.78","84.83","13.39","77.47","51.43","47.82","67.57","82.12","80.38","11.83","71.31","41.67","34.3","50.58","69.46","9.6"
"2024-04-10","64.34","37.21","28.83","47.42","70.95","72.7","10.99","70.57","47.05","42.41","64.42","83.59","84.59","13.32","76.33","52.65","46.46","65.51","81.52","79.75","11.69","69.98","42.7","32.8","48.48","68.92","9.5"
"2024-04-11","63.2","38.58","27.76","45.84","70.82","72.6","10.97","69.62","48.59","41.47","62.88","83.39","84.33","13.26","75.17","53.87","45.08","63.42","80.92","79.11","11.55","68.65","43.75","31.31","46.37","68.4","9.4"
"2024-04-12","62.07","39.96","26.69","44.26","70.69","72.51","10.96","68.66","50.15","40.52","61.31","83.18","84.06","13.19","74.0","55.1","43.69","61.3","80.31","78.47","11.41","67.3","44.82","29.8","44.25","67.87","9.3"
"2024-04-13","60.92","41.37","25.62","42.67","70.56","72.41","10.95","67.69","51.71","39.55","59.72","82.96","83.78","13.12","72.81","56.33","42.27","59.16","79.68","77.82","11.26","65.94","45.9","28.29","42.12","67.35","9.21"
"2024-04-14","59.78","42.79","24.55","41.08","70.44","72.31","10.93","66.71","53.28","38.56","58.11","82.73","83.49","13.04","71.61","57.56","40.83","56.99","79.05","77.17","11.12","64.58","46.99","26.78","39.99","66.84","9.11"
"2024-04-15","58.63","44.23","23.48","39.48","70.32","72.21","10.92","65.72","54.85","37.56","56.47","82.48","83.19","12.97","70.39","58.8","39.37","54.8","78.42","76.51","10.98","63.21","48.09","25.26","37.85","66.33","9.02"
"2024-04-16","57.48","45.69","22.41","37.87","70.2","72.11","10.9","64.71","56.44","36.54","54.8","82.23","82.87","12.89","69.15","60.03","37.9","52.59","77.77","75.84","10.83","61.83","49.21","23.74","35.71","65.83","8.92"
"2024-04-17","56.32","47.16","21.33","36.26","70.08","72.01","10.89","63.7","58.03","35.51","53.11","81.96","82.54","12.81","67.9","61.27","36.41","50.36","77.12","75.17","10.69","60.44","50.34","22.22","33.56","65.33","8.83"
"2024-04-18","55.17","48.65","20.26","34.64","69.96","71.91","10.87","62.68","59.62","34.46","51.41","81.69","82.2","12.72","66.64","62.51","34.9","48.11","76.47","74.5","10.55","59.05","51.49","20.7","31.41","64.84","8.74"
"2024-04-19","54.01","50.16","19.18","33.02","69.84","71.81","10.85","61.65","61.22","33.39","49.67","81.4","81.85","12.63","65.36","63.76","33.38","45.84","75.81","73.82","10.4","57.65","52.65","19.17","29.26","64.36","8.66"
"2024-04-20","52.85","51.69","18.11","31.39","69.72","71.71","10.84","60.61","62.82","32.32","47.92","81.1","81.49","12.54","64.07","65.0","31.85","43.55","75.14","73.14","10.26","56.25","53.82","17.65","27.11","63.88","8.57"
"2024-04-21","51.69","53.22","17.03","29.76","69.61","71.6","10.82","59.56","64.43","31.22","46.14","80.79","81.11","12.45","62.77","66.24","30.29","41.25","74.47","72.46","10.11","54.84","55.0","16.12","24.96","63.41","8.48"
"2024-04-22","50.53","54.78","15.96","28.12","69.49","71.5","10.8","58.5","66.04","30.11","44.34","80.47","80.72","12.36","61.46","67.49","28.73","38.92","73.79","71.77","9.96","53.43","56.2","14.6","22.81","62.95","8.4"
"2024-04-23","49.37","56.34","14.88","26.48","69.38","71.39","10.78","57.43","67.65","28.99","42.52","80.13","80.33","12.26","60.13","68.74","27.15","36.59","73.11","71.09","9.82","52.01","57.41","13.08","20.66","62.49","8.32"
"2024-04-24","48.21","57.92","13.81","24.83","69.26","71.28","10.76","56.36","69.26","27.85","40.68","79.79","79.92","12.16","58.79","69.98","25.56","34.23","72.42","70.4","9.67","50.59","58.63","11.56","18.51","62.04","8.24"
"2024-04-25","47.05","59.51","12.73","23.19","69.15","71.17","10.74","55.27","70.87","26.7","38.82","79.43","79.5","12.06","57.44","71.23","23.96","31.87","71.73","69.71","9.53","49.17","59.86","10.04","16.37","61.6","8.16"
"2024-04-26","45.89","61.12","11.66","21.53","69.03","71.06","10.72","54.18","72.48","25.53","36.94","79.07","79.07","11.95","56.08","72.47","22.34","29.49","71.04","69.01","9.38","47.75","61.11","8.53","14.22","61.16","8.09"
"2024-04-27","44.72","62.73","10.58","19.88","68.91","70.94","10.69","53.08","74.1","24.35","35.04","78.69","78.62","11.85","54.71","73.72","20.72","27.1","70.35","68.32","9.24","46.33","62.36","7.01","12.09","60.74","8.01"
"2024-04-28","43.57","64.36","9.51","18.22","68.8","70.82","10.67","51.97","75.71","23.16","33.13","78.3","78.17","11.74","53.33","74.97","19.08","24.7","69.65","67.63","9.09","44.9","63.63","5.51","9.96","60.32","7.94"
"2024-04-29","42.41","65.99","8.44","16.56","68.68","70.7","10.64","50.85","77.32","21.95","31.19","77.91","77.71","11.63","51.94","76.21","17.44","22.29","68.96","66.94","8.95","43.48","64.91","4.01","7.83","59.91","7.87"
"2024-04-30","41.25","67.64","7.36","14.89","68.56","70.58","10.61","49.73","78.92","20.73","29.24","77.5","77.24","11.51","50.55","77.45","15.79","19.87","68.26","66.25","8.81","42.05","66.19","2.51","5.71","59.51","7.8"
"2024-05-01","40.09","69.29","6.29","13.23","68.44","70.45","10.59","48.6","80.53","19.5","27.26","77.08","76.75","11.4","49.14","78.69","14.13","17.44","67.56","65.56","8.67","40.63","67.49","1.02","3.6","59.11","7.73"
"2024-05-02","38.94","70.95","5.22","11.56","68.32","70.32","10.56","47.46","82.13","18.26","25.27","76.65","76.26","11.28","47.73","79.93","12.46","15.01","66.86","64.87","8.52","39.2","68.8","0","1.49","58.73","7.66"
"2024-05-03","37.79","72.62","4.16","9.89","68.2","70.18","10.53","46.32","83.73","17.0","23.27","76.21","75.75","11.16","46.31","81.17","10.78","12.57","66.16","64.19","8.38","37.78","70.12","0","0","58.35","7.6"
"2024-05-04","36.64","74.3","3.09","8.21","68.08","70.04","10.5","45.16","85.32","15.73","21.25","75.76","75.24","11.04","44.88","82.41","9.11","10.12","65.46","63.51","8.25","36.36","71.45","0","0","57.98","7.54"
"2024-05-05","35.49","75.98","2.02","6.54","67.95","69.9","10.46","44.01","86.91","14.45","19.21","75.3","74.72","10.92","43.45","83.64","7.42","7.68","64.76","62.83","8.11","34.95","72.78","0","0","57.62","7.48"
"2024-05-06","34.35","77.67","0.96","4.86","67.83","69.76","10.43","42.84","88.49","13.15","17.16","74.83","74.19","10.79","42.01","84.87","5.73","5.23","64.07","62.15","7.97","33.53","74.13","0","0","57.27","7.42"
"2024-05-07","33.21","79.37","0","3.18","67.7","69.61","10.39","41.67","90.06","11.85","15.1","74.36","73.65","10.67","40.57","86.1","4.04","2.78","63.37","61.48","7.83","32.13","75.48","0","0","56.93","7.36"
"2024-05-08","32.07","81.06","0","1.51","67.57","69.45","10.36","40.5","91.63","10.53","13.02","73.87","73.1","10.54","39.12","87.33","2.35","0.32","62.68","60.81","7.7","30.72","76.85","0","0","56.59","7.31"
"2024-05-09","31.58","82.03","0","0.86","67.43","69.29","10.32","39.97","92.46","9.9","11.96","73.37","72.54","10.41","38.32","87.82","1.34","0","61.99","60.14","7.57","29.97","77.49","0","0","56.27","7.25"
"2024-05-10","31.74","82.27","0","1.24","67.29","69.13","10.28","40.07","92.55","9.94","11.92","72.87","71.98","10.28","38.16","87.58","1.02","0","61.3","59.48","7.43","29.87","77.4","0","0","55.95","7.2"
"2024-05-11","31.91","82.52","0","1.63","67.15","68.96","10.24","40.17","92.63","9.97","11.87","72.35","71.41","10.14","37.99","87.33","0.7","0","60.62","58.83","7.3","29.77","77.32","0","0","55.65","7.15"
"2024-05-12","32.08","82.76","0","2.01","67.01","68.78","10.2","40.27","92.7","9.99","11.81","71.83","70.83","10.01","37.82","87.08","0.38","0","59.93","58.18","7.18","29.68","77.26","0","0","55.35","7.11"
"2024-05-13","32.25","83.01","0","2.39","66.87","68.61","10.15","40.36","92.77","10.0","11.74","71.3","70.24","9.88","37.65","86.83","0.05","0","59.26","57.54","7.05","29.59","77.2","0","0","55.06","7.06"
"2024-05-14","32.42","83.26","0.07","2.77","66.72","68.42","10.11","40.44","92.83","10.0","11.65","70.76","69.65","9.74","37.47","86.58","0","0","58.59","56.9","6.92","29.51","77.14","0","0","54.78","7.02"
"2024-05-15","32.6","83.52","0.39","3.15","66.56","68.23","10.06","40.52","92.88","9.99","11.55","70.21","69.05","9.6","37.3","86.33","0","0","57.92","56.27","6.8","29.43","77.1","0","0","54.51","6.97"
"2024-05-16","32.77","83.77","0.72","3.52","66.41","68.04","10.01","40.59","92.92","9.97","11.44","69.66","68.44","9.46","37.12","86.07","0","0","57.26","55.65","6.68","29.36","77.06","0","0","54.25","6.93"
"2024-05-17","32.96","84.03","1.04","3.89","66.25","67.84","9.96","40.66","92.95","9.94","11.31","69.1","67.83","9.32","36.93","85.82","0","0","56.6","55.04","6.56","29.3","77.03","0","0","54.0","6.89"
"2024-05-18","33.14","84.28","1.36","4.25","66.08","67.63","9.91","40.72","92.97","9.89","11.18","68.53","67.21","9.18","36.75","85.56","0","0","55.96","54.43","6.44","29.24","77.01","0","0","53.75","6.86"
"2024-05-19","33.32","84.54","1.68","4.61","65.92","67.42","9.86","40.78","92.99","9.84","11.03","67.96","66.59","9.04","36.56","85.3","0","0","55.31","53.83","6.33","29.19","77.0","0","0","53.52","6.82"
"2024-05-20","33.51","84.8","1.99","4.96","65.74","67.21","9.8","40.83","93.0","9.78","10.88","67.38","65.96","8.9","36.38","85.04","0","0","54.68","53.24","6.21","29.15","77.0","0","0","53.29","6.79"
"2024-05-21","33.7","85.06","2.31","5.31","65.57","66.98","9.75","40.87","93.0","9.71","10.71","66.79","65.33","8.76","36.19","84.79","0","0","54.05","52.66","6.1","29.11","77.01","0","0","53.07","6.75"
"2024-05-22","33.89","85.32","2.62","5.66","65.39","66.75","9.69","40.91","92.99","9.62","10.53","66.2","64.69","8.61","36.0","84.53","0","0","53.43","52.09","5.99","29.07","77.02","0","0","52.87","6.72"
"2024-05-23","34.08","85.57","2.93","6.0","65.2","66.52","9.63","40.94","92.97","9.53","10.33","65.6","64.05","8.47","35.8","84.27","0","0","52.81","51.52","5.89","29.05","77.04","0","0","52.66","6.69"
"2024-05-24","34.27","85.83","3.24","6.33","65.01","66.28","9.57","40.96","92.95","9.43","10.13","65.0","63.41","8.33","35.61","84.01","0","0","52.21","50.97","5.78","29.03","77.07","0","0","52.47","6.66"
"2024-05-25","34.46","86.09","3.54","6.65","64.82","66.03","9.51","40.98","92.91","9.32","9.92","64.39","62.76","8.18","35.42","83.76","0","0","51.61","50.43","5.68","29.01","77.11","0","0","52.29","6.64"
"2024-05-26","34.66","86.34","3.84","6.97","64.62","65.78","9.44","40.99","92.87","9.19","9.7","63.78","62.11","8.04","35.23","83.5","0","0","51.03","49.89","5.58","29.0","77.16","0","0","52.11","6.61"
"2024-05-27","34.85","86.59","4.14","7.28","64.41","65.52","9.38","41.0","92.82","9.06","9.46","63.16","61.46","7.89","35.03","83.25","0","0","50.45","49.37","5.48","29.0","77.21","0","0","51.95","6.59"
"2024-05-28","35.04","86.85","4.43","7.59","64.2","65.26","9.31","41.0","92.77","8.92","9.22","62.55","60.8","7.75","34.84","83.0","0","0","49.88","48.86","5.39","29.0","77.27","0","0","51.79","6.56"
"2024-05-29","35.24","87.1","4.72","7.88","63.99","64.99","9.24","40.99","92.7","8.77","8.97","61.92","60.15","7.6","34.65","82.75","0","0","49.32","48.36","5.3","29.01","77.34","0","0","51.63","6.54"
"2024-05-30","35.43","87.34","5.0","8.17","63.77","64.71","9.17","40.98","92.63","8.61","8.71","61.3","59.49","7.46","34.45","82.51","0","0","48.77","47.87","5.21","29.03","77.42","0","0","51.49","6.52"
"2024-05-31","35.62","87.59","5.27","8.45","63.54","64.43","9.1","40.96","92.54","8.44","8.44","60.67","58.83","7.32","34.26","82.26","0","0","48.23","47.39","5.12","29.05","77.51","0","0","51.35","6.5"
"2024-06-01","35.81","87.83","5.55","8.72","63.31","64.14","9.03","40.94","92.45","8.27","8.16","60.04","58.18","7.17","34.07","82.02","0","0","47.71","46.92","5.04","29.08","77.61","0","0","51.22","6.49"
"2024-06-02","36.01","88.07","5.81","8.98","63.08","63.84","8.95","40.9","92.36","8.08","7.87","59.41","57.52","7.03","33.88","81.78","0","0","47.19","46.46","4.95","29.12","77.71","0","0","51.1","6.47"
"2024-06-03","36.2","88.31","6.07","9.23","62.84","63.54","8.87","40.87","92.25","7.89","7.57","58.77","56.86","6.89","33.69","81.55","0","0","46.68","46.02","4.88","29.16","77.82","0","0","50.99","6.46"
"2024-06-04","36.39","88.54","6.32","9.48","62.59","63.23","8.8","40.82","92.14","7.68","7.27","58.14","56.21","6.74","33.5","81.32","0","0","46.19","45.59","4.8","29.21","77.93","0","0","50.88","6.44"
"2024-06-05","36.57","88.77","6.57","9.71","62.34","62.92","8.72","40.77","92.02","7.47","6.96","57.5","55.55","6.6","33.31","81.09","0","0","45.71","45.17","4.73","29.26","78.06","0","0","50.78","6.43"
"2024-06-06","36.76","89.0","6.81","9.93","62.08","62.6","8.64","40.72","91.89","7.26","6.64","56.86","54.9","6.46","33.13","80.87","0","0","45.24","44.76","4.65","29.32","78.19","0","0","50.69","6.42"
"2024-06-07","36.94","89.22","7.04","10.14","61.82","62.27","8.56","40.66","91.76","7.03","6.31","56.23","54.25","6.32","32.95","80.65","0","0","44.78","44.37","4.59","29.38","78.33","0","0","50.6","6.4"
"2024-06-08","37.12","89.44","7.27","10.35","61.55","61.94","8.47","40.59","91.61","6.8","5.98","55.59","53.6","6.18","32.77","80.43","0","0","44.34","43.99","4.52","29.45","78.48","0","0","50.52","6.39"
"2024-06-09","37.3","89.65","7.49","10.54","61.28","61.6","8.39","40.52","91.46","6.56","5.64","54.96","52.95","6.05","32.59","80.22","0","0","43.9","43.62","4.46","29.53","78.63","0","0","50.44","6.38"
"2024-06-10","37.48","89.86","7.7","10.72","61.0","61.26","8.3","40.44","91.31","6.31","5.3","54.33","52.31","5.91","32.41","80.02","0","0","43.48","43.26","4.4","29.61","78.79","0","0","50.37","6.37"
"2024-06-11","37.66","90.06","7.9","10.88","60.72","60.91","8.22","40.35","91.15","6.06","4.95","53.69","51.67","5.77","32.24","79.82","0","0","43.07","42.92","4.34","29.7","78.95","0","0","50.31","6.37"
"2024-06-12","37.83","90.26","8.09","11.04","60.43","60.56","8.13","40.26","90.98","5.8","4.59","53.06","51.04","5.64","32.07","79.63","0","0","42.68","42.59","4.29","29.79","79.13","0","0","50.25","6.36"
"2024-06-13","38.0","90.45","8.28","11.19","60.14","60.2","8.04","40.17","90.8","5.53","4.23","52.44","50.41","5.51","31.9","79.44","0","0","42.3","42.28","4.24","29.89","79.3","0","0","50.2","6.35"
"2024-06-14","38.16","90.63","8.45","11.32","59.84","59.83","7.95","40.07","90.62","5.26","3.87","51.81","49.78","5.38","31.74","79.26","0","0","41.93","41.97","4.19","30.0","79.49","0","0","50.15","6.35"
"2024-06-15","38.33","90.81","8.62","11.44","59.53","59.47","7.86","39.96","90.44","4.98","3.5","51.19","49.16","5.25","31.58","79.08","0","0","41.58","41.68","4.14","30.11","79.68","0","0","50.11","6.34"
"2024-06-16","38.49","90.99","8.78","11.55","59.22","59.09","7.76","39.85","90.25","4.7","3.13","50.57","48.55","5.12","31.42","78.91","0","0","41.24","41.41","4.1","30.22","79.87","0","0","50.07","6.34"
"2024-06-17","38.64","91.16","8.93","11.65","58.91","58.71","7.67","39.73","90.05","4.41","2.75","49.96","47.94","4.99","31.26","78.74","0","0","40.91","41.15","4.06","30.34","80.08","0","0","50.04","6.33"
"2024-06-18","38.79","91.32","9.07","11.74","58.59","58.33","7.57","39.61","89.85","4.12","2.37","49.35","47.34","4.87","31.12","78.59","0","0","40.6","40.9","4.02","30.47","80.28","0","0","50.01","6.33"
"2024-06-19","38.94","91.47","9.2","11.81","58.27","57.94","7.48","39.48","89.64","3.83","1.99","48.74","46.75","4.75","30.97","78.44","0","0","40.3","40.66","3.99","30.6","80.49","0","0","49.98","6.32"
"2024-06-20","39.09","91.62","9.32","11.88","57.94","57.54","7.38","39.35","89.42","3.53","1.61","48.15","46.16","4.63","30.83","78.29","0","0","40.01","40.44","3.96","30.73","80.71","0","0","49.96","6.32"
"2024-06-21","39.23","91.76","9.43","11.92","57.6","57.15","7.28","39.22","89.21","3.22","1.22","47.55","45.58","4.51","30.69","78.15","0","0","39.74","40.24","3.93","30.87","80.93","0","0","49.95","6.32"
"2024-06-22","39.36","91.9","9.54","11.96","57.27","56.75","7.19","39.08","88.99","2.91","0.84","46.96","45.01","4.39","30.56","78.02","0","0","39.48","40.04","3.9","31.01","81.15","0","0","49.93","6.31"
"2024-06-23","39.49","92.02","9.63","11.99","56.92","56.34","7.09","38.93","88.76","2.6","0.45","46.38","44.45","4.28","30.43","77.9","0","0","39.24","39.86","3.88","31.16","81.38","0","0","49.92","6.31"
"2024-06-24","39.62","92.14","9.71","12.0","56.58","55.93","6.99","38.79","88.53","2.29","0.07","45.81","43.89","4.17","30.31","77.79","0","0","39.01","39.7","3.86","31.31","81.61","0","0.17","49.92","6.31"
"2024-06-25","39.74","92.26","9.78","12.0","56.23","55.52","6.89","38.63","88.3","1.98","0","45.24","43.35","4.06","30.19","77.68","0","0","38.8","39.54","3.84","31.46","81.85","0","0.56","49.91","6.31"
"2024-06-26","39.85","92.36","9.84","11.99","55.87","55.11","6.79","38.48","88.06","1.66","0","44.68","42.81","3.95","30.08","77.58","0","0","38.6","39.4","3.83","31.62","82.09","0","0.94","49.91","6.31"
"2024-06-27","39.97","92.46","9.9","11.96","55.51","54.69","6.69","38.32","87.82","1.34","0","44.13","42.29","3.85","29.97","77.49","0","0","38.41","39.28","3.81","31.78","82.33","0","1.33","49.91","6.3"
"2024-06-28","40.07","92.55","9.94","11.92","55.15","54.27","6.59","38.16","87.58","1.02","0","43.59","41.77","3.74","29.87","77.4","0","0","38.24","39.16","3.8","31.95","82.57","0","1.71","49.91","6.3"
"2024-06-29","40.17","92.63","9.97","11.87","54.79","53.84","6.48","37.99","87.33","0.7","0","43.05","41.27","3.65","29.77","77.32","0","0","38.08","39.06","3.8","32.11","82.82","0","2.1","49.92","6.3"
"2024-06-30","40.27","92.7","9.99","11.81","54.42","53.42","6.38","37.82","87.08","0.38","0","42.52","40.77","3.55","29.68","77.26","0","0","37.94","38.98","3.79","32.28","83.07","0","2.48","49.93","6.3"
"2024-07-01","40.36","92.77","10.0","11.74","54.05","52.99","6.28","37.65","86.83","0.05","0","42.01","40.29","3.46","29.59","77.2","0","0","37.81","38.9","3.79","32.46","83.32","0.14","2.85","49.93","6.29"
"2024-07-02","40.44","92.83","10.0","11.65","53.67","52.56","6.18","37.47","86.58","0","0","41.5","39.82","3.36","29.51","77.14","0","0","37.7","38.84","3.79","32.64","83.57","0.47","3.23","49.94","6.29"
"2024-07-03","40.52","92.88","9.99","11.55","53.3","52.13","6.08","37.3","86.33","0","0","41.0","39.36","3.28","29.43","77.1","0","0","37.6","38.8","3.79","32.81","83.83","0.79","3.6","49.96","6.29"
"2024-07-04","40.59","92.92","9.97","11.44","52.92","51.7","5.97","37.12","86.07","0","0","40.52","38.91","3.19","29.36","77.06","0","0","37.51","38.76","3.8","33.0","84.08","1.11","3.97","49.97","6.29"
"2024-07-05","40.66","92.95","9.94","11.31","52.54","51.26","5.87","36.93","85.82","0","0","40.04","38.48","3.11","29.3","77.03","0","0","37.43","38.74","3.8","33.18","84.34","1.43","4.33","49.98","6.28"
"2024-07-06","40.72","92.97","9.89","11.18","52.15","50.83","5.77","36.75","85.56","0","0","39.58","38.05","3.03","29.24","77.01","0","0","37.38","38.73","3.81","33.36","84.6","1.75","4.69","50.0","6.28"
"2024-07-07","40.78","92.99","9.84","11.03","51.77","50.4","5.67","36.56","85.3","0","0","39.12","37.64","2.95","29.19","77.0","0","0","37.33","38.73","3.82","33.55","84.86","2.06","5.04","50.01","6.28"
"2024-07-08","40.83","93.0","9.78","10.88","51.38","49.96","5.57","36.38","85.04","0","0","38.68","37.25","2.88","29.15","77.0","0","0","37.3","38.74","3.84","33.74","85.11","2.38","5.39","50.03","6.27"
"2024-07-09","40.87","93.0","9.71","10.71","50.99","49.53","5.47","36.19","84.79","0","0","38.25","36.86","2.81","29.11","77.01","0","0","37.28","38.77","3.85","33.93","85.37","2.69","5.73","50.04","6.27"
"2024-07-10","40.91","92.99","9.62","10.53","50.61","49.1","5.36","36.0","84.53","0","0","37.83","36.5","2.74","29.07","77.02","0","0","37.27","38.81","3.87","34.12","85.63","3.0","6.07","50.06","6.26"
"2024-07-11","40.94","92.97","9.53","10.33","50.22","48.66","5.26","35.8","84.27","0","0","37.43","36.14","2.68","29.05","77.04","0","0","37.28","38.86","3.89","34.31","85.89","3.31","6.4","50.07","6.26"
"2024-07-12","40.96","92.95","9.43","10.13","49.83","48.23","5.17","35.61","84.01","0","0","37.04","35.8","2.62","29.03","77.07","0","0","37.3","38.92","3.91","34.51","86.14","3.61","6.73","50.08","6.25"
"2024-07-13","40.98","92.91","9.32","9.92","49.44","47.8","5.07","35.42","83.76","0","0","36.66","35.47","2.56","29.01","77.11","0","0","37.33","38.99","3.94","34.7","86.4","3.91","7.04","50.1","6.25"
"2024-07-14","40.99","92.87","9.19","9.7","49.05","47.38","4.97","35.23","83.5","0","0","36.29","35.16","2.51","29.0","77.16","0","0","37.38","39.07","3.96","34.89","86.65","4.2","7.35","50.11","6.24"
"2024-07-15","41.0","92.82","9.06","9.46","48.66","46.95","4.87","35.03","83.25","0","0","35.94","34.86","2.46","29.0","77.21","0","0","37.44","39.17","3.99","35.09","86.9","4.49","7.65","50.12","6.23"
"2024-07-16","41.0","92.77","8.92","9.22","48.27","46.53","4.77","34.84","83.0","0","0","35.6","34.58","2.41","29.0","77.27","0","0","37.51","39.27","4.02","35.28","87.15","4.78","7.95","50.14","6.22"
"2024-07-17","40.99","92.7","8.77","8.97","47.88","46.11","4.68","34.65","82.75","0","0","35.28","34.31","2.37","29.01","77.34","0","0","37.59","39.38","4.05","35.47","87.4","5.06","8.23","50.15","6.22"
"2024-07-18","40.98","92.63","8.61","8.71","47.49","45.69","4.58","34.45","82.51","0","0","34.97","34.06","2.33","29.03","77.42","0","0","37.69","39.51","4.09","35.66","87.64","5.33","8.51","50.16","6.21"
"2024-07-19","40.96","92.54","8.44","8.44","47.11","45.27","4.49","34.26","82.26","0","0","34.67","33.83","2.29","29.05","77.51","0","0","37.79","39.64","4.12","35.86","87.89","5.6","8.78","50.16","6.2"
"2024-07-20","40.94","92.45","8.27","8.16","46.72","44.86","4.4","34.07","82.02","0","0","34.39","33.6","2.26","29.08","77.61","0","0","37.91","39.79","4.16","36.05","88.13","5.87","9.04","50.17","6.19"
"2024-07-21","40.9","92.36","8.08","7.87","46.34","44.46","4.31","33.88","81.78","0","0","34.13","33.4","2.23","29.12","77.71","0","0","38.04","39.94","4.2","36.24","88.36","6.13","9.29","50.18","6.18"
"2024-07-22","40.87","92.25","7.89","7.57","45.96","44.05","4.22","33.69","81.55","0","0","33.88","33.21","2.21","29.16","77.82","0","0","38.18","40.1","4.23","36.43","88.59","6.38","9.53","50.18","6.17"
"2024-07-23","40.82","92.14","7.68","7.27","45.59","43.66","4.13","33.5","81.32","0","0","33.64","33.04","2.18","29.21","77.93","0","0","38.33","40.27","4.28","36.61","88.82","6.62","9.76","50.18","6.15"
"2024-07-24","40.77","92.02","7.47","6.96","45.21","43.26","4.04","33.31","81.09","0","0","33.42","32.88","2.17","29.26","78.06","0","0","38.49","40.45","4.32","36.8","89.05","6.86","9.98","50.18","6.14"
"2024-07-25","40.72","91.89","7.26","6.64","44.84","42.88","3.96","33.13","80.87","0","0","33.22","32.74","2.15","29.32","78.19","0","0","38.66","40.64","4.36","36.98","89.27","7.09","10.19","50.18","6.13"
"2024-07-26","40.66","91.76","7.03","6.31","44.48","42.49","3.87","32.95","80.65","0","0","33.03","32.61","2.14","29.38","78.33","0","0","38.84","40.83","4.41","37.16","89.48","7.32","10.39","50.18","6.11"
"2024-07-27","40.59","91.61","6.8","5.98","44.11","42.12","3.79","32.77","80.43","0","0","32.85","32.51","2.13","29.45","78.48","0","0","39.04","41.04","4.45","37.34","89.69","7.53","10.58","50.17","6.1"
"2024-07-28","40.52","91.46","6.56","5.64","43.75","41.75","3.71","32.59","80.22","0","0","32.7","32.41","2.12","29.53","78.63","0","0","39.24","41.25","4.5","37.52","89.9","7.74","10.75","50.16","6.09"
"2024-07-29","40.44","91.31","6.31","5.3","43.4","41.39","3.63","32.41","80.02","0","0","32.56","32.34","2.12","29.61","78.79","0","0","39.45","41.47","4.55","37.7","90.1","7.94","10.92","50.15","6.07"
"2024-07-30","40.35","91.15","6.06","4.95","43.05","41.03","3.56","32.24","79.82","0","0","32.43","32.28","2.13","29.7","78.95","0","0","39.67","41.69","4.59","37.87","90.3","8.13","11.07","50.14","6.05"
"2024-07-31","40.26","90.98","5.8","4.59","42.71","40.68","3.48","32.07","79.63","0","0","32.32","32.23","2.13","29.79","79.13","0","0","39.89","41.92","4.64","38.04","90.49","8.32","11.22","50.13","6.04"
"2024-08-01","40.17","90.8","5.53","4.23","42.37","40.34","3.41","31.9","79.44","0","0","32.23","32.21","2.14","29.89","79.3","0","0","40.13","42.16","4.69","38.2","90.67","8.49","11.35","50.11","6.02"
"2024-08-02","40.07","90.62","5.26","3.87","42.04","40.01","3.34","31.74","79.26","0","0","32.16","32.2","2.15","30.0","79.49","0","0","40.38","42.4","4.75","38.36","90.85","8.66","11.47","50.09","6.0"
"2024-08-03","39.96","90.44","4.98","3.5","41.71","39.68","3.27","31.58","79.08","0","0","32.1","32.2","2.17","30.11","79.68","0","0","40.63","42.65","4.8","38.52","91.03","8.81","11.58","50.07","5.98"
"2024-08-04","39.85","90.25","4.7","3.13","41.39","39.37","3.21","31.42","78.91","0","0","32.05","32.23","2.19","30.22","79.87","0","0","40.89","42.91","4.85","38.68","91.19","8.96","11.67","50.05","5.96"
"2024-08-05","39.73","90.05","4.41","2.75","41.08","39.06","3.14","31.26","78.74","0","0","32.03","32.26","2.21","30.34","80.08","0","0","41.16","43.17","4.9","38.83","91.35","9.1","11.76","50.02","5.94"
"2024-08-06","39.61","89.85","4.12","2.37","40.77","38.76","3.08","31.12","78.59","0","0","32.02","32.32","2.24","30.47","80.28","0","0","41.43","43.43","4.96","38.97","91.51","9.23","11.83","50.0","5.92"
"2024-08-07","39.48","89.64","3.83","1.99","40.47","38.47","3.02","30.97","78.44","0","0","32.02","32.39","2.27","30.6","80.49","0","0","41.71","43.7","5.01","39.12","91.65","9.35","11.89","49.97","5.9"
"2024-08-08","39.35","89.42","3.53","1.61","40.18","38.19","2.97","30.83","78.29","0","0","32.05","32.48","2.3","30.73","80.71","0","0","42.0","43.97","5.07","39.26","91.79","9.46","11.93","49.93","5.88"
"2024-08-09","39.22","89.21","3.22","1.22","39.9","37.92","2.91","30.69","78.15","0","0","32.09","32.58","2.33","30.87","80.93","0","0","42.29","44.25","5.12","39.39","91.93","9.56","11.97","49.9","5.86"
"2024-08-10","39.08","88.99","2.91","0.84","39.62","37.67","2.86","30.56","78.02","0","0","32.14","32.7","2.37","31.01","81.15","0","0","42.59","44.53","5.18","39.52","92.05","9.65","11.99","49.86","5.84"
"2024-08-11","38.93","88.76","2.6","0.45","39.35","37.42","2.81","30.43","77.9","0","0","32.21","32.83","2.42","31.16","81.38","0","0","42.89","44.82","5.23","39.64","92.17","9.73","12.0","49.83","5.81"
"2024-08-12","38.79","88.53","2.29","0.07","39.1","37.18","2.77","30.31","77.79","0","0","32.3","32.98","2.46","31.31","81.61","0","0.17","43.2","45.11","5.29","39.76","92.28","9.8","12.0","49.78","5.79"
"2024-08-13","38.63","88.3","1.98","0","38.85","36.95","2.73","30.19","77.68","0","0","32.41","33.15","2.51","31.46","81.85","0","0.56","43.52","45.4","5.35","39.88","92.38","9.86","11.98","49.74","5.77"
"2024-08-14","38.48","88.06","1.66","0","38.61","36.74","2.69","30.08","77.58","0","0","32.53","33.33","2.56","31.62","82.09","0","0.94","43.84","45.69","5.4","39.99","92.48","9.91","11.95","49.7","5.74"
"2024-08-15","38.32","87.82","1.34","0","38.38","36.54","2.65","29.97","77.49","0","0","32.66","33.53","2.62","31.78","82.33","0","1.33","44.16","45.99","5.46","40.09","92.57","9.95","11.91","49.65","5.72"
"2024-08-16","38.16","87.58","1.02","0","38.16","36.35","2.61","29.87","77.4","0","0","32.82","33.74","2.67","31.95","82.57","0","1.71","44.49","46.29","5.51","40.19","92.65","9.97","11.86","49.6","5.7"
"2024-08-17","37.99","87.33","0.7","0","37.95","36.17","2.58","29.77","77.32","0","0","32.98","33.96","2.73","32.11","82.82","0","2.1","44.82","46.59","5.57","40.29","92.72","9.99","11.79","49.55","5.67"
"2024-08-18","37.82","87.08","0.38","0","37.75","36.0","2.55","29.68","77.26","0","0","33.17","34.21","2.8","32.28","83.07","0","2.48","45.15","46.89","5.63","40.38","92.78","10.0","11.72","49.5","5.65"
"2024-08-19","37.65","86.83","0.05","0","37.56","35.85","2.53","29.59","77.2","0","0","33.37","34.46","2.86","32.46","83.32","0.14","2.85","45.49","47.19","5.68","40.46","92.84","10.0","11.63","49.45","5.62"
"2024-08-20","37.47","86.58","0","0","37.39","35.7","2.51","29.51","77.14","0","0","33.58","34.73","2.93","32.64","83.57","0.47","3.23","45.83","47.49","5.74","40.54","92.89","9.98","11.53","49.4","5.6"
"2024-08-21","37.3","86.33","0","0","37.22","35.58","2.49","29.43","77.1","0","0","33.81","35.01","3.0","32.81","83.83","0.79","3.6","46.17","47.8","5.79","40.61","92.92","9.96","11.41","49.34","5.57"
"2024-08-22","37.12","86.07","0","0","37.07","35.46","2.47","29.36","77.06","0","0","34.06","35.31","3.08","33.0","84.08","1.11","3.97","46.52","48.1","5.85","40.67","92.96","9.93","11.29","49.28","5.55"
"2024-08-23","36.93","85.82","0","0","36.93","35.36","2.46","29.3","77.03","0","0","34.32","35.62","3.15","33.18","84.34","1.43","4.33","46.87","48.41","5.9","40.73","92.98","9.88","11.15","49.23","5.52"
"2024-08-24","36.75","85.56","0","0","36.8","35.27","2.45","29.24","77.01","0","0","34.59","35.95","3.23","33.36","84.6","1.75","4.69","47.21","48.71","5.96","40.79","92.99","9.83","11.0","49.17","5.49"
"2024-08-25","36.56","85.3","0","0","36.68","35.2","2.44","29.19","77.0","0","0","34.88","36.28","3.31","33.55","84.86","2.06","5.04","47.56","49.02","6.01","40.84","93.0","9.76","10.84","49.11","5.47"
"2024-08-26","36.38","85.04","0","0","36.57","35.14","2.44","29.15","77.0","0","0","35.19","36.63","3.4","33.74","85.11","2.38","5.39","47.92","49.32","6.06","40.88","93.0","9.69","10.67","49.05","5.44"
"2024-08-27","36.19","84.79","0","0","36.48","35.09","2.44","29.11","77.01","0","0","35.5","37.0","3.48","33.93","85.37","2.69","5.73","48.27","49.63","6.12","40.91","92.99","9.6","10.48","48.99","5.42"
"2024-08-28","36.0","84.53","0","0","36.4","35.06","2.45","29.07","77.02","0","0","35.84","37.37","3.57","34.12","85.63","3.0","6.07","48.62","49.93","6.17","40.94","92.97","9.51","10.29","48.93","5.39"
"2024-08-29","35.8","84.27","0","0","36.33","35.04","2.45","29.05","77.04","0","0","36.18","37.76","3.66","34.31","85.89","3.31","6.4","48.97","50.23","6.22","40.97","92.94","9.4","10.09","48.87","5.37"
"2024-08-30","35.61","84.01","0","0","36.28","35.04","2.46","29.03","77.07","0","0","36.54","38.16","3.76","34.51","86.14","3.61","6.73","49.32","50.53","6.27","40.98","92.91","9.29","9.87","48.81","5.35"
"2024-08-31","35.42","83.76","0","0","36.24","35.05","2.48","29.01","77.11","0","0","36.91","38.57","3.85","34.7","86.4","3.91","7.04","49.68","50.83","6.32","41.0","92.86","9.17","9.65","48.75","5.32"
"2024-09-01","35.23","83.5","0","0","36.21","35.08","2.49","29.0","77.16","0","0","37.29","38.99","3.95","34.89","86.65","4.2","7.35","50.03","51.13","6.37","41.0","92.81","9.03","9.41","48.69","5.3"
"2024-09-02","35.03","83.25","0","0","36.19","35.12","2.51","29.0","77.21","0","0","37.69","39.42","4.05","35.09","86.9","4.49","7.65","50.38","51.42","6.42","41.0","92.75","8.89","9.17","48.63","5.28"
"2024-09-03","34.84","83.0","0","0","36.19","35.17","2.54","29.0","77.27","0","0","38.1","39.86","4.15","35.28","87.15","4.78","7.95","50.73","51.72","6.47","40.99","92.68","8.74","8.91","48.57","5.25"
"2024-09-04","34.65","82.75","0","0","36.21","35.24","2.56","29.01","77.34","0","0","38.52","40.31","4.25","35.47","87.4","5.06","8.23","51.08","52.01","6.52","40.98","92.61","8.58","8.65","48.52","5.23"
"2024-09-05","34.45","82.51","0","0","36.24","35.33","2.6","29.03","77.42","0","0","38.95","40.78","4.35","35.66","87.64","5.33","8.51","51.42","52.29","6.57","40.96","92.52","8.41","8.37","48.46","5.21"
"2024-09-06","34.26","82.26","0","0","36.28","35.43","2.63","29.05","77.51","0","0","39.4","41.25","4.46","35.86","87.89","5.6","8.78","51.77","52.58","6.62","40.93","92.43","8.23","8.09","48.41","5.19"
"2024-09-07","34.07","82.02","0","0","36.33","35.55","2.67","29.08","77.61","0","0","39.85","41.73","4.56","36.05","88.13","5.87","9.04","52.11","52.86","6.66","40.9","92.33","8.04","7.8","48.35","5.17"
"2024-09-08","33.88","81.78","0","0","36.4","35.68","2.71","29.12","77.71","0","0","40.32","42.22","4.67","36.24","88.36","6.13","9.29","52.46","53.14","6.71","40.86","92.23","7.84","7.51","48.3","5.15"
"2024-09-09","33.69","81.55","0","0","36.49","35.82","2.75","29.16","77.82","0","0","40.79","42.71","4.78","36.43","88.59","6.38","9.53","52.79","53.42","6.75","40.81","92.11","7.64","7.2","48.25","5.13"
"2024-09-10","33.5","81.32","0","0","36.59","35.99","2.8","29.21","77.93","0","0","41.28","43.22","4.89","36.61","88.82","6.62","9.76","53.13","53.7","6.79","40.76","91.99","7.43","6.89","48.21","5.11"
"2024-09-11","33.31","81.09","0","0","36.7","36.16","2.85","29.26","78.06","0","0","41.77","43.73","5.0","36.8","89.05","6.86","9.98","53.47","53.97","6.84","40.71","91.86","7.21","6.57","48.16","5.1"
"2024-09-12","33.13","80.87","0","0","36.83","36.35","2.9","29.32","78.19","0","0","42.28","44.25","5.11","36.98","89.27","7.09","10.19","53.8","54.24","6.88","40.64","91.72","6.98","6.24","48.12","5.08"
"2024-09-13","32.95","80.65","0","0","36.97","36.56","2.96","29.38","78.33","0","0","42.79","44.78","5.23","37.16","89.48","7.32","10.39","54.13","54.5","6.92","40.57","91.58","6.74","5.9","48.08","5.07"
"2024-09-14","32.77","80.43","0","0","37.13","36.78","3.02","29.45","78.48","0","0","43.31","45.32","5.34","37.34","89.69","7.53","10.58","54.45","54.76","6.96","40.5","91.43","6.5","5.56","48.05","5.05"
"2024-09-15","32.59","80.22","0","0","37.31","37.02","3.08","29.53","78.63","0","0","43.84","45.86","5.46","37.52","89.9","7.74","10.75","54.77","55.02","7.0","40.42","91.27","6.25","5.22","48.02","5.04"
"2024-09-16","32.41","80.02","0","0","37.49","37.27","3.15","29.61","78.79","0","0","44.38","46.4","5.57","37.7","90.1","7.94","10.92","55.09","55.27","7.04","40.33","91.11","6.0","4.87","47.99","5.03"
"2024-09-17","32.24","79.82","0","0","37.69","37.54","3.22","29.7","78.95","0","0","44.93","46.95","5.69","37.87","90.3","8.13","11.07","55.41","55.52","7.07","40.24","90.94","5.74","4.51","47.96","5.02"
"2024-09-18","32.07","79.63","0","0","37.91","37.82","3.29","29.79","79.13","0","0","45.48","47.51","5.81","38.04","90.49","8.32","11.22","55.72","55.77","7.11","40.15","90.77","5.47","4.15","47.94","5.01"
"2024-09-19","31.9","79.44","0","0","38.14","38.12","3.37","29.89","79.3","0","0","46.04","48.07","5.93","38.2","90.67","8.49","11.35","56.02","56.01","7.15","40.04","90.58","5.2","3.78","47.93","5.0"
"2024-09-20","31.74","79.26","0","0","38.39","38.43","3.45","30.0","79.49","0","0","46.61","48.64","6.04","38.36","90.85","8.66","11.47","56.33","56.24","7.18","39.94","90.4","4.92","3.42","47.91","5.0"
"2024-09-21","31.58","79.08","0","0","38.65","38.76","3.53","30.11","79.68","0","0","47.18","49.2","6.16","38.52","91.03","8.81","11.58","56.63","56.48","7.22","39.82","90.2","4.64","3.04","47.91","4.99"
"2024-09-22","31.42","78.91","0","0","38.92","39.1","3.62","30.22","79.87","0","0","47.76","49.78","6.28","38.68","91.19","8.96","11.67","56.92","56.71","7.25","39.71","90.0","4.35","2.67","47.9","4.99"
"2024-09-23","31.26","78.74","0","0","39.21","39.45","3.71","30.34","80.08","0","0","48.34","50.35","6.4","38.83","91.35","9.1","11.76","57.21","56.93","7.28","39.58","89.8","4.06","2.29","47.91","4.99"
"2024-09-24","31.12","78.59","0","0","39.52","39.82","3.8","30.47","80.28","0","0","48.93","50.93","6.52","38.97","91.51","9.23","11.83","57.5","57.15","7.31","39.46","89.59","3.76","1.91","47.92","4.99"
"2024-09-25","30.97","78.44","0","0","39.83","40.2","3.89","30.6","80.49","0","0","49.52","51.51","6.64","39.12","91.65","9.35","11.89","57.78","57.37","7.34","39.32","89.38","3.46","1.52","47.93","4.99"
"2024-09-26","30.83","78.29","0","0","40.17","40.6","3.99","30.73","80.71","0","0","50.12","52.1","6.76","39.26","91.79","9.46","11.93","58.06","57.59","7.37","39.19","89.16","3.15","1.14","47.95","4.99"
"2024-09-27","30.69","78.15","0","0","40.51","41.01","4.09","30.87","80.93","0","0","50.72","52.68","6.88","39.39","91.93","9.56","11.97","58.33","57.79","7.4","39.05","88.94","2.85","0.75","47.97","5.0"
"2024-09-28","30.56","78.02","0","0","40.87","41.43","4.19","31.01","81.15","0","0","51.32","53.27","7.0","39.52","92.05","9.65","11.99","58.6","58.0","7.43","38.9","88.71","2.54","0.37","48.0","5.01"
"2024-09-29","30.43","77.9","0","0","41.25","41.87","4.3","31.16","81.38","0","0","51.93","53.85","7.12","39.64","92.17","9.73","12.0","58.86","58.2","7.46","38.75","88.48","2.22","0","48.04","5.01"
"2024-09-30","30.31","77.79","0","0","41.63","42.32","4.4","31.31","81.61","0","0.17","52.54","54.44","7.23","39.76","92.28","9.8","12.0","59.12","58.4","7.49","38.6","88.24","1.91","0","48.08","5.02"
"2024-10-01","30.19","77.68","0","0","42.03","42.78","4.52","31.46","81.85","0","0.56","53.15","55.03","7.35","39.88","92.38","9.86","11.98","59.37","58.59","7.51","38.44","88.01","1.59","0","48.14","5.04"
"2024-10-02","30.08","77.58","0","0","42.45","43.25","4.63","31.62","82.09","0","0.94","53.76","55.61","7.47","39.99","92.48","9.91","11.95","59.62","58.78","7.54","38.28","87.77","1.27","0","48.19","5.05"
"2024-10-03","29.97","77.49","0","0","42.88","43.74","4.74","31.78","82.33","0","1.33","54.37","56.2","7.59","40.09","92.57","9.95","11.91","59.86","58.96","7.56","38.12","87.52","0.95","0","48.26","5.07"
"2024-10-04","29.87","77.4","0","0","43.32","44.24","4.86","31.95","82.57","0","1.71","54.99","56.79","7.7","40.19","92.65","9.97","11.86","60.1","59.15","7.59","37.95","87.28","0.63","0","48.33","5.08"
"2024-10-05","29.77","77.32","0","0","43.77","44.75","4.98","32.11","82.82","0","2.1","55.6","57.37","7.82","40.29","92.72","9.99","11.79","60.34","59.32","7.61","37.78","87.03","0.31","0","48.41","5.1"
"2024-10-06","29.68","77.26","0","0","44.23","45.27","5.1","32.28","83.07","0","2.48","56.22","57.95","7.93","40.38","92.78","10.0","11.72","60.57","59.5","7.63","37.61","86.78","0","0","48.5","5.13"
"2024-10-07","29.59","77.2","0","0","44.71","45.8","5.23","32.46","83.32","0.14","2.85","56.83","58.53","8.04","40.46","92.84","10.0","11.63","60.79","59.67","7.66","37.43","86.53","0","0","48.59","5.15"
"2024-10-08","29.51","77.14","0","0","45.2","46.35","5.35","32.64","83.57","0.47","3.23","57.45","59.11","8.16","40.54","92.89","9.98","11.53","61.01","59.83","7.68","37.26","86.27","0","0","48.69","5.18"
"2024-10-09","29.43","77.1","0","0","45.7","46.9","5.48","32.81","83.83","0.79","3.6","58.06","59.69","8.27","40.61","92.92","9.96","11.41","61.23","60.0","7.7","37.07","86.02","0","0","48.81","5.21"
"2024-10-10","29.36","77.06","0","0","46.22","47.47","5.61","33.0","84.08","1.11","3.97","58.68","60.26","8.38","40.67","92.96","9.93","11.29","61.44","60.16","7.72","36.89","85.76","0","0","48.92","5.24"
"2024-10-11","29.3","77.03","0","0","46.74","48.04","5.74","33.18","84.34","1.43","4.33","59.29","60.83","8.49","40.73","92.98","9.88","11.15","61.65","60.31","7.74","36.71","85.5","0","0","49.05","5.27"
"2024-10-12","29.24","77.01","0","0","47.27","48.63","5.87","33.36","84.6","1.75","4.69","59.9","61.39","8.6","40.79","92.99","9.83","11.0","61.85","60.47","7.76","36.52","85.24","0","0","49.19","5.3"
"2024-10-13","29.19","77.0","0","0","47.82","49.22","6.01","33.55","84.86","2.06","5.04","60.5","61.95","8.71","40.84","93.0","9.76","10.84","62.05","60.62","7.78","36.33","84.99","0","0","49.33","5.34"
"2024-10-14","29.15","77.0","0","0","48.38","49.82","6.15","33.74","85.11","2.38","5.39","61.1","62.51","8.81","40.88","93.0","9.69","10.67","62.24","60.76","7.8","36.14","84.73","0","0","49.49","5.38"
"2024-10-15","29.11","77.01","0","0","48.94","50.44","6.28","33.93","85.37","2.69","5.73","61.71","63.06","8.92","40.91","92.99","9.6","10.48","62.43","60.91","7.82","35.95","84.47","0","0","49.65","5.42"
"2024-10-16","29.07","77.02","0","0","49.52","51.06","6.42","34.12","85.63","3.0","6.07","62.3","63.61","9.02","40.94","92.97","9.51","10.29","62.61","61.05","7.84","35.76","84.21","0","0","49.82","5.47"
"2024-10-17","29.05","77.04","0","0","50.1","51.68","6.56","34.31","85.89","3.31","6.4","62.9","64.15","9.12","40.97","92.94","9.4","10.09","62.79","61.19","7.86","35.57","83.96","0","0","50.0","5.51"
"2024-10-18","29.03","77.07","0","0","50.7","52.32","6.71","34.51","86.14","3.61","6.73","63.48","64.69","9.22","40.98","92.91","9.29","9.87","62.97","61.33","7.88","35.38","83.7","0","0","50.2","5.56"
"2024-10-19","29.01","77.11","0","0","51.3","52.96","6.85","34.7","86.4","3.91","7.04","64.07","65.22","9.32","41.0","92.86","9.17","9.65","63.14","61.46","7.9","35.18","83.45","0","0","50.4","5.61"
"2024-10-20","29.0","77.16","0","0","51.92","53.61","6.99","34.89","86.65","4.2","7.35","64.65","65.75","9.42","41.0","92.81","9.03","9.41","63.31","61.6","7.92","34.99","83.2","0","0","50.6","5.67"
"2024-10-21","29.0","77.21","0","0","52.54","54.26","7.14","35.09","86.9","4.49","7.65","65.22","66.27","9.52","41.0","92.75","8.89","9.17","63.48","61.73","7.94","34.8","82.95","0","0","50.82","5.72"
"2024-10-22","29.0","77.27","0","0","53.16","54.93","7.28","35.28","87.15","4.78","7.95","65.79","66.78","9.61","40.99","92.68","8.74","8.91","63.64","61.86","7.96","34.6","82.7","0","0","51.05","5.78"
"2024-10-23","29.01","77.34","0","0","53.8","55.59","7.43","35.47","87.4","5.06","8.23","66.36","67.29","9.7","40.98","92.61","8.58","8.65","63.8","61.98","7.98","34.41","82.45","0","0","51.29","5.84"
"2024-10-24","29.03","77.42","0","0","54.44","56.27","7.58","35.66","87.64","5.33","8.51","66.91","67.78","9.8","40.96","92.52","8.41","8.37","63.95","62.11","8.0","34.22","82.21","0","0","51.54","5.9"
"2024-10-25","29.05","77.51","0","0","55.09","56.94","7.73","35.86","87.89","5.6","8.78","67.47","68.28","9.89","40.93","92.43","8.23","8.09","64.1","62.24","8.02","34.03","81.97","0","0","51.8","5.97"
"2024-10-26","29.08","77.61","0","0","55.75","57.62","7.87","36.05","88.13","5.87","9.04","68.01","68.76","9.97","40.9","92.33","8.04","7.8","64.25","62.36","8.04","33.84","81.73","0","0","52.06","6.03"
"2024-10-27","29.12","77.71","0","0","56.41","58.31","8.02","36.24","88.36","6.13","9.29","68.55","69.24","10.06","40.86","92.23","7.84","7.51","64.4","62.48","8.06","33.65","81.5","0","0","52.34","6.1"
"2024-10-28","29.16","77.82","0","0","57.08","59.0","8.17","36.43","88.59","6.38","9.53","69.08","69.71","10.14","40.81","92.11","7.64","7.2","64.54","62.6","8.08","33.46","81.27","0","0","52.63","6.18"
"2024-10-29","29.21","77.93","0","0","57.75","59.69","8.32","36.61","88.82","6.62","9.76","69.6","70.17","10.23","40.76","91.99","7.43","6.89","64.68","62.73","8.1","33.27","81.04","0","0","52.92","6.25"
"2024-10-30","29.26","78.06","0","0","58.43","60.39","8.47","36.8","89.05","6.86","9.98","70.12","70.62","10.31","40.71","91.86","7.21","6.57","64.82","62.85","8.12","33.09","80.82","0","0","53.23","6.33"
"2024-10-31","29.32","78.19","0","0","59.11","61.08","8.62","36.98","89.27","7.09","10.19","70.63","71.07","10.38","40.64","91.72","6.98","6.24","64.95","62.97","8.14","32.91","80.6","0","0","53.55","6.41"
"2024-11-01","29.38","78.33","0","0","59.79","61.78","8.77","37.16","89.48","7.32","10.39","71.13","71.5","10.46","40.57","91.58","6.74","5.9","65.09","63.09","8.16","32.73","80.39","0","0","53.87","6.49"
"2024-11-02","29.45","78.48","0","0","60.48","62.48","8.92","37.34","89.69","7.53","10.58","71.62","71.93","10.54","40.5","91.43","6.5","5.56","65.22","63.21","8.18","32.55","80.18","0","0","54.21","6.57"
"2024-11-03","29.53","78.63","0","0","61.18","63.19","9.07","37.52","89.9","7.74","10.75","72.1","72.35","10.61","40.42","91.27","6.25","5.22","65.35","63.33","8.2","32.37","79.98","0","0","54.55","6.66"
"2024-11-04","29.61","78.79","0","0","61.87","63.89","9.22","37.7","90.1","7.94","10.92","72.58","72.76","10.68","40.33","91.11","6.0","4.87","65.48","63.46","8.23","32.2","79.78","0","0","54.91","6.74"
"2024-11-05","29.7","78.95","0","0","62.57","64.59","9.37","37.87","90.3","8.13","11.07","73.05","73.16","10.75","40.24","90.94","5.74","4.51","65.6","63.58","8.25","32.03","79.58","0","0","55.27","6.83"
"2024-11-06","29.79","79.13","0","0","63.27","65.3","9.51","38.04","90.49","8.32","11.22","73.5","73.55","10.82","40.15","90.77","5.47","4.15","65.73","63.7","8.28","31.86","79.4","0","0","55.65","6.93"
"2024-11-07","29.89","79.3","0","0","63.97","66.0","9.66","38.2","90.67","8.49","11.35","73.95","73.93","10.88","40.04","90.58","5.2","3.78","65.85","63.83","8.3","31.7","79.22","0","0","56.03","7.02"
"2024-11-08","31.29","78.03","0","0","64.67","66.7","9.81","39.65","89.39","10.03","13.54","74.39","74.31","10.94","41.23","88.93","6.3","5.48","65.98","63.95","8.33","32.83","77.58","0","0","56.43","7.12"
"2024-11-09","32.69","76.75","0","0.86","65.37","67.4","9.95","41.1","88.1","11.57","15.71","74.82","74.67","11.01","42.4","87.28","7.39","7.17","66.1","64.08","8.35","33.97","75.95","0","0","56.83","7.21"
"2024-11-10","34.09","75.49","0","3.3","66.08","68.1","10.1","42.55","86.8","13.09","17.87","75.24","75.03","11.06","43.58","85.62","8.48","8.86","66.22","64.21","8.38","35.1","74.32","0","0","57.24","7.31"
"2024-11-11","35.5","74.23","1.27","5.74","66.78","68.79","10.24","43.99","85.5","14.6","20.01","75.65","75.37","11.12","44.74","83.95","9.56","10.54","66.35","64.34","8.41","36.24","72.7","0","0","57.66","7.42"
"2024-11-12","36.91","72.97","2.94","8.18","67.48","69.48","10.39","45.42","84.2","16.11","22.14","76.05","75.71","11.18","45.9","82.28","10.64","12.22","66.47","64.47","8.44","37.39","71.1","0","0","58.09","7.52"
"2024-11-13","38.33","71.73","4.61","10.61","68.18","70.17","10.53","46.85","82.89","17.6","24.26","76.44","76.03","11.23","47.06","80.61","11.71","13.9","66.59","64.61","8.47","38.53","69.5","0","0.45","58.53","7.63"
"2024-11-14","39.74","70.49","6.28","13.05","68.88","70.86","10.67","48.27","81.58","19.07","26.36","76.82","76.35","11.28","48.2","78.94","12.77","15.56","66.71","64.74","8.5","39.68","67.91","0.1","2.47","58.97","7.73"
"2024-11-15","41.16","69.26","7.95","15.48","69.58","71.54","10.81","49.69","80.26","20.54","28.44","77.19","76.66","11.33","49.34","77.27","13.83","17.23","66.83","64.88","8.53","40.83","66.33","1.37","4.49","59.43","7.84"
"2024-11-16","42.58","68.04","9.62","17.91","70.28","72.22","10.95","51.09","78.93","21.99","30.51","77.55","76.95","11.38","50.47","75.59","14.88","18.88","66.96","65.02","8.57","41.98","64.76","2.65","6.52","59.89","7.95"
"2024-11-17","44.0","66.82","11.29","20.34","70.97","72.89","11.08","52.49","77.61","23.43","32.55","77.9","77.24","11.42","51.6","73.92","15.93","20.53","67.08","65.17","8.6","43.13","63.2","3.93","8.56","60.36","8.07"
"2024-11-18","45.42","65.61","12.96","22.76","71.66","73.56","11.22","53.88","76.28","24.86","34.58","78.24","77.52","11.47","52.72","72.25","16.96","22.18","67.21","65.32","8.64","44.28","61.66","5.22","10.6","60.84","8.18"
"2024-11-19","46.84","64.41","14.63","25.17","72.34","74.22","11.35","55.26","74.95","26.27","36.59","78.57","77.79","11.51","53.83","70.57","18.0","23.82","67.33","65.47","8.67","45.44","60.12","6.52","12.65","61.33","8.3"
"2024-11-20","48.26","63.22","16.29","27.58","73.03","74.88","11.48","56.63","73.62","27.66","38.58","78.88","78.04","11.55","54.93","68.9","19.02","25.45","67.46","65.62","8.71","46.59","58.6","7.82","14.7","61.82","8.42"
"2024-11-21","49.68","62.04","17.95","29.97","73.7","75.53","11.61","58.0","72.28","29.04","40.55","79.19","78.29","11.59","56.02","67.24","20.04","27.08","67.59","65.78","8.75","47.74","57.1","9.13","16.76","62.33","8.53"
"2024-11-22","51.1","60.87","19.6","32.36","74.38","76.17","11.74","59.35","70.94","30.4","42.5","79.49","78.53","11.63","57.1","65.57","21.06","28.69","67.72","65.94","8.79","48.9","55.6","10.44","18.82","62.83","8.65"
"2024-11-23","52.51","59.7","21.25","34.73","75.04","76.81","11.87","60.69","69.6","31.75","44.43","79.78","78.76","11.66","58.18","63.91","22.06","30.31","67.85","66.1","8.83","50.05","54.13","11.76","20.89","63.35","8.78"
"2024-11-24","53.92","58.55","22.9","37.09","75.71","77.44","11.99","62.01","68.26","33.08","46.33","80.05","78.98","11.69","59.25","62.26","23.06","31.91","67.98","66.27","8.87","51.21","52.66","13.08","22.95","63.87","8.9"
"2024-11-25","55.33","57.4","24.54","39.44","76.36","78.06","12.11","63.33","66.92","34.39","48.22","80.32","79.19","11.72","60.3","60.61","24.05","33.51","68.12","66.44","8.91","52.36","51.21","14.4","25.02","64.4","9.02"
"2024-11-26","56.73","56.27","26.17","41.78","77.01","78.67","12.23","64.63","65.58","35.69","50.08","80.57","79.39","11.75","61.35","58.96","25.04","35.1","68.26","66.62","8.96","53.51","49.78","15.73","27.1","64.93","9.15"
"2024-11-27","58.13","55.14","27.79","44.1","77.65","79.28","12.35","65.92","64.24","36.96","51.91","80.82","79.59","11.78","62.39","57.33","26.02","36.68","68.4","66.8","9.0","54.66","48.37","17.06","29.17","65.48","9.27"
"2024-11-28","59.52","54.02","29.4","46.41","78.29","79.87","12.47","67.2","62.89","38.22","53.73","81.05","79.77","11.81","63.42","55.7","26.99","38.25","68.54","66.98","9.05","55.81","46.97","18.39","31.24","66.02","9.4"
"2024-11-29","60.91","52.91","31.01","48.7","78.92","80.46","12.58","68.46","61.55","39.46","55.52","81.28","79.94","11.83","64.44","54.08","27.96","39.82","68.68","67.17","9.1","56.96","45.58","19.73","33.31","66.57","9.53"
"2024-11-30","62.29","51.82","32.6","50.97","79.54","81.04","12.69","69.71","60.21","40.68","57.28","81.49","80.11","11.86","65.45","52.46","28.91","41.37","68.83","67.36","9.15","58.11","44.22","21.06","35.38","67.13","9.66"
"2024-12-01","63.66","50.73","34.18","53.22","80.15","81.6","12.8","70.95","58.87","41.88","59.02","81.69","80.26","11.88","66.44","50.86","29.86","42.92","68.98","67.56","9.2","59.25","42.87","22.4","37.44","67.69","9.79"
"2024-12-02","65.03","49.65","35.75","55.45","80.75","82.16","12.91","72.17","57.54","43.06","60.73","81.89","80.41","11.9","67.43","49.27","30.81","44.46","69.14","67.76","9.25","60.39","41.55","23.74","39.51","68.25","9.92"
"2024-12-03","66.39","48.59","37.31","57.67","81.35","82.71","13.01","73.37","56.2","44.23","62.42","82.07","80.55","11.92","68.41","47.68","31.74","45.99","69.29","67.97","9.3","61.53","40.24","25.07","41.57","68.82","10.05"
"2024-12-04","67.74","47.53","38.86","59.86","81.93","83.24","13.11","74.56","54.87","45.37","64.08","82.24","80.68","11.93","69.38","46.11","32.67","47.51","69.45","68.18","9.36","62.66","38.95","26.41","43.62","69.4","10.18"
"2024-12-05","69.08","46.48","40.39","62.03","82.51","83.77","13.21","75.73","53.54","46.49","65.71","82.41","80.8","11.95","70.34","44.56","33.59","49.03","69.62","68.39","9.41","63.79","37.68","27.75","45.67","69.97","10.31"
"2024-12-06","70.41","45.45","41.91","64.17","83.07","84.28","13.31","76.89","52.21","47.59","67.32","82.56","80.92","11.96","71.28","43.01","34.51","50.53","69.79","68.61","9.47","64.91","36.43","29.08","47.71","70.55","10.44"
"2024-12-07","71.73","44.43","43.41","66.3","83.63","84.78","13.4","78.03","50.89","48.67","68.9","82.7","81.02","11.98","72.22","41.48","35.41","52.02","69.96","68.84","9.53","66.03","35.2","30.42","49.75","71.13","10.58"
"2024-12-08","73.04","43.41","44.9","68.39","84.17","85.27","13.49","79.15","49.57","49.73","70.45","82.84","81.12","11.99","73.14","39.96","36.31","53.5","70.13","69.07","9.59","67.15","33.99","31.75","51.78","71.72","10.71"
"2024-12-09","74.34","42.41","46.37","70.46","84.71","85.75","13.58","80.25","48.26","50.76","71.98","82.96","81.21","12.0","74.05","38.45","37.21","54.98","70.31","69.3","9.65","68.26","32.8","33.08","53.8","72.31","10.84"
"2024-12-10","75.63","41.42","47.82","72.51","85.23","86.22","13.66","81.34","46.95","51.78","73.47","83.08","81.3","12.01","74.95","36.97","38.09","56.44","70.49","69.54","9.71","69.37","31.63","34.4","55.81","72.89","10.97"
"2024-12-11","76.9","40.44","49.25","74.53","85.74","86.67","13.74","82.41","45.65","52.77","74.94","83.18","81.37","12.02","75.84","35.49","38.97","57.89","70.68","69.78","9.78","70.47","30.49","35.72","57.81","73.48","11.11"
"2024-12-12","78.17","39.47","50.67","76.52","86.24","87.11","13.82","83.46","44.35","53.74","76.38","83.28","81.44","12.02","76.72","34.04","39.84","59.33","70.87","70.03","9.84","71.56","29.36","37.04","59.8","74.07","11.24"
"2024-12-13","79.42","38.52","52.07","78.48","86.73","87.54","13.9","84.49","43.06","54.69","77.79","83.37","81.5","12.03","77.59","32.6","40.7","60.76","71.06","70.29","9.91","72.65","28.26","38.35","61.78","74.67","11.37"
"2024-12-14","80.65","37.57","53.45","80.41","87.21","87.96","13.97","85.5","41.78","55.62","79.17","83.45","81.56","12.03","78.44","31.18","41.55","62.17","71.26","70.55","9.97","73.73","27.18","39.66","63.74","75.26","11.5"
"2024-12-15","81.87","36.64","54.8","82.31","87.67","88.36","14.04","86.49","40.51","56.52","80.52","83.52","81.6","12.04","79.28","29.78","42.4","63.58","71.46","70.81","10.04","74.8","26.12","40.96","65.7","75.85","11.64"
"2024-12-16","83.08","35.72","56.14","84.17","88.12","88.75","14.11","87.47","39.24","57.4","81.85","83.58","81.65","12.04","80.11","28.39","43.23","64.97","71.67","71.08","10.11","75.87","25.09","42.25","67.64","76.44","11.77"
"2024-12-17","84.27","34.81","57.46","86.01","88.56","89.12","14.17","88.42","37.98","58.26","83.14","83.63","81.68","12.04","80.93","27.03","44.06","66.36","71.88","71.35","10.18","76.93","24.08","43.54","69.56","77.03","11.9"
"2024-12-18","85.45","33.91","58.75","87.81","88.98","89.48","14.24","89.35","36.73","59.1","84.4","83.68","81.71","12.05","81.74","25.68","44.89","67.73","72.09","71.63","10.25","77.98","23.09","44.82","71.47","77.62","12.03"
"2024-12-19","86.61","33.03","60.02","89.59","89.39","89.83","14.29","90.27","35.49","59.91","85.63","83.72","81.73","12.05","82.53","24.36","45.7","69.08","72.31","71.91","10.33","79.02","22.12","46.09","73.36","78.21","12.16"
"2024-12-20","87.75","32.16","61.27","91.32","89.79","90.16","14.35","91.16","34.25","60.7","86.84","83.75","81.75","12.05","83.31","23.06","46.51","70.43","72.53","72.2","10.4","80.05","21.18","47.36","75.24","78.8","12.29"
"2024-12-21","88.87","31.3","62.5","93.02","90.17","90.48","14.4","92.03","33.03","61.47","88.01","83.77","81.76","12.05","84.08","21.78","47.3","71.76","72.76","72.49","10.48","81.08","20.26","48.61","77.09","79.38","12.41"
"2024-12-22","89.98","30.45","63.7","94.69","90.54","90.79","14.45","92.88","31.82","62.21","89.15","83.79","81.77","12.05","84.83","20.52","48.09","73.08","72.99","72.79","10.55","82.09","19.37","49.86","78.93","79.96","12.54"
"2024-12-23","91.07","29.61","64.87","96.32","90.9","91.08","14.5","93.71","30.62","62.93","90.27","83.8","81.77","12.04","85.57","19.29","48.87","74.38","73.23","73.09","10.63","83.1","18.5","51.09","80.75","80.54","12.67"
"2024-12-24","92.14","28.79","66.02","97.91","91.24","91.35","14.54","94.52","29.43","63.63","91.35","83.8","81.77","12.04","86.3","18.07","49.65","75.67","73.47","73.39","10.71","84.09","17.66","52.32","82.55","81.11","12.79"
"2024-12-25","93.19","27.98","67.15","99.47","91.57","91.61","14.58","95.3","28.25","64.3","92.4","83.79","81.77","12.04","87.02","16.89","50.41","76.95","73.71","73.7","10.79","85.07","16.83","53.53","84.32","81.68","12.91"
"2024-12-26","94.22","27.18","68.25","100.99","91.88","91.86","14.62","96.07","27.09","64.96","93.42","83.78","81.75","12.04","87.72","15.72","51.16","78.21","73.96","74.02","10.87","86.04","16.04","54.73","86.08","82.25","13.03"
"2024-12-27","95.24","26.4","69.32","102.47","92.18","92.09","14.65","96.81","25.94","65.58","94.41","83.76","81.74","12.03","88.41","14.58","51.91","79.46","74.21","74.33","10.95","87.01","15.27","55.92","87.81","82.81","13.15"
"2024-12-28","96.23","25.63","70.37","103.91","92.46","92.31","14.68","97.53","24.8","66.19","95.37","83.74","81.72","12.03","89.09","13.47","52.65","80.69","74.47","74.65","11.03","87.95","14.52","57.09","89.52","83.37","13.27"
"2024-12-29","97.2","24.87","71.39","105.31","92.73","92.51","14.71","98.23","23.68","66.77","96.3","83.71","81.7","12.03","89.75","12.38","53.38","81.91","74.73","74.98","11.11","88.89","13.8","58.25","91.2","83.92","13.39"
"2024-12-30","98.15","24.12","72.38","106.67","92.98","92.7","14.73","98.9","22.57","67.33","97.2","83.68","81.67","12.02","90.4","11.32","54.1","83.11","74.99","75.31","11.2","89.82","13.1","59.4","92.86","84.47","13.51"
"2024-12-31","99.08","23.39","73.34","107.99","93.22","92.88","14.75","99.56","21.48","67.87","98.07","83.64","81.64","12.02","91.04","10.29","54.81","84.3","75.26","75.64","11.28","90.73","12.42","60.53","94.49","85.01","13.62"
"2025-01-01","99.98","22.67","74.27","109.27","93.44","93.04","14.77","100.19","20.4","68.38","98.91","83.59","81.61","12.01","91.66","9.28","55.51","85.47","75.53","75.97","11.36","91.62","11.77","61.65","96.1","85.54","13.73"
"2025-01-02","100.87","21.97","75.18","110.51","93.65","93.18","14.79","100.8","19.33","68.87","99.72","83.54","81.57","12.01","92.27","8.3","56.2","86.62","75.8","76.31","11.45","92.51","11.15","62.75","97.67","86.06","13.84"
"2025-01-03","101.73","21.28","76.05","111.71","93.84","93.31","14.8","101.38","18.29","69.34","100.49","83.49","81.54","12.0","92.87","7.35","56.88","87.76","76.08","76.65","11.53","93.38","10.55","63.84","99.22","86.58","13.95"
"2025-01-04","102.57","20.6","76.9","112.86","94.02","93.42","14.81","101.95","17.26","69.78","101.24","83.43","81.5","12.0","93.45","6.42","57.55","88.88","76.36","77.0","11.62","94.24","9.98","64.9","100.74","87.09","14.06"
"2025-01-05","103.38","19.93","77.71","113.98","94.18","93.52","14.82","102.49","16.24","70.21","101.96","83.37","81.45","11.99","94.02","5.53","58.21","89.98","76.65","77.34","11.71","95.08","9.43","65.96","102.23","87.6","14.16"
"2025-01-06","104.17","19.29","78.5","115.05","94.33","93.61","14.82","103.01","15.25","70.61","102.64","83.3","81.41","11.99","94.57","4.66","58.87","91.06","76.94","77.69","11.79","95.9","8.9","66.99","103.7","88.09","14.26"
"2025-01-07","104.94","18.65","79.25","116.08","94.46","93.68","14.82","103.5","14.27","70.99","103.3","83.23","81.36","11.98","95.11","3.82","59.51","92.13","77.23","78.04","11.88","96.71","8.41","68.0","105.12","88.58","14.36"
"2025-01-08","105.68","18.03","79.98","117.06","94.58","93.74","14.82","103.97","13.32","71.34","103.93","83.15","81.32","11.98","95.64","3.02","60.14","93.18","77.52","78.4","11.97","97.51","7.93","69.0","106.52","89.06","14.46"
"2025-01-09","106.4","17.42","80.67","118.0","94.68","93.78","14.82","104.42","12.38","71.67","104.52","83.08","81.27","11.97","96.15","2.24","60.76","94.21","77.82","78.75","12.05","98.29","7.48","69.97","107.89","89.52","14.55"
"2025-01-10","107.09","16.83","81.33","118.9","94.77","93.81","14.81","104.85","11.46","71.99","105.09","83.0","81.22","11.97","96.65","1.49","61.37","95.22","78.11","79.11","12.14","99.05","7.06","70.93","109.22","89.98","14.65"
"2025-01-11","107.76","16.25","81.96","119.75","94.84","93.83","14.8","105.25","10.56","72.28","105.63","82.91","81.17","11.97","97.13","0.77","61.97","96.21","78.41","79.46","12.23","99.8","6.66","71.86","110.52","90.43","14.73"
"2025-01-12","108.4","15.69","82.56","120.56","94.9","93.83","14.79","105.64","9.68","72.54","106.13","82.83","81.12","11.96","97.6","0.09","62.56","97.18","78.72","79.82","12.32","100.52","6.28","72.78","111.78","90.87","14.82"
"2025-01-13","109.02","15.14","83.13","121.32","94.94","93.81","14.77","105.99","8.82","72.79","106.61","82.74","81.06","11.96","98.05","0","63.14","98.13","79.02","80.18","12.4","101.23","5.93","73.67","113.01","91.3","14.91"
"2025-01-14","109.61","14.6","83.66","122.04","94.97","93.79","14.75","106.33","7.99","73.02","107.06","82.65","81.01","11.96","98.49","0","63.71","99.06","79.33","80.54","12.49","101.93","5.6","74.54","114.2","91.71","14.99"
"2025-01-15","110.17","14.08","84.16","122.72","94.98","93.75","14.73","106.64","7.17","73.22","107.48","82.56","80.96","11.95","98.92","0","64.26","99.97","79.64","80.9","12.58","102.6","5.3","75.38","115.35","92.12","15.07"
"2025-01-16","110.71","13.58","84.63","123.35","94.98","93.69","14.71","106.93","6.38","73.4","107.87","82.46","80.9","11.95","99.33","0","64.81","100.86","79.94","81.26","12.66","103.26","5.02","76.21","116.47","92.51","15.14"
"2025-01-17","111.22","13.09","85.07","123.93","94.96","93.63","14.68","107.2","5.61","73.57","108.23","82.37","80.85","11.95","99.72","0","65.34","101.72","80.26","81.62","12.75","103.9","4.77","77.01","117.55","92.89","15.22"
"2025-01-18","111.71","12.62","85.48","124.47","94.93","93.55","14.66","107.44","4.87","73.71","108.57","82.27","80.8","11.95","100.1","0","65.86","102.57","80.57","81.98","12.84","104.51","4.54","77.78","118.59","93.26","15.29"
"2025-01-19","112.17","12.16","85.85","124.97","94.88","93.45","14.63","107.66","4.15","73.83","108.87","82.17","80.75","11.95","100.47","0","66.36","103.39","80.88","82.34","12.92","105.11","4.33","78.53","119.59","93.62","15.35"
"2025-01-20","112.6","11.72","86.19","125.42","94.82","93.35","14.59","107.86","3.45","73.93","109.15","82.07","80.7","11.95","100.82","0","66.86","104.19","81.19","82.69","13.01","105.69","4.15","79.26","120.56","93.96","15.42"
"2025-01-21","113.0","11.29","86.49","125.82","94.75","93.23","14.56","108.04","2.77","74.01","109.4","81.97","80.65","11.95","101.15","0","67.34","104.97","81.5","83.05","13.09","106.25","3.99","79.96","121.48","94.29","15.48"
"2025-01-22","113.37","10.88","86.77","126.18","94.66","93.1","14.52","108.19","2.13","74.07","109.62","81.87","80.6","11.95","101.47","0","67.81","105.72","81.82","83.4","13.17","106.79","3.86","80.63","122.36","94.61","15.53"
"2025-01-23","113.72","10.49","87.01","126.49","94.56","92.96","14.48","108.32","1.5","74.11","109.81","81.77","80.55","11.95","101.78","0","68.27","106.45","82.13","83.76","13.26","107.3","3.74","81.28","123.2","94.91","15.59"
"2025-01-24","114.04","10.11","87.22","126.76","94.45","92.81","14.44","108.43","0.9","74.14","109.97","81.67","80.5","11.95","102.07","0","68.71","107.16","82.44","84.11","13.34","107.8","3.65","81.9","124.0","95.2","15.64"
"2025-01-25","114.33","9.75","87.39","126.99","94.32","92.64","14.4","108.52","0.33","74.14","110.11","81.57","80.45","11.95","102.34","0","69.14","107.84","82.75","84.45","13.42","108.27","3.59","82.49","124.76","95.48","15.69"
"2025-01-26","114.6","9.4","87.54","127.17","94.18","92.47","14.35","108.59","0","74.12","110.22","81.47","80.41","11.95","102.6","0","69.56","108.49","83.06","84.8","13.5","108.73","3.55","83.06","125.48","95.74","15.73"
"2025-01-27","114.83","9.07","87.65","127.3","94.03","92.28","14.3","108.63","0","74.09","110.3","81.37","80.37","11.96","102.84","0","69.96","109.13","83.37","85.14","13.58","109.16","3.53","83.6","126.15","95.98","15.77"
"2025-01-28","115.04","8.76","87.73","127.39","93.86","92.08","14.25","108.65","0","74.04","110.36","81.28","80.32","11.96","103.07","0","70.35","109.73","83.68","85.48","13.66","109.57","3.53","84.11","126.78","96.22","15.81"
"2025-01-29","115.22","8.46","87.77","127.44","93.68","91.87","14.2","108.65","0","73.97","110.39","81.18","80.28","11.96","103.28","0","70.72","110.31","83.98","85.81","13.73","109.95","3.55","84.59","127.36","96.43","15.85"
"2025-01-30","115.37","8.19","87.78","127.44","93.49","91.65","14.15","108.63","0","73.88","110.39","81.08","80.25","11.97","103.48","0","71.08","110.86","84.29","86.14","13.81","110.32","3.6","85.04","127.9","96.64","15.88"
"2025-01-31","115.5","7.92","87.76","127.4","93.29","91.42","14.1","108.59","0","73.77","110.37","80.98","80.21","11.97","103.66","0","71.42","111.39","84.59","86.47","13.88","110.66","3.67","85.46","128.4","96.82","15.9"
"2025-02-01","115.59","7.68","87.71","127.31","93.08","91.18","14.04","108.53","0","73.65","110.32","80.89","80.17","11.98","103.82","0","71.75","111.89","84.89","86.79","13.96","110.97","3.76","85.86","128.85","97.0","15.93"
"2025-02-02","115.66","7.45","87.63","127.18","92.85","90.94","13.98","108.45","0","73.5","110.24","80.79","80.14","11.99","103.97","0","72.07","112.36","85.18","87.11","14.03","111.27","3.87","86.22","129.26","97.15","15.95"
"2025-02-03","115.7","7.24","87.51","127.01","92.61","90.68","13.92","108.34","0","73.35","110.14","80.7","80.11","11.99","104.1","0","72.36","112.8","85.47","87.42","14.1","111.54","4.01","86.55","129.62","97.29","15.97"
"2025-02-04","115.71","7.05","87.37","126.8","92.37","90.41","13.86","108.22","0","73.17","110.02","80.61","80.08","12.0","104.22","0","72.65","113.22","85.76","87.73","14.17","111.78","4.16","86.85","129.94","97.42","15.98"
"2025-02-05","115.69","6.88","87.19","126.54","92.11","90.14","13.8","108.07","0","72.98","109.86","80.52","80.06","12.01","104.31","0","72.91","113.61","86.05","88.03","14.23","112.01","4.34","87.12","130.21","97.53","15.99"
"2025-02-06","115.64","6.73","86.98","126.24","91.84","89.85","13.74","107.91","0","72.77","109.69","80.43","80.03","12.02","104.4","0","73.16","113.96","86.33","88.32","14.3","112.2","4.53","87.36","130.43","97.62","16.0"
"2025-02-07","115.57","6.59","86.74","125.89","91.56","89.56","13.68","107.72","0","72.54","109.49","80.35","80.01","12.03","104.46","0","73.4","114.29","86.61","88.61","14.36","112.38","4.75","87.57","130.61","97.7","16.0"
"2025-02-08","115.47","6.47","86.47","125.51","91.27","89.26","13.61","107.51","0","72.3","109.26","80.26","79.99","12.04","104.51","0","73.61","114.59","86.88","88.89","14.42","112.53","4.98","87.75","130.74","97.76","16.0"
"2025-02-09","115.34","6.37","86.16","125.08","90.97","88.96","13.54","107.29","0","72.05","109.01","80.18","79.97","12.05","104.55","0","73.81","114.86","87.15","89.17","14.48","112.65","5.24","87.89","130.82","97.8","15.99"
"2025-02-10","115.18","6.29","85.83","124.62","90.67","88.64","13.48","107.04","0","71.77","108.73","80.1","79.96","12.06","104.57","0","73.99","115.1","87.41","89.43","14.54","112.75","5.52","88.01","130.86","97.83","15.99"
"2025-02-11","114.99","6.23","85.47","124.11","90.35","88.32","13.41","106.78","0","71.49","108.44","80.02","79.95","12.07","104.57","0","74.16","115.31","87.67","89.69","14.6","112.82","5.81","88.09","130.85","97.84","15.97"
"2025-02-12","114.78","6.18","85.08","123.56","90.03","88.0","13.34","106.5","0","71.18","108.11","79.94","79.94","12.09","104.55","0","74.3","115.49","87.92","89.94","14.65","112.87","6.13","88.14","130.79","97.84","15.96"
"2025-02-13","114.54","6.16","84.66","122.98","89.69","87.66","13.27","106.19","0","70.87","107.77","79.87","79.93","12.1","104.52","0","74.43","115.63","88.16","90.19","14.7","112.89","6.47","88.15","130.69","97.82","15.94"
"2025-02-14","114.27","6.15","84.21","122.35","89.35","87.33","13.2","105.87","0","70.54","107.4","79.8","79.92","12.11","104.47","0","74.54","115.75","88.4","90.42","14.75","112.89","6.82","88.14","130.53","97.78","15.92"
"2025-02-15","113.97","6.16","83.73","121.68","89.0","86.98","13.13","105.53","0","70.19","107.0","79.73","79.92","12.13","104.4","0","74.63","115.83","88.63","90.65","14.8","112.86","7.19","88.09","130.33","97.73","15.89"
"2025-02-16","113.65","6.2","83.22","120.98","88.65","86.63","13.05","105.18","0","69.83","106.59","79.66","79.92","12.14","104.31","0","74.71","115.88","88.86","90.87","14.84","112.81","7.58","88.01","130.09","97.66","15.86"
"2025-02-17","113.3","6.25","82.69","120.24","88.28","86.28","12.98","104.8","0","69.45","106.15","79.6","79.92","12.16","104.21","0","74.76","115.9","89.07","91.07","14.88","112.73","7.99","87.89","129.79","97.57","15.83"
"2025-02-18","112.93","6.32","82.13","119.46","87.92","85.92","12.91","104.41","0","69.07","105.69","79.54","79.92","12.17","104.1","0","74.79","115.88","89.28","91.27","14.92","112.62","8.42","87.74","129.45","97.47","15.8"
"2025-02-19","112.52","6.42","81.54","118.64","87.54","85.56","12.83","104.0","0","68.66","105.2","79.48","79.92","12.19","103.96","0","74.81","115.83","89.49","91.46","14.96","112.49","8.86","87.56","129.06","97.35","15.76"
"2025-02-20","112.1","6.53","80.92","117.79","87.16","85.19","12.76","103.57","0","68.25","104.7","79.42","79.93","12.2","103.81","0","74.8","115.75","89.68","91.64","14.99","112.33","9.32","87.35","128.63","97.22","15.71"
"2025-02-21","111.64","6.66","80.28","116.91","86.77","84.82","12.69","103.13","0","67.82","104.17","79.36","79.94","12.22","103.64","0","74.78","115.64","89.87","91.81","15.02","112.14","9.8","87.1","128.15","97.06","15.67"
"2025-02-22","111.16","6.81","79.61","115.98","86.38","84.44","12.61","102.66","0","67.38","103.62","79.31","79.95","12.23","103.45","0","74.73","115.49","90.04","91.96","15.05","111.93","10.3","86.82","127.62","96.9","15.62"
"2025-02-23","110.66","6.99","78.92","115.03","85.98","84.07","12.54","102.19","0","66.93","103.05","79.26","79.96","12.25","103.24","0.17","74.67","115.3","90.21","92.11","15.08","111.69","10.81","86.51","127.04","96.71","15.56"
"2025-02-24","110.13","7.18","78.2","114.03","85.58","83.69","12.46","101.69","0","66.46","102.45","79.21","79.97","12.27","103.02","0.84","74.58","115.09","90.37","92.24","15.1","111.43","11.34","86.16","126.42","96.51","15.51"
"2025-02-25","109.57","7.4","77.46","113.01","85.17","83.31","12.39","101.18","0","65.98","101.84","79.17","79.98","12.28","102.78","1.53","74.47","114.83","90.52","92.37","15.12","111.14","11.89","85.78","125.75","96.3","15.45"
"2025-02-26","108.99","7.63","76.69","111.95","84.76","82.92","12.31","100.65","0","65.49","101.2","79.12","80.0","12.3","102.52","2.25","74.35","114.55","90.66","92.48","15.14","110.82","12.45","85.37","125.03","96.07","15.39"
"2025-02-27","108.39","7.89","75.9","110.86","84.34","82.54","12.24","100.11","0","64.99","100.54","79.08","80.02","12.32","102.25","2.99","74.2","114.22","90.79","92.58","15.16","110.48","13.03","84.93","124.27","95.82","15.32"
"2025-02-28","107.76","8.17","75.09","109.74","83.93","82.15","12.16","99.55","0","64.47","99.87","79.04","80.04","12.33","101.96","3.76","74.03","113.87","90.91","92.67","15.17","110.11","13.62","84.45","123.47","95.56","15.25"
"2025-03-01","107.1","8.46","74.25","108.59","83.5","81.76","12.09","98.98","0","63.95","99.17","79.01","80.06","12.35","101.64","4.56","73.83","113.47","91.02","92.75","15.18","109.72","14.23","83.94","122.61","95.28","15.18"
"2025-03-02","106.43","8.78","73.39","107.4","83.08","81.37","12.02","98.39","0","63.41","98.45","78.97","80.07","12.37","101.32","5.38","73.62","113.05","91.12","92.81","15.18","109.3","14.85","83.4","121.72","94.99","15.11"
"2025-03-03","105.73","9.12","72.51","106.19","82.65","80.98","11.94","97.79","0","62.86","97.71","78.94","80.1","12.38","100.97","6.23","73.38","112.58","91.21","92.86","15.19","108.85","15.49","82.83","120.77","94.69","15.03"
"2025-03-04","105.01","9.49","71.61","104.95","82.23","80.59","11.87","97.17","0.3","62.3","96.95","78.9","80.12","12.4","100.61","7.1","73.13","112.08","91.29","92.9","15.19","108.38","16.15","82.22","119.79","94.37","14.95"
"2025-03-05","104.26","9.87","70.68","103.68","81.8","80.2","11.79","96.54","0.91","61.73","96.16","78.87","80.14","12.42","100.22","7.99","72.85","111.55","91.36","92.93","15.18","107.88","16.82","81.59","118.76","94.03","14.86"
"2025-03-06","103.5","10.27","69.74","102.38","81.36","79.81","11.72","95.89","1.54","61.14","95.36","78.85","80.16","12.43","99.82","8.91","72.54","110.98","91.41","92.94","15.18","107.35","17.5","80.92","117.68","93.68","14.78"
"2025-03-07","102.71","10.7","68.78","101.05","80.93","79.42","11.65","95.23","2.21","60.55","94.54","78.82","80.18","12.45","99.41","9.85","72.22","110.37","91.45","92.94","15.17","106.8","18.19","80.22","116.57","93.32","14.69"
"2025-03-08","101.9","11.15","67.8","99.7","80.5","79.03","11.58","94.56","2.91","59.95","93.7","78.79","80.2","12.47","98.97","10.82","71.87","109.72","91.49","92.93","15.16","106.22","18.9","79.48","115.41","92.94","14.6"
"2025-03-09","101.07","11.62","66.8","98.32","80.06","78.64","11.51","93.87","3.63","59.33","92.84","78.77","80.23","12.48","98.52","11.8","71.5","109.04","91.51","92.9","15.14","105.62","19.63","78.72","114.21","92.55","14.5"
"2025-03-10","100.22","12.11","65.78","96.92","79.63","78.25","11.44","93.17","4.39","58.71","91.96","78.74","80.25","12.5","98.05","12.81","71.1","108.33","91.51","92.86","15.12","105.0","20.37","77.93","112.96","92.14","14.41"
"2025-03-11","99.35","12.62","64.74","95.49","79.19","77.86","11.37","92.46","5.18","58.07","91.06","78.72","80.27","12.51","97.56","13.84","70.69","107.57","91.51","92.81","15.1","104.34","21.12","77.11","111.68","91.73","14.31"
"2025-03-12","98.46","13.16","63.69","94.04","78.76","77.48","11.3","91.74","5.99","57.43","90.14","78.7","80.29","12.53","97.05","14.89","70.25","106.78","91.49","92.74","15.08","103.67","21.88","76.25","110.35","91.3","14.21"
"2025-03-13","97.55","13.72","62.62","92.56","78.33","77.1","11.23","91.0","6.84","56.77","89.21","78.68","80.31","12.54","96.52","15.96","69.78","105.96","91.46","92.66","15.05","102.96","22.66","75.37","108.99","90.85","14.1"
"2025-03-14","96.62","14.3","61.53","91.06","77.89","76.72","11.16","90.25","7.71","56.11","88.25","78.66","80.32","12.55","95.98","17.05","69.3","105.1","91.42","92.56","15.02","102.24","23.45","74.46","107.58","90.4","14.0"
"2025-03-15","95.67","14.9","60.43","89.55","77.46","76.34","11.09","89.49","8.62","55.43","87.27","78.64","80.34","12.56","95.42","18.16","68.78","104.2","91.36","92.45","14.98","101.49","24.25","73.52","106.14","89.93","13.89"
"2025-03-16","94.7","15.52","59.32","88.0","77.03","75.97","11.03","88.71","9.55","54.75","86.28","78.62","80.35","12.57","94.84","19.28","68.25","103.26","91.29","92.32","14.94","100.71","25.06","72.55","104.65","89.46","13.78"
"2025-03-17","93.72","16.16","58.18","86.44","76.6","75.59","10.96","87.93","10.51","54.05","85.27","78.6","80.37","12.59","94.25","20.43","67.69","102.29","91.21","92.19","14.9","99.91","25.89","71.55","103.13","88.97","13.67"
"2025-03-18","92.72","16.83","57.04","84.86","76.18","75.22","10.9","87.13","11.5","53.35","84.23","78.58","80.38","12.6","93.63","21.59","67.11","101.28","91.12","92.03","14.86","99.09","26.72","70.53","101.57","88.47","13.55"
"2025-03-19","91.7","17.52","55.88","83.26","75.75","74.86","10.83","86.33","12.51","52.64","83.18","78.56","80.39","12.6","93.0","22.77","66.51","100.24","91.01","91.87","14.81","98.24","27.57","69.48","99.98","87.96","13.44"
"2025-03-20","90.67","18.23","54.71","81.64","75.33","74.5","10.77","85.51","13.55","51.92","82.12","78.54","80.39","12.61","92.35","23.96","65.88","99.16","90.89","91.68","14.76","97.37","28.43","68.4","98.35","87.44","13.32"
"2025-03-21","89.62","18.96","53.53","80.01","74.91","74.14","10.71","84.68","14.62","51.19","81.03","78.52","80.4","12.62","91.68","25.17","65.22","98.04","90.75","91.49","14.71","96.48","29.31","67.29","96.68","86.91","13.2"
"2025-03-22","88.55","19.72","52.34","78.35","74.49","73.78","10.65","83.84","15.72","50.44","79.92","78.49","80.4","12.63","91.0","26.4","64.55","96.89","90.6","91.28","14.65","95.57","30.19","66.16","94.99","86.37","13.08"
"2025-03-23","87.47","20.49","51.13","76.68","74.08","73.43","10.59","82.99","16.84","49.7","78.8","78.47","80.4","12.63","90.29","27.64","63.85","95.7","90.44","91.05","14.59","94.63","31.08","65.01","93.25","85.82","12.96"
"2025-03-24","86.38","21.29","49.92","75.0","73.67","73.08","10.53","82.14","17.99","48.94","77.66","78.45","80.39","12.64","89.57","28.9","63.12","94.48","90.26","90.82","14.52","93.67","31.99","63.83","91.49","85.26","12.83"
"2025-03-25","85.27","22.11","48.69","73.3","73.27","72.74","10.47","81.27","19.16","48.17","76.5","78.42","80.38","12.64","88.84","30.17","62.38","93.22","90.07","90.56","14.46","92.69","32.9","62.62","89.69","84.69","12.71"
"2025-03-26","84.15","22.95","47.46","71.58","72.86","72.4","10.42","80.39","20.36","47.39","75.33","78.39","80.37","12.64","88.08","31.45","61.6","91.93","89.87","90.3","14.39","91.69","33.83","61.39","87.86","84.12","12.58"
"2025-03-27","83.01","23.81","46.21","69.86","72.47","72.07","10.36","79.5","21.58","46.61","74.13","78.36","80.36","12.64","87.31","32.75","60.81","90.6","89.65","90.01","14.31","90.66","34.76","60.14","86.0","83.53","12.45"
"2025-03-28","81.86","24.7","44.96","68.11","72.07","71.74","10.31","78.61","22.82","45.81","72.92","78.33","80.34","12.64","86.52","34.05","59.99","89.24","89.42","89.72","14.24","89.62","35.71","58.86","84.11","82.94","12.32"
"2025-03-29","80.7","25.6","43.7","66.36","71.68","71.41","10.25","77.7","24.09","45.01","71.69","78.3","80.31","12.64","85.71","35.37","59.15","87.84","89.18","89.41","14.16","88.56","36.66","57.56","82.19","82.35","12.19"
"2025-03-30","79.53","26.53","42.44","64.59","71.3","71.09","10.2","76.79","25.38","44.2","70.45","78.26","80.28","12.63","84.89","36.7","58.29","86.41","88.92","89.09","14.08","87.47","37.63","56.24","80.24","81.74","12.06"
"2025-03-31","78.35","27.48","41.16","62.82","70.92","70.78","10.15","75.87","26.69","43.38","69.18","78.23","80.25","12.63","84.05","38.04","57.4","84.94","88.65","88.75","13.99","86.37","38.6","54.9","78.27","81.13","11.93"
"2025-04-01","77.15","28.45","39.88","61.03","70.54","70.47","10.1","74.94","28.03","42.55","67.9","78.18","80.21","12.62","83.19","39.39","56.49","83.44","88.36","88.4","13.91","85.25","39.59","53.54","76.26","80.52","11.8"
"2025-04-02","75.95","29.44","38.6","59.23","70.17","70.16","10.05","74.0","29.38","41.72","66.61","78.14","80.17","12.61","82.32","40.75","55.55","81.91","88.06","88.03","13.82","84.1","40.58","52.16","74.24","79.9","11.66"
"2025-04-03","74.73","30.45","37.31","57.43","69.8","69.86","10.0","73.05","30.76","40.87","65.29","78.09","80.12","12.6","81.43","42.12","54.59","80.35","87.75","87.66","13.72","82.94","41.58","50.76","72.19","79.27","11.53"
"2025-04-04","73.51","31.48","36.01","55.61","69.44","69.56","9.95","72.1","32.16","40.02","63.96","78.04","80.07","12.59","80.52","43.5","53.61","78.75","87.43","87.26","13.63","81.77","42.59","49.34","70.11","78.64","11.4"
"2025-04-05","72.28","32.53","34.71","53.79","69.09","69.27","9.91","71.14","33.57","39.16","62.62","77.99","80.01","12.58","79.6","44.88","52.61","77.12","87.09","86.86","13.53","80.57","43.61","47.9","68.01","78.01","11.26"
"2025-04-06","71.04","33.6","33.41","51.96","68.74","68.99","9.86","70.17","35.01","38.29","61.25","77.93","79.94","12.56","78.66","46.28","51.59","75.46","86.73","86.44","13.42","79.36","44.64","46.45","65.89","77.37","11.13"
"2025-04-07","69.79","34.69","32.11","50.13","68.39","68.71","9.82","69.2","36.46","37.41","59.87","77.87","79.87","12.55","77.71","47.67","50.54","73.77","86.37","86.01","13.32","78.13","45.68","44.98","63.75","76.73","10.99"
"2025-04-08","68.53","35.8","30.8","48.28","68.06","68.44","9.78","68.22","37.93","36.52","58.48","77.8","79.79","12.53","76.74","49.08","49.47","72.05","85.99","85.57","13.21","76.89","46.72","43.49","61.59","76.08","10.86"
"2025-04-09","67.27","36.93","29.49","46.44","67.72","68.17","9.74","67.23","39.42","35.63","57.06","77.73","79.71","12.51","75.76","50.49","48.38","70.3","85.6","85.11","13.1","75.63","47.78","41.99","59.41","75.43","10.72"
"2025-04-10","66.0","38.08","28.17","44.58","67.4","67.91","9.7","66.23","40.93","34.73","55.64","77.66","79.61","12.49","74.76","51.91","47.27","68.51","85.19","84.65","12.99","74.35","48.84","40.47","57.21","74.78","10.58"
"2025-04-11","64.72","39.24","26.86","42.73","67.08","67.65","9.66","65.23","42.45","33.82","54.19","77.58","79.52","12.46","73.74","53.33","46.14","66.7","84.78","84.17","12.88","73.06","49.91","38.94","54.99","74.13","10.45"
"2025-04-12","63.44","40.43","25.54","40.86","66.76","67.4","9.62","64.23","43.99","32.9","52.73","77.49","79.41","12.44","72.71","54.75","44.99","64.86","84.35","83.67","12.76","71.76","50.98","37.39","52.76","73.48","10.31"
"2025-04-13","62.16","41.64","24.23","39.0","66.45","67.15","9.58","63.22","45.54","31.97","51.26","77.4","79.3","12.41","71.67","56.18","43.81","62.99","83.9","83.17","12.64","70.44","52.07","35.84","50.51","72.83","10.18"
"2025-04-14","60.87","42.86","22.91","37.13","66.15","66.91","9.54","62.2","47.1","31.04","49.77","77.31","79.18","12.38","70.61","57.61","42.62","61.1","83.45","82.66","12.52","69.11","53.16","34.27","48.24","72.17","10.04"
"2025-04-15","59.57","44.1","21.6","35.27","65.85","66.67","9.51","61.17","48.68","30.09","48.26","77.21","79.05","12.35","69.53","59.04","41.4","59.18","82.98","82.13","12.4","67.77","54.26","32.69","45.97","71.52","9.91"
"2025-04-16","58.27","45.36","20.29","33.4","65.56","66.44","9.47","60.14","50.28","29.14","46.74","77.1","78.92","12.32","68.45","60.48","40.17","57.23","82.51","81.59","12.27","66.41","55.36","31.09","43.68","70.86","9.78"
"2025-04-17","56.97","46.64","18.97","31.52","65.28","66.21","9.44","59.11","51.88","28.18","45.2","76.99","78.78","12.28","67.34","61.92","38.92","55.25","82.02","81.05","12.15","65.04","56.48","29.49","41.37","70.21","9.64"
"2025-04-18","55.67","47.93","17.66","29.65","65.0","65.99","9.41","58.07","53.5","27.22","43.65","76.87","78.63","12.24","66.23","63.36","37.64","53.25","81.52","80.49","12.02","63.67","57.6","27.88","39.06","69.56","9.51"
"2025-04-19","54.36","49.24","16.35","27.78","64.73","65.78","9.38","57.03","55.12","26.24","42.09","76.75","78.47","12.2","65.1","64.8","36.35","51.23","81.01","79.92","11.89","62.28","58.72","26.26","36.74","68.91","9.38"
"2025-04-20","53.05","50.57","15.05","25.91","64.46","65.57","9.35","55.98","56.76","25.26","40.51","76.61","78.3","12.16","63.96","66.23","35.04","49.18","80.49","79.35","11.75","60.88","59.86","24.64","34.41","68.26","9.25"
"2025-04-21","51.75","51.91","13.75","24.04","64.2","65.36","9.32","54.93","58.41","24.27","38.92","76.48","78.13","12.12","62.81","67.67","33.72","47.11","79.95","78.76","11.62","59.47","60.99","23.0","32.07","67.61","9.12"
"2025-04-22","50.44","53.27","12.45","22.17","63.95","65.16","9.29","53.87","60.07","23.28","37.31","76.33","77.95","12.07","61.64","69.11","32.37","45.01","79.41","78.17","11.48","58.05","62.14","21.36","29.72","66.97","8.99"
"2025-04-23","49.12","54.64","11.15","20.3","63.7","64.97","9.26","52.81","61.73","22.27","35.69","76.18","77.76","12.02","60.46","70.55","31.01","42.9","78.86","77.56","11.35","56.63","63.29","19.72","27.37","66.32","8.86"
"2025-04-24","47.81","56.03","9.86","18.44","63.46","64.78","9.23","51.75","63.4","21.26","34.05","76.03","77.56","11.97","59.27","71.99","29.63","40.76","78.3","76.95","11.21","55.19","64.45","18.07","25.01","65.69","8.74"
"2025-04-25","46.5","57.44","8.57","16.58","63.23","64.59","9.2","50.68","65.08","20.24","32.4","75.86","77.35","11.92","58.07","73.42","28.24","38.6","77.72","76.33","11.07","53.75","65.61","16.41","22.65","65.05","8.61"
"2025-04-26","45.2","58.85","7.29","14.72","63.0","64.41","9.18","49.61","66.76","19.21","30.74","75.69","77.13","11.87","56.86","74.85","26.83","36.42","77.14","75.7","10.92","52.31","66.78","14.76","20.29","64.42","8.49"
"2025-04-27","43.89","60.28","6.01","12.87","62.77","64.23","9.15","48.53","68.45","18.18","29.07","75.51","76.91","11.81","55.64","76.28","25.41","34.23","76.55","75.07","10.78","50.85","67.95","13.1","17.92","63.8","8.36"
"2025-04-28","42.58","61.73","4.74","11.01","62.56","64.06","9.12","47.45","70.15","17.14","27.38","75.32","76.67","11.75","54.4","77.7","23.97","32.01","75.95","74.43","10.64","49.39","69.13","11.43","15.56","63.17","8.24"
"2025-04-29","41.28","63.18","3.48","9.17","62.34","63.89","9.1","46.37","71.85","16.09","25.68","75.13","76.43","11.69","53.16","79.12","22.51","29.78","75.35","73.78","10.49","47.93","70.32","9.77","13.19","62.56","8.12"
"2025-04-30","39.98","64.65","2.22","7.33","62.14","63.72","9.07","45.29","73.55","15.04","23.97","74.93","76.17","11.63","51.91","80.54","21.04","27.54","74.73","73.12","10.35","46.46","71.51","8.11","10.82","61.95","8.0"
"2025-05-01","38.68","66.14","0.96","5.49","61.94","63.56","9.05","44.2","75.26","13.97","22.25","74.72","75.91","11.56","50.64","81.95","19.56","25.27","74.11","72.46","10.2","44.99","72.7","6.44","8.46","61.34","7.89"
"2025-05-02","37.38","67.63","0","3.66","61.74","63.41","9.03","43.12","76.96","12.91","20.51","74.5","75.64","11.49","49.37","83.36","18.07","22.99","73.48","71.8","10.05","43.51","73.9","4.78","6.1","60.74","7.77"
"2025-05-03","36.09","69.13","0","1.84","61.55","63.25","9.0","42.03","78.67","11.83","18.76","74.28","75.36","11.42","48.09","84.76","16.56","20.7","72.85","71.12","9.9","42.04","75.1","3.12","3.74","60.15","7.66"
"2025-05-04","34.8","70.65","0","0.02","61.37","63.1","8.98","40.93","80.38","10.75","17.01","74.04","75.07","11.35","46.8","86.16","15.05","18.4","72.21","70.45","9.75","40.56","76.31","1.46","1.39","59.57","7.55"
"2025-05-05","33.52","72.17","0","0","61.19","62.96","8.96","39.84","82.09","9.66","15.24","73.8","74.78","11.27","45.5","87.55","13.52","16.08","71.56","69.77","9.6","39.08","77.52","0","0","58.99","7.44"
"2025-05-06","32.24","73.7","0","0","61.01","62.81","8.94","38.74","83.8","8.56","13.46","73.55","74.47","11.2","44.2","88.93","11.98","13.75","70.9","69.08","9.45","37.59","78.74","0","0","58.42","7.33"
"2025-05-07","30.97","75.25","0","0","60.84","62.67","8.91","37.64","85.5","7.46","11.67","73.3","74.15","11.12","42.89","90.31","10.43","11.41","70.24","68.4","9.3","36.11","79.96","0","0","57.85","7.22"
"2025-05-08","29.7","76.8","0","0","60.68","62.54","8.89","36.54","87.21","6.35","9.87","73.03","73.83","11.04","41.57","91.68","8.87","9.06","69.58","67.71","9.15","34.63","81.18","0","0","57.3","7.12"
"2025-05-09","29.09","77.63","0","0","60.52","62.4","8.87","36.09","88.18","5.93","9.1","72.76","73.49","10.96","40.89","92.31","8.0","7.74","68.91","67.01","9.0","33.79","81.68","0","0","56.75","7.01"
"2025-05-10","29.13","77.73","0","0","60.37","62.27","8.85","36.28","88.41","6.18","9.34","72.47","73.15","10.87","40.85","92.2","7.8","7.44","68.24","66.32","8.85","33.6","81.45","0","0","56.21","6.91"
"2025-05-11","29.17","77.84","0","0","60.21","62.14","8.83","36.47","88.64","6.43","9.58","72.18","72.8","10.78","40.8","92.09","7.59","7.13","67.56","65.62","8.7","33.42","81.22","0","0","55.68","6.82"
"2025-05-12","29.22","77.96","0","0","60.07","62.01","8.81","36.66","88.87","6.68","9.81","71.89","72.44","10.69","40.75","91.96","7.38","6.82","66.88","64.92","8.55","33.23","80.99","0","0","55.16","6.72"
"2025-05-13","29.27","78.09","0","0","59.92","61.89","8.78","36.84","89.1","6.91","10.03","71.58","72.07","10.6","40.69","91.83","7.16","6.49","66.19","64.22","8.4","33.05","80.77","0","0","54.65","6.63"
"2025-05-14","29.33","78.22","0","0","59.79","61.76","8.76","37.02","89.32","7.14","10.23","71.26","71.69","10.51","40.63","91.69","6.93","6.16","65.51","63.52","8.25","32.87","80.55","0","0","54.14","6.53"
"2025-05-15","29.4","78.36","0","0","59.65","61.64","8.74","37.2","89.53","7.36","10.43","70.94","71.3","10.42","40.56","91.55","6.69","5.83","64.82","62.82","8.1","32.69","80.34","0","0","53.65","6.44"
"2025-05-16","29.47","78.51","0","0","59.52","61.52","8.72","37.38","89.74","7.58","10.62","70.61","70.91","10.32","40.48","91.4","6.45","5.49","64.13","62.12","7.95","32.51","80.13","0","0","53.17","6.36"
"2025-05-17","29.55","78.66","0","0","59.39","61.4","8.7","37.56","89.95","7.79","10.79","70.27","70.5","10.22","40.4","91.24","6.2","5.14","63.44","61.42","7.81","32.33","79.93","0","0","52.69","6.27"
"2025-05-18","29.63","78.82","0","0","59.27","61.29","8.68","37.73","90.15","7.98","10.96","69.92","70.09","10.12","40.31","91.07","5.94","4.79","62.75","60.72","7.66","32.16","79.73","0","0","52.23","6.19"
"2025-05-19","29.72","78.99","0","0","59.14","61.17","8.65","37.9","90.34","8.17","11.11","69.57","69.67","10.02","40.22","90.9","5.68","4.43","62.05","60.03","7.51","31.99","79.54","0","0","51.78","6.11"
"2025-05-20","29.82","79.17","0","0","59.03","61.05","8.63","38.07","90.53","8.36","11.25","69.2","69.24","9.91","40.12","90.73","5.41","4.07","61.36","59.33","7.37","31.83","79.36","0","0","51.33","6.03"
"2025-05-21","29.92","79.35","0","0","58.91","60.94","8.61","38.24","90.71","8.53","11.38","68.83","68.8","9.81","40.02","90.54","5.14","3.7","60.67","58.64","7.22","31.66","79.18","0","0","50.9","5.95"
"2025-05-22","30.02","79.53","0","0","58.8","60.82","8.58","38.4","90.89","8.69","11.49","68.45","68.36","9.7","39.91","90.35","4.86","3.33","59.97","57.95","7.08","31.51","79.0","0","0","50.48","5.88"
"2025-05-23","30.13","79.72","0","0","58.68","60.71","8.56","38.56","91.06","8.85","11.6","68.07","67.91","9.59","39.8","90.16","4.57","2.96","59.28","57.26","6.93","31.35","78.84","0","0","50.07","5.81"
"2025-05-24","30.25","79.92","0","0","58.57","60.59","8.53","38.71","91.23","8.99","11.69","67.67","67.45","9.48","39.68","89.96","4.28","2.58","58.59","56.58","6.79","31.2","78.67","0","0","49.67","5.74"
"2025-05-25","30.37","80.12","0","0","58.47","60.48","8.51","38.86","91.39","9.13","11.77","67.27","66.98","9.37","39.56","89.75","3.99","2.2","57.9","55.9","6.65","31.05","78.52","0","0","49.29","5.67"
"2025-05-26","30.49","80.33","0","0","58.36","60.36","8.48","39.01","91.54","9.26","11.84","66.86","66.5","9.26","39.43","89.54","3.69","1.82","57.22","55.23","6.51","30.91","78.37","0","0","48.91","5.61"
"2025-05-27","30.62","80.54","0","0","58.26","60.25","8.46","39.15","91.68","9.37","11.9","66.44","66.02","9.14","39.29","89.33","3.39","1.44","56.54","54.56","6.38","30.77","78.23","0","0","48.55","5.55"
"2025-05-28","30.76","80.76","0","0","58.16","60.13","8.43","39.29","91.82","9.48","11.94","66.02","65.54","9.03","39.16","89.11","3.09","1.05","55.86","53.89","6.24","30.63","78.1","0","0","48.19","5.49"
"2025-05-29","30.9","80.98","0","0","58.05","60.01","8.4","39.42","91.95","9.58","11.97","65.59","65.04","8.91","39.01","88.89","2.78","0.67","55.18","53.23","6.11","30.5","77.97","0","0","47.85","5.43"
"2025-05-30","31.04","81.2","0","0","57.95","59.89","8.38","39.55","92.08","9.67","11.99","65.15","64.54","8.79","38.87","88.66","2.47","0.28","54.51","52.58","5.97","30.38","77.85","0","0","47.52","5.38"
"2025-05-31","31.19","81.43","0","0","57.85","59.77","8.35","39.67","92.19","9.74","12.0","64.71","64.04","8.67","38.72","88.43","2.15","0","53.84","51.94","5.84","30.26","77.74","0","0","47.2","5.33"
"2025-06-01","31.34","81.66","0","0.26","57.76","59.65","8.32","39.79","92.3","9.81","11.99","64.26","63.52","8.55","38.57","88.19","1.84","0","53.18","51.3","5.72","30.14","77.63","0","0","46.9","5.28"
"2025-06-02","31.5","81.9","0","0.64","57.66","59.53","8.29","39.9","92.41","9.87","11.98","63.8","63.01","8.43","38.41","87.95","1.52","0","52.52","50.66","5.59","30.03","77.54","0","0","46.6","5.23"
"2025-06-03","31.65","82.14","0","1.03","57.56","59.41","8.26","40.01","92.5","9.92","11.95","63.34","62.48","8.31","38.25","87.71","1.2","0","51.87","50.04","5.46","29.92","77.45","0","0","46.32","5.19"
"2025-06-04","31.82","82.38","0","1.41","57.46","59.28","8.23","40.12","92.58","9.95","11.9","62.87","61.96","8.18","38.08","87.47","0.88","0","51.23","49.42","5.34","29.82","77.37","0","0","46.05","5.15"
"2025-06-05","31.98","82.63","0","1.8","57.37","59.16","8.19","40.22","92.66","9.98","11.85","62.4","61.43","8.06","37.91","87.22","0.56","0","50.59","48.82","5.22","29.73","77.29","0","0","45.79","5.11"
"2025-06-06","32.15","82.87","0","2.18","57.27","59.03","8.16","40.31","92.73","9.99","11.78","61.92","60.89","7.93","37.74","86.97","0.23","0","49.96","48.22","5.1","29.64","77.23","0","0","45.54","5.07"
"2025-06-07","32.32","83.12","0","2.56","57.17","58.89","8.13","40.4","92.8","10.0","11.7","61.43","60.35","7.81","37.57","86.72","0","0","49.33","47.63","4.99","29.55","77.17","0","0","45.31","5.03"
"2025-06-08","32.5","83.38","0.21","2.94","57.07","58.76","8.09","40.48","92.85","10.0","11.61","60.94","59.8","7.68","37.39","86.47","0","0","48.71","47.05","4.87","29.48","77.12","0","0","45.08","5.0"
"2025-06-09","32.67","83.63","0.54","3.31","56.97","58.62","8.05","40.55","92.89","9.98","11.5","60.45","59.26","7.56","37.22","86.21","0","0","48.1","46.47","4.76","29.4","77.08","0","0","44.87","4.97"
"2025-06-10","32.85","83.88","0.86","3.68","56.87","58.48","8.02","40.62","92.93","9.95","11.38","59.95","58.7","7.43","37.03","85.96","0","0","47.5","45.91","4.65","29.34","77.05","0","0","44.67","4.94"
"2025-06-11","33.04","84.14","1.18","4.05","56.77","58.34","7.98","40.69","92.96","9.92","11.26","59.44","58.15","7.3","36.85","85.7","0","0","46.91","45.36","4.55","29.27","77.02","0","0","44.48","4.92"
"2025-06-12","33.22","84.4","1.5","4.41","56.67","58.2","7.94","40.75","92.98","9.87","11.12","58.94","57.59","7.17","36.67","85.45","0","0","46.33","44.82","4.44","29.22","77.01","0","0","44.31","4.89"
"2025-06-13","33.41","84.66","1.82","4.77","56.56","58.05","7.9","40.8","93.0","9.82","10.97","58.43","57.03","7.05","36.48","85.19","0","0","45.75","44.29","4.34","29.17","77.0","0","0","44.14","4.87"
"2025-06-14","33.59","84.91","2.13","5.12","56.46","57.9","7.86","40.85","93.0","9.75","10.8","57.91","56.47","6.92","36.29","84.93","0","0","45.19","43.78","4.25","29.13","77.0","0","0","43.99","4.85"
"2025-06-15","33.78","85.17","2.45","5.47","56.35","57.75","7.82","40.89","93.0","9.67","10.63","57.39","55.91","6.79","36.1","84.67","0","0","44.64","43.27","4.15","29.09","77.01","0","0","43.84","4.84"
"2025-06-16","33.97","85.43","2.76","5.81","56.24","57.59","7.77","40.92","92.98","9.58","10.44","56.87","55.35","6.66","35.91","84.41","0","0","44.09","42.78","4.06","29.06","77.03","0","0","43.71","4.82"
"2025-06-17","34.16","85.69","3.07","6.14","56.13","57.43","7.73","40.95","92.96","9.49","10.25","56.35","54.78","6.53","35.72","84.16","0","0","43.56","42.29","3.97","29.04","77.05","0","0","43.59","4.81"
"2025-06-18","34.36","85.94","3.37","6.47","56.02","57.27","7.69","40.97","92.93","9.38","10.04","55.83","54.21","6.41","35.53","83.9","0","0","43.04","41.82","3.88","29.02","77.09","0","0","43.48","4.8"
"2025-06-19","34.55","86.2","3.67","6.8","55.9","57.1","7.64","40.99","92.9","9.26","9.82","55.3","53.65","6.28","35.33","83.65","0","0","42.53","41.37","3.8","29.01","77.13","0","0","43.39","4.79"
"2025-06-20","34.74","86.45","3.97","7.11","55.79","56.93","7.59","41.0","92.85","9.14","9.6","54.77","53.08","6.15","35.14","83.39","0","0","42.03","40.92","3.72","29.0","77.18","0","0","43.3","4.78"
"2025-06-21","34.93","86.71","4.27","7.42","55.67","56.76","7.54","41.0","92.8","9.0","9.36","54.24","52.52","6.03","34.95","83.14","0","0","41.54","40.49","3.64","29.0","77.24","0","0","43.22","4.78"
"2025-06-22","35.13","86.96","4.56","7.72","55.55","56.58","7.5","41.0","92.74","8.86","9.11","53.71","51.95","5.9","34.75","82.89","0","0","41.07","40.07","3.56","29.01","77.3","0","0","43.16","4.77"
"2025-06-23","35.32","87.21","4.84","8.01","55.42","56.4","7.45","40.99","92.67","8.7","8.85","53.18","51.39","5.78","34.56","82.64","0","0","40.61","39.67","3.49","29.02","77.38","0","0","43.1","4.77"
"2025-06-24","35.51","87.45","5.12","8.3","55.3","56.21","7.39","40.97","92.59","8.54","8.59","52.65","50.83","5.65","34.37","82.4","0","0","40.16","39.28","3.42","29.04","77.46","0","0","43.06","4.77"
"2025-06-25","35.71","87.7","5.39","8.57","55.17","56.02","7.34","40.95","92.5","8.37","8.31","52.11","50.27","5.53","34.18","82.15","0","0","39.72","38.9","3.36","29.07","77.55","0","0","43.02","4.77"
"2025-06-26","35.9","87.94","5.66","8.84","55.03","55.83","7.29","40.92","92.41","8.19","8.03","51.58","49.71","5.41","33.98","81.91","0","0","39.3","38.54","3.3","29.1","77.65","0","0","42.99","4.78"
"2025-06-27","36.09","88.18","5.93","9.1","54.9","55.64","7.24","40.89","92.31","8.0","7.74","51.05","49.16","5.28","33.79","81.68","0","0","38.89","38.19","3.24","29.13","77.76","0","0","42.98","4.78"
"2025-06-28","36.28","88.41","6.18","9.34","54.76","55.44","7.18","40.85","92.2","7.8","7.44","50.52","48.6","5.16","33.6","81.45","0","0","38.5","37.86","3.18","29.18","77.87","0","0","42.97","4.79"
"2025-06-29","36.47","88.64","6.43","9.58","54.62","55.23","7.12","40.8","92.09","7.59","7.13","49.99","48.06","5.04","33.42","81.22","0","0","38.12","37.54","3.13","29.23","77.99","0","0","42.97","4.8"
"2025-06-30","36.66","88.87","6.68","9.81","54.48","55.03","7.07","40.75","91.96","7.38","6.82","49.47","47.51","4.93","33.23","80.99","0","0","37.75","37.24","3.08","29.28","78.12","0","0","42.99","4.81"
"2025-07-01","36.84","89.1","6.91","10.03","54.33","54.82","7.01","40.69","91.83","7.16","6.49","48.94","46.97","4.81","33.05","80.77","0","0","37.4","36.95","3.03","29.35","78.25","0","0","43.01","4.82"
"2025-07-02","37.02","89.32","7.14","10.23","54.18","54.6","6.95","40.63","91.69","6.93","6.16","48.42","46.43","4.69","32.87","80.55","0","0","37.06","36.67","2.99","29.41","78.39","0","0","43.04","4.83"
"2025-07-03","37.2","89.53","7.36","10.43","54.02","54.38","6.89","40.56","91.55","6.69","5.83","47.9","45.9","4.58","32.69","80.34","0","0","36.73","36.41","2.95","29.49","78.54","0","0","43.07","4.85"
"2025-07-04","37.38","89.74","7.58","10.62","53.87","54.16","6.83","40.48","91.4","6.45","5.49","47.39","45.38","4.47","32.51","80.13","0","0","36.42","36.17","2.91","29.57","78.7","0","0","43.12","4.86"
"2025-07-05","37.56","89.95","7.79","10.79","53.71","53.94","6.77","40.4","91.24","6.2","5.14","46.88","44.86","4.36","32.33","79.93","0","0","36.13","35.94","2.88","29.65","78.86","0","0","43.17","4.88"
"2025-07-06","37.73","90.15","7.98","10.96","53.54","53.71","6.71","40.31","91.07","5.94","4.79","46.37","44.34","4.25","32.16","79.73","0","0","35.85","35.73","2.85","29.74","79.03","0","0","43.24","4.9"
"2025-07-07","37.9","90.34","8.17","11.11","53.38","53.48","6.65","40.22","90.9","5.68","4.43","45.86","43.84","4.14","31.99","79.54","0","0","35.59","35.53","2.82","29.84","79.2","0","0","43.31","4.91"
"2025-07-08","38.07","90.53","8.36","11.25","53.21","53.24","6.58","40.12","90.73","5.41","4.07","45.36","43.34","4.03","31.83","79.36","0","0","35.34","35.34","2.8","29.94","79.39","0","0","43.38","4.93"
"2025-07-09","38.24","90.71","8.53","11.38","53.04","53.01","6.52","40.02","90.54","5.14","3.7","44.87","42.84","3.93","31.66","79.18","0","0","35.11","35.18","2.78","30.05","79.57","0","0","43.47","4.96"
"2025-07-10","38.4","90.89","8.69","11.49","52.86","52.76","6.45","39.91","90.35","4.86","3.33","44.38","42.36","3.83","31.51","79.0","0","0","34.89","35.03","2.76","30.16","79.76","0","0","43.56","4.98"
"2025-07-11","38.56","91.06","8.85","11.6","52.68","52.52","6.39","39.8","90.16","4.57","2.96","43.9","41.88","3.73","31.35","78.84","0","0","34.69","34.89","2.75","30.27","79.96","0","0","43.65","5.0"
"2025-07-12","38.71","91.23","8.99","11.69","52.5","52.27","6.32","39.68","89.96","4.28","2.58","43.42","41.41","3.63","31.2","78.67","0","0","34.5","34.77","2.74","30.4","80.17","0","0","43.76","5.02"
"2025-07-13","38.86","91.39","9.13","11.77","52.32","52.02","6.25","39.56","89.75","3.99","2.2","42.95","40.95","3.54","31.05","78.52","0","0","34.33","34.66","2.73","30.52","80.37","0","0","43.87","5.05"
"2025-07-14","39.01","91.54","9.26","11.84","52.13","51.77","6.19","39.43","89.54","3.69","1.82","42.49","40.49","3.44","30.91","78.37","0","0","34.18","34.57","2.73","30.65","80.59","0","0","43.98","5.07"
"2025-07-15","39.15","91.68","9.37","11.9","51.94","51.52","6.12","39.29","89.33","3.39","1.44","42.03","40.05","3.35","30.77","78.23","0","0","34.04","34.5","2.73","30.79","80.8","0","0","44.1","5.1"
"2025-07-16","39.29","91.82","9.48","11.94","51.74","51.26","6.05","39.16","89.11","3.09","1.05","41.58","39.62","3.27","30.63","78.1","0","0","33.92","34.44","2.73","30.93","81.03","0","0","44.23","5.13"
"2025-07-17","39.42","91.95","9.58","11.97","51.55","51.0","5.98","39.01","88.89","2.78","0.67","41.14","39.19","3.18","30.5","77.97","0","0","33.81","34.39","2.73","31.07","81.25","0","0","44.36","5.15"
"2025-07-18","39.55","92.08","9.67","11.99","51.35","50.74","5.91","38.87","88.66","2.47","0.28","40.71","38.78","3.1","30.38","77.85","0","0","33.72","34.36","2.74","31.22","81.48","0","0","44.5","5.18"
"2025-07-19","39.67","92.19","9.74","12.0","51.15","50.48","5.85","38.72","88.43","2.15","0","40.28","38.37","3.02","30.26","77.74","0","0","33.64","34.35","2.75","31.37","81.72","0","0.34","44.64","5.21"
"2025-07-20","39.79","92.3","9.81","11.99","50.94","50.21","5.78","38.57","88.19","1.84","0","39.87","37.98","2.94","30.14","77.63","0","0","33.58","34.35","2.77","31.53","81.95","0","0.73","44.78","5.24"
"2025-07-21","39.9","92.41","9.87","11.98","50.74","49.94","5.71","38.41","87.95","1.52","0","39.46","37.6","2.87","30.03","77.54","0","0","33.54","34.37","2.78","31.69","82.19","0","1.12","44.93","5.27"
"2025-07-22","40.01","92.5","9.92","11.95","50.53","49.68","5.64","38.25","87.71","1.2","0","39.06","37.23","2.8","29.92","77.45","0","0","33.51","34.4","2.8","31.85","82.44","0","1.5","45.09","5.3"
"2025-07-23","40.12","92.58","9.95","11.9","50.32","49.41","5.57","38.08","87.47","0.88","0","38.68","36.87","2.73","29.82","77.37","0","0","33.5","34.45","2.83","32.02","82.68","0","1.88","45.24","5.33"
"2025-07-24","40.22","92.66","9.98","11.85","50.11","49.14","5.5","37.91","87.22","0.56","0","38.3","36.53","2.66","29.73","77.29","0","0","33.5","34.51","2.85","32.19","82.93","0","2.26","45.4","5.36"
"2025-07-25","40.31","92.73","9.99","11.78","49.89","48.87","5.43","37.74","86.97","0.23","0","37.93","36.19","2.6","29.64","77.23","0","0","33.52","34.58","2.88","32.36","83.18","0","2.64","45.57","5.39"
"2025-07-26","40.4","92.8","10.0","11.7","49.68","48.59","5.36","37.57","86.72","0","0","37.58","35.87","2.54","29.55","77.17","0","0","33.55","34.67","2.91","32.54","83.43","0.29","3.02","45.73","5.42"
"2025-07-27","40.48","92.85","10.0","11.61","49.46","48.32","5.29","37.39","86.47","0","0","37.23","35.56","2.48","29.48","77.12","0","0","33.6","34.77","2.95","32.71","83.69","0.61","3.39","45.9","5.45"
"2025-07-28","40.55","92.89","9.98","11.5","49.24","48.05","5.22","37.22","86.21","0","0","36.9","35.27","2.43","29.4","77.08","0","0","33.67","34.89","2.98","32.89","83.94","0.93","3.76","46.07","5.48"
"2025-07-29","40.62","92.93","9.95","11.38","49.02","47.78","5.15","37.03","85.96","0","0","36.58","34.99","2.38","29.34","77.05","0","0","33.75","35.02","3.02","33.08","84.2","1.25","4.13","46.25","5.51"
"2025-07-30","40.69","92.96","9.92","11.26","48.8","47.51","5.08","36.85","85.7","0","0","36.27","34.72","2.33","29.27","77.02","0","0","33.84","35.17","3.06","33.26","84.45","1.57","4.49","46.42","5.54"
"2025-07-31","40.75","92.98","9.87","11.12","48.58","47.24","5.02","36.67","85.45","0","0","35.97","34.47","2.29","29.22","77.01","0","0","33.95","35.32","3.11","33.45","84.71","1.89","4.85","46.6","5.57"
"2025-08-01","40.8","93.0","9.82","10.97","48.36","46.97","4.95","36.48","85.19","0","0","35.69","34.23","2.25","29.17","77.0","0","0","34.07","35.49","3.15","33.63","84.97","2.2","5.2","46.78","5.6"
"2025-08-02","40.85","93.0","9.75","10.8","48.14","46.7","4.88","36.29","84.93","0","0","35.41","34.0","2.21","29.13","77.0","0","0","34.21","35.68","3.2","33.82","85.23","2.52","5.54","46.96","5.63"
"2025-08-03","40.89","93.0","9.67","10.63","47.91","46.43","4.81","36.1","84.67","0","0","35.16","33.79","2.18","29.09","77.01","0","0","34.36","35.88","3.25","34.01","85.49","2.83","5.88","47.14","5.66"
"2025-08-04","40.92","92.98","9.58","10.44","47.69","46.16","4.75","35.91","84.41","0","0","34.91","33.59","2.14","29.06","77.03","0","0","34.53","36.09","3.31","34.21","85.74","3.13","6.22","47.32","5.69"
"2025-08-05","40.95","92.96","9.49","10.25","47.47","45.9","4.68","35.72","84.16","0","0","34.68","33.41","2.12","29.04","77.05","0","0","34.71","36.31","3.36","34.4","86.0","3.44","6.55","47.5","5.72"
"2025-08-06","40.97","92.93","9.38","10.04","47.25","45.63","4.62","35.53","83.9","0","0","34.46","33.24","2.09","29.02","77.09","0","0","34.9","36.54","3.42","34.59","86.26","3.74","6.87","47.68","5.75"
"2025-08-07","40.99","92.9","9.26","9.82","47.02","45.37","4.56","35.33","83.65","0","0","34.25","33.09","2.07","29.01","77.13","0","0","35.11","36.79","3.48","34.78","86.51","4.04","7.18","47.87","5.78"
"2025-08-08","41.0","92.85","9.14","9.6","46.8","45.12","4.49","35.14","83.39","0","0","34.06","32.96","2.06","29.0","77.18","0","0","35.33","37.04","3.55","34.98","86.76","4.33","7.49","48.05","5.8"
"2025-08-09","41.0","92.8","9.0","9.36","46.58","44.86","4.43","34.95","83.14","0","0","33.89","32.84","2.04","29.0","77.24","0","0","35.57","37.31","3.61","35.17","87.01","4.62","7.79","48.23","5.83"
"2025-08-10","41.0","92.74","8.86","9.11","46.37","44.61","4.37","34.75","82.89","0","0","33.73","32.73","2.03","29.01","77.3","0","0","35.81","37.59","3.68","35.36","87.26","4.9","8.08","48.41","5.86"
"2025-08-11","40.99","92.67","8.7","8.85","46.15","44.36","4.31","34.56","82.64","0","0","33.58","32.64","2.03","29.02","77.38","0","0","36.07","37.88","3.74","35.56","87.51","5.18","8.36","48.59","5.89"
"2025-08-12","40.97","92.59","8.54","8.59","45.93","44.12","4.25","34.37","82.4","0","0","33.45","32.57","2.03","29.04","77.46","0","0","36.34","38.18","3.81","35.75","87.75","5.45","8.63","48.77","5.91"
"2025-08-13","40.95","92.5","8.37","8.31","45.72","43.88","4.2","34.18","82.15","0","0","33.33","32.51","2.03","29.07","77.55","0","0","36.63","38.49","3.88","35.94","87.99","5.72","8.9","48.95","5.94"
"2025-08-14","40.92","92.41","8.19","8.03","45.51","43.64","4.14","33.98","81.91","0","0","33.23","32.47","2.03","29.1","77.65","0","0","36.92","38.81","3.96","36.13","88.23","5.98","9.15","49.13","5.97"
"2025-08-15","40.89","92.31","8.0","7.74","45.3","43.41","4.09","33.79","81.68","0","0","33.14","32.44","2.04","29.13","77.76","0","0","37.23","39.14","4.03","36.32","88.46","6.24","9.4","49.31","5.99"
"2025-08-16","40.85","92.2","7.8","7.44","45.1","43.18","4.03","33.6","81.45","0","0","33.07","32.43","2.05","29.18","77.87","0","0","37.55","39.48","4.11","36.51","88.7","6.49","9.63","49.48","6.02"
"2025-08-17","40.8","92.09","7.59","7.13","44.9","42.96","3.98","33.42","81.22","0","0","33.02","32.44","2.07","29.23","77.99","0","0","37.88","39.83","4.18","36.7","88.92","6.73","9.86","49.66","6.04"
"2025-08-18","40.75","91.96","7.38","6.82","44.7","42.74","3.93","33.23","80.99","0","0","32.98","32.46","2.08","29.28","78.12","0","0","38.21","40.18","4.26","36.88","89.15","6.96","10.07","49.83","6.06"
"2025-08-19","40.69","91.83","7.16","6.49","44.5","42.53","3.88","33.05","80.77","0","0","32.95","32.5","2.11","29.35","78.25","0","0","38.56","40.55","4.34","37.06","89.36","7.19","10.28","50.0","6.09"
"2025-08-20","40.63","91.69","6.93","6.16","44.31","42.32","3.84","32.87","80.55","0","0","32.94","32.56","2.13","29.41","78.39","0","0","38.92","40.92","4.42","37.24","89.58","7.41","10.47","50.17","6.11"
"2025-08-21","40.56","91.55","6.69","5.83","44.12","42.12","3.79","32.69","80.34","0","0","32.95","32.63","2.16","29.49","78.54","0","0","39.29","41.3","4.51","37.42","89.79","7.63","10.66","50.34","6.13"
"2025-08-22","40.48","91.4","6.45","5.49","43.94","41.93","3.75","32.51","80.13","0","0","32.98","32.72","2.19","29.57","78.7","0","0","39.67","41.69","4.59","37.6","89.99","7.83","10.83","50.5","6.15"
"2025-08-23","40.4","91.24","6.2","5.14","43.76","41.74","3.71","32.33","79.93","0","0","33.01","32.82","2.23","29.65","78.86","0","0","40.06","42.08","4.67","37.77","90.19","8.03","10.99","50.66","6.17"
"2025-08-24","40.31","91.07","5.94","4.79","43.59","41.56","3.67","32.16","79.73","0","0","33.07","32.94","2.27","29.74","79.03","0","0","40.45","42.48","4.76","37.94","90.38","8.21","11.14","50.82","6.19"
"2025-08-25","40.22","90.9","5.68","4.43","43.42","41.39","3.63","31.99","79.54","0","0","33.14","33.08","2.31","29.84","79.2","0","0","40.86","42.89","4.85","38.11","90.57","8.39","11.28","50.98","6.21"
"2025-08-26","40.12","90.73","5.41","4.07","43.25","41.23","3.59","31.83","79.36","0","0","33.23","33.23","2.36","29.94","79.39","0","0","41.27","43.3","4.93","38.27","90.75","8.57","11.4","51.14","6.23"
"2025-08-27","40.02","90.54","5.14","3.7","43.1","41.07","3.56","31.66","79.18","0","0","33.33","33.4","2.41","30.05","79.57","0","0","41.69","43.72","5.02","38.43","90.93","8.73","11.52","51.29","6.24"
"2025-08-28","39.91","90.35","4.86","3.33","42.94","40.92","3.53","31.51","79.0","0","0","33.45","33.59","2.46","30.16","79.76","0","0","42.12","44.14","5.11","38.59","91.1","8.88","11.62","51.44","6.26"
"2025-08-29","39.8","90.16","4.57","2.96","42.8","40.78","3.5","31.35","78.84","0","0","33.59","33.79","2.52","30.27","79.96","0","0","42.55","44.57","5.2","38.74","91.26","9.02","11.71","51.59","6.28"
"2025-08-30","39.68","89.96","4.28","2.58","42.66","40.65","3.47","31.2","78.67","0","0","33.74","34.01","2.58","30.4","80.17","0","0","43.0","45.0","5.29","38.89","91.42","9.16","11.79","51.73","6.29"
"2025-08-31","39.56","89.75","3.99","2.2","42.53","40.52","3.45","31.05","78.52","0","0","33.91","34.24","2.64","30.52","80.37","0","0","43.44","45.44","5.38","39.04","91.57","9.28","11.86","51.87","6.31"
"2025-09-01","39.43","89.54","3.69","1.82","42.4","40.41","3.43","30.91","78.37","0","0","34.09","34.49","2.71","30.65","80.59","0","0","43.9","45.88","5.47","39.18","91.72","9.4","11.91","52.01","6.32"
"2025-09-02","39.29","89.33","3.39","1.44","42.28","40.3","3.41","30.77","78.23","0","0","34.29","34.75","2.78","30.79","80.8","0","0","44.36","46.33","5.56","39.32","91.85","9.5","11.95","52.15","6.34"
"2025-09-03","39.16","89.11","3.09","1.05","42.17","40.21","3.39","30.63","78.1","0","0","34.51","35.03","2.85","30.93","81.03","0","0","44.82","46.78","5.65","39.45","91.98","9.6","11.98","52.28","6.35"
"2025-09-04","39.01","88.89","2.78","0.67","42.07","40.12","3.38","30.5","77.97","0","0","34.74","35.32","2.93","31.07","81.25","0","0","45.29","47.23","5.74","39.58","92.1","9.68","12.0","52.41","6.36"
"2025-09-05","38.87","88.66","2.47","0.28","41.97","40.05","3.36","30.38","77.85","0","0","34.98","35.63","3.0","31.22","81.48","0","0","45.76","47.68","5.83","39.7","92.22","9.76","12.0","52.54","6.37"
"2025-09-06","38.72","88.43","2.15","0","41.89","39.98","3.35","30.26","77.74","0","0","35.25","35.96","3.09","31.37","81.72","0","0.34","46.24","48.14","5.92","39.82","92.33","9.82","11.99","52.67","6.39"
"2025-09-07","38.57","88.19","1.84","0","41.81","39.92","3.35","30.14","77.63","0","0","35.52","36.29","3.17","31.53","81.95","0","0.73","46.73","48.59","6.01","39.93","92.43","9.88","11.97","52.79","6.4"
"2025-09-08","38.41","87.95","1.52","0","41.74","39.88","3.34","30.03","77.54","0","0","35.82","36.65","3.26","31.69","82.19","0","1.12","47.21","49.05","6.1","40.04","92.52","9.92","11.94","52.91","6.41"
"2025-09-09","38.25","87.71","1.2","0","41.68","39.84","3.34","29.92","77.45","0","0","36.12","37.01","3.35","31.85","82.44","0","1.5","47.7","49.51","6.19","40.14","92.6","9.96","11.89","53.02","6.42"
"2025-09-10","38.08","87.47","0.88","0","41.62","39.82","3.34","29.82","77.37","0","0","36.45","37.39","3.44","32.02","82.68","0","1.88","48.19","49.98","6.28","40.24","92.68","9.98","11.83","53.14","6.43"
"2025-09-11","37.91","87.22","0.56","0","41.58","39.81","3.34","29.73","77.29","0","0","36.78","37.79","3.54","32.19","82.93","0","2.26","48.69","50.44","6.37","40.33","92.75","10.0","11.76","53.25","6.43"
"2025-09-12","37.74","86.97","0.23","0","41.55","39.81","3.35","29.64","77.23","0","0","37.13","38.2","3.63","32.36","83.18","0","2.64","49.18","50.9","6.46","40.41","92.81","10.0","11.68","53.36","6.44"
"2025-09-13","37.57","86.72","0","0","41.52","39.82","3.36","29.55","77.17","0","0","37.5","38.62","3.73","32.54","83.43","0.29","3.02","49.68","51.36","6.55","40.5","92.86","9.99","11.58","53.46","6.45"
"2025-09-14","37.39","86.47","0","0","41.51","39.84","3.37","29.48","77.12","0","0","37.88","39.05","3.84","32.71","83.69","0.61","3.39","50.18","51.82","6.64","40.57","92.9","9.98","11.48","53.57","6.46"
"2025-09-15","37.22","86.21","0","0","41.51","39.88","3.39","29.4","77.08","0","0","38.27","39.5","3.94","32.89","83.94","0.93","3.76","50.68","52.29","6.72","40.64","92.94","9.95","11.36","53.67","6.47"
"2025-09-16","37.03","85.96","0","0","41.51","39.92","3.41","29.34","77.05","0","0","38.68","39.96","4.05","33.08","84.2","1.25","4.13","51.18","52.75","6.81","40.7","92.97","9.91","11.23","53.77","6.47"
"2025-09-17","36.85","85.7","0","0","41.53","39.98","3.43","29.27","77.02","0","0","39.1","40.43","4.16","33.26","84.45","1.57","4.49","51.68","53.21","6.9","40.76","92.99","9.86","11.08","53.86","6.48"
"2025-09-18","36.67","85.45","0","0","41.56","40.05","3.45","29.22","77.01","0","0","39.54","40.91","4.27","33.45","84.71","1.89","4.85","52.19","53.66","6.98","40.81","93.0","9.8","10.93","53.96","6.49"
"2025-09-19","36.48","85.19","0","0","41.6","40.14","3.48","29.17","77.0","0","0","39.98","41.41","4.39","33.63","84.97","2.2","5.2","52.69","54.12","7.07","40.86","93.0","9.73","10.76","54.05","6.49"
"2025-09-20","36.29","84.93","0","0","41.65","40.23","3.51","29.13","77.0","0","0","40.44","41.91","4.5","33.82","85.23","2.52","5.54","53.19","54.57","7.15","40.89","92.99","9.65","10.59","54.14","6.5"
"2025-09-21","36.1","84.67","0","0","41.71","40.34","3.54","29.09","77.01","0","0","40.92","42.43","4.62","34.01","85.49","2.83","5.88","53.69","55.03","7.24","40.93","92.98","9.56","10.4","54.23","6.51"
"2025-09-22","35.91","84.41","0","0","41.78","40.46","3.58","29.06","77.03","0","0","41.4","42.96","4.74","34.21","85.74","3.13","6.22","54.19","55.48","7.32","40.95","92.96","9.46","10.2","54.32","6.51"
"2025-09-23","35.72","84.16","0","0","41.86","40.6","3.61","29.04","77.05","0","0","41.9","43.49","4.86","34.4","86.0","3.44","6.55","54.69","55.92","7.4","40.98","92.93","9.36","9.99","54.4","6.52"
"2025-09-24","35.53","83.9","0","0","41.96","40.74","3.66","29.02","77.09","0","0","42.4","44.04","4.99","34.59","86.26","3.74","6.87","55.18","56.37","7.48","40.99","92.89","9.24","9.77","54.49","6.52"
"2025-09-25","35.33","83.65","0","0","42.07","40.9","3.7","29.01","77.13","0","0","42.92","44.6","5.11","34.78","86.51","4.04","7.18","55.68","56.81","7.56","41.0","92.84","9.11","9.54","54.57","6.53"
"2025-09-26","35.14","83.39","0","0","42.19","41.08","3.75","29.0","77.18","0","0","43.45","45.16","5.24","34.98","86.76","4.33","7.49","56.17","57.24","7.64","41.0","92.79","8.97","9.3","54.65","6.54"
"2025-09-27","34.95","83.14","0","0","42.32","41.26","3.8","29.0","77.24","0","0","43.99","45.74","5.36","35.17","87.01","4.62","7.79","56.66","57.68","7.72","41.0","92.72","8.82","9.05","54.73","6.54"
"2025-09-28","34.75","82.89","0","0","42.46","41.46","3.85","29.01","77.3","0","0","44.55","46.32","5.49","35.36","87.26","4.9","8.08","57.14","58.1","7.8","40.99","92.65","8.67","8.8","54.81","6.55"
"2025-09-29","34.56","82.64","0","0","42.61","41.67","3.91","29.02","77.38","0","0","45.11","46.91","5.63","35.56","87.51","5.18","8.36","57.63","58.53","7.87","40.97","92.57","8.5","8.53","54.89","6.55"
"2025-09-30","34.37","82.4","0","0","42.78","41.9","3.97","29.04","77.46","0","0","45.68","47.51","5.76","35.75","87.75","5.45","8.63","58.11","58.95","7.95","40.95","92.48","8.33","8.25","54.96","6.56"
"2025-10-01","34.18","82.15","0","0","42.96","42.14","4.03","29.07","77.55","0","0","46.26","48.12","5.89","35.94","87.99","5.72","8.9","58.58","59.37","8.02","40.92","92.39","8.14","7.97","55.04","6.57"
"2025-10-02","33.98","81.91","0","0","43.15","42.39","4.1","29.1","77.65","0","0","46.84","48.73","6.02","36.13","88.23","5.98","9.15","59.05","59.78","8.1","40.88","92.29","7.95","7.67","55.12","6.58"
"2025-10-03","33.79","81.68","0","0","43.36","42.66","4.17","29.13","77.76","0","0","47.44","49.35","6.16","36.32","88.46","6.24","9.4","59.52","60.18","8.17","40.84","92.18","7.75","7.37","55.2","6.58"
"2025-10-04","33.6","81.45","0","0","43.57","42.93","4.24","29.18","77.87","0","0","48.05","49.98","6.29","36.51","88.7","6.49","9.63","59.98","60.58","8.24","40.79","92.06","7.55","7.06","55.27","6.59"
"2025-10-05","33.42","81.22","0","0","43.8","43.23","4.31","29.23","77.99","0","0","48.66","50.61","6.43","36.7","88.92","6.73","9.86","60.44","60.98","8.3","40.74","91.93","7.33","6.75","55.35","6.6"
"2025-10-06","33.23","80.99","0","0","44.04","43.53","4.39","29.28","78.12","0","0","49.28","51.25","6.57","36.88","89.15","6.96","10.07","60.9","61.37","8.37","40.68","91.8","7.11","6.42","55.43","6.61"
"2025-10-07","33.05","80.77","0","0","44.3","43.85","4.47","29.35","78.25","0","0","49.91","51.89","6.71","37.06","89.36","7.19","10.28","61.35","61.75","8.44","40.61","91.66","6.88","6.09","55.51","6.62"
"2025-10-08","32.87","80.55","0","0","44.56","44.18","4.55","29.41","78.39","0","0","50.54","52.54","6.84","37.24","89.58","7.41","10.47","61.79","62.13","8.5","40.54","91.52","6.64","5.75","55.59","6.63"
"2025-10-09","32.69","80.34","0","0","44.84","44.52","4.64","29.49","78.54","0","0","51.18","53.19","6.98","37.42","89.79","7.63","10.66","62.23","62.51","8.57","40.47","91.36","6.39","5.41","55.67","6.64"
"2025-10-10","32.51","80.13","0","0","45.13","44.88","4.73","29.57","78.7","0","0","51.83","53.84","7.12","37.6","89.99","7.83","10.83","62.66","62.87","8.63","40.38","91.2","6.14","5.06","55.75","6.65"
"2025-10-11","32.33","79.93","0","0","45.43","45.24","4.82","29.65","78.86","0","0","52.48","54.5","7.26","37.77","90.19","8.03","10.99","63.08","63.24","8.69","40.29","91.04","5.88","4.71","55.83","6.66"
"2025-10-12","32.16","79.73","0","0","45.75","45.63","4.91","29.74","79.03","0","0","53.14","55.16","7.4","37.94","90.38","8.21","11.14","63.51","63.59","8.75","40.2","90.86","5.62","4.35","55.92","6.68"
"2025-10-13","31.99","79.54","0","0","46.08","46.02","5.01","29.84","79.2","0","0","53.8","55.82","7.54","38.11","90.57","8.39","11.28","63.92","63.94","8.81","40.1","90.69","5.35","3.99","56.0","6.69"
"2025-10-14","31.83","79.36","0","0","46.42","46.42","5.11","29.94","79.39","0","0","54.46","56.49","7.68","38.27","90.75","8.57","11.4","64.33","64.28","8.86","40.0","90.5","5.08","3.62","56.09","6.7"
"2025-10-15","31.66","79.18","0","0","46.77","46.84","5.21","30.05","79.57","0","0","55.13","57.16","7.82","38.43","90.93","8.73","11.52","64.73","64.62","8.92","39.89","90.31","4.8","3.25","56.18","6.72"
"2025-10-16","31.51","79.0","0","0","47.14","47.27","5.31","30.16","79.76","0","0","55.8","57.82","7.96","38.59","91.1","8.88","11.62","65.12","64.95","8.97","39.77","90.12","4.51","2.88","56.27","6.74"
"2025-10-17","31.35","78.84","0","0","47.51","47.71","5.42","30.27","79.96","0","0","56.48","58.49","8.1","38.74","91.26","9.02","11.71","65.51","65.27","9.03","39.65","89.91","4.22","2.5","56.37","6.75"
"2025-10-18","31.2","78.67","0","0","47.9","48.17","5.53","30.4","80.17","0","0","57.16","59.16","8.24","38.89","91.42","9.16","11.79","65.89","65.59","9.08","39.53","89.71","3.93","2.12","56.47","6.77"
"2025-10-19","31.05","78.52","0","0","48.3","48.63","5.64","30.52","80.37","0","0","57.84","59.83","8.37","39.04","91.57","9.28","11.86","66.27","65.9","9.13","39.4","89.5","3.63","1.74","56.57","6.79"
"2025-10-20","30.91","78.37","0","0","48.71","49.11","5.75","30.65","80.59","0","0","58.52","60.5","8.51","39.18","91.72","9.4","11.91","66.63","66.2","9.18","39.26","89.28","3.32","1.35","56.67","6.81"
"2025-10-21","30.77","78.23","0","0","49.14","49.6","5.87","30.79","80.8","0","0","59.2","61.17","8.65","39.32","91.85","9.5","11.95","66.99","66.5","9.22","39.13","89.06","3.02","0.97","56.78","6.83"
"2025-10-22","30.63","78.1","0","0","49.57","50.09","5.99","30.93","81.03","0","0","59.89","61.84","8.78","39.45","91.98","9.6","11.98","67.35","66.79","9.27","38.98","88.84","2.71","0.58","56.89","6.86"
"2025-10-23","30.5","77.97","0","0","50.02","50.6","6.11","31.07","81.25","0","0","60.57","62.51","8.92","39.58","92.1","9.68","12.0","67.69","67.07","9.31","38.84","88.61","2.4","0.2","57.0","6.88"
"2025-10-24","30.38","77.85","0","0","50.47","51.12","6.23","31.22","81.48","0","0","61.25","63.17","9.05","39.7","92.22","9.76","12.0","68.03","67.35","9.36","38.69","88.38","2.08","0","57.12","6.91"
"2025-10-25","30.26","77.74","0","0","50.94","51.65","6.36","31.37","81.72","0","0.34","61.94","63.83","9.19","39.82","92.33","9.82","11.99","68.36","67.61","9.4","38.53","88.14","1.77","0","57.24","6.93"
"2025-10-26","30.14","77.63","0","0","51.42","52.19","6.48","31.53","81.95","0","0.73","62.62","64.49","9.32","39.93","92.43","9.88","11.97","68.68","67.88","9.44","38.37","87.9","1.45","0","57.36","6.96"
"2025-10-27","30.03","77.54","0","0","51.91","52.74","6.61","31.69","82.19","0","1.12","63.3","65.15","9.45","40.04","92.52","9.92","11.94","69.0","68.13","9.48","38.21","87.66","1.13","0","57.49","6.99"
"2025-10-28","29.92","77.45","0","0","52.41","53.3","6.74","31.85","82.44","0","1.5","63.98","65.8","9.58","40.14","92.6","9.96","11.89","69.31","68.38","9.52","38.05","87.41","0.81","0","57.63","7.02"
"2025-10-29","29.82","77.37","0","0","52.92","53.87","6.87","32.02","82.68","0","1.88","64.66","66.45","9.71","40.24","92.68","9.98","11.83","69.61","68.63","9.56","37.88","87.17","0.49","0","57.77","7.05"
"2025-10-30","29.73","77.29","0","0","53.44","54.44","7.0","32.19","82.93","0","2.26","65.34","67.09","9.84","40.33","92.75","10.0","11.76","69.9","68.86","9.59","37.71","86.92","0.16","0","57.91","7.09"
"2025-10-31","29.64","77.23","0","0","53.96","55.03","7.14","32.36","83.18","0","2.64","66.01","67.73","9.97","40.41","92.81","10.0","11.68","70.19","69.09","9.63","37.53","86.67","0","0","58.06","7.12"
"2025-11-01","29.55","77.17","0","0","54.5","55.62","7.28","32.54","83.43","0.29","3.02","66.68","68.36","10.09","40.5","92.86","9.99","11.58","70.47","69.32","9.66","37.36","86.41","0","0","58.21","7.16"
"2025-11-02","29.48","77.12","0","0","55.05","56.22","7.41","32.71","83.69","0.61","3.39","67.35","68.99","10.21","40.57","92.9","9.98","11.48","70.74","69.53","9.69","37.18","86.16","0","0","58.37","7.2"
"2025-11-03","29.4","77.08","0","0","55.61","56.83","7.55","32.89","83.94","0.93","3.76","68.01","69.62","10.33","40.64","92.94","9.95","11.36","71.0","69.74","9.73","36.99","85.9","0","0","58.53","7.24"
"2025-11-04","29.34","77.05","0","0","56.17","57.45","7.69","33.08","84.2","1.25","4.13","68.67","70.23","10.46","40.7","92.97","9.91","11.23","71.26","69.95","9.76","36.81","85.65","0","0","58.7","7.28"
"2025-11-05","29.27","77.02","0","0","56.74","58.07","7.83","33.26","84.45","1.57","4.49","69.32","70.85","10.57","40.76","92.99","9.86","11.08","71.5","70.15","9.79","36.63","85.39","0","0","58.88","7.32"
"2025-11-06","29.22","77.01","0","0","57.32","58.7","7.98","33.45","84.71","1.89","4.85","69.97","71.45","10.69","40.81","93.0","9.8","10.93","71.74","70.34","9.82","36.44","85.13","0","0","59.06","7.36"
"2025-11-07","29.17","77.0","0","0","57.91","59.33","8.12","33.63","84.97","2.2","5.2","70.62","72.05","10.8","40.86","93.0","9.73","10.76","71.98","70.53","9.84","36.25","84.87","0","0","59.25","7.41"
"2025-11-08","30.42","75.54","0","0","58.51","59.97","8.26","35.12","83.77","3.89","7.61","71.25","72.64","10.92","42.19","91.53","11.03","12.65","72.2","70.71","9.87","37.35","83.15","0","0","59.44","7.46"
"2025-11-09","31.67","74.08","0","0","59.11","60.62","8.41","36.6","82.56","5.58","10.01","71.88","73.22","11.03","43.51","90.05","12.32","14.53","72.42","70.88","9.9","38.45","81.43","0","0","59.64","7.51"
"2025-11-10","32.93","72.64","0","0","59.72","61.27","8.56","38.08","81.36","7.26","12.41","72.51","73.79","11.14","44.83","88.57","13.59","16.4","72.63","71.06","9.92","39.55","79.71","0.81","0","59.84","7.56"
"2025-11-11","34.2","71.21","0","0","60.34","61.93","8.7","39.56","80.15","8.94","14.8","73.12","74.36","11.24","46.14","87.08","14.86","18.25","72.84","71.22","9.95","40.64","78.0","1.88","1.51","60.06","7.61"
"2025-11-12","35.47","69.78","0","0.41","60.96","62.59","8.85","41.04","78.95","10.62","17.18","73.73","74.92","11.35","47.44","85.58","16.11","20.09","73.04","71.38","9.97","41.74","76.28","2.95","3.26","60.27","7.67"
"2025-11-13","36.74","68.37","0","2.69","61.58","63.26","9.0","42.52","77.75","12.29","19.55","74.34","75.47","11.45","48.73","84.08","17.36","21.92","73.23","71.53","9.99","42.83","74.57","4.03","5.0","60.5","7.72"
"2025-11-14","38.02","66.96","0.56","4.97","62.22","63.93","9.15","43.99","76.54","13.95","21.91","74.93","76.01","11.55","50.02","82.57","18.59","23.73","73.41","71.68","10.02","43.92","72.87","5.11","6.76","60.73","7.78"
"2025-11-15","39.3","65.57","2.07","7.27","62.86","64.6","9.29","45.47","75.34","15.6","24.26","75.52","76.54","11.65","51.29","81.05","19.81","25.53","73.59","71.83","10.04","45.01","71.17","6.19","8.51","60.97","7.84"
"2025-11-16","40.58","64.19","3.58","9.56","63.5","65.28","9.44","46.94","74.15","17.25","26.59","76.1","77.06","11.75","52.56","79.53","21.01","27.31","73.76","71.97","10.06","46.09","69.47","7.27","10.27","61.21","7.9"
"2025-11-17","41.87","62.82","5.1","11.86","64.15","65.95","9.59","48.4","72.95","18.88","28.91","76.67","77.57","11.84","53.82","78.01","22.2","29.08","73.93","72.1","10.08","47.17","67.78","8.35","12.03","61.46","7.96"
"2025-11-18","43.16","61.46","6.62","14.17","64.8","66.63","9.74","49.87","71.75","20.51","31.22","77.23","78.07","11.93","55.06","76.49","23.39","30.84","74.09","72.23","10.1","48.25","66.1","9.44","13.79","61.72","8.03"
"2025-11-19","44.45","60.12","8.15","16.47","65.45","67.31","9.89","51.32","70.56","22.13","33.51","77.78","78.56","12.02","56.3","74.96","24.55","32.58","74.24","72.36","10.12","49.32","64.43","10.53","15.56","61.98","8.1"
"2025-11-20","45.74","58.79","9.68","18.78","66.11","68.0","10.04","52.78","69.37","23.74","35.78","78.32","79.04","12.11","57.52","73.42","25.71","34.3","74.39","72.48","10.14","50.4","62.76","11.61","17.33","62.25","8.16"
"2025-11-21","47.04","57.47","11.22","21.08","66.77","68.68","10.19","54.22","68.18","25.33","38.04","78.85","79.51","12.19","58.74","71.89","26.85","36.01","74.53","72.6","10.16","51.46","61.11","12.7","19.1","62.53","8.23"
"2025-11-22","48.33","56.16","12.75","23.39","67.43","69.36","10.33","55.66","66.99","26.92","40.27","79.37","79.97","12.28","59.94","70.35","27.97","37.7","74.66","72.72","10.18","52.53","59.46","13.79","20.87","62.82","8.3"
"2025-11-23","49.63","54.87","14.29","25.7","68.1","70.05","10.48","57.09","65.81","28.49","42.49","79.88","80.42","12.35","61.14","68.82","29.09","39.38","74.79","72.83","10.2","53.59","57.82","14.88","22.64","63.11","8.38"
"2025-11-24","50.92","53.6","15.83","28.0","68.77","70.73","10.63","58.52","64.62","30.04","44.69","80.38","80.86","12.43","62.31","67.28","30.19","41.04","74.92","72.94","10.22","54.64","56.2","15.97","24.42","63.41","8.45"
"2025-11-25","52.22","52.33","17.38","30.3","69.43","71.42","10.77","59.93","63.45","31.59","46.87","80.87","81.28","12.51","63.48","65.74","31.27","42.68","75.03","73.04","10.24","55.69","54.59","17.07","26.19","63.71","8.53"
"2025-11-26","53.51","51.09","18.92","32.59","70.1","72.1","10.92","61.34","62.27","33.11","49.03","81.35","81.7","12.58","64.64","64.21","32.34","44.31","75.15","73.15","10.25","56.74","52.99","18.16","27.97","64.02","8.61"
"2025-11-27","54.8","49.85","20.46","34.88","70.77","72.78","11.07","62.74","61.1","34.63","51.16","81.82","82.1","12.65","65.78","62.67","33.4","45.91","75.26","73.25","10.27","57.78","51.4","19.25","29.74","64.34","8.69"
"2025-11-28","56.09","48.64","22.0","37.16","71.44","73.45","11.21","64.12","59.93","36.12","53.27","82.27","82.49","12.71","66.91","61.14","34.44","47.5","75.36","73.34","10.29","58.82","49.82","20.34","31.51","64.67","8.77"
"2025-11-29","57.38","47.43","23.54","39.44","72.11","74.13","11.35","65.5","58.76","37.6","55.36","82.72","82.87","12.78","68.02","59.61","35.46","49.08","75.46","73.44","10.31","59.85","48.26","21.44","33.28","65.0","8.85"
"2025-11-30","58.67","46.25","25.07","41.71","72.78","74.8","11.49","66.87","57.6","39.07","57.42","83.15","83.23","12.84","69.12","58.08","36.47","50.63","75.56","73.53","10.33","60.88","46.72","22.53","35.05","65.34","8.94"
"2025-12-01","59.95","45.08","26.6","43.97","73.44","75.47","11.63","68.22","56.45","40.51","59.46","83.57","83.59","12.9","70.21","56.56","37.47","52.17","75.65","73.62","10.34","61.9","45.19","23.62","36.82","65.68","9.02"
"2025-12-02","61.23","43.92","28.13","46.22","74.11","76.14","11.77","69.56","55.29","41.94","61.47","83.98","83.93","12.96","71.29","55.04","38.45","53.68","75.74","73.71","10.36","62.92","43.68","24.71","38.59","66.04","9.11"
"2025-12-03","62.5","42.79","29.65","48.46","74.77","76.8","11.91","70.89","54.14","43.35","63.45","84.37","84.26","13.01","72.34","53.52","39.42","55.18","75.82","73.8","10.38","63.93","42.18","25.8","40.35","66.39","9.2"
"2025-12-04","63.77","41.67","31.17","50.68","75.43","77.46","12.05","72.21","53.0","44.74","65.41","84.75","84.58","13.06","73.39","52.02","40.37","56.66","75.9","73.89","10.4","64.93","40.7","26.89","42.11","66.76","9.29"
"2025-12-05","65.04","40.56","32.69","52.9","76.09","78.11","12.18","73.51","51.86","46.11","67.34","85.13","84.88","13.11","74.42","50.51","41.3","58.13","75.98","73.97","10.42","65.93","39.24","27.98","43.87","67.13","9.38"
"2025-12-06","66.3","39.47","34.19","55.1","76.75","78.75","12.32","74.8","50.73","47.46","69.24","85.48","85.18","13.16","75.43","49.02","42.22","59.57","76.06","74.05","10.44","66.92","37.79","29.06","45.62","67.5","9.47"
"2025-12-07","67.56","38.4","35.69","57.28","77.4","79.39","12.45","76.07","49.6","48.79","71.11","85.83","85.46","13.2","76.43","47.53","43.13","60.99","76.13","74.14","10.45","67.91","36.37","30.15","47.36","67.89","9.57"
"2025-12-08","68.8","37.35","37.18","59.45","78.04","80.03","12.58","77.33","48.48","50.09","72.95","86.16","85.73","13.24","77.41","46.04","44.02","62.39","76.2","74.22","10.47","68.89","34.96","31.23","49.1","68.28","9.66"
"2025-12-09","70.05","36.31","38.67","61.61","78.69","80.66","12.71","78.57","47.36","51.38","74.76","86.48","85.98","13.28","78.38","44.57","44.89","63.78","76.26","74.3","10.49","69.86","33.58","32.31","50.84","68.67","9.76"
"2025-12-10","71.28","35.3","40.14","63.74","79.32","81.28","12.83","79.8","46.25","52.64","76.54","86.79","86.23","13.32","79.33","43.11","45.75","65.14","76.32","74.38","10.51","70.82","32.21","33.39","52.57","69.07","9.86"
"2025-12-11","72.51","34.3","41.61","65.86","79.96","81.89","12.96","81.01","45.15","53.88","78.29","87.08","86.46","13.35","80.27","41.65","46.59","66.49","76.39","74.46","10.53","71.78","30.87","34.46","54.29","69.47","9.96"
"2025-12-12","73.72","33.31","43.06","67.96","80.58","82.5","13.08","82.2","44.05","55.1","80.0","87.36","86.67","13.38","81.19","40.21","47.42","67.81","76.45","74.54","10.56","72.73","29.54","35.54","56.01","69.88","10.06"
"2025-12-13","74.93","32.35","44.5","70.04","81.2","83.1","13.2","83.38","42.96","56.29","81.69","87.63","86.88","13.41","82.09","38.77","48.23","69.12","76.5","74.63","10.58","73.67","28.24","36.6","57.72","70.3","10.16"
"2025-12-14","76.13","31.4","45.94","72.1","81.82","83.69","13.32","84.53","41.87","57.46","83.34","87.88","87.07","13.44","82.98","37.35","49.03","70.4","76.56","74.71","10.6","74.61","26.96","37.67","59.42","70.72","10.26"
"2025-12-15","77.33","30.47","47.35","74.13","82.42","84.27","13.44","85.67","40.8","58.6","84.95","88.12","87.25","13.46","83.85","35.94","49.81","71.67","76.61","74.79","10.62","75.54","25.71","38.73","61.11","71.14","10.36"
"2025-12-16","78.51","29.56","48.76","76.15","83.02","84.84","13.55","86.79","39.73","59.72","86.54","88.35","87.42","13.49","84.7","34.54","50.57","72.91","76.67","74.87","10.64","76.45","24.48","39.79","62.79","71.57","10.47"
"2025-12-17","79.68","28.67","50.15","78.14","83.62","85.4","13.66","87.89","38.67","60.82","88.08","88.56","87.58","13.5","85.53","33.16","51.32","74.14","76.72","74.96","10.67","77.36","23.27","40.84","64.46","72.01","10.57"
"2025-12-18","80.84","27.8","51.53","80.1","84.2","85.95","13.77","88.98","37.61","61.89","89.6","88.76","87.72","13.52","86.35","31.78","52.05","75.34","76.77","75.04","10.69","78.27","22.08","41.89","66.12","72.44","10.68"
"2025-12-19","81.98","26.94","52.89","82.04","84.78","86.49","13.87","90.04","36.57","62.93","91.07","88.95","87.86","13.54","87.15","30.43","52.77","76.52","76.82","75.13","10.72","79.16","20.92","42.93","67.77","72.89","10.78"
"2025-12-20","83.12","26.1","54.24","83.95","85.34","87.03","13.98","91.08","35.53","63.95","92.52","89.13","87.98","13.55","87.94","29.09","53.47","77.69","76.87","75.21","10.74","80.04","19.78","43.97","69.41","73.33","10.89"
"2025-12-21","84.24","25.29","55.57","85.84","85.9","87.55","14.08","92.1","34.5","64.94","93.92","89.29","88.09","13.56","88.7","27.76","54.16","78.83","76.92","75.3","10.77","80.92","18.67","45.01","71.04","73.78","11.0"
"2025-12-22","85.35","24.49","56.89","87.7","86.45","88.06","14.18","93.1","33.49","65.9","95.29","89.44","88.18","13.57","89.45","26.45","54.83","79.95","76.97","75.39","10.8","81.78","17.59","46.03","72.66","74.23","11.1"
"2025-12-23","86.45","23.71","58.18","89.53","86.99","88.55","14.27","94.08","32.48","66.84","96.63","89.57","88.27","13.57","90.19","25.15","55.49","81.05","77.02","75.48","10.83","82.64","16.53","47.05","74.26","74.68","11.21"
"2025-12-24","87.53","22.94","59.46","91.33","87.52","89.04","14.36","95.03","31.48","67.75","97.92","89.7","88.34","13.58","90.9","23.88","56.13","82.13","77.07","75.58","10.85","83.48","15.5","48.07","75.85","75.14","11.32"
"2025-12-25","88.6","22.2","60.72","93.1","88.04","89.51","14.45","95.97","30.49","68.63","99.18","89.81","88.4","13.58","91.59","22.62","56.75","83.19","77.12","75.67","10.88","84.32","14.49","49.07","77.42","75.6","11.43"
"2025-12-26","89.66","21.48","61.96","94.83","88.54","89.97","14.54","96.88","29.51","69.49","100.4","89.91","88.46","13.58","92.27","21.38","57.36","84.23","77.17","75.77","10.91","85.14","13.51","50.07","78.98","76.06","11.54"
"2025-12-27","90.7","20.77","63.18","96.54","89.04","90.42","14.62","97.77","28.54","70.32","101.58","89.99","88.5","13.58","92.93","20.16","57.96","85.25","77.23","75.87","10.94","85.96","12.56","51.06","80.52","76.53","11.65"
"2025-12-28","91.72","20.09","64.38","98.21","89.52","90.86","14.7","98.63","27.58","71.12","102.73","90.06","88.52","13.57","93.57","18.96","58.54","86.24","77.28","75.97","10.98","86.76","11.63","52.05","82.05","76.99","11.76"
"2025-12-29","92.73","19.42","65.56","99.85","90.0","91.28","14.78","99.48","26.63","71.89","103.84","90.12","88.54","13.57","94.2","17.77","59.1","87.22","77.33","76.08","11.01","87.55","10.73","53.02","83.56","77.46","11.86"
"2025-12-30","93.72","18.77","66.72","101.46","90.46","91.69","14.86","100.3","25.7","72.63","104.91","90.17","88.55","13.56","94.81","16.61","59.65","88.17","77.39","76.18","11.04","88.34","9.87","53.99","85.05","77.92","11.97"
"2025-12-31","94.69","18.14","67.85","103.03","90.9","92.09","14.93","101.09","24.77","73.35","105.94","90.21","88.55","13.55","95.39","15.47","60.19","89.1","77.44","76.29","11.08","89.11","9.02","54.95","86.53","78.39","12.08"
"2026-01-01","95.65","17.53","68.96","104.57","91.34","92.47","14.99","101.86","23.86","74.03","106.93","90.23","88.54","13.54","95.96","14.36","60.71","90.02","77.5","76.4","11.11","89.87","8.21","55.9","87.99","78.86","12.19"
"2026-01-02","96.59","16.94","70.05","106.06","91.76","92.84","15.06","102.61","22.96","74.69","107.88","90.24","88.51","13.52","96.51","13.26","61.21","90.91","77.56","76.52","11.15","90.61","7.43","56.84","89.42","79.33","12.3"
"2026-01-03","97.51","16.36","71.11","107.53","92.17","93.19","15.12","103.33","22.07","75.32","108.8","90.24","88.48","13.51","97.05","12.19","61.7","91.78","77.62","76.64","11.18","91.35","6.67","57.76","90.84","79.8","12.41"
"2026-01-04","98.41","15.81","72.15","108.95","92.57","93.53","15.18","104.03","21.2","75.92","109.67","90.23","88.44","13.49","97.56","11.14","62.18","92.63","77.68","76.76","11.22","92.07","5.94","58.68","92.24","80.26","12.51"
"2026-01-05","99.29","15.27","73.17","110.34","92.95","93.85","15.23","104.7","20.34","76.49","110.51","90.21","88.39","13.47","98.06","10.11","62.64","93.45","77.75","76.88","11.26","92.78","5.25","59.59","93.62","80.73","12.62"
"2026-01-06","100.16","14.76","74.16","111.68","93.32","94.16","15.29","105.35","19.49","77.03","111.3","90.18","88.33","13.46","98.54","9.11","63.08","94.26","77.81","77.0","11.3","93.48","4.58","60.48","94.97","81.2","12.73"
"2026-01-07","101.0","14.26","75.12","112.99","93.67","94.46","15.33","105.98","18.66","77.54","112.06","90.13","88.26","13.43","99.0","8.13","63.51","95.04","77.88","77.13","11.34","94.16","3.94","61.37","96.31","81.66","12.83"
"2026-01-08","101.82","13.78","76.05","114.26","94.01","94.74","15.38","106.57","17.84","78.02","112.78","90.08","88.18","13.41","99.44","7.18","63.93","95.81","77.95","77.26","11.38","94.84","3.33","62.24","97.62","82.12","12.94"
"2026-01-09","102.63","13.32","76.96","115.48","94.34","95.0","15.42","107.14","17.03","78.48","113.46","90.02","88.09","13.39","99.87","6.25","64.33","96.55","78.02","77.4","11.42","95.49","2.75","63.1","98.91","82.58","13.04"
"2026-01-10","103.41","12.88","77.85","116.67","94.65","95.25","15.46","107.69","16.24","78.9","114.1","89.94","88.0","13.36","100.27","5.35","64.72","97.27","78.1","77.53","11.46","96.14","2.2","63.94","100.17","83.04","13.15"
"2026-01-11","104.17","12.45","78.7","117.81","94.95","95.48","15.49","108.21","15.46","79.3","114.7","89.85","87.89","13.34","100.66","4.47","65.1","97.96","78.17","77.67","11.51","96.77","1.68","64.78","101.41","83.49","13.25"
"2026-01-12","104.91","12.05","79.53","118.92","95.23","95.7","15.52","108.7","14.71","79.67","115.26","89.76","87.78","13.31","101.03","3.62","65.46","98.64","78.25","77.82","11.55","97.39","1.19","65.59","102.62","83.94","13.35"
"2026-01-13","105.62","11.66","80.32","119.97","95.49","95.9","15.55","109.17","13.96","80.01","115.79","89.66","87.67","13.28","101.39","2.8","65.8","99.3","78.33","77.96","11.59","97.99","0.73","66.4","103.81","84.39","13.45"
"2026-01-14","106.32","11.3","81.09","120.99","95.74","96.09","15.58","109.61","13.23","80.32","116.27","89.54","87.54","13.25","101.72","2.01","66.13","99.93","78.42","78.11","11.64","98.58","0.29","67.19","104.97","84.84","13.55"
"2026-01-15","106.99","10.95","81.83","121.96","95.98","96.26","15.6","110.03","12.52","80.6","116.72","89.42","87.41","13.22","102.04","1.25","66.45","100.54","78.5","78.26","11.69","99.15","0","67.96","106.11","85.28","13.64"
"2026-01-16","107.64","10.61","82.54","122.89","96.2","96.41","15.62","110.42","11.83","80.85","117.12","89.29","87.27","13.19","102.33","0.51","66.76","101.13","78.59","78.42","11.73","99.71","0","68.72","107.21","85.71","13.74"
"2026-01-17","108.26","10.3","83.22","123.77","96.4","96.55","15.63","110.78","11.15","81.07","117.49","89.15","87.12","13.16","102.61","0","67.05","101.7","78.68","78.57","11.78","100.25","0","69.46","108.29","86.14","13.84"
"2026-01-18","108.86","10.01","83.86","124.61","96.59","96.67","15.64","111.12","10.49","81.27","117.82","89.0","86.97","13.12","102.88","0","67.32","102.25","78.78","78.73","11.83","100.78","0","70.19","109.34","86.57","13.93"
"2026-01-19","109.44","9.73","84.48","125.4","96.76","96.78","15.65","111.43","9.85","81.44","118.12","88.84","86.81","13.09","103.12","0","67.58","102.77","78.87","78.89","11.88","101.29","0","70.9","110.36","86.99","14.02"
"2026-01-20","109.99","9.47","85.06","126.15","96.91","96.87","15.65","111.71","9.22","81.57","118.37","88.68","86.65","13.06","103.35","0","67.83","103.27","78.97","79.06","11.92","101.79","0","71.59","111.35","87.4","14.11"
"2026-01-21","110.52","9.23","85.62","126.85","97.05","96.94","15.65","111.97","8.61","81.69","118.59","88.5","86.48","13.02","103.56","0","68.07","103.75","79.07","79.22","11.97","102.27","0","72.27","112.31","87.81","14.2"
"2026-01-22","111.02","9.01","86.14","127.51","97.17","97.0","15.65","112.2","8.03","81.77","118.77","88.32","86.31","12.99","103.75","0","68.29","104.21","79.18","79.39","12.02","102.73","0","72.93","113.24","88.21","14.28"
"2026-01-23","111.5","8.81","86.63","128.12","97.28","97.04","15.64","112.41","7.46","81.82","118.91","88.14","86.13","12.95","103.92","0","68.5","104.65","79.28","79.56","12.07","103.18","0","73.56","114.14","88.6","14.37"
"2026-01-24","111.95","8.62","87.09","128.68","97.37","97.07","15.64","112.58","6.91","81.85","119.01","87.94","85.94","12.91","104.08","0","68.69","105.06","79.39","79.74","12.12","103.61","0","74.18","115.01","88.99","14.45"
"2026-01-25","112.38","8.45","87.51","129.2","97.45","97.08","15.62","112.74","6.38","81.85","119.08","87.74","85.75","12.87","104.21","0","68.87","105.45","79.51","79.91","12.18","104.02","0","74.79","115.84","89.37","14.53"
"2026-01-26","112.78","8.3","87.9","129.67","97.5","97.07","15.61","112.86","5.87","81.83","119.11","87.54","85.56","12.84","104.34","0","69.04","105.82","79.62","80.09","12.23","104.42","0","75.37","116.64","89.74","14.61"
"2026-01-27","113.15","8.17","88.26","130.09","97.55","97.05","15.59","112.96","5.38","81.78","119.11","87.33","85.37","12.8","104.44","0","69.19","106.17","79.74","80.27","12.28","104.8","0","75.93","117.4","90.1","14.68"
"2026-01-28","113.5","8.06","88.59","130.46","97.57","97.01","15.57","113.03","4.91","81.7","119.06","87.11","85.17","12.76","104.52","0","69.34","106.49","79.85","80.45","12.33","105.16","0","76.47","118.14","90.46","14.76"
"2026-01-29","113.82","7.96","88.88","130.79","97.58","96.96","15.54","113.08","4.46","81.59","118.99","86.89","84.96","12.72","104.59","0","69.46","106.79","79.97","80.64","12.38","105.5","0","76.99","118.83","90.8","14.83"
"2026-01-30","114.11","7.88","89.14","131.07","97.57","96.89","15.51","113.1","4.04","81.46","118.87","86.66","84.76","12.68","104.65","0","69.58","107.07","80.1","80.82","12.44","105.83","0","77.49","119.49","91.14","14.9"
"2026-01-31","114.38","7.82","89.36","131.3","97.55","96.8","15.48","113.1","3.63","81.3","118.73","86.43","84.55","12.64","104.68","0","69.68","107.33","80.22","81.01","12.49","106.13","0","77.97","120.12","91.47","14.96"
"2026-02-01","114.62","7.77","89.55","131.48","97.51","96.7","15.45","113.07","3.25","81.12","118.55","86.19","84.34","12.6","104.7","0","69.77","107.56","80.35","81.19","12.54","106.42","0","78.42","120.71","91.78","15.03"
"2026-02-02","114.84","7.75","89.71","131.62","97.45","96.59","15.41","113.01","2.89","80.91","118.33","85.95","84.12","12.57","104.7","0","69.84","107.77","80.48","81.38","12.59","106.69","0","78.85","121.26","92.09","15.09"
"2026-02-03","115.02","7.74","89.83","131.7","97.38","96.46","15.37","112.93","2.55","80.68","118.08","85.7","83.91","12.53","104.68","0","69.9","107.96","80.61","81.57","12.65","106.94","0","79.26","121.78","92.39","15.15"
"2026-02-04","115.18","7.74","89.92","131.74","97.3","96.31","15.32","112.82","2.23","80.43","117.79","85.45","83.69","12.49","104.65","0","69.95","108.12","80.74","81.76","12.7","107.17","0","79.65","122.26","92.67","15.2"
"2026-02-05","115.31","7.77","89.98","131.73","97.19","96.15","15.28","112.69","1.94","80.14","117.48","85.2","83.47","12.45","104.6","0","69.98","108.26","80.87","81.95","12.75","107.38","0","80.02","122.7","92.95","15.26"
"2026-02-06","115.41","7.81","90.0","131.68","97.07","95.98","15.23","112.53","1.67","79.84","117.13","84.94","83.25","12.41","104.53","0","70.0","108.38","81.01","82.14","12.8","107.58","0","80.36","123.1","93.21","15.31"
"2026-02-07","115.49","7.87","89.99","131.57","96.94","95.79","15.18","112.35","1.42","79.51","116.74","84.68","83.03","12.37","104.45","0","70.01","108.47","81.14","82.32","12.85","107.75","0","80.67","123.46","93.47","15.36"
"2026-02-08","115.54","7.94","89.94","131.42","96.79","95.59","15.12","112.14","1.2","79.16","116.33","84.42","82.8","12.33","104.35","0","70.0","108.54","81.28","82.51","12.91","107.9","0","80.96","123.79","93.71","15.4"
"2026-02-09","115.55","8.03","89.86","131.22","96.62","95.37","15.06","111.91","1.0","78.79","115.88","84.16","82.58","12.29","104.24","0","69.99","108.59","81.42","82.7","12.96","108.03","0","81.23","124.07","93.94","15.44"
"2026-02-10","115.55","8.14","89.74","130.98","96.44","95.14","15.0","111.65","0.82","78.39","115.4","83.89","82.35","12.26","104.11","0","69.95","108.61","81.56","82.89","13.01","108.15","0","81.47","124.32","94.15","15.48"
"2026-02-11","115.51","8.27","89.59","130.68","96.25","94.89","14.94","111.37","0.67","77.97","114.89","83.63","82.13","12.22","103.96","0","69.91","108.61","81.69","83.08","13.06","108.24","0.05","81.69","124.52","94.36","15.52"
"2026-02-12","115.44","8.41","89.41","130.34","96.04","94.64","14.88","111.07","0.55","77.53","114.35","83.36","81.91","12.18","103.79","0","69.85","108.58","81.83","83.27","13.11","108.31","0.44","81.88","124.69","94.55","15.55"
"2026-02-13","115.35","8.57","89.19","129.96","95.82","94.37","14.81","110.74","0.45","77.07","113.78","83.09","81.68","12.14","103.61","0","69.78","108.53","81.97","83.45","13.16","108.36","0.86","82.05","124.81","94.73","15.58"
"2026-02-14","115.23","8.75","88.94","129.52","95.58","94.08","14.74","110.39","0.37","76.58","113.18","82.81","81.46","12.11","103.42","0","69.69","108.46","82.11","83.63","13.21","108.39","1.3","82.18","124.89","94.89","15.61"
"2026-02-15","115.08","8.94","88.66","129.04","95.33","93.79","14.67","110.02","0.32","76.08","112.55","82.54","81.24","12.07","103.21","0","69.59","108.36","82.25","83.82","13.25","108.4","1.76","82.3","124.93","95.04","15.63"
"2026-02-16","114.9","9.15","88.34","128.52","95.06","93.48","14.59","109.62","0.29","75.55","111.9","82.27","81.01","12.04","102.98","0","69.48","108.24","82.39","84.0","13.3","108.39","2.25","82.38","124.93","95.18","15.65"
"2026-02-17","114.69","9.38","87.99","127.94","94.78","93.16","14.52","109.2","0.3","75.01","111.21","81.99","80.79","12.0","102.73","0","69.35","108.09","82.53","84.18","13.35","108.35","2.76","82.44","124.89","95.3","15.67"
"2026-02-18","114.46","9.62","87.61","127.33","94.49","92.83","14.44","108.76","0.32","74.45","110.49","81.72","80.57","11.97","102.48","0","69.21","107.92","82.67","84.35","13.39","108.3","3.3","82.47","124.8","95.42","15.68"
"2026-02-19","114.2","9.88","87.19","126.66","94.18","92.48","14.36","108.3","0.38","73.86","109.75","81.45","80.35","11.93","102.2","0","69.06","107.72","82.81","84.52","13.44","108.22","3.86","82.48","124.67","95.51","15.69"
"2026-02-20","113.91","10.16","86.74","125.96","93.86","92.13","14.28","107.81","0.45","73.26","108.98","81.17","80.13","11.9","101.91","0","68.89","107.5","82.94","84.69","13.48","108.12","4.44","82.45","124.5","95.59","15.7"
"2026-02-21","113.59","10.45","86.26","125.21","93.53","91.76","14.19","107.31","0.56","72.64","108.19","80.9","79.92","11.87","101.61","0","68.71","107.25","83.08","84.86","13.53","108.0","5.04","82.4","124.29","95.66","15.7"
"2026-02-22","113.25","10.76","85.74","124.41","93.18","91.39","14.11","106.78","0.69","72.0","107.37","80.63","79.7","11.84","101.28","0","68.51","106.98","83.21","85.03","13.57","107.86","5.67","82.32","124.04","95.71","15.7"
"2026-02-23","112.87","11.08","85.2","123.57","92.83","91.0","14.02","106.23","0.85","71.35","106.52","80.36","79.49","11.8","100.95","0","68.3","106.69","83.34","85.19","13.61","107.7","6.31","82.21","123.74","95.75","15.7"
"2026-02-24","112.47","11.42","84.62","122.69","92.46","90.6","13.93","105.66","1.04","70.68","105.65","80.09","79.28","11.77","100.6","0","68.08","106.36","83.47","85.34","13.65","107.51","6.98","82.07","123.39","95.77","15.69"
"2026-02-25","112.04","11.78","84.01","121.77","92.08","90.2","13.84","105.07","1.25","69.99","104.75","79.82","79.07","11.74","100.23","0","67.84","106.02","83.6","85.49","13.68","107.3","7.67","81.91","123.01","95.78","15.68"
"2026-02-26","111.59","12.15","83.37","120.8","91.69","89.78","13.75","104.46","1.49","69.28","103.83","79.55","78.87","11.71","99.85","0","67.59","105.64","83.73","85.64","13.72","107.07","8.38","81.72","122.58","95.78","15.67"
"2026-02-27","111.11","12.54","82.7","119.8","91.28","89.36","13.65","103.83","1.76","68.56","102.88","79.29","78.66","11.69","99.46","0","67.32","105.24","83.85","85.78","13.76","106.82","9.11","81.49","122.11","95.75","15.65"
"2026-02-28","110.6","12.95","82.0","118.75","90.87","88.93","13.56","103.18","2.05","67.82","101.92","79.03","78.46","11.66","99.04","0","67.04","104.82","83.97","85.92","13.79","106.54","9.86","81.24","121.59","95.72","15.63"
"2026-03-01","110.06","13.37","81.27","117.66","90.45","88.49","13.46","102.51","2.38","67.07","100.92","78.76","78.27","11.63","98.62","0","66.75","104.37","84.08","86.06","13.82","106.24","10.63","80.96","121.03","95.66","15.61"
"2026-03-02","109.5","13.81","80.51","116.53","90.01","88.04","13.36","101.83","2.73","66.3","99.91","78.5","78.07","11.6","98.18","0.29","66.44","103.89","84.2","86.18","13.85","105.92","11.42","80.65","120.43","95.59","15.58"
"2026-03-03","108.91","14.26","79.72","115.36","89.57","87.58","13.26","101.12","3.1","65.52","98.87","78.25","77.88","11.58","97.72","1.03","66.12","103.39","84.31","86.31","13.88","105.58","12.22","80.31","119.79","95.51","15.55"
"2026-03-04","108.29","14.73","78.91","114.16","89.12","87.12","13.16","100.4","3.51","64.72","97.82","77.99","77.69","11.55","97.26","1.79","65.78","102.86","84.41","86.42","13.91","105.21","13.05","79.94","119.1","95.41","15.52"
"2026-03-05","107.65","15.22","78.06","112.91","88.66","86.65","13.06","99.66","3.94","63.92","96.74","77.74","77.5","11.53","96.77","2.59","65.43","102.3","84.52","86.53","13.93","104.82","13.89","79.54","118.37","95.3","15.48"
"2026-03-06","106.99","15.72","77.19","111.63","88.19","86.17","12.96","98.9","4.4","63.09","95.64","77.49","77.32","11.5","96.28","3.41","65.06","101.72","84.61","86.63","13.96","104.41","14.75","79.11","117.59","95.17","15.44"
"2026-03-07","106.29","16.24","76.29","110.31","87.71","85.69","12.86","98.13","4.89","62.26","94.52","77.25","77.14","11.48","95.76","4.27","64.68","101.11","84.71","86.73","13.98","103.98","15.62","78.66","116.77","95.02","15.39"
"2026-03-08","105.58","16.77","75.36","108.96","87.22","85.2","12.76","97.33","5.41","61.41","93.38","77.0","76.96","11.46","95.24","5.15","64.28","100.47","84.79","86.82","14.0","103.52","16.52","78.17","115.91","94.86","15.35"
"2026-03-09","104.84","17.32","74.4","107.57","86.73","84.7","12.65","96.53","5.95","60.55","92.22","76.76","76.78","11.44","94.7","6.06","63.87","99.81","84.88","86.9","14.02","103.04","17.43","77.65","115.01","94.68","15.3"
"2026-03-10","104.07","17.88","73.42","106.14","86.23","84.2","12.55","95.7","6.52","59.68","91.04","76.53","76.61","11.41","94.14","7.0","63.44","99.12","84.95","86.98","14.03","102.54","18.35","77.11","114.06","94.49","15.24"
"2026-03-11","103.28","18.46","72.42","104.68","85.72","83.7","12.44","94.86","7.12","58.8","89.85","76.29","76.44","11.39","93.58","7.96","63.0","98.41","85.03","87.05","14.05","102.02","19.29","76.53","113.07","94.28","15.18"
"2026-03-12","102.47","19.06","71.38","103.19","85.21","83.19","12.34","94.01","7.75","57.9","88.63","76.06","76.28","11.37","93.0","8.95","62.54","97.66","85.09","87.11","14.06","101.47","20.25","75.93","112.04","94.06","15.12"
"2026-03-13","101.63","19.67","70.33","101.66","84.69","82.68","12.23","93.14","8.4","57.0","87.4","75.84","76.12","11.36","92.4","9.97","62.07","96.89","85.15","87.16","14.07","100.9","21.22","75.3","110.97","93.82","15.06"
"2026-03-14","100.77","20.3","69.25","100.1","84.16","82.16","12.12","92.26","9.08","56.09","86.15","75.61","75.96","11.34","91.79","11.01","61.58","96.1","85.21","87.2","14.08","100.31","22.2","74.63","109.85","93.57","14.99"
"2026-03-15","99.88","20.95","68.14","98.52","83.63","81.64","12.02","91.36","9.79","55.16","84.89","75.39","75.8","11.32","91.17","12.08","61.08","95.27","85.26","87.24","14.08","99.7","23.2","73.94","108.7","93.3","14.92"
"2026-03-16","98.98","21.61","67.02","96.9","83.1","81.12","11.91","90.45","10.52","54.23","83.61","75.18","75.65","11.3","90.53","13.18","60.56","94.42","85.3","87.26","14.08","99.06","24.21","73.22","107.5","93.02","14.85"
"2026-03-17","98.05","22.28","65.87","95.25","82.55","80.59","11.8","89.53","11.29","53.29","82.31","74.96","75.5","11.28","89.88","14.3","60.02","93.55","85.33","87.28","14.08","98.4","25.23","72.47","106.26","92.72","14.77"
"2026-03-18","97.1","22.97","64.7","93.57","82.01","80.07","11.7","88.59","12.08","52.34","81.0","74.75","75.35","11.27","89.22","15.44","59.47","92.64","85.36","87.29","14.08","97.72","26.27","71.69","104.98","92.41","14.69"
"2026-03-19","96.13","23.68","63.51","91.86","81.46","79.54","11.59","87.64","12.89","51.38","79.67","74.55","75.21","11.25","88.55","16.6","58.91","91.71","85.38","87.29","14.08","97.02","27.31","70.89","103.67","92.08","14.61"
"2026-03-20","95.14","24.4","62.3","90.13","80.91","79.01","11.49","86.68","13.74","50.41","78.32","74.35","75.07","11.24","87.86","17.79","58.32","90.75","85.39","87.28","14.07","96.29","28.37","70.05","102.31","91.73","14.52"
"2026-03-21","94.12","25.14","61.06","88.37","80.35","78.48","11.38","85.71","14.61","49.44","76.97","74.15","74.93","11.22","87.16","19.0","57.73","89.76","85.4","87.26","14.06","95.54","29.44","69.19","100.91","91.38","14.43"
"2026-03-22","93.09","25.89","59.81","86.58","79.8","77.94","11.27","84.72","15.5","48.46","75.6","73.96","74.8","11.21","86.44","20.23","57.11","88.75","85.39","87.23","14.05","94.78","30.53","68.3","99.47","91.01","14.34"
"2026-03-23","92.04","26.66","58.54","84.77","79.24","77.41","11.17","83.73","16.43","47.47","74.21","73.77","74.67","11.2","85.72","21.49","56.48","87.71","85.38","87.19","14.04","93.99","31.62","67.38","98.0","90.62","14.25"
"2026-03-24","90.96","27.44","57.25","82.94","78.67","76.88","11.06","82.72","17.38","46.47","72.81","73.58","74.54","11.18","84.98","22.76","55.84","86.64","85.36","87.14","14.02","93.18","32.72","66.43","96.49","90.22","14.15"
"2026-03-25","89.87","28.24","55.95","81.08","78.11","76.34","10.96","81.7","18.35","45.47","71.4","73.4","74.41","11.17","84.22","24.06","55.17","85.54","85.33","87.08","14.0","92.34","33.83","65.46","94.94","89.81","14.05"
"2026-03-26","88.76","29.05","54.62","79.2","77.54","75.81","10.85","80.68","19.35","44.46","69.98","73.22","74.29","11.16","83.46","25.37","54.5","84.42","85.29","87.0","13.98","91.49","34.95","64.46","93.35","89.38","13.95"
"2026-03-27","87.64","29.88","53.29","77.29","76.98","75.28","10.75","79.64","20.37","43.45","68.55","73.04","74.17","11.14","82.68","26.7","53.8","83.27","85.25","86.92","13.95","90.62","36.08","63.43","91.73","88.94","13.84"
"2026-03-28","86.49","30.72","51.93","75.37","76.41","74.75","10.65","78.6","21.42","42.43","67.1","72.87","74.05","11.13","81.89","28.05","53.09","82.09","85.19","86.83","13.93","89.72","37.22","62.38","90.07","88.49","13.73"
"2026-03-29","85.33","31.58","50.56","73.43","75.84","74.22","10.55","77.54","22.5","41.41","65.64","72.7","73.93","11.12","81.09","29.42","52.36","80.89","85.13","86.72","13.9","88.81","38.37","61.3","88.38","88.03","13.62"
"2026-03-30","84.15","32.46","49.18","71.47","75.28","73.7","10.44","76.48","23.6","40.38","64.17","72.53","73.82","11.11","80.27","30.81","51.62","79.66","85.05","86.61","13.86","87.87","39.53","60.2","86.65","87.55","13.51"
"2026-03-31","82.96","33.35","47.78","69.49","74.71","73.17","10.34","75.41","24.72","39.34","62.69","72.37","73.71","11.1","79.45","32.21","50.86","78.4","84.97","86.48","13.83","86.92","40.69","59.07","84.89","87.06","13.39"
"2026-04-01","81.75","34.25","46.37","67.49","74.14","72.65","10.24","74.33","25.87","38.3","61.2","72.21","73.6","11.08","78.61","33.63","50.09","77.12","84.88","86.34","13.79","85.94","41.86","57.92","83.09","86.56","13.28"
"2026-04-02","80.52","35.17","44.94","65.47","73.58","72.13","10.15","73.24","27.04","37.26","59.7","72.06","73.49","11.07","77.76","35.07","49.3","75.81","84.77","86.19","13.75","84.95","43.04","56.74","81.26","86.04","13.16"
"2026-04-03","79.28","36.1","43.51","63.44","73.02","71.61","10.05","72.15","28.23","36.22","58.19","71.91","73.38","11.06","76.9","36.51","48.49","74.47","84.66","86.03","13.71","83.94","44.22","55.54","79.4","85.52","13.03"
"2026-04-04","78.03","37.05","42.06","61.4","72.46","71.1","9.95","71.05","29.45","35.17","56.68","71.76","73.28","11.05","76.03","37.98","47.66","73.11","84.53","85.86","13.66","82.9","45.41","54.31","77.51","84.98","12.91"
"2026-04-05","76.76","38.01","40.6","59.34","71.9","70.59","9.86","69.95","30.69","34.11","55.15","71.61","73.17","11.04","75.14","39.45","46.82","71.72","84.4","85.68","13.61","81.85","46.61","53.06","75.59","84.44","12.78"
"2026-04-06","75.48","38.99","39.14","57.27","71.34","70.09","9.76","68.84","31.95","33.06","53.61","71.47","73.07","11.03","74.25","40.94","45.96","70.3","84.26","85.48","13.56","80.78","47.81","51.79","73.63","83.88","12.66"
"2026-04-07","74.19","39.98","37.66","55.19","70.79","69.59","9.67","67.72","33.23","32.0","52.07","71.33","72.97","11.01","73.34","42.45","45.09","68.86","84.1","85.27","13.5","79.7","49.01","50.49","71.65","83.31","12.53"
"2026-04-08","72.88","40.98","36.18","53.09","70.24","69.09","9.58","66.6","34.53","30.94","50.51","71.19","72.87","11.0","72.42","43.96","44.2","67.4","83.93","85.05","13.45","78.59","50.22","49.18","69.64","82.73","12.4"
"2026-04-09","71.57","42.0","34.68","50.98","69.69","68.6","9.49","65.47","35.86","29.88","48.95","71.05","72.77","10.99","71.49","45.48","43.3","65.91","83.76","84.82","13.39","77.47","51.44","47.84","67.6","82.15","12.26"
"2026-04-10","70.24","43.04","33.19","48.87","69.15","68.11","9.4","64.34","37.2","28.81","47.39","70.92","72.67","10.98","70.55","47.02","42.38","64.39","83.57","84.58","13.32","76.33","52.66","46.48","65.54","81.55","12.13"
"2026-04-11","68.9","44.08","31.68","46.75","68.61","67.63","9.31","63.2","38.57","27.74","45.81","70.79","72.57","10.97","69.6","48.56","41.44","62.85","83.37","84.32","13.26","75.17","53.88","45.1","63.45","80.95","11.99"
"2026-04-12","67.56","45.14","30.17","44.61","68.08","67.15","9.22","62.06","39.95","26.67","44.23","70.66","72.47","10.95","68.64","50.12","40.48","61.28","83.16","84.05","13.19","74.0","55.11","43.71","61.33","80.33","11.85"
"2026-04-13","66.2","46.22","28.65","42.47","67.55","66.68","9.14","60.92","41.36","25.6","42.64","70.53","72.38","10.94","67.67","51.68","39.51","59.69","82.94","83.77","13.12","72.81","56.34","42.29","59.19","79.71","11.72"
"2026-04-14","64.83","47.31","27.13","40.33","67.03","66.22","9.05","59.77","42.78","24.53","41.04","70.41","72.28","10.92","66.69","53.25","38.53","58.08","82.71","83.48","13.04","71.61","57.57","40.85","57.02","79.08","11.57"
"2026-04-15","63.46","48.41","25.6","38.18","66.51","65.76","8.97","58.62","44.22","23.46","39.44","70.29","72.18","10.91","65.69","54.83","37.53","56.44","82.47","83.18","12.97","70.39","58.81","39.4","54.84","78.45","11.43"
"2026-04-16","62.08","49.52","24.08","36.02","65.99","65.31","8.89","57.47","45.67","22.38","37.84","70.17","72.08","10.9","64.69","56.41","36.51","54.77","82.21","82.86","12.89","69.16","60.05","37.92","52.63","77.8","11.29"
"2026-04-17","60.69","50.65","22.55","33.86","65.48","64.86","8.81","56.32","47.15","21.31","36.22","70.04","71.98","10.88","63.68","58.0","35.48","53.09","81.95","82.54","12.81","67.91","61.29","36.44","50.4","77.15","11.15"
"2026-04-18","59.3","51.79","21.01","31.7","64.98","64.42","8.73","55.16","48.64","20.23","34.6","69.93","71.88","10.86","62.66","59.59","34.43","51.38","81.67","82.2","12.72","66.65","62.53","34.93","48.15","76.5","11.0"
"2026-04-19","57.9","52.94","19.48","29.54","64.49","63.99","8.66","54.0","50.15","19.16","32.98","69.81","71.78","10.85","61.63","61.19","33.37","49.65","81.39","81.85","12.63","65.37","63.77","33.41","45.88","75.84","10.86"
"2026-04-20","56.49","54.11","17.94","27.37","64.0","63.56","8.58","52.84","51.67","18.08","31.35","69.69","71.68","10.83","60.59","62.8","32.29","47.9","81.09","81.48","12.55","64.08","65.02","31.87","43.59","75.17","10.71"
"2026-04-21","55.08","55.28","16.41","25.21","63.51","63.14","8.51","51.68","53.21","17.01","29.72","69.57","71.57","10.81","59.54","64.4","31.2","46.12","80.78","81.11","12.45","62.78","66.26","30.32","41.28","74.5","10.57"
"2026-04-22","53.66","56.47","14.87","23.04","63.04","62.73","8.44","50.52","54.76","15.93","28.08","69.46","71.47","10.79","58.48","66.01","30.09","44.32","80.46","80.72","12.36","61.46","67.51","28.76","38.96","73.82","10.42"
"2026-04-23","52.24","57.68","13.34","20.88","62.57","62.33","8.37","49.36","56.32","14.85","26.44","69.34","71.36","10.77","57.41","67.62","28.97","42.51","80.13","80.33","12.26","60.14","68.75","27.18","36.63","73.14","10.27"
"2026-04-24","50.82","58.89","11.81","18.71","62.11","61.93","8.3","48.2","57.9","13.78","24.79","69.23","71.25","10.75","56.34","69.24","27.83","40.67","79.78","79.92","12.16","58.8","70.0","25.59","34.27","72.45","10.12"
"2026-04-25","49.4","60.11","10.28","16.55","61.65","61.54","8.23","47.04","59.49","12.7","23.14","69.11","71.14","10.73","55.25","70.85","26.68","38.81","79.43","79.5","12.06","57.45","71.25","23.99","31.91","71.77","9.98"
"2026-04-26","47.97","61.35","8.76","14.4","61.21","61.16","8.17","45.87","61.1","11.62","21.49","69.0","71.02","10.71","54.16","72.46","25.51","36.93","79.06","79.07","11.96","56.09","72.5","22.37","29.53","71.08","9.83"
"2026-04-27","46.54","62.6","7.23","12.24","60.77","60.79","8.1","44.71","62.71","10.55","19.84","68.88","70.91","10.68","53.06","74.08","24.34","35.03","78.69","78.63","11.85","54.72","73.74","20.75","27.14","70.38","9.68"
"2026-04-28","45.11","63.86","5.72","10.1","60.34","60.42","8.04","43.55","64.33","9.48","18.18","68.76","70.79","10.66","51.95","75.69","23.14","33.11","78.3","78.18","11.74","53.34","74.99","19.11","24.74","69.69","9.53"
"2026-04-29","43.68","65.13","4.2","7.95","59.91","60.06","7.98","42.39","65.97","8.4","16.51","68.65","70.67","10.63","50.83","77.3","21.94","31.18","77.91","77.72","11.63","51.96","76.23","17.47","22.33","68.99","9.38"
"2026-04-30","42.25","66.41","2.69","5.82","59.5","59.71","7.92","41.24","67.61","7.33","14.85","68.53","70.54","10.61","49.71","78.91","20.72","29.23","77.5","77.24","11.52","50.56","77.48","15.82","19.91","68.29","9.24"
"2026-05-01","40.82","67.7","1.19","3.69","59.09","59.37","7.87","40.08","69.27","6.26","13.18","68.41","70.42","10.58","48.58","80.51","19.49","27.26","77.08","76.76","11.4","49.16","78.72","14.16","17.48","67.59","9.09"
"2026-05-02","39.39","68.99","0","1.57","58.69","59.04","7.81","38.93","70.93","5.19","11.51","68.29","70.29","10.55","47.44","82.11","18.24","25.27","76.65","76.27","11.28","47.74","79.96","12.49","15.05","66.89","8.94"
"2026-05-03","37.97","70.3","0","0","58.31","58.71","7.76","37.77","72.6","4.12","9.84","68.17","70.15","10.52","46.3","83.71","16.99","23.26","76.21","75.77","11.17","46.32","81.2","10.82","12.61","66.19","8.79"
"2026-05-04","36.54","71.62","0","0","57.92","58.4","7.71","36.62","74.28","3.05","8.17","68.05","70.01","10.49","45.15","85.3","15.72","21.24","75.77","75.25","11.04","44.9","82.43","9.14","10.17","65.49","8.65"
"2026-05-05","35.12","72.95","0","0","57.55","58.09","7.66","35.48","75.96","1.99","6.49","67.92","69.87","10.46","43.99","86.89","14.44","19.21","75.31","74.73","10.92","43.47","83.67","7.46","7.72","64.79","8.5"
"2026-05-06","33.7","74.29","0","0","57.19","57.79","7.61","34.33","77.65","0.92","4.82","67.79","69.73","10.42","42.83","88.47","13.14","17.16","74.84","74.2","10.8","42.03","84.9","5.77","5.27","64.1","8.36"
"2026-05-07","32.29","75.63","0","0","56.84","57.5","7.56","33.19","79.34","0","3.14","67.66","69.58","10.39","41.66","90.05","11.84","15.1","74.36","73.66","10.67","40.59","86.13","4.08","2.82","63.4","8.21"
"2026-05-08","30.87","76.98","0","0","56.49","57.21","7.52","32.05","81.04","0","1.46","67.53","69.42","10.35","40.49","91.62","10.53","13.02","73.88","73.12","10.54","39.14","87.36","2.38","0.37","62.71","8.07"
"2026-05-09","30.11","77.61","0","0","56.15","56.94","7.47","31.57","82.01","0","0.81","67.4","69.26","10.31","39.95","92.45","9.89","11.96","73.38","72.56","10.41","38.34","87.85","1.38","0","62.02","7.93"
"2026-05-10","30.0","77.52","0","0","55.83","56.67","7.43","31.73","82.25","0","1.2","67.26","69.1","10.27","40.06","92.54","9.93","11.93","72.88","72.0","10.28","38.17","87.61","1.06","0","61.33","7.79"
"2026-05-11","29.9","77.43","0","0","55.51","56.41","7.39","31.89","82.49","0","1.58","67.12","68.93","10.23","40.16","92.62","9.97","11.88","72.36","71.43","10.15","38.01","87.36","0.74","0","60.65","7.65"
"2026-05-12","29.8","77.35","0","0","55.2","56.16","7.35","32.06","82.74","0","1.97","66.98","68.76","10.19","40.26","92.69","9.99","11.82","71.84","70.85","10.02","37.84","87.11","0.41","0","59.97","7.51"
"2026-05-13","29.71","77.28","0","0","54.9","55.92","7.32","32.23","82.98","0","2.35","66.84","68.58","10.15","40.35","92.76","10.0","11.74","71.31","70.26","9.88","37.67","86.86","0.09","0","59.29","7.37"
"2026-05-14","29.62","77.21","0","0","54.61","55.68","7.28","32.4","83.24","0.03","2.73","66.69","68.4","10.1","40.43","92.82","10.0","11.66","70.78","69.67","9.74","37.49","86.61","0","0","58.62","7.24"
"2026-05-15","29.54","77.16","0","0","54.33","55.46","7.24","32.58","83.49","0.36","3.1","66.53","68.21","10.06","40.51","92.87","9.99","11.56","70.23","69.07","9.61","37.32","86.36","0","0","57.95","7.1"
"2026-05-16","29.46","77.11","0","0","54.05","55.24","7.21","32.75","83.74","0.68","3.47","66.38","68.01","10.01","40.59","92.91","9.97","11.45","69.68","68.46","9.47","37.14","86.1","0","0","57.29","6.97"
"2026-05-17","29.39","77.07","0","0","53.79","55.03","7.18","32.93","84.0","1.0","3.84","66.22","67.82","9.96","40.65","92.95","9.94","11.33","69.12","67.85","9.33","36.95","85.85","0","0","56.63","6.84"
"2026-05-18","29.32","77.04","0","0","53.54","54.82","7.15","33.12","84.25","1.32","4.21","66.06","67.61","9.91","40.72","92.97","9.9","11.2","68.55","67.23","9.19","36.77","85.59","0","0","55.98","6.71"
"2026-05-19","29.26","77.02","0","0","53.29","54.63","7.12","33.3","84.51","1.64","4.57","65.89","67.4","9.85","40.77","92.99","9.85","11.05","67.98","66.61","9.05","36.58","85.33","0","0","55.34","6.58"
"2026-05-20","29.21","77.01","0","0","53.05","54.44","7.09","33.49","84.77","1.96","4.92","65.72","67.18","9.8","40.82","93.0","9.79","10.89","67.4","65.98","8.91","36.4","85.07","0","0","54.7","6.46"
"2026-05-21","29.16","77.0","0","0","52.83","54.26","7.07","33.68","85.03","2.27","5.27","65.54","66.96","9.74","40.87","93.0","9.72","10.73","66.81","65.35","8.76","36.21","84.82","0","0","54.07","6.33"
"2026-05-22","29.12","77.0","0","0","52.61","54.09","7.04","33.87","85.29","2.59","5.62","65.36","66.73","9.69","40.9","92.99","9.63","10.55","66.22","64.72","8.62","36.02","84.56","0","0","53.45","6.21"
"2026-05-23","29.08","77.01","0","0","52.4","53.92","7.02","34.06","85.54","2.9","5.96","65.18","66.5","9.63","40.93","92.98","9.54","10.36","65.62","64.08","8.48","35.83","84.3","0","0","52.84","6.09"
"2026-05-24","29.05","77.03","0","0","52.2","53.76","6.99","34.25","85.8","3.2","6.29","64.99","66.26","9.57","40.96","92.95","9.44","10.16","65.02","63.43","8.33","35.63","84.04","0","0","52.23","5.97"
"2026-05-25","29.03","77.06","0","0","52.0","53.61","6.97","34.44","86.06","3.51","6.62","64.79","66.02","9.5","40.98","92.92","9.33","9.95","64.42","62.79","8.19","35.44","83.79","0","0","51.64","5.86"
"2026-05-26","29.02","77.1","0","0","51.82","53.46","6.95","34.63","86.31","3.81","6.94","64.59","65.76","9.44","40.99","92.88","9.21","9.72","63.81","62.14","8.04","35.25","83.53","0","0","51.05","5.75"
"2026-05-27","29.0","77.14","0","0","51.64","53.33","6.93","34.83","86.57","4.1","7.25","64.39","65.51","9.37","41.0","92.83","9.08","9.49","63.19","61.49","7.9","35.05","83.28","0","0","50.47","5.63"
"2026-05-28","29.0","77.19","0","0","51.48","53.19","6.91","35.02","86.82","4.39","7.55","64.18","65.24","9.31","41.0","92.77","8.94","9.25","62.57","60.83","7.76","34.86","83.03","0","0","49.9","5.53"
"2026-05-29","29.0","77.25","0","0","51.32","53.07","6.89","35.21","87.07","4.68","7.85","63.97","64.97","9.24","40.99","92.71","8.79","9.0","61.95","60.18","7.61","34.67","82.78","0","0","49.34","5.42"
"2026-05-30","29.01","77.32","0","0","51.17","52.95","6.88","35.41","87.32","4.96","8.14","63.75","64.7","9.17","40.98","92.63","8.63","8.74","61.32","59.52","7.47","34.47","82.53","0","0","48.79","5.32"
"2026-05-31","29.02","77.4","0","0","51.02","52.84","6.86","35.6","87.56","5.24","8.42","63.52","64.42","9.1","40.96","92.55","8.46","8.47","60.7","58.87","7.32","34.28","82.29","0","0","48.25","5.21"
"2026-06-01","29.05","77.48","0","0","50.89","52.73","6.85","35.79","87.81","5.51","8.69","63.3","64.13","9.03","40.94","92.46","8.29","8.19","60.07","58.21","7.18","34.09","82.05","0","0","47.72","5.12"
"2026-06-02","29.07","77.57","0","0","50.76","52.63","6.83","35.98","88.05","5.78","8.95","63.06","63.83","8.95","40.91","92.37","8.1","7.9","59.43","57.55","7.04","33.9","81.81","0","0","47.21","5.02"
"2026-06-03","29.1","77.67","0","0","50.64","52.53","6.82","36.17","88.28","6.04","9.21","62.82","63.53","8.87","40.87","92.26","7.91","7.61","58.8","56.9","6.89","33.71","81.57","0","0","46.7","4.93"
"2026-06-04","29.14","77.78","0","0","50.53","52.44","6.8","36.36","88.52","6.29","9.45","62.58","63.23","8.8","40.83","92.15","7.71","7.3","58.17","56.24","6.75","33.52","81.34","0","0","46.2","4.83"
"2026-06-05","29.19","77.89","0","0","50.42","52.36","6.79","36.55","88.75","6.54","9.68","62.33","62.91","8.72","40.78","92.03","7.5","6.99","57.53","55.58","6.61","33.34","81.12","0","0","45.72","4.75"
"2026-06-06","29.24","78.02","0","0","50.32","52.28","6.78","36.74","88.97","6.78","9.91","62.07","62.59","8.64","40.73","91.9","7.28","6.67","56.9","54.93","6.47","33.15","80.89","0","0","45.25","4.66"
"2026-06-07","29.3","78.15","0","0","50.23","52.2","6.77","36.92","89.19","7.02","10.12","61.81","62.27","8.56","40.66","91.77","7.06","6.35","56.26","54.28","6.33","32.97","80.67","0","0","44.79","4.58"
"2026-06-08","29.36","78.28","0","0","50.15","52.13","6.76","37.1","89.41","7.24","10.32","61.54","61.94","8.47","40.6","91.63","6.82","6.02","55.63","53.63","6.19","32.79","80.46","0","0","44.34","4.5"
"2026-06-09","29.43","78.43","0","0","50.07","52.07","6.75","37.28","89.62","7.46","10.51","61.27","61.6","8.39","40.53","91.48","6.58","5.68","54.99","52.99","6.05","32.61","80.25","0","0","43.91","4.42"
"2026-06-10","29.5","78.58","0","0","50.0","52.0","6.74","37.46","89.83","7.67","10.7","60.99","61.26","8.3","40.45","91.33","6.34","5.34","54.36","52.34","5.92","32.43","80.04","0","0","43.49","4.35"
"2026-06-11","29.58","78.73","0","0","49.93","51.95","6.73","37.64","90.04","7.87","10.87","60.71","60.91","8.22","40.36","91.17","6.09","4.99","53.73","51.71","5.78","32.26","79.84","0","0","43.08","4.27"
"2026-06-12","29.67","78.9","0","0","49.87","51.89","6.72","37.81","90.23","8.07","11.02","60.42","60.56","8.13","40.27","91.0","5.83","4.63","53.1","51.07","5.65","32.09","79.65","0","0","42.69","4.21"
"2026-06-13","29.76","79.07","0","0","49.81","51.84","6.71","37.98","90.43","8.26","11.17","60.13","60.2","8.04","40.18","90.83","5.56","4.27","52.47","50.44","5.51","31.92","79.46","0","0","42.3","4.14"
"2026-06-14","29.86","79.24","0","0","49.77","51.79","6.7","38.15","90.61","8.43","11.31","59.83","59.84","7.95","40.08","90.65","5.29","3.91","51.84","49.82","5.38","31.75","79.28","0","0","41.93","4.08"
"2026-06-15","29.96","79.43","0","0","49.72","51.75","6.69","38.31","90.79","8.6","11.43","59.53","59.47","7.86","39.97","90.46","5.01","3.54","51.22","49.2","5.25","31.59","79.1","0","0","41.58","4.02"
"2026-06-16","30.07","79.61","0","0","49.68","51.71","6.68","38.47","90.97","8.76","11.54","59.22","59.1","7.77","39.86","90.27","4.73","3.17","50.61","48.58","5.13","31.44","78.93","0","0","41.24","3.96"
"2026-06-17","30.18","79.81","0","0","49.65","51.67","6.68","38.62","91.14","8.91","11.64","58.91","58.72","7.67","39.75","90.07","4.45","2.79","49.99","47.97","5.0","31.28","78.76","0","0","40.91","3.91"
"2026-06-18","30.3","80.01","0","0","49.62","51.64","6.67","38.78","91.3","9.05","11.73","58.59","58.33","7.58","39.62","89.87","4.15","2.42","49.38","47.37","4.88","31.13","78.6","0","0","40.6","3.86"
"2026-06-19","30.42","80.21","0","0","49.6","51.6","6.66","38.93","91.46","9.19","11.81","58.27","57.95","7.48","39.5","89.66","3.86","2.04","48.78","46.78","4.75","30.99","78.45","0","0","40.3","3.81"
"2026-06-20","30.55","80.42","0","0","49.58","51.57","6.65","39.07","91.6","9.31","11.87","57.94","57.55","7.39","39.37","89.45","3.56","1.65","48.18","46.19","4.63","30.84","78.31","0","0","40.01","3.76"
"2026-06-21","30.68","80.63","0","0","49.56","51.54","6.64","39.21","91.75","9.42","11.92","57.61","57.16","7.29","39.23","89.23","3.26","1.27","47.58","45.61","4.51","30.71","78.17","0","0","39.74","3.72"
"2026-06-22","30.82","80.85","0","0","49.55","51.52","6.64","39.35","91.88","9.53","11.96","57.27","56.76","7.19","39.09","89.01","2.95","0.88","47.0","45.04","4.4","30.57","78.04","0","0","39.48","3.68"
"2026-06-23","30.96","81.08","0","0","49.54","51.49","6.63","39.48","92.01","9.62","11.98","56.93","56.35","7.09","38.95","88.79","2.64","0.5","46.42","44.48","4.28","30.45","77.92","0","0","39.24","3.65"
"2026-06-24","31.11","81.3","0","0","49.54","51.47","6.62","39.6","92.13","9.7","12.0","56.58","55.95","6.99","38.8","88.56","2.33","0.11","45.84","43.92","4.17","30.32","77.8","0","0","39.01","3.61"
"2026-06-25","31.26","81.53","0","0.04","49.54","51.45","6.61","39.72","92.24","9.78","12.0","56.23","55.54","6.89","38.65","88.32","2.01","0","45.27","43.38","4.06","30.2","77.69","0","0","38.79","3.58"
"2026-06-26","31.41","81.77","0","0.43","49.54","51.42","6.6","39.84","92.35","9.84","11.99","55.88","55.12","6.79","38.5","88.09","1.7","0","44.71","42.84","3.96","30.09","77.59","0","0","38.59","3.56"
"2026-06-27","31.57","82.01","0","0.81","49.54","51.4","6.59","39.95","92.45","9.89","11.96","55.52","54.7","6.69","38.34","87.85","1.38","0","44.16","42.31","3.85","29.98","77.5","0","0","38.4","3.53"
"2026-06-28","31.73","82.25","0","1.2","49.55","51.38","6.58","40.06","92.54","9.93","11.93","55.16","54.28","6.59","38.17","87.61","1.06","0","43.62","41.8","3.75","29.88","77.41","0","0","38.23","3.51"
"2026-06-29","31.89","82.49","0","1.58","49.56","51.37","6.57","40.16","92.62","9.97","11.88","54.8","53.86","6.49","38.01","87.36","0.74","0","43.08","41.29","3.65","29.78","77.33","0","0","38.07","3.49"
"2026-06-30","32.06","82.74","0","1.97","49.57","51.35","6.56","40.26","92.69","9.99","11.82","54.43","53.44","6.39","37.84","87.11","0.41","0","42.56","40.8","3.55","29.69","77.26","0","0","37.93","3.47"
"2026-07-01","32.23","82.98","0","2.35","49.58","51.33","6.55","40.35","92.76","10.0","11.74","54.06","53.01","6.29","37.67","86.86","0.09","0","42.04","40.31","3.46","29.6","77.2","0","0","37.8","3.46"
"2026-07-02","32.4","83.24","0.03","2.73","49.6","51.31","6.54","40.43","92.82","10.0","11.66","53.69","52.58","6.18","37.49","86.61","0","0","41.53","39.84","3.37","29.52","77.15","0","0","37.68","3.45"
"2026-07-03","32.58","83.49","0.36","3.1","49.62","51.29","6.53","40.51","92.87","9.99","11.56","53.31","52.15","6.08","37.32","86.36","0","0","41.03","39.38","3.28","29.44","77.1","0","0","37.58","3.44"
"2026-07-04","32.75","83.74","0.68","3.47","49.64","51.27","6.52","40.59","92.91","9.97","11.45","52.94","51.72","5.98","37.14","86.1","0","0","40.55","38.93","3.2","29.37","77.07","0","0","37.49","3.44"
"2026-07-05","32.93","84.0","1.0","3.84","49.66","51.25","6.51","40.65","92.95","9.94","11.33","52.56","51.29","5.88","36.95","85.85","0","0","40.07","38.5","3.11","29.31","77.04","0","0","37.42","3.44"
"2026-07-06","33.12","84.25","1.32","4.21","49.68","51.23","6.49","40.72","92.97","9.9","11.2","52.17","50.86","5.78","36.77","85.59","0","0","39.6","38.08","3.03","29.25","77.02","0","0","37.36","3.44"
"2026-07-07","33.3","84.51","1.64","4.57","49.7","51.21","6.48","40.77","92.99","9.85","11.05","51.79","50.42","5.67","36.58","85.33","0","0","39.15","37.66","2.96","29.2","77.0","0","0","37.31","3.44"
"2026-07-08","33.49","84.77","1.96","4.92","49.72","51.19","6.47","40.82","93.0","9.79","10.89","51.4","49.99","5.57","36.4","85.07","0","0","38.71","37.27","2.88","29.15","77.0","0","0","37.28","3.45"
"2026-07-09","33.68","85.03","2.27","5.27","49.74","51.17","6.45","40.87","93.0","9.72","10.73","51.02","49.56","5.47","36.21","84.82","0","0","38.28","36.88","2.81","29.11","77.0","0","0","37.26","3.46"
"2026-07-10","33.87","85.29","2.59","5.62","49.77","51.14","6.44","40.9","92.99","9.63","10.55","50.63","49.12","5.37","36.02","84.56","0","0","37.86","36.51","2.75","29.08","77.02","0","0","37.25","3.47"
"2026-07-11","34.06","85.54","2.9","5.96","49.79","51.12","6.42","40.93","92.98","9.54","10.36","50.24","48.69","5.27","35.83","84.3","0","0","37.45","36.16","2.68","29.05","77.04","0","0","37.26","3.48"
"2026-07-12","34.25","85.8","3.2","6.29","49.81","51.09","6.41","40.96","92.95","9.44","10.16","49.85","48.26","5.17","35.63","84.04","0","0","37.06","35.82","2.62","29.03","77.07","0","0","37.28","3.5"
"2026-07-13","34.44","86.06","3.51","6.62","49.84","51.06","6.39","40.98","92.92","9.33","9.95","49.46","47.83","5.07","35.44","83.79","0","0","36.68","35.49","2.57","29.01","77.1","0","0","37.31","3.51"
"2026-07-14","34.63","86.31","3.81","6.94","49.86","51.03","6.37","40.99","92.88","9.21","9.72","49.07","47.4","4.98","35.25","83.53","0","0","36.31","35.18","2.51","29.0","77.15","0","0","37.35","3.54"
"2026-07-15","34.83","86.57","4.1","7.25","49.88","51.0","6.35","41.0","92.83","9.08","9.49","48.68","46.98","4.88","35.05","83.28","0","0","35.96","34.88","2.46","29.0","77.2","0","0","37.41","3.56"
"2026-07-16","35.02","86.82","4.39","7.55","49.9","50.97","6.33","41.0","92.77","8.94","9.25","48.29","46.56","4.78","34.86","83.03","0","0","35.62","34.59","2.42","29.0","77.27","0","0","37.48","3.58"
"2026-07-17","35.21","87.07","4.68","7.85","49.92","50.93","6.31","40.99","92.71","8.79","9.0","47.91","46.14","4.69","34.67","82.78","0","0","35.3","34.33","2.37","29.01","77.34","0","0","37.56","3.61"
"2026-07-18","35.41","87.32","4.96","8.14","49.94","50.89","6.29","40.98","92.63","8.63","8.74","47.52","45.72","4.59","34.47","82.53","0","0","34.99","34.07","2.33","29.03","77.41","0","0","37.66","3.64"
"2026-07-19","35.6","87.56","5.24","8.42","49.96","50.85","6.27","40.96","92.55","8.46","8.47","47.14","45.3","4.5","34.28","82.29","0","0","34.69","33.84","2.3","29.05","77.5","0","0","37.76","3.67"
"2026-07-20","35.79","87.81","5.51","8.69","49.98","50.81","6.25","40.94","92.46","8.29","8.19","46.75","44.89","4.41","34.09","82.05","0","0","34.41","33.61","2.26","29.08","77.59","0","0","37.88","3.71"
"2026-07-21","35.98","88.05","5.78","8.95","50.0","50.77","6.23","40.91","92.37","8.1","7.9","46.37","44.49","4.31","33.9","81.81","0","0","34.14","33.41","2.23","29.11","77.7","0","0","38.01","3.74"
"2026-07-22","36.17","88.28","6.04","9.21","50.01","50.72","6.21","40.87","92.26","7.91","7.61","45.99","44.09","4.22","33.71","81.57","0","0","33.89","33.22","2.21","29.15","77.8","0","0","38.15","3.78"
"2026-07-23","36.36","88.52","6.29","9.45","50.03","50.67","6.18","40.83","92.15","7.71","7.3","45.62","43.69","4.14","33.52","81.34","0","0","33.65","33.04","2.18","29.2","77.92","0","0","38.3","3.82"
"2026-07-24","36.55","88.75","6.54","9.68","50.04","50.62","6.16","40.78","92.03","7.5","6.99","45.24","43.3","4.05","33.34","81.12","0","0","33.43","32.89","2.16","29.25","78.04","0","0","38.46","3.86"
"2026-07-25","36.74","88.97","6.78","9.91","50.05","50.57","6.13","40.73","91.9","7.28","6.67","44.87","42.91","3.96","33.15","80.89","0","0","33.23","32.74","2.15","29.31","78.18","0","0","38.63","3.9"
"2026-07-26","36.92","89.19","7.02","10.12","50.06","50.52","6.11","40.66","91.77","7.06","6.35","44.51","42.53","3.88","32.97","80.67","0","0","33.04","32.62","2.14","29.38","78.31","0","0","38.81","3.95"
"2026-07-27","37.1","89.41","7.24","10.32","50.06","50.46","6.08","40.6","91.63","6.82","6.02","44.14","42.15","3.8","32.79","80.46","0","0","32.86","32.51","2.13","29.45","78.46","0","0","39.0","3.99"
"2026-07-28","37.28","89.62","7.46","10.51","50.07","50.4","6.05","40.53","91.48","6.58","5.68","43.79","41.78","3.72","32.61","80.25","0","0","32.71","32.41","2.12","29.52","78.61","0","0","39.2","4.04"
"2026-07-29","37.46","89.83","7.67","10.7","50.07","50.34","6.03","40.45","91.33","6.34","5.34","43.43","41.42","3.64","32.43","80.04","0","0","32.56","32.34","2.12","29.6","78.77","0","0","39.41","4.09"
"2026-07-30","37.64","90.04","7.87","10.87","50.07","50.27","6.0","40.36","91.17","6.09","4.99","43.08","41.06","3.56","32.26","79.84","0","0","32.44","32.28","2.12","29.69","78.94","0","0","39.63","4.14"
"2026-07-31","37.81","90.23","8.07","11.02","50.07","50.2","5.97","40.27","91.0","5.83","4.63","42.74","40.72","3.49","32.09","79.65","0","0","32.33","32.23","2.13","29.78","79.11","0","0","39.86","4.19"
"2026-08-01","37.98","90.43","8.26","11.17","50.06","50.13","5.94","40.18","90.83","5.56","4.27","42.4","40.37","3.42","31.92","79.46","0","0","32.24","32.2","2.14","29.88","79.28","0","0","40.1","4.25"
"2026-08-02","38.15","90.61","8.43","11.31","50.06","50.06","5.91","40.08","90.65","5.29","3.91","42.07","40.04","3.35","31.75","79.28","0","0","32.16","32.19","2.15","29.99","79.47","0","0","40.34","4.3"
"2026-08-03","38.31","90.79","8.6","11.43","50.05","49.99","5.88","39.97","90.46","5.01","3.54","41.74","39.72","3.28","31.59","79.1","0","0","32.1","32.2","2.17","30.09","79.66","0","0","40.59","4.36"
"2026-08-04","38.47","90.97","8.76","11.54","50.04","49.91","5.85","39.86","90.27","4.73","3.17","41.42","39.4","3.21","31.44","78.93","0","0","32.05","32.22","2.18","30.21","79.85","0","0","40.85","4.42"
"2026-08-05","38.62","91.14","8.91","11.64","50.03","49.84","5.82","39.75","90.07","4.45","2.79","41.11","39.09","3.15","31.28","78.76","0","0","32.03","32.26","2.21","30.33","80.05","0","0","41.12","4.47"
"2026-08-06","38.78","91.3","9.05","11.73","50.01","49.75","5.79","39.62","89.87","4.15","2.42","40.8","38.79","3.09","31.13","78.6","0","0","32.02","32.31","2.23","30.45","80.26","0","0","41.4","4.53"
"2026-08-07","38.93","91.46","9.19","11.81","49.99","49.67","5.76","39.5","89.66","3.86","2.04","40.5","38.5","3.03","30.99","78.45","0","0","32.02","32.38","2.26","30.58","80.47","0","0","41.68","4.59"
"2026-08-08","39.07","91.6","9.31","11.87","49.97","49.59","5.73","39.37","89.45","3.56","1.65","40.21","38.23","2.97","30.84","78.31","0","0","32.04","32.47","2.29","30.71","80.68","0","0","41.96","4.65"
"2026-08-09","39.21","91.75","9.42","11.92","49.95","49.5","5.69","39.23","89.23","3.26","1.27","39.93","37.96","2.92","30.71","78.17","0","0","32.08","32.57","2.33","30.85","80.9","0","0","42.26","4.72"
"2026-08-10","39.35","91.88","9.53","11.96","49.93","49.42","5.66","39.09","89.01","2.95","0.88","39.65","37.7","2.87","30.57","78.04","0","0","32.14","32.69","2.37","30.99","81.13","0","0","42.56","4.78"
"2026-08-11","39.48","92.01","9.62","11.98","49.9","49.33","5.63","38.95","88.79","2.64","0.5","39.39","37.45","2.82","30.45","77.92","0","0","32.21","32.82","2.41","31.14","81.35","0","0","42.86","4.84"
"2026-08-12","39.6","92.13","9.7","12.0","49.87","49.23","5.6","38.8","88.56","2.33","0.11","39.13","37.21","2.77","30.32","77.8","0","0","32.29","32.97","2.46","31.29","81.58","0","0.13","43.17","4.91"
"2026-08-13","39.72","92.24","9.78","12.0","49.84","49.14","5.56","38.65","88.32","2.01","0","38.88","36.98","2.73","30.2","77.69","0","0","32.4","33.13","2.5","31.44","81.82","0","0.51","43.49","4.97"
"2026-08-14","39.84","92.35","9.84","11.99","49.81","49.05","5.53","38.5","88.09","1.7","0","38.64","36.77","2.69","30.09","77.59","0","0","32.52","33.31","2.56","31.6","82.06","0","0.9","43.81","5.03"
"2026-08-15","39.95","92.45","9.89","11.96","49.78","48.95","5.5","38.34","87.85","1.38","0","38.41","36.57","2.65","29.98","77.5","0","0","32.65","33.51","2.61","31.76","82.3","0","1.29","44.13","5.1"
"2026-08-16","40.06","92.54","9.93","11.93","49.74","48.86","5.46","38.17","87.61","1.06","0","38.19","36.37","2.62","29.88","77.41","0","0","32.8","33.72","2.67","31.93","82.54","0","1.67","44.46","5.17"
"2026-08-17","40.16","92.62","9.97","11.88","49.7","48.76","5.43","38.01","87.36","0.74","0","37.98","36.19","2.59","29.78","77.33","0","0","32.97","33.95","2.73","32.09","82.79","0","2.05","44.79","5.23"
"2026-08-18","40.26","92.69","9.99","11.82","49.66","48.67","5.39","37.84","87.11","0.41","0","37.78","36.03","2.56","29.69","77.26","0","0","33.16","34.19","2.79","32.27","83.04","0","2.43","45.12","5.3"
"2026-08-19","40.35","92.76","10.0","11.74","49.62","48.57","5.36","37.67","86.86","0.09","0","37.6","35.87","2.53","29.6","77.2","0","0","33.35","34.44","2.86","32.44","83.29","0.11","2.81","45.46","5.36"
"2026-08-20","40.43","92.82","10.0","11.66","49.58","48.47","5.33","37.49","86.61","0","0","37.42","35.73","2.51","29.52","77.15","0","0","33.57","34.71","2.93","32.62","83.54","0.43","3.18","45.8","5.43"
"2026-08-21","40.51","92.87","9.99","11.56","49.53","48.37","5.29","37.32","86.36","0","0","37.25","35.6","2.49","29.44","77.1","0","0","33.8","34.99","3.0","32.79","83.8","0.75","3.56","46.15","5.5"
"2026-08-22","40.59","92.91","9.97","11.45","49.49","48.27","5.26","37.14","86.1","0","0","37.1","35.49","2.48","29.37","77.07","0","0","34.04","35.29","3.07","32.97","84.05","1.07","3.92","46.49","5.56"
"2026-08-23","40.65","92.95","9.94","11.33","49.44","48.17","5.23","36.95","85.85","0","0","36.95","35.38","2.46","29.31","77.04","0","0","34.3","35.6","3.15","33.16","84.31","1.39","4.29","46.84","5.63"
"2026-08-24","40.72","92.97","9.9","11.2","49.39","48.07","5.2","36.77","85.59","0","0","36.82","35.29","2.45","29.25","77.02","0","0","34.57","35.92","3.23","33.34","84.57","1.71","4.65","47.19","5.7"
"2026-08-25","40.77","92.99","9.85","11.05","49.34","47.98","5.17","36.58","85.33","0","0","36.7","35.22","2.45","29.2","77.0","0","0","34.86","36.26","3.31","33.53","84.83","2.03","5.0","47.54","5.76"
"2026-08-26","40.82","93.0","9.79","10.89","49.29","47.88","5.13","36.4","85.07","0","0","36.6","35.16","2.44","29.15","77.0","0","0","35.17","36.61","3.39","33.72","85.08","2.34","5.35","47.89","5.83"
"2026-08-27","40.87","93.0","9.72","10.73","49.24","47.78","5.1","36.21","84.82","0","0","36.5","35.11","2.44","29.11","77.0","0","0","35.48","36.97","3.48","33.91","85.34","2.65","5.69","48.24","5.89"
"2026-08-28","40.9","92.99","9.63","10.55","49.19","47.69","5.07","36.02","84.56","0","0","36.42","35.08","2.45","29.08","77.02","0","0","35.81","37.34","3.57","34.1","85.6","2.96","6.03","48.59","5.96"
"2026-08-29","40.93","92.98","9.54","10.36","49.14","47.59","5.04","35.83","84.3","0","0","36.35","35.06","2.45","29.05","77.04","0","0","36.16","37.73","3.66","34.29","85.86","3.27","6.36","48.95","6.03"
"2026-08-30","40.96","92.95","9.44","10.16","49.09","47.5","5.01","35.63","84.04","0","0","36.3","35.06","2.46","29.03","77.07","0","0","36.52","38.13","3.75","34.48","86.11","3.57","6.69","49.3","6.09"
"2026-08-31","40.98","92.92","9.33","9.95","49.04","47.41","4.99","35.44","83.79","0","0","36.26","35.07","2.48","29.01","77.1","0","0","36.89","38.54","3.84","34.68","86.37","3.87","7.01","49.65","6.15"
"2026-09-01","40.99","92.88","9.21","9.72","48.99","47.32","4.96","35.25","83.53","0","0","36.23","35.09","2.5","29.0","77.15","0","0","37.27","38.96","3.94","34.87","86.62","4.17","7.32","50.01","6.22"
"2026-09-02","41.0","92.83","9.08","9.49","48.94","47.23","4.93","35.05","83.28","0","0","36.21","35.13","2.52","29.0","77.2","0","0","37.67","39.39","4.04","35.06","86.87","4.46","7.62","50.36","6.28"
"2026-09-03","41.0","92.77","8.94","9.25","48.89","47.15","4.9","34.86","83.03","0","0","36.21","35.19","2.54","29.0","77.27","0","0","38.07","39.83","4.14","35.26","87.12","4.75","7.91","50.71","6.34"
"2026-09-04","40.99","92.71","8.79","9.0","48.84","47.07","4.88","34.67","82.78","0","0","36.23","35.26","2.57","29.01","77.34","0","0","38.49","40.28","4.24","35.45","87.37","5.03","8.2","51.06","6.41"
"2026-09-05","40.98","92.63","8.63","8.74","48.79","46.99","4.86","34.47","82.53","0","0","36.25","35.34","2.6","29.03","77.41","0","0","38.93","40.74","4.34","35.64","87.62","5.3","8.48","51.41","6.47"
"2026-09-06","40.96","92.55","8.46","8.47","48.74","46.91","4.83","34.28","82.29","0","0","36.29","35.44","2.63","29.05","77.5","0","0","39.37","41.22","4.45","35.83","87.86","5.57","8.75","51.75","6.53"
"2026-09-07","40.94","92.46","8.29","8.19","48.69","46.84","4.81","34.09","82.05","0","0","36.35","35.56","2.67","29.08","77.59","0","0","39.82","41.7","4.55","36.03","88.1","5.84","9.01","52.1","6.59"
"2026-09-08","40.91","92.37","8.1","7.9","48.65","46.77","4.79","33.9","81.81","0","0","36.42","35.69","2.71","29.11","77.7","0","0","40.29","42.18","4.66","36.22","88.33","6.1","9.26","52.44","6.65"
"2026-09-09","40.87","92.26","7.91","7.61","48.61","46.7","4.77","33.71","81.57","0","0","36.5","35.83","2.75","29.15","77.8","0","0","40.76","42.68","4.77","36.41","88.57","6.35","9.5","52.78","6.71"
"2026-09-10","40.83","92.15","7.71","7.3","48.56","46.64","4.75","33.52","81.34","0","0","36.6","35.99","2.8","29.2","77.92","0","0","41.25","43.19","4.88","36.59","88.8","6.6","9.73","53.12","6.77"
"2026-09-11","40.78","92.03","7.5","6.99","48.53","46.58","4.73","33.34","81.12","0","0","36.72","36.17","2.85","29.25","78.04","0","0","41.74","43.7","4.99","36.78","89.02","6.83","9.95","53.45","6.82"
"2026-09-12","40.73","91.9","7.28","6.67","48.49","46.52","4.72","33.15","80.89","0","0","36.84","36.36","2.9","29.31","78.18","0","0","42.25","44.22","5.11","36.96","89.24","7.07","10.17","53.79","6.88"
"2026-09-13","40.66","91.77","7.06","6.35","48.45","46.47","4.7","32.97","80.67","0","0","36.99","36.56","2.96","29.38","78.31","0","0","42.76","44.75","5.22","37.14","89.46","7.29","10.37","54.12","6.94"
"2026-09-14","40.6","91.63","6.82","6.02","48.42","46.43","4.69","32.79","80.46","0","0","37.14","36.79","3.02","29.45","78.46","0","0","43.28","45.28","5.34","37.32","89.67","7.51","10.56","54.44","6.99"
"2026-09-15","40.53","91.48","6.58","5.68","48.39","46.39","4.68","32.61","80.25","0","0","37.31","37.02","3.08","29.52","78.61","0","0","43.81","45.82","5.45","37.5","89.88","7.72","10.73","54.76","7.05"
"2026-09-16","40.45","91.33","6.34","5.34","48.37","46.36","4.67","32.43","80.04","0","0","37.5","37.27","3.15","29.6","78.77","0","0","44.35","46.37","5.57","37.68","90.08","7.92","10.9","55.08","7.1"
"2026-09-17","40.36","91.17","6.09","4.99","48.35","46.33","4.66","32.26","79.84","0","0","37.7","37.54","3.22","29.69","78.94","0","0","44.9","46.92","5.68","37.85","90.28","8.11","11.06","55.4","7.15"
"2026-09-18","40.27","91.0","5.83","4.63","48.33","46.3","4.65","32.09","79.65","0","0","37.92","37.82","3.29","29.78","79.11","0","0","45.45","47.48","5.8","38.02","90.47","8.3","11.2","55.71","7.2"
"2026-09-19","40.18","90.83","5.56","4.27","48.31","46.28","4.65","31.92","79.46","0","0","38.15","38.12","3.37","29.88","79.28","0","0","46.01","48.04","5.92","38.18","90.65","8.47","11.34","56.02","7.25"
"2026-09-20","40.08","90.65","5.29","3.91","48.3","46.27","4.65","31.75","79.28","0","0","38.39","38.43","3.45","29.99","79.47","0","0","46.58","48.6","6.04","38.34","90.83","8.64","11.46","56.32","7.3"
"2026-09-21","39.97","90.46","5.01","3.54","48.29","46.27","4.64","31.59","79.1","0","0","38.65","38.75","3.53","30.09","79.66","0","0","47.15","49.17","6.16","38.5","91.01","8.8","11.57","56.62","7.35"
"2026-09-22","39.86","90.27","4.73","3.17","48.29","46.27","4.64","31.44","78.93","0","0","38.92","39.09","3.62","30.21","79.85","0","0","47.73","49.74","6.28","38.66","91.17","8.95","11.66","56.92","7.4"
"2026-09-23","39.75","90.07","4.45","2.79","48.3","46.28","4.65","31.28","78.76","0","0","39.21","39.44","3.7","30.33","80.05","0","0","48.31","50.32","6.39","38.81","91.33","9.08","11.75","57.21","7.44"
"2026-09-24","39.62","89.87","4.15","2.42","48.3","46.29","4.65","31.13","78.6","0","0","39.52","39.81","3.8","30.45","80.26","0","0","48.9","50.9","6.51","38.96","91.49","9.21","11.82","57.5","7.49"
"2026-09-25","39.5","89.66","3.86","2.04","48.32","46.32","4.66","30.99","78.45","0","0","39.83","40.19","3.89","30.58","80.47","0","0","49.49","51.48","6.63","39.1","91.64","9.34","11.88","57.78","7.53"
"2026-09-26","39.37","89.45","3.56","1.65","48.33","46.35","4.66","30.84","78.31","0","0","40.16","40.59","3.99","30.71","80.68","0","0","50.08","52.06","6.75","39.24","91.78","9.45","11.93","58.06","7.58"
"2026-09-27","39.23","89.23","3.26","1.27","48.36","46.38","4.68","30.71","78.17","0","0","40.51","41.0","4.09","30.85","80.9","0","0","50.69","52.65","6.87","39.37","91.91","9.55","11.97","58.33","7.62"
"2026-09-28","39.09","89.01","2.95","0.88","48.39","46.43","4.69","30.57","78.04","0","0","40.87","41.42","4.19","30.99","81.13","0","0","51.29","53.24","6.99","39.5","92.04","9.64","11.99","58.6","7.66"
"2026-09-29","38.95","88.79","2.64","0.5","48.42","46.48","4.7","30.45","77.92","0","0","41.24","41.85","4.29","31.14","81.35","0","0","51.9","53.82","7.11","39.63","92.16","9.72","12.0","58.87","7.7"
"2026-09-30","38.8","88.56","2.33","0.11","48.46","46.54","4.72","30.32","77.8","0","0","41.63","42.3","4.4","31.29","81.58","0","0.13","52.5","54.41","7.23","39.75","92.27","9.79","12.0","59.13","7.74"
"2026-10-01","38.65","88.32","2.01","0","48.51","46.61","4.74","30.2","77.69","0","0","42.03","42.76","4.51","31.44","81.82","0","0.51","53.12","55.0","7.35","39.87","92.37","9.85","11.98","59.38","7.78"
"2026-10-02","38.5","88.09","1.7","0","48.56","46.69","4.76","30.09","77.59","0","0","42.44","43.24","4.62","31.6","82.06","0","0.9","53.73","55.58","7.46","39.98","92.47","9.9","11.96","59.63","7.81"
"2026-10-03","38.34","87.85","1.38","0","48.62","46.78","4.78","29.98","77.5","0","0","42.87","43.72","4.74","31.76","82.3","0","1.29","54.34","56.17","7.58","40.08","92.56","9.94","11.92","59.87","7.85"
"2026-10-04","38.17","87.61","1.06","0","48.69","46.87","4.81","29.88","77.41","0","0","43.3","44.22","4.85","31.93","82.54","0","1.67","54.96","56.76","7.7","40.18","92.64","9.97","11.87","60.12","7.89"
"2026-10-05","38.01","87.36","0.74","0","48.77","46.98","4.83","29.78","77.33","0","0","43.76","44.73","4.97","32.09","82.79","0","2.05","55.57","57.34","7.81","40.28","92.71","9.99","11.8","60.35","7.92"
"2026-10-06","37.84","87.11","0.41","0","48.85","47.09","4.86","29.69","77.26","0","0","44.22","45.25","5.1","32.27","83.04","0","2.43","56.19","57.93","7.93","40.37","92.78","10.0","11.73","60.58","7.96"
"2026-10-07","37.67","86.86","0.09","0","48.94","47.22","4.9","29.6","77.2","0","0","44.7","45.78","5.22","32.44","83.29","0.11","2.81","56.8","58.51","8.04","40.45","92.83","10.0","11.64","60.81","7.99"
"2026-10-08","37.49","86.61","0","0","49.04","47.35","4.93","29.52","77.15","0","0","45.19","46.33","5.35","32.62","83.54","0.43","3.18","57.42","59.09","8.15","40.53","92.88","9.99","11.54","61.03","8.02"
"2026-10-09","37.32","86.36","0","0","49.14","47.49","4.97","29.44","77.1","0","0","45.69","46.88","5.47","32.79","83.8","0.75","3.56","58.03","59.66","8.27","40.6","92.92","9.96","11.43","61.25","8.05"
"2026-10-10","37.14","86.1","0","0","49.25","47.64","5.01","29.37","77.07","0","0","46.2","47.44","5.6","32.97","84.05","1.07","3.92","58.65","60.23","8.38","40.67","92.95","9.93","11.3","61.46","8.08"
"2026-10-11","36.95","85.85","0","0","49.37","47.8","5.05","29.31","77.04","0","0","46.72","48.02","5.73","33.16","84.31","1.39","4.29","59.26","60.8","8.49","40.73","92.98","9.89","11.16","61.67","8.11"
"2026-10-12","36.77","85.59","0","0","49.5","47.97","5.1","29.25","77.02","0","0","47.26","48.6","5.87","33.34","84.57","1.71","4.65","59.87","61.37","8.6","40.78","92.99","9.84","11.02","61.87","8.14"
"2026-10-13","36.58","85.33","0","0","49.64","48.16","5.14","29.2","77.0","0","0","47.8","49.2","6.0","33.53","84.83","2.03","5.0","60.47","61.93","8.7","40.83","93.0","9.77","10.86","62.07","8.17"
"2026-10-14","36.4","85.07","0","0","49.79","48.35","5.19","29.15","77.0","0","0","48.36","49.8","6.14","33.72","85.08","2.34","5.35","61.08","62.49","8.81","40.87","93.0","9.7","10.69","62.26","8.2"
"2026-10-15","36.21","84.82","0","0","49.94","48.55","5.24","29.11","77.0","0","0","48.92","50.41","6.28","33.91","85.34","2.65","5.69","61.68","63.04","8.91","40.91","92.99","9.61","10.51","62.45","8.23"
"2026-10-16","36.02","84.56","0","0","50.11","48.76","5.3","29.08","77.02","0","0","49.5","51.03","6.42","34.1","85.6","2.96","6.03","62.28","63.59","9.02","40.94","92.97","9.52","10.31","62.64","8.25"
"2026-10-17","35.83","84.3","0","0","50.28","48.98","5.36","29.05","77.04","0","0","50.08","51.65","6.56","34.29","85.86","3.27","6.36","62.87","64.14","9.12","40.96","92.95","9.42","10.11","62.82","8.28"
"2026-10-18","35.63","84.04","0","0","50.46","49.22","5.42","29.03","77.07","0","0","50.68","52.29","6.7","34.48","86.11","3.57","6.69","63.46","64.67","9.22","40.98","92.91","9.3","9.9","62.99","8.3"
"2026-10-19","35.44","83.79","0","0","50.65","49.46","5.48","29.01","77.1","0","0","51.28","52.93","6.84","34.68","86.37","3.87","7.01","64.05","65.21","9.32","40.99","92.87","9.18","9.67","63.17","8.33"
"2026-10-20","35.25","83.53","0","0","50.85","49.71","5.54","29.0","77.15","0","0","51.89","53.58","6.99","34.87","86.62","4.17","7.32","64.63","65.73","9.42","41.0","92.82","9.05","9.44","63.34","8.35"
"2026-10-21","35.05","83.28","0","0","51.06","49.98","5.61","29.0","77.2","0","0","52.51","54.23","7.13","35.06","86.87","4.46","7.62","65.2","66.25","9.52","41.0","92.76","8.91","9.19","63.5","8.38"
"2026-10-22","34.86","83.03","0","0","51.28","50.25","5.68","29.0","77.27","0","0","53.14","54.9","7.28","35.26","87.12","4.75","7.91","65.77","66.77","9.61","40.99","92.69","8.76","8.94","63.66","8.4"
"2026-10-23","34.67","82.78","0","0","51.51","50.54","5.75","29.01","77.34","0","0","53.77","55.56","7.42","35.45","87.37","5.03","8.2","66.34","67.27","9.7","40.98","92.62","8.59","8.68","63.82","8.42"
"2026-10-24","34.47","82.53","0","0","51.74","50.83","5.82","29.03","77.41","0","0","54.41","56.23","7.57","35.64","87.62","5.3","8.48","66.9","67.77","9.79","40.96","92.53","8.43","8.41","63.98","8.44"
"2026-10-25","34.28","82.29","0","0","51.99","51.14","5.9","29.05","77.5","0","0","55.06","56.91","7.72","35.83","87.86","5.57","8.75","67.45","68.27","9.88","40.93","92.44","8.25","8.13","64.13","8.47"
"2026-10-26","34.09","82.05","0","0","52.25","51.45","5.98","29.08","77.59","0","0","55.72","57.59","7.87","36.03","88.1","5.84","9.01","67.99","68.75","9.97","40.9","92.34","8.06","7.84","64.28","8.49"
"2026-10-27","33.9","81.81","0","0","52.51","51.78","6.06","29.11","77.7","0","0","56.38","58.28","8.02","36.22","88.33","6.1","9.26","68.53","69.23","10.06","40.86","92.24","7.87","7.54","64.43","8.51"
"2026-10-28","33.71","81.57","0","0","52.79","52.12","6.14","29.15","77.8","0","0","57.05","58.97","8.16","36.41","88.57","6.35","9.5","69.07","69.7","10.14","40.82","92.13","7.66","7.24","64.57","8.53"
"2026-10-29","33.52","81.34","0","0","53.07","52.46","6.23","29.2","77.92","0","0","57.72","59.66","8.31","36.59","88.8","6.6","9.73","69.59","70.16","10.23","40.77","92.0","7.45","6.92","64.71","8.55"
"2026-10-30","33.34","81.12","0","0","53.37","52.82","6.32","29.25","78.04","0","0","58.4","60.35","8.46","36.78","89.02","6.83","9.95","70.11","70.62","10.31","40.71","91.88","7.23","6.6","64.85","8.57"
"2026-10-31","33.15","80.89","0","0","53.67","53.19","6.41","29.31","78.18","0","0","59.08","61.05","8.61","36.96","89.24","7.07","10.17","70.62","71.06","10.39","40.65","91.74","7.01","6.28","64.99","8.6"
"2026-11-01","32.97","80.67","0","0","53.99","53.57","6.5","29.38","78.31","0","0","59.76","61.75","8.76","37.14","89.46","7.29","10.37","71.12","71.5","10.46","40.58","91.6","6.77","5.94","65.12","8.62"
"2026-11-02","32.79","80.46","0","0","54.31","53.96","6.6","29.45","78.46","0","0","60.45","62.45","8.91","37.32","89.67","7.51","10.56","71.61","71.93","10.54","40.51","91.45","6.53","5.6","65.25","8.64"
"2026-11-03","32.61","80.25","0","0","54.65","54.35","6.69","29.52","78.61","0","0","61.14","63.15","9.06","37.5","89.88","7.72","10.73","72.1","72.35","10.61","40.43","91.29","6.28","5.26","65.38","8.66"
"2026-11-04","32.43","80.04","0","0","54.99","54.76","6.79","29.6","78.77","0","0","61.84","63.86","9.21","37.68","90.08","7.92","10.9","72.57","72.76","10.68","40.34","91.13","6.03","4.91","65.51","8.68"
"2026-11-05","32.26","79.84","0","0","55.34","55.18","6.89","29.69","78.94","0","0","62.54","64.56","9.36","37.85","90.28","8.11","11.06","73.04","73.16","10.75","40.25","90.96","5.77","4.55","65.64","8.7"
"2026-11-06","32.09","79.65","0","0","55.7","55.61","7.0","29.78","79.11","0","0","63.24","65.26","9.51","38.02","90.47","8.3","11.2","73.5","73.55","10.82","40.16","90.79","5.5","4.19","65.76","8.72"
"2026-11-07","31.92","79.46","0","0","56.07","56.04","7.1","29.88","79.28","0","0","63.94","65.96","9.65","38.18","90.65","8.47","11.34","73.95","73.94","10.88","40.06","90.6","5.23","3.83","65.89","8.75"
"2026-11-08","33.05","77.81","0","0","56.45","56.49","7.21","31.28","78.0","0","0","64.64","66.67","9.8","39.64","89.37","10.02","13.52","74.39","74.31","10.95","41.24","88.95","6.33","5.52","66.01","8.77"
"2026-11-09","34.18","76.17","0","0","56.84","56.94","7.32","32.68","76.73","0","0.82","65.34","67.37","9.95","41.08","88.08","11.55","15.7","74.82","74.68","11.01","42.42","87.3","7.42","7.22","66.13","8.79"
"2026-11-10","35.31","74.54","0","0","57.24","57.41","7.43","34.08","75.46","0","3.25","66.04","68.06","10.09","42.53","86.79","13.07","17.86","75.24","75.03","11.07","43.59","85.64","8.51","8.9","66.26","8.81"
"2026-11-11","36.44","72.91","0","0","57.65","57.88","7.55","35.49","74.2","1.24","5.69","66.75","68.76","10.24","43.97","85.49","14.59","20.0","75.65","75.38","11.13","44.76","83.98","9.59","10.59","66.38","8.84"
"2026-11-12","37.58","71.3","0","0","58.07","58.36","7.66","36.9","72.95","2.9","8.13","67.45","69.45","10.38","45.4","84.18","16.09","22.14","76.05","75.72","11.18","45.92","82.31","10.67","12.27","66.5","8.86"
"2026-11-13","38.72","69.69","0","0.53","58.49","58.85","7.78","38.31","71.7","4.57","10.57","68.15","70.14","10.52","46.83","82.87","17.58","24.25","76.44","76.04","11.23","47.07","80.64","11.74","13.94","66.62","8.89"
"2026-11-14","39.86","68.09","0.24","2.52","58.93","59.35","7.9","39.73","70.46","6.24","13.01","68.85","70.83","10.66","48.26","81.56","19.06","26.35","76.82","76.36","11.29","48.22","78.97","12.81","15.61","66.74","8.91"
"2026-11-15","41.0","66.5","1.5","4.53","59.37","59.86","8.01","41.15","69.23","7.91","15.44","69.55","71.51","10.8","49.67","80.24","20.53","28.44","77.19","76.67","11.34","49.36","77.29","13.86","17.27","66.87","8.94"
"2026-11-16","42.15","64.92","2.76","6.54","59.82","60.37","8.14","42.57","68.01","9.58","17.87","70.24","72.19","10.94","51.08","78.92","21.98","30.51","77.56","76.97","11.38","50.49","75.62","14.92","18.93","66.99","8.96"
"2026-11-17","43.29","63.36","4.03","8.56","60.28","60.89","8.26","43.99","66.79","11.25","20.29","70.94","72.86","11.08","52.48","77.6","23.42","32.55","77.91","77.25","11.43","51.62","73.95","15.96","20.58","67.11","8.99"
"2026-11-18","44.44","61.8","5.31","10.59","60.75","61.42","8.38","45.41","65.59","12.92","22.71","71.63","73.53","11.21","53.87","76.27","24.85","34.58","78.25","77.53","11.47","52.73","72.27","17.0","22.22","67.24","9.01"
"2026-11-19","45.59","60.26","6.59","12.62","61.22","61.96","8.51","46.83","64.39","14.59","25.13","72.31","74.19","11.34","55.25","74.94","26.26","36.6","78.58","77.8","11.52","53.84","70.6","18.03","23.86","67.36","9.04"
"2026-11-20","46.73","58.73","7.88","14.66","61.7","62.5","8.64","48.24","63.2","16.25","27.53","72.99","74.85","11.48","56.62","73.6","27.65","38.59","78.9","78.06","11.56","54.95","68.93","19.06","25.49","67.49","9.07"
"2026-11-21","47.88","57.21","9.18","16.7","62.19","63.05","8.76","49.66","62.01","17.91","29.93","73.67","75.5","11.61","57.98","72.27","29.03","40.56","79.2","78.31","11.59","56.04","67.26","20.08","27.12","67.62","9.1"
"2026-11-22","49.03","55.71","10.47","18.74","62.69","63.61","8.89","51.08","60.84","19.57","32.31","74.34","76.14","11.73","59.33","70.93","30.4","42.51","79.5","78.55","11.63","57.12","65.6","21.09","28.74","67.75","9.13"
"2026-11-23","50.18","54.22","11.78","20.79","63.2","64.17","9.02","52.49","59.67","21.22","34.69","75.01","76.78","11.86","60.67","69.59","31.75","44.44","79.79","78.78","11.67","58.2","63.94","22.1","30.35","67.88","9.16"
"2026-11-24","51.32","52.74","13.08","22.84","63.71","64.74","9.16","53.9","58.52","22.86","37.05","75.67","77.41","11.99","62.0","68.25","33.08","46.34","80.07","79.0","11.7","59.27","62.29","23.1","31.95","68.01","9.19"
"2026-11-25","52.47","51.28","14.39","24.9","64.22","65.31","9.29","55.31","57.37","24.5","39.4","76.33","78.03","12.11","63.32","66.91","34.39","48.23","80.33","79.21","11.73","60.32","60.64","24.09","33.55","68.15","9.22"
"2026-11-26","53.61","49.84","15.71","26.95","64.75","65.89","9.42","56.71","56.24","26.13","41.74","76.98","78.65","12.23","64.62","65.57","35.69","50.09","80.59","79.42","11.76","61.37","58.99","25.08","35.14","68.28","9.26"
"2026-11-27","54.76","48.41","17.02","29.01","65.28","66.47","9.55","58.11","55.11","27.75","44.06","77.62","79.25","12.35","65.92","64.23","36.97","51.93","80.84","79.61","11.79","62.41","57.36","26.06","36.72","68.42","9.29"
"2026-11-28","55.9","47.0","18.34","31.06","65.81","67.06","9.69","59.5","53.99","29.37","46.37","78.26","79.85","12.46","67.19","62.89","38.23","53.74","81.07","79.79","11.81","63.44","55.73","27.03","38.29","68.57","9.33"
"2026-11-29","57.04","45.61","19.66","33.12","66.35","67.65","9.82","60.89","52.88","30.97","48.65","78.89","80.44","12.58","68.46","61.55","39.47","55.53","81.3","79.97","11.84","64.46","54.11","27.99","39.86","68.71","9.36"
"2026-11-30","58.17","44.23","20.98","35.17","66.9","68.24","9.96","62.27","51.79","32.56","50.93","79.51","81.01","12.69","69.71","60.21","40.69","57.3","81.51","80.13","11.86","65.47","52.49","28.95","41.42","68.86","9.4"
"2026-12-01","59.31","42.88","22.31","37.22","67.45","68.84","10.1","63.64","50.7","34.15","53.18","80.12","81.58","12.8","70.94","58.87","41.89","59.04","81.71","80.29","11.88","66.47","50.89","29.9","42.96","69.01","9.44"
"2026-12-02","60.44","41.54","23.63","39.27","68.0","69.45","10.23","65.01","49.62","35.72","55.41","80.73","82.14","12.9","72.16","57.54","43.07","60.75","81.91","80.44","11.9","67.46","49.3","30.84","44.5","69.16","9.48"
"2026-12-03","61.57","40.22","24.96","41.31","68.56","70.05","10.37","66.37","48.56","37.28","57.63","81.32","82.69","13.01","73.37","56.2","44.24","62.44","82.09","80.58","11.92","68.43","47.71","31.78","46.03","69.32","9.52"
"2026-12-04","62.69","38.92","26.28","43.35","69.13","70.66","10.51","67.72","47.5","38.82","59.82","81.91","83.22","13.11","74.56","54.87","45.38","64.1","82.27","80.71","11.94","69.4","46.14","32.71","47.55","69.48","9.56"
"2026-12-05","63.82","37.64","27.6","45.39","69.69","71.27","10.64","69.06","46.46","40.35","61.99","82.49","83.75","13.21","75.73","53.54","46.5","65.74","82.43","80.83","11.96","70.36","44.58","33.63","49.06","69.64","9.6"
"2026-12-06","64.93","36.37","28.92","47.42","70.27","71.88","10.78","70.39","45.42","41.87","64.14","83.05","84.26","13.3","76.89","52.22","47.6","67.34","82.58","80.95","11.97","71.3","43.04","34.54","50.56","69.81","9.65"
"2026-12-07","66.05","35.13","30.24","49.44","70.84","72.49","10.92","71.71","44.4","43.37","66.26","83.61","84.77","13.4","78.03","50.9","48.68","68.93","82.73","81.05","11.98","72.24","41.51","35.45","52.06","69.98","9.69"
"2026-12-08","67.15","33.91","31.56","51.46","71.42","73.11","11.05","73.02","43.38","44.86","68.36","84.15","85.26","13.49","79.15","49.58","49.74","70.48","82.86","81.15","12.0","73.16","39.99","36.35","53.54","70.15","9.74"
"2026-12-09","68.26","32.71","32.88","53.46","72.0","73.72","11.19","74.32","42.38","46.33","70.43","84.69","85.74","13.58","80.25","48.27","50.78","72.0","82.99","81.24","12.01","74.07","38.48","37.24","55.01","70.33","9.78"
"2026-12-10","69.35","31.54","34.19","55.46","72.58","74.33","11.33","75.61","41.39","47.79","72.48","85.21","86.21","13.66","81.34","46.96","51.8","73.5","83.1","81.33","12.02","74.98","36.99","38.12","56.47","70.51","9.83"
"2026-12-11","70.45","30.38","35.5","57.45","73.16","74.95","11.46","76.88","40.41","49.22","74.49","85.72","86.66","13.74","82.41","45.66","52.79","74.97","83.21","81.4","12.02","75.86","35.52","39.0","57.92","70.69","9.88"
"2026-12-12","71.53","29.24","36.81","59.43","73.74","75.56","11.6","78.15","39.45","50.64","76.48","86.23","87.1","13.82","83.46","44.36","53.76","76.41","83.31","81.47","12.03","76.74","34.07","39.87","59.36","70.88","9.93"
"2026-12-13","72.61","28.13","38.11","61.4","74.33","76.18","11.73","79.39","38.49","52.04","78.45","86.71","87.53","13.9","84.49","43.08","54.71","77.82","83.4","81.53","12.04","77.61","32.63","40.73","60.79","71.08","9.98"
"2026-12-14","73.68","27.04","39.4","63.35","74.91","76.79","11.87","80.63","37.55","53.42","80.38","87.19","87.95","13.97","85.51","41.79","55.64","79.2","83.48","81.59","12.04","78.46","31.21","41.58","62.2","71.27","10.04"
"2026-12-15","74.75","25.97","40.69","65.29","75.5","77.4","12.0","81.85","36.61","54.78","82.28","87.65","88.35","14.04","86.5","40.52","56.54","80.56","83.55","81.64","12.05","79.3","29.8","42.43","63.61","71.48","10.09"
"2026-12-16","75.81","24.93","41.98","67.22","76.09","78.01","12.13","83.06","35.69","56.11","84.15","88.11","88.74","14.11","87.47","39.25","57.43","81.88","83.61","81.68","12.05","80.13","28.42","43.26","65.0","71.68","10.14"
"2026-12-17","76.86","23.91","43.25","69.14","76.67","78.61","12.26","84.25","34.78","57.43","85.99","88.54","89.12","14.17","88.43","37.99","58.29","83.17","83.66","81.71","12.05","80.95","27.05","44.09","66.38","71.89","10.2"
"2026-12-18","77.9","22.91","44.52","71.04","77.26","79.22","12.39","85.43","33.89","58.73","87.79","88.97","89.48","14.24","89.36","36.74","59.12","84.44","83.71","81.74","12.05","81.76","25.71","44.91","67.75","72.1","10.26"
"2026-12-19","78.93","21.94","45.79","72.92","77.84","79.82","12.52","86.58","33.0","60.0","89.56","89.38","89.83","14.29","90.27","35.5","59.94","85.67","83.75","81.77","12.05","82.55","24.39","45.73","69.11","72.32","10.32"
"2026-12-20","79.96","20.99","47.04","74.79","78.42","80.41","12.65","87.73","32.13","61.25","91.3","89.78","90.16","14.35","91.17","34.27","60.73","86.88","83.78","81.78","12.05","83.33","23.08","46.53","70.45","72.54","10.38"
"2026-12-21","80.97","20.06","48.29","76.63","79.0","81.0","12.78","88.85","31.27","62.47","93.0","90.16","90.48","14.4","92.04","33.05","61.5","88.05","83.8","81.8","12.05","84.1","21.8","47.33","71.78","72.77","10.44"
"2026-12-22","81.98","19.16","49.52","78.47","79.58","81.59","12.9","89.96","30.42","63.67","94.67","90.53","90.79","14.45","92.89","31.84","62.24","89.19","83.82","81.8","12.05","84.85","20.54","48.12","73.1","73.0","10.5"
"2026-12-23","82.98","18.28","50.75","80.28","80.16","82.17","13.03","91.05","29.59","64.85","96.3","90.89","91.08","14.5","93.72","30.64","62.96","90.31","83.83","81.81","12.05","85.59","19.31","48.9","74.4","73.23","10.56"
"2026-12-24","83.96","17.43","51.96","82.07","80.73","82.75","13.15","92.12","28.77","66.0","97.89","91.23","91.35","14.54","94.53","29.45","63.66","91.39","83.83","81.81","12.05","86.32","18.1","49.67","75.69","73.47","10.62"
"2026-12-25","84.94","16.6","53.17","83.84","81.3","83.33","13.27","93.17","27.96","67.13","99.45","91.56","91.62","14.58","95.31","28.28","64.34","92.44","83.83","81.8","12.05","87.04","16.91","50.43","76.97","73.72","10.69"
"2026-12-26","85.9","15.79","54.36","85.59","81.86","83.89","13.39","94.2","27.16","68.23","100.97","91.87","91.87","14.62","96.08","27.11","64.99","93.46","83.81","81.79","12.04","87.74","15.74","51.18","78.23","73.96","10.75"
"2026-12-27","86.86","15.01","55.54","87.31","82.42","84.45","13.51","95.22","26.38","69.3","102.45","92.17","92.1","14.65","96.82","25.96","65.62","94.45","83.8","81.77","12.04","88.43","14.6","51.93","79.47","74.21","10.82"
"2026-12-28","87.8","14.26","56.71","89.02","82.98","85.01","13.62","96.21","25.61","70.35","103.9","92.46","92.32","14.68","97.54","24.82","66.22","95.42","83.77","81.75","12.04","89.11","13.49","52.66","80.7","74.47","10.89"
"2026-12-29","88.73","13.53","57.87","90.7","83.53","85.55","13.74","97.18","24.85","71.37","105.3","92.73","92.52","14.71","98.24","23.7","66.81","96.35","83.75","81.73","12.03","89.77","12.4","53.39","81.92","74.73","10.96"
"2026-12-30","89.65","12.82","59.01","92.35","84.08","86.09","13.85","98.13","24.1","72.36","106.66","92.98","92.71","14.74","98.92","22.59","67.37","97.25","83.71","81.7","12.03","90.42","11.34","54.11","83.12","74.99","11.03"
"2026-12-31","90.55","12.14","60.13","93.98","84.62","86.62","13.96","99.06","23.37","73.32","107.98","93.22","92.89","14.76","99.57","21.5","67.9","98.11","83.67","81.67","12.02","91.06","10.3","54.82","84.3","75.26","11.1"
