"date","mean_thaw_depth","mean_frost_depth","mean_snow_depth","mean_swe","mean_lz_volume","mean_uz_volume","mean_runoff","open_thaw_depth","open_frost_depth","open_snow_depth","open_swe","open_lz_volume","open_uz_volume","open_runoff","forest_thaw_depth","forest_frost_depth","forest_snow_depth","forest_swe","forest_lz_volume","forest_uz_volume","forest_runoff","bog_thaw_depth","bog_frost_depth","bog_snow_depth","bog_swe","bog_sm_volume","bog_runoff"
"2024-01-01","84.06","43.5","56.46","81.27","86.86","85.71","13.07","80.89","37.02","45.94","66.41","74.6","72.94","10.27","73.01","27.74","36.48","58.19","71.1","72.29","10.77","76.33","34.4","47.18","73.21","83.44","13.27"
"2024-01-02","85.18","42.36","57.55","82.83","87.06","85.85","13.09","81.76","35.58","46.74","67.71","74.68","73.06","10.3","73.98","26.52","37.62","59.98","71.58","72.82","10.89","77.56","33.48","48.62","75.25","84.02","13.38"
"2024-01-03","86.28","41.22","58.62","84.36","87.24","85.98","13.11","82.61","34.15","47.52","68.99","74.76","73.19","10.34","74.95","25.32","38.76","61.75","72.07","73.36","11.01","78.77","32.56","50.04","77.27","84.59","13.5"
"2024-01-04","87.36","40.1","59.67","85.86","87.41","86.09","13.12","83.44","32.74","48.28","70.26","74.84","73.31","10.37","75.91","24.14","39.89","63.52","72.55","73.9","11.14","79.98","31.67","51.44","79.25","85.16","13.61"
"2024-01-05","88.42","38.98","60.69","87.32","87.56","86.2","13.13","84.26","31.35","49.03","71.5","74.93","73.44","10.41","76.86","22.99","41.02","65.28","73.04","74.43","11.26","81.17","30.79","52.83","81.22","85.71","13.72"
"2024-01-06","89.46","37.86","61.68","88.75","87.7","86.3","13.14","85.06","29.97","49.77","72.73","75.01","73.57","10.45","77.8","21.87","42.14","67.02","73.54","74.98","11.38","82.35","29.92","54.2","83.15","86.26","13.82"
"2024-01-07","90.48","36.76","62.65","90.14","87.84","86.38","13.15","85.85","28.6","50.5","73.95","75.1","73.7","10.48","78.74","20.76","43.26","68.76","74.04","75.52","11.51","83.51","29.08","55.55","85.05","86.79","13.93"
"2024-01-08","91.48","35.67","63.6","91.5","87.96","86.46","13.15","86.62","27.26","51.21","75.14","75.19","73.84","10.52","79.66","19.69","44.37","70.48","74.54","76.06","11.63","84.66","28.25","56.89","86.93","87.32","14.03"
"2024-01-09","92.46","34.58","64.52","92.82","88.06","86.52","13.15","87.38","25.93","51.91","76.32","75.28","73.98","10.56","80.58","18.64","45.47","72.19","75.04","76.61","11.75","85.8","27.43","58.2","88.77","87.83","14.13"
"2024-01-10","93.42","33.5","65.41","94.11","88.16","86.57","13.16","88.11","24.62","52.6","77.48","75.37","74.12","10.6","81.49","17.61","46.57","73.88","75.54","77.15","11.88","86.92","26.63","59.5","90.59","88.33","14.22"
"2024-01-11","94.35","32.43","66.27","95.37","88.24","86.62","13.15","88.84","23.32","53.27","78.62","75.46","74.26","10.64","82.39","16.61","47.66","75.56","76.05","77.69","12.0","88.03","25.85","60.77","92.37","88.82","14.31"
"2024-01-12","95.26","31.37","67.11","96.58","88.32","86.65","13.15","89.54","22.05","53.93","79.74","75.56","74.41","10.69","83.28","15.64","48.75","77.23","76.55","78.24","12.12","89.12","25.08","62.03","94.12","89.29","14.4"
"2024-01-13","96.15","30.32","67.93","97.77","88.38","86.68","13.15","90.23","20.8","54.58","80.85","75.65","74.56","10.73","84.16","14.69","49.82","78.88","77.06","78.78","12.24","90.2","24.34","63.26","95.84","89.76","14.49"
"2024-01-14","97.02","29.29","68.71","98.91","88.43","86.69","13.14","90.9","19.56","55.22","81.93","75.75","74.72","10.77","85.03","13.77","50.89","80.51","77.57","79.32","12.36","91.26","23.6","64.47","97.52","90.21","14.58"
"2024-01-15","97.87","28.26","69.47","100.02","88.47","86.7","13.14","91.56","18.35","55.84","83.0","75.85","74.87","10.82","85.88","12.87","51.95","82.13","78.07","79.86","12.48","92.3","22.89","65.66","99.17","90.65","14.66"
"2024-01-16","98.69","27.24","70.2","101.1","88.5","86.7","13.13","92.2","17.16","56.45","84.05","75.95","75.04","10.86","86.73","12.01","53.01","83.73","78.58","80.4","12.6","93.33","22.19","66.83","100.78","91.07","14.73"
"2024-01-17","99.49","26.24","70.91","102.13","88.51","86.69","13.12","92.82","15.99","57.04","85.08","76.06","75.2","10.91","87.57","11.17","54.05","85.31","79.09","80.93","12.72","94.34","21.51","67.97","102.36","91.49","14.81"
"2024-01-18","100.26","25.24","71.58","103.13","88.52","86.67","13.11","93.43","14.84","57.63","86.09","76.17","75.37","10.96","88.4","10.35","55.08","86.87","79.6","81.47","12.84","95.33","20.84","69.09","103.9","91.88","14.88"
"2024-01-19","101.01","24.26","72.23","104.1","88.52","86.64","13.1","94.02","13.72","58.2","87.08","76.28","75.54","11.01","89.21","9.57","56.1","88.41","80.1","82.0","12.96","96.3","20.19","70.18","105.4","92.27","14.95"
"2024-01-20","101.74","23.29","72.85","105.02","88.51","86.6","13.08","94.6","12.62","58.75","88.05","76.39","75.71","11.06","90.01","8.81","57.11","89.93","80.61","82.52","13.07","97.25","19.56","71.25","106.86","92.64","15.01"
"2024-01-21","102.44","22.34","73.45","105.91","88.48","86.56","13.07","95.15","11.54","59.3","89.01","76.51","75.89","11.11","90.81","8.08","58.11","91.43","81.11","83.05","13.19","98.18","18.95","72.29","108.29","93.0","15.08"
"2024-01-22","103.12","21.4","74.01","106.77","88.45","86.5","13.05","95.69","10.49","59.83","89.94","76.62","76.07","11.16","91.58","7.38","59.1","92.91","81.61","83.57","13.3","99.1","18.35","73.3","109.67","93.34","15.14"
"2024-01-23","103.78","20.47","74.55","107.58","88.41","86.44","13.03","96.22","9.46","60.35","90.86","76.74","76.25","11.21","92.35","6.71","60.08","94.36","82.11","84.08","13.41","99.99","17.77","74.29","111.02","93.67","15.19"
"2024-01-24","104.41","19.55","75.07","108.36","88.36","86.38","13.02","96.72","8.46","60.85","91.75","76.87","76.44","11.27","93.1","6.06","61.05","95.8","82.6","84.59","13.52","100.86","17.2","75.25","112.32","93.98","15.24"
"2024-01-25","105.01","18.65","75.55","109.1","88.29","86.3","13.0","97.21","7.49","61.35","92.63","76.99","76.63","11.32","93.85","5.45","62.0","97.2","83.1","85.09","13.63","101.71","16.65","76.19","113.59","94.28","15.29"
"2024-01-26","105.59","17.76","76.01","109.81","88.22","86.22","12.98","97.69","6.54","61.83","93.49","77.12","76.82","11.37","94.57","4.86","62.93","98.59","83.58","85.59","13.74","102.54","16.12","77.09","114.81","94.56","15.34"
"2024-01-27","106.15","16.89","76.44","110.48","88.15","86.13","12.96","98.14","5.61","62.3","94.32","77.26","77.02","11.43","95.29","4.3","63.86","99.95","84.07","86.09","13.84","103.35","15.61","77.97","115.99","94.83","15.38"
"2024-01-28","106.68","16.04","76.84","111.11","88.06","86.04","12.93","98.58","4.72","62.75","95.14","77.39","77.22","11.49","95.99","3.77","64.77","101.28","84.55","86.57","13.94","104.13","15.11","78.82","117.13","95.08","15.42"
"2024-01-29","107.18","15.2","77.21","111.71","87.96","85.94","12.91","99.0","3.85","63.19","95.94","77.53","77.42","11.54","96.67","3.27","65.66","102.59","85.03","87.05","14.05","104.9","14.63","79.63","118.23","95.31","15.45"
"2024-01-30","107.66","14.38","77.56","112.27","87.86","85.83","12.89","99.41","3.01","63.62","96.71","77.67","77.63","11.6","97.34","2.8","66.54","103.87","85.5","87.52","14.15","105.64","14.17","80.42","119.28","95.53","15.49"
"2024-01-31","108.12","13.57","77.88","112.79","87.75","85.72","12.86","99.8","2.2","64.04","97.47","77.81","77.84","11.66","98.0","2.35","67.41","105.12","85.96","87.99","14.24","106.35","13.72","81.18","120.29","95.74","15.51"
"2024-02-01","108.54","12.78","78.17","113.27","87.63","85.61","12.84","100.17","1.42","64.45","98.21","77.96","78.05","11.72","98.64","1.94","68.26","106.34","86.42","88.45","14.34","107.05","13.29","81.91","121.25","95.93","15.54"
"2024-02-02","108.95","12.01","78.44","113.72","87.51","85.48","12.81","100.53","0.66","64.84","98.92","78.11","78.27","11.78","99.27","1.55","69.09","107.54","86.88","88.9","14.43","107.71","12.87","82.61","122.17","96.1","15.56"
"2024-02-03","109.32","11.25","78.68","114.14","87.37","85.36","12.79","100.86","0","65.22","99.62","78.26","78.48","11.84","99.88","1.19","69.9","108.7","87.33","89.34","14.52","108.36","12.48","83.27","123.04","96.26","15.58"
"2024-02-04","109.68","10.51","78.89","114.52","87.23","85.22","12.76","101.19","0","65.58","100.29","78.42","78.7","11.9","100.48","0.86","70.7","109.84","87.77","89.77","14.61","108.98","12.1","83.91","123.87","96.4","15.59"
"2024-02-05","110.0","9.8","79.08","114.86","87.09","85.09","12.73","101.49","0","65.94","100.94","78.57","78.93","11.96","101.06","0.56","71.48","110.94","88.2","90.19","14.7","109.57","11.73","84.51","124.66","96.53","15.61"
"2024-02-06","110.3","9.1","79.24","115.17","86.94","84.95","12.71","101.78","0","66.28","101.58","78.73","79.15","12.02","101.62","0.28","72.24","112.01","88.63","90.61","14.78","110.15","11.39","85.08","125.4","96.64","15.61"
"2024-02-07","110.58","8.42","79.37","115.44","86.78","84.8","12.68","102.05","0","66.61","102.19","78.9","79.38","12.08","102.17","0.04","72.98","113.05","89.05","91.01","14.86","110.69","11.06","85.62","126.09","96.73","15.62"
"2024-02-08","110.83","7.76","79.48","115.67","86.62","84.66","12.65","102.31","0","66.93","102.78","79.06","79.61","12.14","102.69","0","73.7","114.06","89.46","91.41","14.94","111.21","10.74","86.13","126.73","96.81","15.62"
"2024-02-09","111.05","7.11","79.56","115.87","86.45","84.51","12.62","102.54","0","67.23","103.34","79.23","79.84","12.2","103.21","0","74.41","115.03","89.86","91.79","15.02","111.7","10.45","86.6","127.33","96.87","15.62"
"2024-02-10","111.25","6.49","79.62","116.04","86.27","84.35","12.59","102.77","0","67.52","103.89","79.4","80.07","12.27","103.7","0","75.09","115.97","90.26","92.16","15.09","112.17","10.17","87.04","127.89","96.91","15.61"
"2024-02-11","111.42","5.89","79.65","116.17","86.09","84.2","12.57","102.97","0","67.8","104.41","79.57","80.3","12.33","104.18","0","75.75","116.88","90.64","92.53","15.16","112.61","9.91","87.45","128.39","96.94","15.6"
"2024-02-12","111.57","5.31","79.66","116.27","85.91","84.04","12.54","103.16","0","68.06","104.91","79.75","80.54","12.39","104.64","0","76.39","117.75","91.02","92.88","15.23","113.02","9.66","87.82","128.85","96.96","15.59"
"2024-02-13","111.69","4.76","79.64","116.33","85.72","83.87","12.51","103.33","0","68.31","105.39","79.92","80.78","12.46","105.08","0","77.01","118.59","91.38","93.21","15.3","113.41","9.43","88.17","129.26","96.95","15.58"
"2024-02-14","111.79","4.22","79.6","116.36","85.53","83.71","12.48","103.49","0","68.55","105.85","80.1","81.01","12.52","105.51","0","77.61","119.39","91.74","93.54","15.36","113.77","9.22","88.47","129.63","96.94","15.56"
"2024-02-15","111.86","3.71","79.53","116.36","85.33","83.54","12.45","103.63","0","68.78","106.29","80.28","81.25","12.58","105.91","0","78.18","120.15","92.08","93.86","15.42","114.1","9.02","88.75","129.95","96.9","15.54"
"2024-02-16","111.91","3.21","79.44","116.32","85.14","83.38","12.42","103.75","0","68.99","106.7","80.47","81.49","12.64","106.3","0","78.74","120.87","92.42","94.16","15.48","114.41","8.84","88.99","130.22","96.85","15.51"
"2024-02-17","111.93","2.74","79.32","116.25","84.93","83.21","12.39","103.85","0","69.19","107.09","80.65","81.73","12.71","106.67","0","79.27","121.56","92.74","94.45","15.53","114.69","8.68","89.19","130.44","96.79","15.49"
"2024-02-18","111.93","2.3","79.18","116.15","84.73","83.04","12.37","103.94","0","69.38","107.46","80.84","81.97","12.77","107.01","0","79.77","122.21","93.06","94.73","15.58","114.94","8.54","89.37","130.62","96.71","15.46"
"2024-02-19","111.9","1.88","79.02","116.02","84.52","82.86","12.34","104.02","0","69.56","107.8","81.02","82.21","12.83","107.34","0","80.25","122.82","93.36","94.99","15.63","115.16","8.41","89.5","130.74","96.61","15.42"
"2024-02-20","111.85","1.48","78.83","115.85","84.31","82.69","12.31","104.07","0","69.72","108.12","81.21","82.45","12.89","107.65","0","80.71","123.4","93.65","95.24","15.67","115.35","8.3","89.61","130.83","96.5","15.39"
"2024-02-21","111.77","1.1","78.62","115.65","84.09","82.52","12.28","104.11","0","69.87","108.42","81.4","82.69","12.96","107.94","0","81.14","123.93","93.93","95.48","15.71","115.52","8.2","89.68","130.86","96.38","15.35"
"2024-02-22","111.67","0.75","78.39","115.42","83.88","82.34","12.26","104.14","0","70.0","108.69","81.59","82.93","13.02","108.21","0","81.55","124.42","94.19","95.7","15.75","115.66","8.12","89.72","130.85","96.24","15.3"
"2024-02-23","111.55","0.42","78.14","115.16","83.66","82.17","12.23","104.15","0","70.12","108.94","81.78","83.17","13.08","108.45","0","81.93","124.87","94.45","95.91","15.78","115.77","8.06","89.72","130.79","96.08","15.26"
"2024-02-24","111.4","0.12","77.87","114.87","83.44","82.0","12.2","104.14","0","70.23","109.16","81.97","83.4","13.14","108.68","0.08","82.29","125.29","94.69","96.1","15.81","115.85","8.02","89.69","130.68","95.91","15.21"
"2024-02-25","111.23","0","77.57","114.55","83.22","81.82","12.18","104.11","0","70.32","109.36","82.16","83.64","13.2","108.89","0.32","82.62","125.66","94.91","96.28","15.84","115.91","7.99","89.62","130.52","95.73","15.16"
"2024-02-26","111.03","0","77.25","114.2","83.0","81.65","12.15","104.07","0","70.4","109.54","82.35","83.87","13.26","109.07","0.58","82.92","125.99","95.13","96.45","15.86","115.93","7.98","89.52","130.32","95.53","15.11"
"2024-02-27","110.81","0","76.91","113.82","82.78","81.48","12.12","104.02","0","70.47","109.69","82.54","84.11","13.32","109.24","0.87","83.2","126.27","95.33","96.6","15.88","115.93","7.99","89.39","130.08","95.32","15.05"
"2024-02-28","110.57","0","76.55","113.41","82.56","81.31","12.1","103.95","0","70.52","109.81","82.73","84.34","13.37","109.38","1.18","83.45","126.52","95.51","96.73","15.9","115.9","8.01","89.23","129.79","95.09","14.99"
"2024-02-29","110.31","0","76.17","112.97","82.33","81.13","12.07","103.86","0","70.56","109.92","82.92","84.56","13.43","109.5","1.52","83.67","126.72","95.69","96.85","15.92","115.84","8.05","89.03","129.45","94.85","14.93"
"2024-03-01","110.02","0","75.78","112.5","82.11","80.96","12.05","103.75","0","70.59","109.99","83.1","84.79","13.49","109.6","1.88","83.87","126.88","95.85","96.96","15.93","115.75","8.11","88.8","129.06","94.6","14.87"
"2024-03-02","109.71","0","75.36","112.01","81.89","80.8","12.03","103.63","0","70.6","110.04","83.29","85.01","13.54","109.68","2.26","84.04","127.0","95.99","97.05","15.93","115.63","8.18","88.53","128.63","94.33","14.8"
"2024-03-03","109.38","0","74.92","111.49","81.66","80.63","12.0","103.5","0","70.6","110.07","83.48","85.23","13.6","109.73","2.67","84.18","127.07","96.12","97.12","15.94","115.49","8.27","88.23","128.16","94.06","14.73"
"2024-03-04","109.02","0","74.46","110.94","81.44","80.46","11.98","103.35","0","70.58","110.07","83.66","85.45","13.65","109.76","3.1","84.29","127.11","96.24","97.18","15.93","115.31","8.38","87.9","127.64","93.76","14.66"
"2024-03-05","108.65","0","73.99","110.36","81.22","80.3","11.96","103.18","0","70.55","110.04","83.85","85.66","13.7","109.77","3.55","84.37","127.09","96.34","97.22","15.93","115.11","8.51","87.54","127.08","93.46","14.59"
"2024-03-06","108.25","0","73.5","109.76","81.0","80.13","11.94","102.99","0","70.5","109.99","84.03","85.87","13.75","109.76","4.03","84.42","127.03","96.42","97.25","15.92","114.88","8.65","87.14","126.47","93.15","14.51"
"2024-03-07","107.83","0","72.98","109.13","80.77","79.97","11.92","102.79","0","70.44","109.91","84.2","86.08","13.8","109.73","4.52","84.44","126.93","96.49","97.26","15.91","114.62","8.81","86.72","125.82","92.82","14.44"
"2024-03-08","107.39","0","72.46","108.47","80.56","79.82","11.9","102.58","0","70.36","109.8","84.38","86.28","13.85","109.67","5.04","84.44","126.79","96.55","97.25","15.9","114.34","8.98","86.26","125.13","92.48","14.36"
"2024-03-09","106.93","0","71.91","107.79","80.34","79.66","11.88","102.35","0","70.27","109.67","84.55","86.47","13.89","109.59","5.58","84.4","126.6","96.59","97.23","15.88","114.02","9.18","85.77","124.39","92.13","14.28"
"2024-03-10","106.45","0","71.35","107.09","80.12","79.5","11.86","102.1","0","70.17","109.51","84.73","86.66","13.94","109.48","6.14","84.34","126.36","96.61","97.19","15.86","113.68","9.39","85.24","123.61","91.77","14.19"
"2024-03-11","105.95","0","70.77","106.36","79.91","79.35","11.84","101.84","0","70.05","109.32","84.89","86.85","13.98","109.35","6.72","84.24","126.08","96.62","97.14","15.83","113.31","9.62","84.69","122.79","91.4","14.11"
"2024-03-12","105.43","0","70.18","105.6","79.69","79.2","11.83","101.56","0","69.91","109.11","85.06","87.03","14.02","109.2","7.32","84.12","125.76","96.61","97.07","15.8","112.92","9.86","84.11","121.93","91.02","14.02"
"2024-03-13","104.89","0","69.57","104.82","79.48","79.05","11.81","101.27","0","69.76","108.86","85.22","87.2","14.07","109.03","7.95","83.96","125.39","96.59","96.98","15.77","112.49","10.12","83.49","121.02","90.63","13.93"
"2024-03-14","104.33","0","68.94","104.02","79.27","78.91","11.79","100.96","0","69.59","108.59","85.37","87.37","14.1","108.83","8.59","83.78","124.98","96.55","96.88","15.74","112.04","10.4","82.85","120.08","90.23","13.84"
"2024-03-15","103.75","0","68.3","103.2","79.06","78.77","11.78","100.64","0","69.41","108.3","85.53","87.53","14.14","108.61","9.25","83.56","124.52","96.5","96.76","15.7","111.56","10.7","82.18","119.1","89.82","13.75"
"2024-03-16","103.16","0","67.65","102.35","78.86","78.63","11.76","100.3","0","69.21","107.97","85.67","87.69","14.18","108.36","9.92","83.32","124.02","96.43","96.62","15.66","111.06","11.01","81.48","118.08","89.41","13.66"
"2024-03-17","102.54","0.23","66.98","101.48","78.66","78.49","11.75","99.95","0","68.99","107.62","85.82","87.84","14.21","108.1","10.62","83.04","123.47","96.35","96.47","15.61","110.53","11.34","80.75","117.02","88.98","13.57"
"2024-03-18","101.91","0.56","66.29","100.59","78.46","78.35","11.74","99.58","0","68.76","107.24","85.96","87.98","14.24","107.8","11.34","82.73","122.87","96.24","96.31","15.56","109.97","11.69","79.99","115.92","88.54","13.47"
"2024-03-19","101.26","0.91","65.6","99.67","78.26","78.22","11.72","99.19","0.7","68.52","106.83","86.09","88.12","14.27","107.49","12.07","82.4","122.24","96.13","96.12","15.51","109.39","12.06","79.2","114.78","88.1","13.37"
"2024-03-20","100.59","1.3","64.89","98.74","78.07","78.09","11.71","98.79","1.45","68.25","106.39","86.22","88.24","14.3","107.15","12.82","82.03","121.55","95.99","95.93","15.45","108.78","12.44","78.39","113.61","87.65","13.28"
"2024-03-21","99.91","1.72","64.16","97.78","77.87","77.97","11.7","98.38","2.24","67.98","105.92","86.34","88.36","14.32","106.78","13.59","81.63","120.83","95.84","95.71","15.39","108.14","12.84","77.55","112.4","87.19","13.18"
"2024-03-22","99.2","2.16","63.43","96.81","77.69","77.84","11.69","97.95","3.05","67.68","105.42","86.45","88.47","14.34","106.39","14.37","81.2","120.06","95.68","95.48","15.33","107.48","13.26","76.68","111.15","86.73","13.08"
"2024-03-23","98.49","2.63","62.68","95.81","77.5","77.72","11.68","97.5","3.88","67.37","104.9","86.56","88.58","14.36","105.98","15.17","80.74","119.24","95.5","95.24","15.26","106.8","13.7","75.79","109.87","86.26","12.98"
"2024-03-24","97.75","3.14","61.92","94.8","77.32","77.61","11.67","97.04","4.75","67.04","104.34","86.67","88.67","14.38","105.55","15.99","80.25","118.38","95.3","94.98","15.19","106.09","14.15","74.87","108.56","85.78","12.88"
"2024-03-25","97.0","3.67","61.15","93.76","77.14","77.49","11.66","96.57","5.64","66.69","103.76","86.76","88.76","14.4","105.09","16.82","79.72","117.48","95.09","94.7","15.12","105.35","14.62","73.93","107.21","85.3","12.78"
"2024-03-26","96.24","4.23","60.37","92.71","76.96","77.38","11.65","96.08","6.56","66.33","103.15","86.85","88.83","14.41","104.6","17.67","79.17","116.53","94.86","94.41","15.05","104.6","15.11","72.96","105.83","84.81","12.67"
"2024-03-27","95.46","4.82","59.58","91.64","76.79","77.27","11.64","95.57","7.51","65.95","102.5","86.94","88.9","14.42","104.1","18.53","78.59","115.54","94.62","94.1","14.97","103.81","15.62","71.97","104.42","84.32","12.57"
"2024-03-28","94.66","5.44","58.77","90.55","76.62","77.16","11.63","95.05","8.48","65.55","101.83","87.01","88.96","14.43","103.57","19.41","77.97","114.51","94.36","93.78","14.89","103.01","16.14","70.95","102.97","83.82","12.47"
"2024-03-29","93.85","6.08","57.96","89.44","76.45","77.06","11.62","94.52","9.48","65.14","101.13","87.08","89.01","14.44","103.01","20.3","77.33","113.43","94.09","93.44","14.8","102.18","16.68","69.91","101.49","83.32","12.36"
"2024-03-30","93.03","6.76","57.13","88.31","76.29","76.95","11.62","93.97","10.51","64.7","100.4","87.14","89.05","14.44","102.43","21.2","76.66","112.31","93.8","93.09","14.72","101.33","17.24","68.85","99.99","82.81","12.26"
"2024-03-31","92.19","7.46","56.3","87.17","76.12","76.85","11.61","93.4","11.55","64.26","99.64","87.19","89.08","14.45","101.83","22.12","75.95","111.15","93.49","92.73","14.63","100.45","17.82","67.77","98.45","82.3","12.15"
"2024-04-01","91.34","8.19","55.46","86.01","75.97","76.76","11.6","92.82","12.63","63.79","98.84","87.23","89.09","14.44","101.21","23.05","75.22","109.94","93.18","92.35","14.53","99.56","18.41","66.66","96.89","81.79","12.05"
"2024-04-02","90.48","8.96","54.61","84.83","75.81","76.66","11.6","92.23","13.72","63.3","98.02","87.27","89.1","14.44","100.56","24.0","74.46","108.7","92.84","91.96","14.44","98.64","19.03","65.54","95.3","81.27","11.94"
"2024-04-03","89.6","9.74","53.74","83.64","75.66","76.57","11.59","91.62","14.84","62.8","97.17","87.3","89.1","14.43","99.89","24.95","73.66","107.41","92.49","91.55","14.34","97.7","19.66","64.39","93.68","80.76","11.84"
"2024-04-04","88.71","10.56","52.87","82.43","75.51","76.48","11.59","91.0","15.98","62.28","96.29","87.31","89.09","14.43","99.19","25.92","72.84","106.09","92.13","91.13","14.24","96.74","20.3","63.23","92.03","80.24","11.73"
"2024-04-05","87.81","11.41","52.0","81.2","75.37","76.39","11.58","90.36","17.15","61.74","95.38","87.32","89.06","14.41","98.47","26.9","71.99","104.72","91.75","90.7","14.14","95.76","20.97","62.04","90.36","79.71","11.63"
"2024-04-06","86.9","12.28","51.11","79.96","75.23","76.31","11.58","89.71","18.33","61.18","94.44","87.32","89.02","14.4","97.73","27.9","71.11","103.31","91.36","90.25","14.03","94.76","21.65","60.84","88.67","79.19","11.52"
"2024-04-07","85.98","13.18","50.22","78.71","75.09","76.22","11.57","89.05","19.54","60.61","93.47","87.31","88.98","14.38","96.97","28.9","70.2","101.87","90.96","89.79","13.92","93.75","22.35","59.62","86.95","78.66","11.42"
"2024-04-08","85.04","14.1","49.32","77.44","74.95","76.14","11.57","88.37","20.77","60.01","92.46","87.29","88.92","14.36","96.19","29.91","69.26","100.38","90.54","89.32","13.81","92.71","23.07","58.39","85.2","78.14","11.32"
"2024-04-09","84.1","15.06","48.41","76.16","74.82","76.06","11.56","87.67","22.01","59.4","91.43","87.26","88.85","14.34","95.38","30.94","68.3","98.86","90.11","88.84","13.7","91.65","23.8","57.13","83.44","77.61","11.21"
"2024-04-10","83.14","16.04","47.49","74.86","74.69","75.98","11.56","86.96","23.28","58.77","90.37","87.21","88.77","14.31","94.55","31.97","67.31","97.3","89.66","88.34","13.58","90.57","24.56","55.86","81.65","77.09","11.11"
"2024-04-11","82.17","17.04","46.57","73.55","74.56","75.9","11.55","86.24","24.57","58.12","89.28","87.16","88.67","14.28","93.7","33.02","66.29","95.7","89.21","87.84","13.47","89.48","25.33","54.58","79.84","76.56","11.01"
"2024-04-12","81.2","18.08","45.64","72.22","74.43","75.82","11.55","85.51","25.87","57.46","88.16","87.1","88.56","14.25","92.82","34.07","65.24","94.07","88.74","87.32","13.35","88.37","26.11","53.28","78.02","76.04","10.9"
"2024-04-13","80.21","19.13","44.71","70.88","74.31","75.75","11.54","84.76","27.19","56.77","87.01","87.03","88.45","14.22","91.93","35.13","64.17","92.4","88.25","86.79","13.23","87.24","26.92","51.96","76.17","75.51","10.8"
"2024-04-14","79.22","20.22","43.77","69.53","74.19","75.67","11.54","83.99","28.53","56.07","85.83","86.95","88.32","14.18","91.01","36.2","63.07","90.69","87.76","86.25","13.11","86.1","27.74","50.63","74.3","74.99","10.7"
"2024-04-15","78.22","21.33","42.82","68.17","74.07","75.6","11.53","83.22","29.88","55.34","84.62","86.85","88.17","14.14","90.07","37.29","61.94","88.95","87.25","85.7","12.98","84.94","28.58","49.29","72.42","74.47","10.6"
"2024-04-16","77.21","22.46","41.87","66.79","73.96","75.53","11.53","82.42","31.26","54.6","83.38","86.75","88.02","14.1","89.12","38.37","60.79","87.18","86.74","85.14","12.85","83.77","29.44","47.94","70.52","73.95","10.5"
"2024-04-17","76.19","23.62","40.91","65.4","73.84","75.45","11.52","81.62","32.64","53.84","82.11","86.63","87.85","14.05","88.14","39.47","59.62","85.37","86.21","84.57","12.73","82.58","30.31","46.58","68.6","73.43","10.4"
"2024-04-18","75.16","24.8","39.95","64.0","73.73","75.38","11.52","80.8","34.04","53.06","80.81","86.5","87.67","14.0","87.14","40.57","58.42","83.53","85.67","84.0","12.6","81.37","31.2","45.2","66.67","72.91","10.3"
"2024-04-19","74.13","26.01","38.99","62.59","73.62","75.31","11.51","79.97","35.46","52.27","79.48","86.36","87.48","13.95","86.12","41.69","57.19","81.66","85.12","83.41","12.47","80.15","32.11","43.81","64.72","72.4","10.2"
"2024-04-20","73.08","27.24","38.01","61.16","73.52","75.24","11.51","79.13","36.88","51.45","78.12","86.21","87.27","13.9","85.08","42.8","55.94","79.76","84.56","82.82","12.33","78.92","33.04","42.42","62.76","71.89","10.11"
"2024-04-21","72.04","28.49","37.04","59.73","73.41","75.16","11.5","78.27","38.33","50.62","76.74","86.05","87.05","13.84","84.03","43.93","54.67","77.82","83.99","82.21","12.2","77.68","33.98","41.01","60.79","71.39","10.01"
"2024-04-22","70.98","29.76","36.06","58.28","73.31","75.09","11.49","77.4","39.78","49.76","75.32","85.88","86.82","13.78","82.95","45.06","53.38","75.86","83.41","81.6","12.07","76.42","34.94","39.6","58.81","70.88","9.92"
"2024-04-23","69.92","31.06","35.07","56.83","73.2","75.02","11.48","76.52","41.24","48.89","73.88","85.69","86.58","13.71","81.85","46.2","52.06","73.86","82.82","80.99","11.93","75.15","35.92","38.18","56.81","70.38","9.83"
"2024-04-24","68.85","32.38","34.08","55.36","73.1","74.95","11.47","75.62","42.72","48.0","72.41","85.5","86.32","13.65","80.74","47.34","50.73","71.84","82.22","80.36","11.79","73.87","36.91","36.75","54.81","69.89","9.73"
"2024-04-25","67.78","33.72","33.09","53.88","73.0","74.87","11.47","74.71","44.21","47.1","70.91","85.29","86.05","13.58","79.61","48.49","49.37","69.8","81.62","79.73","11.66","72.58","37.92","35.32","52.79","69.4","9.64"
"2024-04-26","66.7","35.08","32.09","52.4","72.9","74.8","11.46","73.79","45.7","46.17","69.38","85.07","85.77","13.51","78.46","49.64","47.99","67.72","81.0","79.09","11.52","71.28","38.94","33.87","50.77","68.91","9.56"
"2024-04-27","65.62","36.46","31.09","50.9","72.8","74.72","11.45","72.86","47.21","45.23","67.83","84.83","85.48","13.43","77.29","50.8","46.59","65.62","80.38","78.45","11.38","69.97","39.98","32.43","48.73","68.43","9.47"
"2024-04-28","64.53","37.86","30.09","49.39","72.7","74.64","11.43","71.91","48.72","44.26","66.25","84.59","85.17","13.35","76.11","51.97","45.17","63.5","79.75","77.8","11.24","68.65","41.04","30.98","46.69","67.96","9.38"
"2024-04-29","63.44","39.28","29.08","47.88","72.6","74.56","11.42","70.95","50.25","43.28","64.64","84.33","84.85","13.27","74.91","53.14","43.73","61.35","79.11","77.15","11.1","67.32","42.11","29.52","44.65","67.49","9.3"
"2024-04-30","62.34","40.72","28.07","46.35","72.51","74.48","11.41","69.98","51.78","42.28","63.01","84.06","84.52","13.19","73.7","54.31","42.27","59.17","78.47","76.49","10.96","65.98","43.2","28.06","42.59","67.02","9.21"
"2024-05-01","61.24","42.17","27.06","44.82","72.41","74.39","11.4","69.0","53.31","41.27","61.35","83.78","84.17","13.1","72.47","55.49","40.8","56.98","77.82","75.83","10.81","64.64","44.31","26.6","40.54","66.57","9.13"
"2024-05-02","60.14","43.65","26.04","43.28","72.31","74.31","11.38","68.01","54.85","40.23","59.66","83.49","83.81","13.02","71.22","56.67","39.31","54.76","77.17","75.16","10.67","63.29","45.43","25.13","38.48","66.11","9.05"
"2024-05-03","59.03","45.14","25.03","41.72","72.21","74.22","11.37","67.0","56.4","39.18","57.95","83.19","83.45","12.92","69.96","57.85","37.8","52.53","76.51","74.49","10.53","61.93","46.56","23.67","36.41","65.67","8.97"
"2024-05-04","57.92","46.65","24.0","40.17","72.11","74.13","11.35","65.99","57.95","38.11","56.21","82.87","83.06","12.83","68.68","59.04","36.27","50.27","75.84","73.82","10.39","60.57","47.72","22.2","34.34","65.23","8.89"
"2024-05-05","56.81","48.17","22.98","38.6","72.01","74.04","11.33","64.96","59.51","37.03","54.45","82.54","82.67","12.73","67.39","60.23","34.73","48.0","75.17","73.15","10.25","59.2","48.88","20.73","32.27","64.79","8.81"
"2024-05-06","55.69","49.71","21.96","37.02","71.91","73.94","11.31","63.92","61.07","35.93","52.66","82.2","82.26","12.63","66.09","61.43","33.18","45.7","74.5","72.47","10.1","57.82","50.06","19.26","30.2","64.36","8.74"
"2024-05-07","54.58","51.27","20.93","35.44","71.81","73.84","11.29","62.87","62.63","34.81","50.85","81.85","81.85","12.53","64.77","62.62","31.61","43.39","73.82","71.8","9.96","56.44","51.26","17.8","28.13","63.94","8.66"
"2024-05-08","53.46","52.83","19.9","33.85","71.71","73.74","11.27","61.81","64.2","33.67","49.02","81.49","81.42","12.43","63.44","63.82","30.03","41.07","73.14","71.12","9.82","55.06","52.46","16.33","26.06","63.53","8.59"
"2024-05-09","52.34","54.42","18.86","32.25","71.6","73.63","11.25","60.74","65.77","32.52","47.16","81.11","80.98","12.32","62.1","65.02","28.44","38.73","72.46","70.44","9.68","53.67","53.69","14.86","23.99","63.12","8.52"
"2024-05-10","51.21","56.01","17.83","30.65","71.5","73.52","11.23","59.66","67.34","31.35","45.28","80.72","80.53","12.21","60.75","66.23","26.83","36.38","71.77","69.76","9.54","52.28","54.92","13.4","21.92","62.73","8.45"
"2024-05-11","50.09","57.62","16.79","29.04","71.39","73.41","11.2","58.57","68.91","30.16","43.38","80.33","80.06","12.1","59.39","67.43","25.21","34.01","71.09","69.08","9.4","50.89","56.18","11.94","19.85","62.33","8.39"
"2024-05-12","48.96","59.24","15.76","27.42","71.28","73.29","11.18","57.47","70.48","28.96","41.46","79.92","79.59","11.99","58.01","68.64","23.59","31.63","70.4","68.4","9.26","49.5","57.44","10.49","17.79","61.95","8.32"
"2024-05-13","47.84","60.87","14.72","25.79","71.17","73.17","11.15","56.36","72.05","27.75","39.51","79.5","79.11","11.87","56.63","69.85","21.95","29.25","69.71","67.72","9.12","48.1","58.72","9.03","15.73","61.57","8.26"
"2024-05-14","46.71","62.51","13.67","24.16","71.06","73.04","11.12","55.24","73.61","26.52","37.55","79.07","78.61","11.76","55.23","71.06","20.3","26.85","69.01","67.04","8.98","46.71","60.01","7.58","13.67","61.2","8.2"
"2024-05-15","45.59","64.16","12.63","22.53","70.94","72.91","11.09","54.11","75.18","25.27","35.56","78.62","78.11","11.64","53.83","72.27","18.65","24.44","68.32","66.37","8.84","45.31","61.31","6.14","11.62","60.84","8.13"
"2024-05-16","44.46","65.82","11.59","20.88","70.82","72.77","11.06","52.97","76.74","24.01","33.56","78.17","77.59","11.52","52.42","73.48","16.99","22.02","67.63","65.69","8.7","43.91","62.62","4.7","9.58","60.49","8.08"
"2024-05-17","43.33","67.49","10.54","19.24","70.7","72.63","11.03","51.83","78.31","22.74","31.54","77.71","77.06","11.39","51.0","74.69","15.32","19.6","66.94","65.02","8.57","42.52","63.95","3.27","7.54","60.14","8.02"
"2024-05-18","42.21","69.17","9.49","17.58","70.58","72.48","10.99","50.67","79.86","21.45","29.49","77.24","76.53","11.27","49.57","75.9","13.64","17.17","66.25","64.36","8.43","41.13","65.29","1.84","5.5","59.81","7.96"
"2024-05-19","41.08","70.85","8.45","15.92","70.45","72.33","10.96","49.51","81.42","20.14","27.44","76.75","75.98","11.14","48.13","77.12","11.96","14.74","65.56","63.69","8.3","39.73","66.64","0.42","3.48","59.48","7.91"
"2024-05-20","39.96","72.54","7.4","14.26","70.32","72.18","10.92","48.34","82.97","18.83","25.36","76.26","75.43","11.01","46.69","78.33","10.27","12.3","64.87","63.03","8.17","38.34","68.0","0","1.46","59.16","7.86"
"2024-05-21","38.83","74.24","6.35","12.59","70.18","72.02","10.88","47.16","84.51","17.5","23.27","75.75","74.87","10.88","45.25","79.54","8.58","9.86","64.19","62.37","8.04","36.96","69.37","0","0","58.84","7.81"
"2024-05-22","37.71","75.94","5.3","10.92","70.04","71.85","10.84","45.98","86.05","16.16","21.16","75.24","74.3","10.75","43.79","80.75","6.89","7.42","63.51","61.72","7.91","35.57","70.75","0","0","58.54","7.76"
"2024-05-23","36.59","77.65","4.24","9.24","69.9","71.67","10.8","44.78","87.58","14.81","19.04","74.72","73.72","10.61","42.34","81.97","5.19","4.98","62.83","61.07","7.78","34.19","72.14","0","0","58.24","7.71"
"2024-05-24","35.47","79.36","3.19","7.55","69.76","71.5","10.75","43.58","89.11","13.44","16.9","74.19","73.13","10.48","40.87","83.18","3.5","2.54","62.15","60.43","7.65","32.82","73.54","0","0","57.95","7.66"
"2024-05-25","34.36","81.07","2.14","5.87","69.61","71.31","10.71","42.38","90.63","12.06","14.75","73.65","72.54","10.34","39.41","84.39","1.8","0.1","61.48","59.79","7.53","31.45","74.95","0","0","57.67","7.62"
"2024-05-26","33.24","82.79","1.08","4.18","69.45","71.12","10.66","41.17","92.14","10.68","12.58","73.1","71.93","10.2","37.94","85.6","0.1","0","60.81","59.16","7.4","30.08","76.37","0","0","57.4","7.57"
"2024-05-27","32.77","83.77","0.72","3.52","69.29","70.92","10.61","40.59","92.92","9.97","11.44","72.54","71.32","10.06","37.12","86.07","0","0","60.14","58.54","7.28","29.36","77.06","0","0","57.13","7.53"
"2024-05-28","32.96","84.03","1.04","3.89","69.13","70.72","10.56","40.66","92.95","9.94","11.31","71.98","70.71","9.92","36.93","85.82","0","0","59.48","57.92","7.16","29.3","77.03","0","0","56.88","7.49"
"2024-05-29","33.14","84.28","1.36","4.25","68.96","70.51","10.51","40.72","92.97","9.89","11.18","71.41","70.08","9.78","36.75","85.56","0","0","58.83","57.31","7.04","29.24","77.01","0","0","56.63","7.45"
"2024-05-30","33.32","84.54","1.68","4.61","68.78","70.29","10.45","40.78","92.99","9.84","11.03","70.83","69.46","9.64","36.56","85.3","0","0","58.18","56.7","6.92","29.19","77.0","0","0","56.39","7.42"
"2024-05-31","33.51","84.8","1.99","4.96","68.61","70.07","10.4","40.83","93.0","9.78","10.88","70.24","68.82","9.5","36.38","85.04","0","0","57.54","56.11","6.81","29.15","77.0","0","0","56.16","7.38"
"2024-06-01","33.7","85.06","2.31","5.31","68.42","69.84","10.34","40.87","93.0","9.71","10.71","69.65","68.18","9.35","36.19","84.79","0","0","56.9","55.52","6.7","29.11","77.01","0","0","55.93","7.35"
"2024-06-02","33.89","85.32","2.62","5.66","68.23","69.6","10.28","40.91","92.99","9.62","10.53","69.05","67.54","9.21","36.0","84.53","0","0","56.27","54.94","6.59","29.07","77.02","0","0","55.71","7.31"
"2024-06-03","34.08","85.57","2.93","6.0","68.04","69.36","10.22","40.94","92.97","9.53","10.33","68.44","66.89","9.06","35.8","84.27","0","0","55.65","54.36","6.48","29.05","77.04","0","0","55.5","7.28"
"2024-06-04","34.27","85.83","3.24","6.33","67.84","69.11","10.16","40.96","92.95","9.43","10.13","67.83","66.23","8.92","35.61","84.01","0","0","55.04","53.8","6.37","29.03","77.07","0","0","55.3","7.25"
"2024-06-05","34.46","86.09","3.54","6.65","67.63","68.85","10.09","40.98","92.91","9.32","9.92","67.21","65.58","8.77","35.42","83.76","0","0","54.43","53.25","6.27","29.01","77.11","0","0","55.11","7.22"
"2024-06-06","34.66","86.34","3.84","6.97","67.42","68.59","10.03","40.99","92.87","9.19","9.7","66.59","64.92","8.62","35.23","83.5","0","0","53.83","52.7","6.17","29.0","77.16","0","0","54.92","7.2"
"2024-06-07","34.85","86.59","4.14","7.28","67.21","68.32","9.96","41.0","92.82","9.06","9.46","65.96","64.25","8.47","35.03","83.25","0","0","53.24","52.16","6.07","29.0","77.21","0","0","54.74","7.17"
"2024-06-08","35.04","86.85","4.43","7.59","66.98","68.04","9.89","41.0","92.77","8.92","9.22","65.33","63.58","8.33","34.84","83.0","0","0","52.66","51.64","5.97","29.0","77.27","0","0","54.57","7.14"
"2024-06-09","35.24","87.1","4.72","7.88","66.75","67.75","9.82","40.99","92.7","8.77","8.97","64.69","62.92","8.18","34.65","82.75","0","0","52.09","51.12","5.87","29.01","77.34","0","0","54.4","7.12"
"2024-06-10","35.43","87.34","5.0","8.17","66.52","67.46","9.74","40.98","92.63","8.61","8.71","64.05","62.24","8.03","34.45","82.51","0","0","51.52","50.62","5.78","29.03","77.42","0","0","54.24","7.1"
"2024-06-11","35.62","87.59","5.27","8.45","66.28","67.16","9.67","40.96","92.54","8.44","8.44","63.41","61.57","7.89","34.26","82.26","0","0","50.97","50.12","5.69","29.05","77.51","0","0","54.09","7.07"
"2024-06-12","35.81","87.83","5.55","8.72","66.03","66.86","9.59","40.94","92.45","8.27","8.16","62.76","60.9","7.74","34.07","82.02","0","0","50.43","49.64","5.6","29.08","77.61","0","0","53.94","7.05"
"2024-06-13","36.01","88.07","5.81","8.98","65.78","66.54","9.51","40.9","92.36","8.08","7.87","62.11","60.22","7.59","33.88","81.78","0","0","49.89","49.17","5.52","29.12","77.71","0","0","53.81","7.03"
"2024-06-14","36.2","88.31","6.07","9.23","65.52","66.23","9.43","40.87","92.25","7.89","7.57","61.46","59.55","7.45","33.69","81.55","0","0","49.37","48.71","5.43","29.16","77.82","0","0","53.67","7.01"
"2024-06-15","36.39","88.54","6.32","9.48","65.26","65.9","9.35","40.82","92.14","7.68","7.27","60.8","58.87","7.3","33.5","81.32","0","0","48.86","48.25","5.35","29.21","77.93","0","0","53.55","7.0"
"2024-06-16","36.57","88.77","6.57","9.71","64.99","65.57","9.27","40.77","92.02","7.47","6.96","60.15","58.2","7.15","33.31","81.09","0","0","48.36","47.82","5.28","29.26","78.06","0","0","53.43","6.98"
"2024-06-17","36.76","89.0","6.81","9.93","64.71","65.23","9.18","40.72","91.89","7.26","6.64","59.49","57.53","7.01","33.13","80.87","0","0","47.87","47.39","5.2","29.32","78.19","0","0","53.31","6.96"
"2024-06-18","36.94","89.22","7.04","10.14","64.43","64.88","9.1","40.66","91.76","7.03","6.31","58.83","56.85","6.86","32.95","80.65","0","0","47.39","46.97","5.13","29.38","78.33","0","0","53.2","6.95"
"2024-06-19","37.12","89.44","7.27","10.35","64.14","64.53","9.01","40.59","91.61","6.8","5.98","58.18","56.18","6.72","32.77","80.43","0","0","46.92","46.57","5.06","29.45","78.48","0","0","53.1","6.93"
"2024-06-20","37.3","89.65","7.49","10.54","63.84","64.17","8.92","40.52","91.46","6.56","5.64","57.52","55.51","6.58","32.59","80.22","0","0","46.46","46.18","4.99","29.53","78.63","0","0","53.0","6.92"
"2024-06-21","37.48","89.86","7.7","10.72","63.54","63.8","8.83","40.44","91.31","6.31","5.3","56.86","54.85","6.44","32.41","80.02","0","0","46.02","45.8","4.93","29.61","78.79","0","0","52.91","6.9"
"2024-06-22","37.66","90.06","7.9","10.88","63.23","63.43","8.74","40.35","91.15","6.06","4.95","56.21","54.19","6.3","32.24","79.82","0","0","45.59","45.43","4.87","29.7","78.95","0","0","52.82","6.89"
"2024-06-23","37.83","90.26","8.09","11.04","62.92","63.05","8.65","40.26","90.98","5.8","4.59","55.55","53.53","6.16","32.07","79.63","0","0","45.17","45.08","4.81","29.79","79.13","0","0","52.74","6.88"
"2024-06-24","38.0","90.45","8.28","11.19","62.6","62.66","8.55","40.17","90.8","5.53","4.23","54.9","52.87","6.02","31.9","79.44","0","0","44.76","44.74","4.75","29.89","79.3","0","0","52.66","6.87"
"2024-06-25","38.16","90.63","8.45","11.32","62.27","62.27","8.45","40.07","90.62","5.26","3.87","54.25","52.22","5.88","31.74","79.26","0","0","44.37","44.41","4.7","30.0","79.49","0","0","52.59","6.85"
"2024-06-26","38.33","90.81","8.62","11.44","61.94","61.87","8.36","39.96","90.44","4.98","3.5","53.6","51.57","5.75","31.58","79.08","0","0","43.99","44.09","4.65","30.11","79.68","0","0","52.52","6.84"
"2024-06-27","38.49","90.99","8.78","11.55","61.6","61.47","8.26","39.85","90.25","4.7","3.13","52.95","50.93","5.62","31.42","78.91","0","0","43.62","43.79","4.6","30.22","79.87","0","0","52.45","6.83"
"2024-06-28","38.64","91.16","8.93","11.65","61.26","61.06","8.16","39.73","90.05","4.41","2.75","52.31","50.3","5.48","31.26","78.74","0","0","43.26","43.5","4.55","30.34","80.08","0","0","52.39","6.82"
"2024-06-29","38.79","91.32","9.07","11.74","60.91","60.65","8.06","39.61","89.85","4.12","2.37","51.67","49.66","5.35","31.12","78.59","0","0","42.92","43.22","4.51","30.47","80.28","0","0","52.33","6.81"
"2024-06-30","38.94","91.47","9.2","11.81","60.56","60.23","7.96","39.48","89.64","3.83","1.99","51.04","49.04","5.22","30.97","78.44","0","0","42.59","42.96","4.47","30.6","80.49","0","0","52.28","6.8"
"2024-07-01","39.09","91.62","9.32","11.88","60.2","59.81","7.85","39.35","89.42","3.53","1.61","50.41","48.42","5.1","30.83","78.29","0","0","42.28","42.71","4.43","30.73","80.71","0","0","52.23","6.79"
"2024-07-02","39.23","91.76","9.43","11.92","59.83","59.38","7.75","39.22","89.21","3.22","1.22","49.78","47.81","4.97","30.69","78.15","0","0","41.97","42.47","4.39","30.87","80.93","0","0","52.18","6.78"
"2024-07-03","39.36","91.9","9.54","11.96","59.47","58.95","7.65","39.08","88.99","2.91","0.84","49.16","47.21","4.85","30.56","78.02","0","0","41.68","42.24","4.36","31.01","81.15","0","0","52.13","6.77"
"2024-07-04","39.49","92.02","9.63","11.99","59.09","58.51","7.54","38.93","88.76","2.6","0.45","48.55","46.61","4.73","30.43","77.9","0","0","41.41","42.03","4.33","31.16","81.38","0","0","52.09","6.76"
"2024-07-05","39.62","92.14","9.71","12.0","58.71","58.07","7.43","38.79","88.53","2.29","0.07","47.94","46.03","4.61","30.31","77.79","0","0","41.15","41.83","4.3","31.31","81.61","0","0.17","52.05","6.75"
"2024-07-06","39.74","92.26","9.78","12.0","58.33","57.62","7.33","38.63","88.3","1.98","0","47.34","45.45","4.49","30.19","77.68","0","0","40.9","41.64","4.28","31.46","81.85","0","0.56","52.01","6.75"
"2024-07-07","39.85","92.36","9.84","11.99","57.94","57.17","7.22","38.48","88.06","1.66","0","46.75","44.88","4.38","30.08","77.58","0","0","40.66","41.47","4.26","31.62","82.09","0","0.94","51.98","6.74"
"2024-07-08","39.97","92.46","9.9","11.96","57.54","56.72","7.11","38.32","87.82","1.34","0","46.16","44.32","4.27","29.97","77.49","0","0","40.44","41.31","4.24","31.78","82.33","0","1.33","51.94","6.73"
"2024-07-09","40.07","92.55","9.94","11.92","57.15","56.26","7.0","38.16","87.58","1.02","0","45.58","43.77","4.16","29.87","77.4","0","0","40.24","41.16","4.22","31.95","82.57","0","1.71","51.91","6.72"
"2024-07-10","40.17","92.63","9.97","11.87","56.75","55.8","6.89","37.99","87.33","0.7","0","45.01","43.22","4.05","29.77","77.32","0","0","40.04","41.02","4.2","32.11","82.82","0","2.1","51.88","6.71"
"2024-07-11","40.27","92.7","9.99","11.81","56.34","55.34","6.78","37.82","87.08","0.38","0","44.45","42.69","3.95","29.68","77.26","0","0","39.86","40.9","4.19","32.28","83.07","0","2.48","51.85","6.7"
"2024-07-12","40.36","92.77","10.0","11.74","55.93","54.87","6.67","37.65","86.83","0.05","0","43.89","42.17","3.85","29.59","77.2","0","0","39.7","40.79","4.18","32.46","83.32","0.14","2.85","51.82","6.69"
"2024-07-13","40.44","92.83","10.0","11.65","55.52","54.41","6.56","37.47","86.58","0","0","43.35","41.66","3.75","29.51","77.14","0","0","39.54","40.69","4.17","32.64","83.57","0.47","3.23","51.79","6.68"
"2024-07-14","40.52","92.88","9.99","11.55","55.11","53.94","6.45","37.3","86.33","0","0","42.81","41.17","3.65","29.43","77.1","0","0","39.4","40.6","4.17","32.81","83.83","0.79","3.6","51.76","6.67"
"2024-07-15","40.59","92.92","9.97","11.44","54.69","53.47","6.34","37.12","86.07","0","0","42.29","40.68","3.56","29.36","77.06","0","0","39.28","40.53","4.16","33.0","84.08","1.11","3.97","51.74","6.66"
"2024-07-16","40.66","92.95","9.94","11.31","54.27","52.99","6.23","36.93","85.82","0","0","41.77","40.2","3.47","29.3","77.03","0","0","39.16","40.47","4.16","33.18","84.34","1.43","4.33","51.71","6.64"
"2024-07-17","40.72","92.97","9.89","11.18","53.84","52.52","6.12","36.75","85.56","0","0","41.27","39.74","3.38","29.24","77.01","0","0","39.06","40.42","4.16","33.36","84.6","1.75","4.69","51.68","6.63"
"2024-07-18","40.78","92.99","9.84","11.03","53.42","52.05","6.01","36.56","85.3","0","0","40.77","39.29","3.3","29.19","77.0","0","0","38.98","40.38","4.17","33.55","84.86","2.06","5.04","51.66","6.62"
"2024-07-19","40.83","93.0","9.78","10.88","52.99","51.57","5.9","36.38","85.04","0","0","40.29","38.85","3.22","29.15","77.0","0","0","38.9","40.35","4.17","33.74","85.11","2.38","5.39","51.63","6.61"
"2024-07-20","40.87","93.0","9.71","10.71","52.56","51.1","5.79","36.19","84.79","0","0","39.82","38.43","3.14","29.11","77.01","0","0","38.84","40.34","4.18","33.93","85.37","2.69","5.73","51.61","6.59"
"2024-07-21","40.91","92.99","9.62","10.53","52.13","50.62","5.68","36.0","84.53","0","0","39.36","38.02","3.06","29.07","77.02","0","0","38.8","40.33","4.19","34.12","85.63","3.0","6.07","51.58","6.58"
"2024-07-22","40.94","92.97","9.53","10.33","51.7","50.15","5.57","35.8","84.27","0","0","38.91","37.62","2.99","29.05","77.04","0","0","38.76","40.34","4.2","34.31","85.89","3.31","6.4","51.55","6.57"
"2024-07-23","40.96","92.95","9.43","10.13","51.26","49.67","5.46","35.61","84.01","0","0","38.48","37.24","2.92","29.03","77.07","0","0","38.74","40.36","4.21","34.51","86.14","3.61","6.73","51.52","6.55"
"2024-07-24","40.98","92.91","9.32","9.92","50.83","49.2","5.36","35.42","83.76","0","0","38.05","36.87","2.85","29.01","77.11","0","0","38.73","40.38","4.23","34.7","86.4","3.91","7.04","51.49","6.54"
"2024-07-25","40.99","92.87","9.19","9.7","50.4","48.73","5.25","35.23","83.5","0","0","37.64","36.51","2.79","29.0","77.16","0","0","38.73","40.42","4.25","34.89","86.65","4.2","7.35","51.46","6.52"
"2024-07-26","41.0","92.82","9.06","9.46","49.96","48.26","5.14","35.03","83.25","0","0","37.25","36.17","2.73","29.0","77.21","0","0","38.74","40.47","4.26","35.09","86.9","4.49","7.65","51.43","6.5"
"2024-07-27","41.0","92.77","8.92","9.22","49.53","47.79","5.04","34.84","83.0","0","0","36.86","35.84","2.68","29.0","77.27","0","0","38.77","40.53","4.28","35.28","87.15","4.78","7.95","51.4","6.49"
"2024-07-28","40.99","92.7","8.77","8.97","49.1","47.32","4.93","34.65","82.75","0","0","36.5","35.53","2.62","29.01","77.34","0","0","38.81","40.6","4.31","35.47","87.4","5.06","8.23","51.36","6.47"
"2024-07-29","40.98","92.63","8.61","8.71","48.66","46.86","4.83","34.45","82.51","0","0","36.14","35.23","2.58","29.03","77.42","0","0","38.86","40.68","4.33","35.66","87.64","5.33","8.51","51.33","6.45"
"2024-07-30","40.96","92.54","8.44","8.44","48.23","46.4","4.72","34.26","82.26","0","0","35.8","34.95","2.53","29.05","77.51","0","0","38.92","40.77","4.36","35.86","87.89","5.6","8.78","51.29","6.43"
"2024-07-31","40.94","92.45","8.27","8.16","47.8","45.94","4.62","34.07","82.02","0","0","35.47","34.68","2.49","29.08","77.61","0","0","38.99","40.87","4.38","36.05","88.13","5.87","9.04","51.25","6.41"
"2024-08-01","40.9","92.36","8.08","7.87","47.38","45.49","4.52","33.88","81.78","0","0","35.16","34.43","2.45","29.12","77.71","0","0","39.07","40.97","4.41","36.24","88.36","6.13","9.29","51.21","6.39"
"2024-08-02","40.87","92.25","7.89","7.57","46.95","45.04","4.42","33.69","81.55","0","0","34.86","34.2","2.41","29.16","77.82","0","0","39.17","41.09","4.44","36.43","88.59","6.38","9.53","51.17","6.37"
"2024-08-03","40.82","92.14","7.68","7.27","46.53","44.6","4.32","33.5","81.32","0","0","34.58","33.98","2.38","29.21","77.93","0","0","39.27","41.21","4.47","36.61","88.82","6.62","9.76","51.12","6.35"
"2024-08-04","40.77","92.02","7.47","6.96","46.11","44.16","4.23","33.31","81.09","0","0","34.31","33.77","2.35","29.26","78.06","0","0","39.38","41.34","4.5","36.8","89.05","6.86","9.98","51.08","6.33"
"2024-08-05","40.72","91.89","7.26","6.64","45.69","43.72","4.13","33.13","80.87","0","0","34.06","33.58","2.33","29.32","78.19","0","0","39.51","41.48","4.54","36.98","89.27","7.09","10.19","51.03","6.3"
"2024-08-06","40.66","91.76","7.03","6.31","45.27","43.29","4.04","32.95","80.65","0","0","33.83","33.41","2.3","29.38","78.33","0","0","39.64","41.63","4.57","37.16","89.48","7.32","10.39","50.98","6.28"
"2024-08-07","40.59","91.61","6.8","5.98","44.86","42.87","3.95","32.77","80.43","0","0","33.6","33.26","2.29","29.45","78.48","0","0","39.79","41.79","4.61","37.34","89.69","7.53","10.58","50.92","6.26"
"2024-08-08","40.52","91.46","6.56","5.64","44.46","42.45","3.86","32.59","80.22","0","0","33.4","33.12","2.27","29.53","78.63","0","0","39.94","41.95","4.64","37.52","89.9","7.74","10.75","50.87","6.23"
"2024-08-09","40.44","91.31","6.31","5.3","44.05","42.04","3.77","32.41","80.02","0","0","33.21","32.99","2.26","29.61","78.79","0","0","40.1","42.12","4.68","37.7","90.1","7.94","10.92","50.81","6.21"
"2024-08-10","40.35","91.15","6.06","4.95","43.66","41.64","3.68","32.24","79.82","0","0","33.04","32.88","2.25","29.7","78.95","0","0","40.27","42.3","4.72","37.87","90.3","8.13","11.07","50.75","6.18"
"2024-08-11","40.26","90.98","5.8","4.59","43.26","41.24","3.6","32.07","79.63","0","0","32.88","32.79","2.25","29.79","79.13","0","0","40.45","42.48","4.76","38.04","90.49","8.32","11.22","50.68","6.15"
"2024-08-12","40.17","90.8","5.53","4.23","42.88","40.85","3.52","31.9","79.44","0","0","32.74","32.72","2.25","29.89","79.3","0","0","40.64","42.67","4.8","38.2","90.67","8.49","11.35","50.62","6.12"
"2024-08-13","40.07","90.62","5.26","3.87","42.49","40.47","3.44","31.74","79.26","0","0","32.61","32.66","2.25","30.0","79.49","0","0","40.83","42.86","4.84","38.36","90.85","8.66","11.47","50.55","6.1"
"2024-08-14","39.96","90.44","4.98","3.5","42.12","40.09","3.36","31.58","79.08","0","0","32.51","32.61","2.25","30.11","79.68","0","0","41.04","43.06","4.88","38.52","91.03","8.81","11.58","50.48","6.07"
"2024-08-15","39.85","90.25","4.7","3.13","41.75","39.73","3.28","31.42","78.91","0","0","32.41","32.59","2.26","30.22","79.87","0","0","41.25","43.27","4.93","38.68","91.19","8.96","11.67","50.41","6.04"
"2024-08-16","39.73","90.05","4.41","2.75","41.39","39.37","3.21","31.26","78.74","0","0","32.34","32.57","2.27","30.34","80.08","0","0","41.47","43.48","4.97","38.83","91.35","9.1","11.76","50.33","6.01"
"2024-08-17","39.61","89.85","4.12","2.37","41.03","39.02","3.14","31.12","78.59","0","0","32.28","32.58","2.29","30.47","80.28","0","0","41.69","43.69","5.01","38.97","91.51","9.23","11.83","50.26","5.98"
"2024-08-18","39.48","89.64","3.83","1.99","40.68","38.68","3.07","30.97","78.44","0","0","32.23","32.6","2.31","30.6","80.49","0","0","41.92","43.91","5.06","39.12","91.65","9.35","11.89","50.18","5.95"
"2024-08-19","39.35","89.42","3.53","1.61","40.34","38.36","3.0","30.83","78.29","0","0","32.21","32.64","2.33","30.73","80.71","0","0","42.16","44.14","5.1","39.26","91.79","9.46","11.93","50.1","5.91"
"2024-08-20","39.22","89.21","3.22","1.22","40.01","38.04","2.94","30.69","78.15","0","0","32.2","32.69","2.36","30.87","80.93","0","0","42.4","44.36","5.15","39.39","91.93","9.56","11.97","50.01","5.88"
"2024-08-21","39.08","88.99","2.91","0.84","39.68","37.73","2.88","30.56","78.02","0","0","32.2","32.76","2.39","31.01","81.15","0","0","42.65","44.6","5.19","39.52","92.05","9.65","11.99","49.93","5.85"
"2024-08-22","38.93","88.76","2.6","0.45","39.37","37.43","2.82","30.43","77.9","0","0","32.23","32.85","2.42","31.16","81.38","0","0","42.91","44.83","5.24","39.64","92.17","9.73","12.0","49.84","5.82"
"2024-08-23","38.79","88.53","2.29","0.07","39.06","37.14","2.76","30.31","77.79","0","0","32.26","32.95","2.45","31.31","81.61","0","0.17","43.17","45.07","5.28","39.76","92.28","9.8","12.0","49.75","5.78"
"2024-08-24","38.63","88.3","1.98","0","38.76","36.87","2.71","30.19","77.68","0","0","32.32","33.06","2.49","31.46","81.85","0","0.56","43.43","45.31","5.33","39.88","92.38","9.86","11.98","49.65","5.75"
"2024-08-25","38.48","88.06","1.66","0","38.47","36.6","2.66","30.08","77.58","0","0","32.39","33.19","2.53","31.62","82.09","0","0.94","43.7","45.55","5.37","39.99","92.48","9.91","11.95","49.56","5.72"
"2024-08-26","38.32","87.82","1.34","0","38.19","36.35","2.61","29.97","77.49","0","0","32.48","33.34","2.58","31.78","82.33","0","1.33","43.97","45.8","5.42","40.09","92.57","9.95","11.91","49.46","5.68"
"2024-08-27","38.16","87.58","1.02","0","37.92","36.11","2.57","29.87","77.4","0","0","32.58","33.5","2.62","31.95","82.57","0","1.71","44.25","46.05","5.46","40.19","92.65","9.97","11.86","49.37","5.65"
"2024-08-28","37.99","87.33","0.7","0","37.67","35.88","2.52","29.77","77.32","0","0","32.7","33.68","2.67","32.11","82.82","0","2.1","44.53","46.3","5.51","40.29","92.72","9.99","11.79","49.27","5.61"
"2024-08-29","37.82","87.08","0.38","0","37.42","35.66","2.48","29.68","77.26","0","0","32.83","33.87","2.73","32.28","83.07","0","2.48","44.82","46.55","5.56","40.38","92.78","10.0","11.72","49.17","5.58"
"2024-08-30","37.65","86.83","0.05","0","37.18","35.46","2.45","29.59","77.2","0","0","32.98","34.08","2.78","32.46","83.32","0.14","2.85","45.11","46.8","5.6","40.46","92.84","10.0","11.63","49.06","5.54"
"2024-08-31","37.47","86.58","0","0","36.95","35.27","2.42","29.51","77.14","0","0","33.15","34.3","2.84","32.64","83.57","0.47","3.23","45.4","47.06","5.65","40.54","92.89","9.98","11.53","48.96","5.51"
"2024-09-01","37.3","86.33","0","0","36.74","35.09","2.39","29.43","77.1","0","0","33.33","34.53","2.9","32.81","83.83","0.79","3.6","45.69","47.31","5.69","40.61","92.92","9.96","11.41","48.86","5.47"
"2024-09-02","37.12","86.07","0","0","36.54","34.93","2.36","29.36","77.06","0","0","33.53","34.78","2.97","33.0","84.08","1.11","3.97","45.99","47.57","5.74","40.67","92.96","9.93","11.29","48.75","5.43"
"2024-09-03","36.93","85.82","0","0","36.35","34.78","2.34","29.3","77.03","0","0","33.74","35.04","3.03","33.18","84.34","1.43","4.33","46.29","47.83","5.78","40.73","92.98","9.88","11.15","48.65","5.4"
"2024-09-04","36.75","85.56","0","0","36.17","34.64","2.32","29.24","77.01","0","0","33.96","35.32","3.1","33.36","84.6","1.75","4.69","46.59","48.08","5.83","40.79","92.99","9.83","11.0","48.54","5.36"
"2024-09-05","36.56","85.3","0","0","36.0","34.52","2.3","29.19","77.0","0","0","34.21","35.61","3.17","33.55","84.86","2.06","5.04","46.89","48.34","5.87","40.84","93.0","9.76","10.84","48.43","5.33"
"2024-09-06","36.38","85.04","0","0","35.85","34.41","2.29","29.15","77.0","0","0","34.46","35.91","3.25","33.74","85.11","2.38","5.39","47.19","48.6","5.91","40.88","93.0","9.69","10.67","48.32","5.29"
"2024-09-07","36.19","84.79","0","0","35.7","34.32","2.28","29.11","77.01","0","0","34.73","36.22","3.32","33.93","85.37","2.69","5.73","47.49","48.85","5.96","40.91","92.99","9.6","10.48","48.22","5.26"
"2024-09-08","36.0","84.53","0","0","35.58","34.24","2.27","29.07","77.02","0","0","35.01","36.55","3.4","34.12","85.63","3.0","6.07","47.8","49.11","6.0","40.94","92.97","9.51","10.29","48.11","5.22"
"2024-09-09","35.8","84.27","0","0","35.46","34.17","2.27","29.05","77.04","0","0","35.31","36.89","3.48","34.31","85.89","3.31","6.4","48.1","49.36","6.04","40.97","92.94","9.4","10.09","48.0","5.19"
"2024-09-10","35.61","84.01","0","0","35.36","34.12","2.27","29.03","77.07","0","0","35.62","37.24","3.56","34.51","86.14","3.61","6.73","48.41","49.61","6.08","40.98","92.91","9.29","9.87","47.89","5.16"
"2024-09-11","35.42","83.76","0","0","35.27","34.09","2.28","29.01","77.11","0","0","35.95","37.6","3.65","34.7","86.4","3.91","7.04","48.71","49.87","6.12","41.0","92.86","9.17","9.65","47.79","5.12"
"2024-09-12","35.23","83.5","0","0","35.2","34.07","2.28","29.0","77.16","0","0","36.28","37.98","3.74","34.89","86.65","4.2","7.35","49.02","50.12","6.16","41.0","92.81","9.03","9.41","47.68","5.09"
"2024-09-13","35.03","83.25","0","0","35.14","34.06","2.29","29.0","77.21","0","0","36.63","38.36","3.82","35.09","86.9","4.49","7.65","49.32","50.36","6.2","41.0","92.75","8.89","9.17","47.57","5.06"
"2024-09-14","34.84","83.0","0","0","35.09","34.07","2.31","29.0","77.27","0","0","37.0","38.76","3.92","35.28","87.15","4.78","7.95","49.63","50.61","6.24","40.99","92.68","8.74","8.91","47.47","5.02"
"2024-09-15","34.65","82.75","0","0","35.06","34.09","2.33","29.01","77.34","0","0","37.37","39.17","4.01","35.47","87.4","5.06","8.23","49.93","50.86","6.28","40.98","92.61","8.58","8.65","47.37","4.99"
"2024-09-16","34.45","82.51","0","0","35.04","34.13","2.35","29.03","77.42","0","0","37.76","39.58","4.1","35.66","87.64","5.33","8.51","50.23","51.1","6.32","40.96","92.52","8.41","8.37","47.27","4.96"
"2024-09-17","34.26","82.26","0","0","35.04","34.19","2.37","29.05","77.51","0","0","38.16","40.01","4.2","35.86","87.89","5.6","8.78","50.53","51.34","6.36","40.93","92.43","8.23","8.09","47.17","4.93"
"2024-09-18","34.07","82.02","0","0","35.05","34.26","2.4","29.08","77.61","0","0","38.57","40.44","4.29","36.05","88.13","5.87","9.04","50.83","51.58","6.39","40.9","92.33","8.04","7.8","47.07","4.9"
"2024-09-19","33.88","81.78","0","0","35.08","34.35","2.43","29.12","77.71","0","0","38.99","40.89","4.39","36.24","88.36","6.13","9.29","51.13","51.82","6.43","40.86","92.23","7.84","7.51","46.97","4.87"
"2024-09-20","33.69","81.55","0","0","35.12","34.45","2.46","29.16","77.82","0","0","39.42","41.34","4.49","36.43","88.59","6.38","9.53","51.42","52.05","6.46","40.81","92.11","7.64","7.2","46.88","4.85"
"2024-09-21","33.5","81.32","0","0","35.17","34.57","2.5","29.21","77.93","0","0","39.86","41.8","4.59","36.61","88.82","6.62","9.76","51.72","52.28","6.5","40.76","91.99","7.43","6.89","46.79","4.82"
"2024-09-22","33.31","81.09","0","0","35.24","34.7","2.54","29.26","78.06","0","0","40.31","42.27","4.7","36.8","89.05","6.86","9.98","52.01","52.51","6.53","40.71","91.86","7.21","6.57","46.7","4.79"
"2024-09-23","33.13","80.87","0","0","35.33","34.85","2.59","29.32","78.19","0","0","40.78","42.75","4.8","36.98","89.27","7.09","10.19","52.29","52.73","6.57","40.64","91.72","6.98","6.24","46.62","4.77"
"2024-09-24","32.95","80.65","0","0","35.43","35.02","2.64","29.38","78.33","0","0","41.25","43.24","4.91","37.16","89.48","7.32","10.39","52.58","52.95","6.6","40.57","91.58","6.74","5.9","46.54","4.75"
"2024-09-25","32.77","80.43","0","0","35.55","35.2","2.69","29.45","78.48","0","0","41.73","43.73","5.01","37.34","89.69","7.53","10.58","52.86","53.17","6.63","40.5","91.43","6.5","5.56","46.46","4.72"
"2024-09-26","32.59","80.22","0","0","35.68","35.39","2.75","29.53","78.63","0","0","42.22","44.23","5.12","37.52","89.9","7.74","10.75","53.14","53.39","6.66","40.42","91.27","6.25","5.22","46.39","4.7"
"2024-09-27","32.41","80.02","0","0","35.82","35.6","2.8","29.61","78.79","0","0","42.71","44.73","5.23","37.7","90.1","7.94","10.92","53.42","53.6","6.69","40.33","91.11","6.0","4.87","46.32","4.68"
"2024-09-28","32.24","79.82","0","0","35.99","35.83","2.87","29.7","78.95","0","0","43.22","45.24","5.33","37.87","90.3","8.13","11.07","53.7","53.81","6.72","40.24","90.94","5.74","4.51","46.26","4.66"
"2024-09-29","32.07","79.63","0","0","36.16","36.07","2.93","29.79","79.13","0","0","43.73","45.76","5.44","38.04","90.49","8.32","11.22","53.97","54.02","6.75","40.15","90.77","5.47","4.15","46.19","4.65"
"2024-09-30","31.9","79.44","0","0","36.35","36.33","3.0","29.89","79.3","0","0","44.25","46.28","5.55","38.2","90.67","8.49","11.35","54.24","54.22","6.77","40.04","90.58","5.2","3.78","46.14","4.63"
"2024-10-01","31.74","79.26","0","0","36.56","36.6","3.07","30.0","79.49","0","0","44.78","46.81","5.66","38.36","90.85","8.66","11.47","54.5","54.42","6.8","39.94","90.4","4.92","3.42","46.09","4.62"
"2024-10-02","31.58","79.08","0","0","36.78","36.89","3.14","30.11","79.68","0","0","45.32","47.34","5.77","38.52","91.03","8.81","11.58","54.76","54.61","6.83","39.82","90.2","4.64","3.04","46.04","4.61"
"2024-10-03","31.42","78.91","0","0","37.02","37.19","3.22","30.22","79.87","0","0","45.86","47.87","5.89","38.68","91.19","8.96","11.67","55.02","54.8","6.85","39.71","90.0","4.35","2.67","46.0","4.59"
"2024-10-04","31.26","78.74","0","0","37.27","37.51","3.3","30.34","80.08","0","0","46.4","48.41","6.0","38.83","91.35","9.1","11.76","55.27","54.99","6.88","39.58","89.8","4.06","2.29","45.97","4.58"
"2024-10-05","31.12","78.59","0","0","37.54","37.84","3.39","30.47","80.28","0","0","46.95","48.95","6.11","38.97","91.51","9.23","11.83","55.52","55.18","6.9","39.46","89.59","3.76","1.91","45.94","4.58"
"2024-10-06","30.97","78.44","0","0","37.82","38.19","3.47","30.6","80.49","0","0","47.51","49.5","6.22","39.12","91.65","9.35","11.89","55.77","55.36","6.92","39.32","89.38","3.46","1.52","45.92","4.57"
"2024-10-07","30.83","78.29","0","0","38.12","38.55","3.56","30.73","80.71","0","0","48.07","50.05","6.33","39.26","91.79","9.46","11.93","56.01","55.54","6.95","39.19","89.16","3.15","1.14","45.9","4.57"
"2024-10-08","30.69","78.15","0","0","38.43","38.92","3.66","30.87","80.93","0","0","48.64","50.6","6.44","39.39","91.93","9.56","11.97","56.24","55.71","6.97","39.05","88.94","2.85","0.75","45.89","4.56"
"2024-10-09","30.56","78.02","0","0","38.76","39.31","3.75","31.01","81.15","0","0","49.2","51.15","6.56","39.52","92.05","9.65","11.99","56.48","55.88","6.99","38.9","88.71","2.54","0.37","45.89","4.56"
"2024-10-10","30.43","77.9","0","0","39.1","39.72","3.85","31.16","81.38","0","0","49.78","51.7","6.67","39.64","92.17","9.73","12.0","56.71","56.05","7.01","38.75","88.48","2.22","0","45.89","4.57"
"2024-10-11","30.31","77.79","0","0","39.45","40.13","3.95","31.31","81.61","0","0.17","50.35","52.26","6.78","39.76","92.28","9.8","12.0","56.93","56.21","7.03","38.6","88.24","1.91","0","45.9","4.57"
"2024-10-12","30.19","77.68","0","0","39.82","40.56","4.05","31.46","81.85","0","0.56","50.93","52.81","6.89","39.88","92.38","9.86","11.98","57.15","56.37","7.05","38.44","88.01","1.59","0","45.92","4.57"
"2024-10-13","30.08","77.58","0","0","40.2","41.01","4.16","31.62","82.09","0","0.94","51.51","53.37","7.0","39.99","92.48","9.91","11.95","57.37","56.53","7.07","38.28","87.77","1.27","0","45.95","4.58"
"2024-10-14","29.97","77.49","0","0","40.6","41.46","4.27","31.78","82.33","0","1.33","52.1","53.92","7.11","40.09","92.57","9.95","11.91","57.59","56.69","7.09","38.12","87.52","0.95","0","45.98","4.59"
"2024-10-15","29.87","77.4","0","0","41.01","41.93","4.38","31.95","82.57","0","1.71","52.68","54.48","7.22","40.19","92.65","9.97","11.86","57.79","56.84","7.11","37.95","87.28","0.63","0","46.02","4.6"
"2024-10-16","29.77","77.32","0","0","41.43","42.41","4.49","32.11","82.82","0","2.1","53.27","55.03","7.33","40.29","92.72","9.99","11.79","58.0","56.98","7.12","37.78","87.03","0.31","0","46.07","4.62"
"2024-10-17","29.68","77.26","0","0","41.87","42.9","4.61","32.28","83.07","0","2.48","53.85","55.58","7.44","40.38","92.78","10.0","11.72","58.2","57.13","7.14","37.61","86.78","0","0","46.13","4.63"
"2024-10-18","29.59","77.2","0","0","42.32","43.41","4.73","32.46","83.32","0.14","2.85","54.44","56.14","7.55","40.46","92.84","10.0","11.63","58.4","57.27","7.16","37.43","86.53","0","0","46.2","4.65"
"2024-10-19","29.51","77.14","0","0","42.78","43.93","4.85","32.64","83.57","0.47","3.23","55.03","56.69","7.65","40.54","92.89","9.98","11.53","58.59","57.41","7.17","37.26","86.27","0","0","46.27","4.67"
"2024-10-20","29.43","77.1","0","0","43.25","44.45","4.97","32.81","83.83","0.79","3.6","55.61","57.24","7.76","40.61","92.92","9.96","11.41","58.78","57.55","7.19","37.07","86.02","0","0","46.36","4.7"
"2024-10-21","29.36","77.06","0","0","43.74","44.99","5.09","33.0","84.08","1.11","3.97","56.2","57.78","7.86","40.67","92.96","9.93","11.29","58.96","57.68","7.21","36.89","85.76","0","0","46.45","4.72"
"2024-10-22","29.3","77.03","0","0","44.24","45.54","5.22","33.18","84.34","1.43","4.33","56.79","58.33","7.97","40.73","92.98","9.88","11.15","59.15","57.81","7.22","36.71","85.5","0","0","46.55","4.75"
"2024-10-23","29.24","77.01","0","0","44.75","46.1","5.35","33.36","84.6","1.75","4.69","57.37","58.87","8.07","40.79","92.99","9.83","11.0","59.32","57.94","7.24","36.52","85.24","0","0","46.66","4.78"
"2024-10-24","29.19","77.0","0","0","45.27","46.67","5.48","33.55","84.86","2.06","5.04","57.95","59.4","8.18","40.84","93.0","9.76","10.84","59.5","58.07","7.25","36.33","84.99","0","0","46.78","4.81"
"2024-10-25","29.15","77.0","0","0","45.8","47.25","5.61","33.74","85.11","2.38","5.39","58.53","59.94","8.28","40.88","93.0","9.69","10.67","59.67","58.19","7.27","36.14","84.73","0","0","46.92","4.84"
"2024-10-26","29.11","77.01","0","0","46.35","47.84","5.74","33.93","85.37","2.69","5.73","59.11","60.47","8.38","40.91","92.99","9.6","10.48","59.83","58.31","7.28","35.95","84.47","0","0","47.06","4.88"
"2024-10-27","29.07","77.02","0","0","46.9","48.44","5.88","34.12","85.63","3.0","6.07","59.69","60.99","8.48","40.94","92.97","9.51","10.29","60.0","58.43","7.3","35.76","84.21","0","0","47.21","4.92"
"2024-10-28","29.05","77.04","0","0","47.47","49.05","6.01","34.31","85.89","3.31","6.4","60.26","61.52","8.57","40.97","92.94","9.4","10.09","60.16","58.55","7.31","35.57","83.96","0","0","47.37","4.96"
"2024-10-29","29.03","77.07","0","0","48.04","49.66","6.15","34.51","86.14","3.61","6.73","60.83","62.03","8.67","40.98","92.91","9.29","9.87","60.31","58.67","7.33","35.38","83.7","0","0","47.54","5.01"
"2024-10-30","29.01","77.11","0","0","48.63","50.28","6.29","34.7","86.4","3.91","7.04","61.39","62.55","8.77","41.0","92.86","9.17","9.65","60.47","58.79","7.34","35.18","83.45","0","0","47.72","5.06"
"2024-10-31","29.0","77.16","0","0","49.22","50.91","6.43","34.89","86.65","4.2","7.35","61.95","63.05","8.86","41.0","92.81","9.03","9.41","60.62","58.9","7.36","34.99","83.2","0","0","47.91","5.1"
"2024-11-01","29.0","77.21","0","0","49.82","51.55","6.57","35.09","86.9","4.49","7.65","62.51","63.55","8.95","41.0","92.75","8.89","9.17","60.76","59.01","7.37","34.8","82.95","0","0","48.11","5.16"
"2024-11-02","29.0","77.27","0","0","50.44","52.2","6.72","35.28","87.15","4.78","7.95","63.06","64.05","9.04","40.99","92.68","8.74","8.91","60.91","59.13","7.39","34.6","82.7","0","0","48.32","5.21"
"2024-11-03","29.01","77.34","0","0","51.06","52.85","6.86","35.47","87.4","5.06","8.23","63.61","64.54","9.13","40.98","92.61","8.58","8.65","61.05","59.24","7.41","34.41","82.45","0","0","48.55","5.27"
"2024-11-04","29.03","77.42","0","0","51.68","53.51","7.0","35.66","87.64","5.33","8.51","64.15","65.02","9.22","40.96","92.52","8.41","8.37","61.19","59.35","7.42","34.22","82.21","0","0","48.78","5.33"
"2024-11-05","29.05","77.51","0","0","52.32","54.17","7.15","35.86","87.89","5.6","8.78","64.69","65.5","9.31","40.93","92.43","8.23","8.09","61.33","59.46","7.44","34.03","81.97","0","0","49.02","5.39"
"2024-11-06","29.08","77.61","0","0","52.96","54.84","7.29","36.05","88.13","5.87","9.04","65.22","65.97","9.39","40.9","92.33","8.04","7.8","61.46","59.57","7.45","33.84","81.73","0","0","49.27","5.45"
"2024-11-07","29.12","77.71","0","0","53.61","55.51","7.44","36.24","88.36","6.13","9.29","65.75","66.44","9.48","40.86","92.23","7.84","7.51","61.6","59.68","7.47","33.65","81.5","0","0","49.54","5.52"
"2024-11-08","29.16","77.82","0","0","54.26","56.19","7.59","36.43","88.59","6.38","9.53","66.27","66.89","9.56","40.81","92.11","7.64","7.2","61.73","59.79","7.49","33.46","81.27","0","0","49.81","5.59"
"2024-11-09","29.21","77.93","0","0","54.93","56.87","7.73","36.61","88.82","6.62","9.76","66.78","67.34","9.64","40.76","91.99","7.43","6.89","61.86","59.9","7.51","33.27","81.04","0","0","50.1","5.66"
"2024-11-10","29.26","78.06","0","0","55.59","57.55","7.88","36.8","89.05","6.86","9.98","67.29","67.79","9.72","40.71","91.86","7.21","6.57","61.98","60.01","7.53","33.09","80.82","0","0","50.4","5.74"
"2024-11-11","29.32","78.19","0","0","56.27","58.24","8.03","36.98","89.27","7.09","10.19","67.78","68.22","9.79","40.64","91.72","6.98","6.24","62.11","60.13","7.55","32.91","80.6","0","0","50.7","5.81"
"2024-11-12","29.38","78.33","0","0","56.94","58.93","8.18","37.16","89.48","7.32","10.39","68.28","68.65","9.87","40.57","91.58","6.74","5.9","62.24","60.24","7.57","32.73","80.39","0","0","51.02","5.89"
"2024-11-13","29.45","78.48","0","0","57.62","59.63","8.32","37.34","89.69","7.53","10.58","68.76","69.07","9.94","40.5","91.43","6.5","5.56","62.36","60.35","7.59","32.55","80.18","0","0","51.35","5.97"
"2024-11-14","29.53","78.63","0","0","58.31","60.32","8.47","37.52","89.9","7.74","10.75","69.24","69.48","10.01","40.42","91.27","6.25","5.22","62.48","60.47","7.61","32.37","79.98","0","0","51.69","6.06"
"2024-11-15","29.61","78.79","0","0","59.0","61.02","8.62","37.7","90.1","7.94","10.92","69.71","69.89","10.08","40.33","91.11","6.0","4.87","62.6","60.58","7.63","32.2","79.78","0","0","52.04","6.15"
"2024-11-16","29.7","78.95","0","0","59.69","61.72","8.77","37.87","90.3","8.13","11.07","70.17","70.28","10.15","40.24","90.94","5.74","4.51","62.73","60.7","7.65","32.03","79.58","0","0","52.4","6.23"
"2024-11-17","29.79","79.13","0","0","60.39","62.41","8.91","38.04","90.49","8.32","11.22","70.62","70.67","10.22","40.15","90.77","5.47","4.15","62.85","60.82","7.68","31.86","79.4","0","0","52.77","6.33"
"2024-11-18","29.89","79.3","0","0","61.08","63.11","9.06","38.2","90.67","8.49","11.35","71.07","71.05","10.28","40.04","90.58","5.2","3.78","62.97","60.94","7.7","31.7","79.22","0","0","53.15","6.42"
"2024-11-19","30.0","79.49","0","0","61.78","63.81","9.21","38.36","90.85","8.66","11.47","71.5","71.42","10.34","39.94","90.4","4.92","3.42","63.09","61.07","7.73","31.54","79.04","0","0","53.54","6.51"
"2024-11-20","30.11","79.68","0","0","62.48","64.51","9.35","38.52","91.03","8.81","11.58","71.93","71.78","10.4","39.82","90.2","4.64","3.04","63.21","61.19","7.75","31.38","78.87","0","0","53.94","6.61"
"2024-11-21","30.22","79.87","0","0","63.19","65.21","9.5","38.68","91.19","8.96","11.67","72.35","72.14","10.46","39.71","90.0","4.35","2.67","63.33","61.32","7.78","31.23","78.71","0","0","54.35","6.71"
"2024-11-22","30.34","80.08","0","0","63.89","65.9","9.64","38.83","91.35","9.1","11.76","72.76","72.48","10.52","39.58","89.8","4.06","2.29","63.46","61.45","7.81","31.08","78.55","0","0","54.77","6.81"
"2024-11-23","30.47","80.28","0","0","64.59","66.59","9.78","38.97","91.51","9.23","11.83","73.16","72.82","10.58","39.46","89.59","3.76","1.91","63.58","61.58","7.84","30.94","78.4","0","0","55.2","6.92"
"2024-11-24","30.6","80.49","0","0","65.3","67.29","9.93","39.12","91.65","9.35","11.89","73.55","73.15","10.63","39.32","89.38","3.46","1.52","63.7","61.72","7.87","30.8","78.26","0","0","55.64","7.02"
"2024-11-25","30.73","80.71","0","0","66.0","67.97","10.07","39.26","91.79","9.46","11.93","73.93","73.46","10.68","39.19","89.16","3.15","1.14","63.83","61.86","7.9","30.66","78.13","0","0","56.09","7.13"
"2024-11-26","32.16","79.46","0","1.08","66.7","68.66","10.21","40.68","90.46","10.93","14.03","74.31","73.77","10.73","40.34","87.47","4.22","2.82","63.95","62.0","7.93","31.82","76.53","0","0","56.55","7.24"
"2024-11-27","33.59","78.23","0.03","3.53","67.4","69.34","10.35","42.1","89.13","12.4","16.12","74.67","74.08","10.78","41.48","85.78","5.29","4.5","64.08","62.15","7.97","32.99","74.95","0","0","57.01","7.35"
"2024-11-28","35.03","76.99","1.72","5.98","68.1","70.02","10.48","43.52","87.78","13.86","18.19","75.03","74.37","10.83","42.62","84.09","6.35","6.17","64.21","62.3","8.0","34.15","73.37","0","0","57.49","7.47"
"2024-11-29","36.47","75.76","3.4","8.43","68.79","70.69","10.62","44.92","86.43","15.3","20.25","75.37","74.65","10.87","43.76","82.4","7.41","7.85","64.34","62.45","8.04","35.32","71.81","0","0","57.98","7.58"
"2024-11-30","37.91","74.54","5.09","10.87","69.48","71.36","10.75","46.33","85.08","16.73","22.3","75.71","74.93","10.92","44.89","80.7","8.47","9.52","64.47","62.61","8.08","36.5","70.25","0","0","58.47","7.7"
"2024-12-01","39.35","73.32","6.78","13.32","70.17","72.03","10.89","47.72","83.72","18.15","24.33","76.03","75.19","10.96","46.02","79.0","9.52","11.19","64.61","62.77","8.11","37.68","68.7","0","0.44","58.97","7.82"
"2024-12-02","40.8","72.11","8.47","15.75","70.86","72.69","11.02","49.11","82.35","19.56","26.34","76.35","75.45","11.0","47.13","77.31","10.57","12.86","64.74","62.94","8.15","38.86","67.17","0","2.54","59.48","7.94"
"2024-12-03","42.24","70.9","10.16","18.19","71.54","73.34","11.15","50.49","80.98","20.96","28.33","76.66","75.7","11.04","48.25","75.61","11.61","14.53","64.88","63.1","8.2","40.04","65.64","1.0","4.65","60.0","8.06"
"2024-12-04","43.69","69.7","11.84","20.61","72.22","73.99","11.28","51.86","79.6","22.34","30.31","76.95","75.94","11.07","49.36","73.91","12.65","16.19","65.02","63.28","8.24","41.23","64.13","2.35","6.77","60.53","8.19"
"2024-12-05","45.13","68.51","13.52","23.03","72.89","74.63","11.4","53.22","78.22","23.7","32.27","77.24","76.17","11.11","50.46","72.22","13.69","17.85","65.17","63.46","8.28","42.42","62.62","3.7","8.89","61.06","8.31"
"2024-12-06","46.58","67.32","15.2","25.44","73.56","75.26","11.53","54.58","76.84","25.06","34.21","77.52","76.39","11.14","51.55","70.53","14.72","19.5","65.32","63.64","8.33","43.61","61.13","5.07","11.02","61.6","8.44"
"2024-12-07","48.02","66.14","16.87","27.84","74.22","75.88","11.65","55.92","75.45","26.39","36.14","77.79","76.61","11.17","52.64","68.84","15.75","21.16","65.47","63.83","8.38","44.8","59.66","6.44","13.16","62.15","8.57"
"2024-12-08","49.46","64.96","18.54","30.23","74.88","76.5","11.77","57.25","74.06","27.71","38.04","78.04","76.81","11.2","53.72","67.15","16.77","22.81","65.62","64.02","8.42","45.99","58.19","7.81","15.29","62.7","8.7"
"2024-12-09","50.9","63.8","20.2","32.61","75.53","77.11","11.89","58.58","72.67","29.02","39.93","78.29","77.01","11.23","54.79","65.47","17.79","24.45","65.78","64.22","8.47","47.19","56.74","9.19","17.44","63.26","8.83"
"2024-12-10","52.33","62.64","21.86","34.97","76.17","77.71","12.01","59.89","71.27","30.31","41.79","78.53","77.2","11.26","55.86","63.8","18.81","26.09","65.94","64.42","8.53","48.38","55.31","10.58","19.58","63.83","8.96"
"2024-12-11","53.76","61.48","23.5","37.32","76.81","78.31","12.12","61.19","69.88","31.59","43.63","78.76","77.38","11.29","56.92","62.13","19.82","27.73","66.1","64.63","8.58","49.58","53.89","11.97","21.73","64.4","9.09"
"2024-12-12","55.19","60.34","25.14","39.66","77.44","78.89","12.23","62.47","68.48","32.84","45.46","78.98","77.55","11.31","57.97","60.47","20.82","29.36","66.27","64.85","8.63","50.77","52.48","13.36","23.88","64.98","9.22"
"2024-12-13","56.61","59.2","26.77","41.98","78.06","79.46","12.34","63.75","67.08","34.08","47.26","79.19","77.72","11.34","59.01","58.81","21.83","30.99","66.44","65.06","8.69","51.97","51.09","14.75","26.03","65.56","9.36"
"2024-12-14","58.03","58.06","28.39","44.29","78.67","80.03","12.45","65.01","65.68","35.31","49.04","79.39","77.88","11.36","60.05","57.16","22.82","32.61","66.62","65.29","8.75","53.16","49.72","16.15","28.18","66.15","9.49"
"2024-12-15","59.44","56.94","30.0","46.57","79.28","80.59","12.56","66.26","64.28","36.51","50.79","79.59","78.02","11.38","61.08","55.52","23.82","34.23","66.8","65.52","8.8","54.36","48.36","17.55","30.34","66.74","9.63"
"2024-12-16","60.84","55.82","31.6","48.84","79.87","81.13","12.66","67.49","62.88","37.7","52.53","79.77","78.17","11.4","62.1","53.89","24.8","35.84","66.98","65.75","8.86","55.55","47.02","18.96","32.48","67.34","9.76"
"2024-12-17","62.23","54.72","33.19","51.09","80.46","81.66","12.76","68.71","61.48","38.87","54.24","79.94","78.3","11.42","63.11","52.28","25.79","37.45","67.17","65.99","8.93","56.74","45.69","20.36","34.63","67.94","9.9"
"2024-12-18","63.62","53.62","34.76","53.32","81.04","82.19","12.86","69.92","60.08","40.02","55.93","80.11","78.43","11.44","64.11","50.67","26.77","39.05","67.36","66.24","8.99","57.93","44.39","21.77","36.78","68.54","10.04"
"2024-12-19","65.0","52.52","36.32","55.53","81.6","82.7","12.95","71.11","58.68","41.15","57.59","80.26","78.55","11.45","65.1","49.07","27.74","40.64","67.56","66.49","9.05","59.11","43.1","23.17","38.92","69.15","10.17"
"2024-12-20","66.38","51.44","37.87","57.72","82.16","83.2","13.05","72.29","57.29","42.27","59.23","80.41","78.66","11.47","66.09","47.48","28.71","42.23","67.76","66.75","9.12","60.3","41.83","24.58","41.05","69.76","10.31"
"2024-12-21","67.74","50.37","39.4","59.88","82.71","83.69","13.14","73.45","55.9","43.36","60.84","80.55","78.77","11.48","67.06","45.91","29.67","43.81","67.97","67.01","9.19","61.48","40.58","25.98","43.18","70.37","10.45"
"2024-12-22","69.09","49.3","40.92","62.02","83.24","84.17","13.22","74.59","54.51","44.43","62.44","80.68","78.87","11.5","68.03","44.35","30.63","45.38","68.18","67.28","9.25","62.65","39.34","27.39","45.31","70.98","10.59"
"2024-12-23","70.43","48.24","42.42","64.14","83.77","84.64","13.31","75.72","53.12","45.49","64.0","80.8","78.96","11.51","68.98","42.81","31.58","46.95","68.39","67.56","9.33","63.83","38.13","28.79","47.42","71.6","10.72"
"2024-12-24","71.76","47.19","43.9","66.23","84.28","85.09","13.39","76.83","51.74","46.53","65.54","80.92","79.05","11.52","69.93","41.27","32.53","48.51","68.61","67.84","9.4","64.99","36.93","30.19","49.53","72.22","10.86"
"2024-12-25","73.08","46.15","45.37","68.29","84.78","85.53","13.47","77.93","50.36","47.54","67.06","81.02","79.13","11.53","70.87","39.76","33.48","50.06","68.84","68.12","9.47","66.16","35.76","31.58","51.63","72.84","11.0"
"2024-12-26","74.39","45.12","46.82","70.33","85.27","85.96","13.54","79.01","48.99","48.54","68.55","81.12","79.21","11.54","71.8","38.26","34.41","51.6","69.07","68.41","9.54","67.32","34.61","32.97","53.72","73.45","11.14"
"2024-12-27","75.68","44.1","48.25","72.34","85.75","86.38","13.62","80.07","47.62","49.51","70.01","81.21","79.28","11.55","72.71","36.78","35.34","53.14","69.3","68.71","9.62","68.47","33.47","34.36","55.8","74.07","11.27"
"2024-12-28","76.96","43.09","49.66","74.32","86.22","86.78","13.69","81.11","46.26","50.47","71.45","81.3","79.34","11.56","73.62","35.31","36.27","54.67","69.54","69.01","9.7","69.62","32.36","35.75","57.87","74.69","11.41"
"2024-12-29","78.23","42.09","51.06","76.27","86.67","87.17","13.75","82.14","44.9","51.4","72.86","81.37","79.4","11.57","74.52","33.86","37.19","56.18","69.78","69.32","9.77","70.76","31.26","37.13","59.93","75.31","11.55"
"2024-12-30","79.49","41.1","52.43","78.19","87.11","87.55","13.82","83.15","43.55","52.32","74.24","81.44","79.46","11.57","75.41","32.43","38.11","57.69","70.03","69.63","9.85","71.9","30.19","38.5","61.97","75.93","11.68"
"2024-12-31","80.72","40.12","53.78","80.08","87.54","87.92","13.88","84.13","42.21","53.21","75.6","81.5","79.5","11.58","76.29","31.02","39.01","59.19","70.29","69.95","9.93","73.03","29.14","39.87","64.0","76.55","11.82"
"2025-01-01","81.95","39.14","55.11","81.94","87.96","88.27","13.94","85.1","40.88","54.08","76.93","81.56","79.55","11.59","77.15","29.63","39.92","60.68","70.55","70.28","10.02","74.15","28.11","41.23","66.01","77.16","11.95"
"2025-01-02","83.16","38.18","56.42","83.77","88.36","88.6","14.0","86.06","39.55","54.93","78.24","81.6","79.59","11.59","78.01","28.25","40.81","62.16","70.81","70.6","10.1","75.27","27.1","42.58","68.01","77.78","12.09"
"2025-01-03","84.35","37.23","57.7","85.57","88.75","88.93","14.05","86.99","38.24","55.76","79.51","81.65","79.62","11.6","78.85","26.9","41.7","63.63","71.08","70.94","10.18","76.37","26.12","43.92","70.0","78.39","12.22"
"2025-01-04","85.52","36.29","58.97","87.33","89.12","89.24","14.1","87.9","36.93","56.57","80.76","81.68","79.65","11.6","79.69","25.57","42.59","65.09","71.35","71.28","10.27","77.47","25.15","45.26","71.96","79.0","12.35"
"2025-01-05","86.68","35.36","60.21","89.05","89.48","89.53","14.15","88.79","35.63","57.36","81.99","81.71","79.68","11.61","80.51","24.26","43.47","66.54","71.63","71.62","10.35","78.56","24.21","46.59","73.91","79.6","12.48"
"2025-01-06","87.82","34.44","61.42","90.75","89.83","89.81","14.19","89.67","34.34","58.13","83.18","81.73","79.71","11.61","81.32","22.98","44.34","67.97","71.91","71.97","10.44","79.64","23.29","47.9","75.84","80.2","12.61"
"2025-01-07","88.95","33.53","62.61","92.4","90.16","90.08","14.23","90.52","33.07","58.88","84.35","81.75","79.73","11.61","82.12","21.71","45.2","69.4","72.2","72.32","10.53","80.72","22.39","49.21","77.75","80.8","12.74"
"2025-01-08","90.05","32.63","63.78","94.02","90.48","90.34","14.27","91.35","31.8","59.6","85.49","81.76","79.74","11.62","82.91","20.47","46.06","70.81","72.49","72.68","10.62","81.78","21.52","50.5","79.63","81.39","12.86"
"2025-01-09","91.14","31.74","64.92","95.61","90.79","90.57","14.3","92.16","30.55","60.31","86.6","81.77","79.76","11.62","83.69","19.25","46.91","72.21","72.79","73.04","10.71","82.83","20.67","51.79","81.5","81.98","12.99"
"2025-01-10","92.2","30.86","66.03","97.16","91.08","90.8","14.34","92.96","29.31","60.99","87.69","81.77","79.77","11.62","84.46","18.06","47.75","73.6","73.09","73.4","10.8","83.87","19.84","53.06","83.34","82.56","13.11"
"2025-01-11","93.25","30.0","67.12","98.67","91.35","91.01","14.37","93.73","28.08","61.65","88.74","81.77","79.78","11.63","85.21","16.89","48.59","74.97","73.39","73.77","10.89","84.9","19.03","54.32","85.16","83.14","13.23"
"2025-01-12","94.27","29.14","68.18","100.14","91.61","91.21","14.39","94.48","26.87","62.29","89.77","81.77","79.78","11.63","85.95","15.75","49.42","76.33","73.7","74.15","10.98","85.92","18.25","55.56","86.96","83.71","13.35"
"2025-01-13","95.28","28.3","69.22","101.57","91.86","91.39","14.42","95.21","25.67","62.91","90.78","81.75","79.79","11.63","86.68","14.63","50.24","77.68","74.02","74.52","11.08","86.92","17.48","56.79","88.73","84.28","13.47"
"2025-01-14","96.26","27.47","70.22","102.97","92.09","91.56","14.44","95.92","24.48","63.51","91.75","81.74","79.79","11.64","87.4","13.54","51.05","79.01","74.33","74.91","11.17","87.91","16.75","58.01","90.48","84.83","13.59"
"2025-01-15","97.23","26.65","71.2","104.32","92.31","91.72","14.45","96.61","23.31","64.09","92.7","81.72","79.79","11.64","88.11","12.48","51.86","80.33","74.65","75.29","11.26","88.89","16.03","59.21","92.2","85.39","13.7"
"2025-01-16","98.17","25.84","72.15","105.64","92.51","91.86","14.47","97.27","22.15","64.65","93.61","81.7","79.79","11.65","88.8","11.44","52.65","81.64","74.98","75.68","11.36","89.86","15.34","60.39","93.89","85.93","13.81"
"2025-01-17","99.09","25.05","73.07","106.91","92.7","91.98","14.48","97.92","21.01","65.18","94.51","81.67","79.78","11.65","89.49","10.43","53.44","82.92","75.31","76.06","11.45","90.82","14.67","61.56","95.56","86.47","13.92"
"2025-01-18","99.98","24.27","73.97","108.14","92.88","92.1","14.49","98.55","19.89","65.7","95.37","81.64","79.78","11.65","90.15","9.44","54.22","84.2","75.64","76.46","11.55","91.76","14.02","62.71","97.19","86.99","14.03"
"2025-01-19","100.86","23.5","74.83","109.34","93.04","92.2","14.5","99.15","18.79","66.19","96.2","81.61","79.77","11.66","90.81","8.49","54.99","85.46","75.97","76.85","11.64","92.68","13.4","63.85","98.8","87.51","14.14"
"2025-01-20","101.71","22.74","75.66","110.49","93.18","92.28","14.5","99.73","17.7","66.67","97.01","81.57","79.77","11.66","91.45","7.56","55.75","86.7","76.31","77.25","11.74","93.59","12.8","64.97","100.38","88.02","14.24"
"2025-01-21","102.53","22.0","76.47","111.6","93.31","92.35","14.5","100.29","16.63","67.12","97.79","81.54","79.76","11.67","92.09","6.66","56.51","87.92","76.65","77.65","11.84","94.49","12.23","66.06","101.92","88.52","14.34"
"2025-01-22","103.33","21.27","77.24","112.67","93.42","92.41","14.5","100.83","15.58","67.55","98.55","81.5","79.75","11.67","92.7","5.79","57.25","89.13","77.0","78.05","11.93","95.37","11.67","67.14","103.43","89.01","14.44"
"2025-01-23","104.11","20.55","77.99","113.69","93.52","92.45","14.5","101.35","14.54","67.97","99.27","81.45","79.74","11.68","93.31","4.95","57.99","90.31","77.34","78.45","12.03","96.23","11.14","68.2","104.91","89.5","14.54"
"2025-01-24","104.87","19.84","78.7","114.68","93.61","92.48","14.49","101.84","13.53","68.36","99.97","81.41","79.73","11.68","93.9","4.14","58.71","91.49","77.69","78.85","12.13","97.08","10.63","69.24","106.36","89.97","14.63"
"2025-01-25","105.6","19.15","79.38","115.62","93.68","92.5","14.48","102.31","12.54","68.73","100.64","81.36","79.73","11.69","94.48","3.36","59.43","92.64","78.04","79.26","12.22","97.91","10.15","70.25","107.78","90.43","14.72"
"2025-01-26","106.3","18.47","80.03","116.52","93.74","92.51","14.47","102.77","11.57","69.09","101.28","81.32","79.72","11.69","95.04","2.6","60.13","93.77","78.4","79.66","12.32","98.73","9.69","71.25","109.15","90.88","14.81"
"2025-01-27","106.98","17.81","80.65","117.37","93.78","92.5","14.46","103.2","10.61","69.42","101.9","81.27","79.71","11.7","95.59","1.88","60.82","94.88","78.75","80.06","12.41","99.53","9.25","72.22","110.5","91.31","14.89"
"2025-01-28","107.63","17.16","81.24","118.19","93.81","92.48","14.44","103.61","9.68","69.74","102.49","81.22","79.7","11.71","96.13","1.19","61.51","95.98","79.11","80.47","12.51","100.3","8.84","73.18","111.8","91.74","14.98"
"2025-01-29","108.26","16.52","81.8","118.96","93.83","92.44","14.43","103.99","8.78","70.03","103.05","81.17","79.7","11.72","96.65","0.53","62.18","97.05","79.46","80.87","12.61","101.07","8.44","74.1","113.08","92.16","15.06"
"2025-01-30","108.86","15.9","82.33","119.68","93.83","92.4","14.4","104.36","7.89","70.31","103.59","81.12","79.69","11.73","97.16","0","62.84","98.11","79.82","81.28","12.7","101.81","8.08","75.01","114.31","92.56","15.13"
"2025-01-31","109.44","15.3","82.82","120.36","93.81","92.34","14.38","104.7","7.03","70.56","104.09","81.06","79.69","11.73","97.66","0","63.49","99.14","80.18","81.68","12.8","102.53","7.73","75.89","115.5","92.95","15.21"
"2025-02-01","109.99","14.7","83.28","121.0","93.79","92.27","14.36","105.03","6.19","70.8","104.58","81.01","79.68","11.74","98.14","0","64.13","100.15","80.54","82.08","12.89","103.24","7.4","76.74","116.66","93.33","15.28"
"2025-02-02","110.51","14.13","83.71","121.6","93.75","92.19","14.33","105.33","5.37","71.02","105.03","80.96","79.68","11.75","98.61","0","64.76","101.14","80.9","82.49","12.98","103.92","7.1","77.58","117.78","93.69","15.34"
"2025-02-03","111.0","13.57","84.11","122.15","93.69","92.09","14.3","105.61","4.58","71.22","105.46","80.9","79.68","11.77","99.06","0","65.37","102.1","81.26","82.89","13.08","104.59","6.82","78.38","118.86","94.04","15.41"
"2025-02-04","111.47","13.02","84.48","122.65","93.63","91.98","14.27","105.87","3.81","71.4","105.86","80.85","79.68","11.78","99.5","0","65.97","103.05","81.62","83.28","13.17","105.23","6.57","79.16","119.89","94.38","15.47"
"2025-02-05","111.91","12.49","84.81","123.12","93.55","91.87","14.24","106.1","3.07","71.56","106.24","80.8","79.68","11.79","99.92","0","66.56","103.97","81.98","83.68","13.26","105.85","6.33","79.91","120.89","94.7","15.53"
"2025-02-06","112.33","11.97","85.12","123.54","93.45","91.74","14.2","106.32","2.36","71.7","106.59","80.75","79.68","11.8","100.33","0","67.14","104.86","82.34","84.07","13.35","106.46","6.12","80.64","121.85","95.01","15.58"
"2025-02-07","112.72","11.47","85.39","123.91","93.35","91.6","14.16","106.51","1.67","71.83","106.91","80.7","79.69","11.81","100.72","0","67.7","105.74","82.69","84.46","13.44","107.04","5.93","81.34","122.76","95.31","15.63"
"2025-02-08","113.08","10.99","85.63","124.25","93.23","91.45","14.12","106.69","1.0","71.94","107.21","80.65","79.69","11.83","101.1","0","68.25","106.58","83.05","84.85","13.53","107.6","5.76","82.01","123.63","95.59","15.68"
"2025-02-09","113.41","10.52","85.83","124.54","93.1","91.29","14.08","106.84","0.36","72.03","107.48","80.6","79.7","11.84","101.47","0","68.79","107.41","83.4","85.23","13.61","108.14","5.61","82.65","124.46","95.85","15.72"
"2025-02-10","113.71","10.07","86.01","124.78","92.96","91.12","14.04","106.97","0","72.11","107.73","80.55","79.71","11.86","101.81","0","69.31","108.2","83.76","85.61","13.7","108.65","5.48","83.27","125.25","96.1","15.77"
"2025-02-11","113.99","9.63","86.15","124.99","92.81","90.94","14.0","107.08","0","72.16","107.95","80.5","79.73","11.87","102.15","0","69.82","108.97","84.11","85.99","13.78","109.15","5.38","83.85","125.99","96.34","15.8"
"2025-02-12","114.24","9.22","86.27","125.15","92.64","90.75","13.95","107.17","0","72.2","108.15","80.45","79.74","11.89","102.46","0","70.31","109.72","84.45","86.36","13.87","109.62","5.3","84.41","126.68","96.56","15.84"
"2025-02-13","114.46","8.82","86.35","125.26","92.47","90.55","13.9","107.24","0","72.22","108.32","80.41","79.76","11.91","102.77","0","70.79","110.44","84.8","86.72","13.95","110.07","5.23","84.94","127.34","96.77","15.87"
"2025-02-14","114.65","8.43","86.4","125.34","92.28","90.34","13.85","107.29","0","72.23","108.47","80.37","79.78","11.92","103.05","0","71.25","111.13","85.14","87.09","14.03","110.49","5.19","85.43","127.95","96.96","15.9"
"2025-02-15","114.81","8.07","86.41","125.37","92.08","90.13","13.8","107.32","0","72.22","108.59","80.32","79.8","11.94","103.32","0","71.69","111.79","85.48","87.44","14.11","110.89","5.17","85.9","128.51","97.13","15.92"
"2025-02-16","114.95","7.72","86.4","125.36","91.87","89.9","13.75","107.33","0","72.19","108.68","80.28","79.82","11.96","103.58","0","72.13","112.43","85.81","87.79","14.19","111.27","5.17","86.34","129.03","97.29","15.94"
"2025-02-17","115.06","7.39","86.36","125.3","91.65","89.67","13.7","107.32","0","72.15","108.75","80.25","79.85","11.98","103.81","0","72.54","113.03","86.14","88.14","14.26","111.62","5.19","86.74","129.5","97.43","15.96"
"2025-02-18","115.14","7.07","86.28","125.21","91.42","89.43","13.65","107.29","0","72.09","108.8","80.21","79.87","12.0","104.04","0","72.94","113.61","86.47","88.47","14.33","111.95","5.23","87.12","129.92","97.56","15.97"
"2025-02-19","115.19","6.78","86.18","125.07","91.18","89.18","13.59","107.24","0","72.01","108.82","80.17","79.9","12.02","104.24","0","73.32","114.16","86.79","88.8","14.41","112.25","5.29","87.46","130.3","97.67","15.98"
"2025-02-20","115.22","6.5","86.04","124.9","90.94","88.92","13.54","107.17","0","71.92","108.82","80.14","79.94","12.04","104.43","0","73.69","114.67","87.11","89.13","14.48","112.53","5.37","87.77","130.63","97.77","15.99"
"2025-02-21","115.22","6.24","85.87","124.68","90.68","88.66","13.48","107.08","0","71.82","108.8","80.11","79.97","12.06","104.6","0","74.03","115.16","87.42","89.45","14.54","112.79","5.47","88.05","130.92","97.84","15.99"
"2025-02-22","115.19","6.0","85.68","124.42","90.41","88.39","13.42","106.97","0","71.69","108.75","80.08","80.01","12.09","104.76","0","74.36","115.62","87.73","89.75","14.61","113.02","5.59","88.3","131.16","97.91","15.99"
"2025-02-23","115.13","5.78","85.45","124.12","90.14","88.11","13.36","106.85","0","71.56","108.67","80.06","80.05","12.11","104.9","0","74.68","116.04","88.03","90.06","14.67","113.22","5.73","88.51","131.35","97.95","15.98"
"2025-02-24","115.04","5.58","85.2","123.78","89.85","87.83","13.3","106.7","0","71.41","108.57","80.03","80.09","12.13","105.02","0","74.97","116.44","88.32","90.35","14.73","113.4","5.89","88.69","131.49","97.98","15.97"
"2025-02-25","114.93","5.4","84.91","123.41","89.56","87.54","13.24","106.53","0","71.24","108.45","80.01","80.13","12.16","105.13","0","75.25","116.8","88.61","90.63","14.79","113.55","6.07","88.84","131.59","97.99","15.96"
"2025-02-26","114.79","5.24","84.6","122.99","89.26","87.24","13.18","106.35","0","71.06","108.31","79.99","80.18","12.18","105.21","0","75.5","117.13","88.89","90.91","14.85","113.68","6.27","88.96","131.64","97.99","15.95"
"2025-02-27","114.62","5.1","84.26","122.53","88.96","86.94","13.12","106.15","0","70.86","108.14","79.97","80.23","12.21","105.28","0","75.74","117.43","89.17","91.18","14.91","113.78","6.48","89.04","131.64","97.97","15.93"
"2025-02-28","114.43","4.98","83.89","122.04","88.64","86.64","13.06","105.93","0","70.65","107.95","79.96","80.28","12.23","105.34","0","75.96","117.69","89.43","91.43","14.96","113.85","6.72","89.09","131.59","97.93","15.91"
"2025-03-01","114.21","4.87","83.49","121.51","88.32","86.33","12.99","105.69","0","70.43","107.73","79.95","80.33","12.26","105.37","0","76.16","117.93","89.69","91.68","15.01","113.9","6.97","89.11","131.5","97.88","15.88"
"2025-03-02","113.96","4.79","83.07","120.94","88.0","86.01","12.93","105.43","0","70.19","107.5","79.94","80.38","12.28","105.39","0","76.34","118.12","89.94","91.92","15.05","113.92","7.24","89.09","131.36","97.81","15.85"
"2025-03-03","113.68","4.73","82.61","120.33","87.66","85.7","12.87","105.16","0","69.94","107.23","79.93","80.44","12.31","105.39","0","76.49","118.29","90.19","92.15","15.1","113.91","7.53","89.04","131.17","97.72","15.82"
"2025-03-04","113.38","4.69","82.14","119.69","87.33","85.37","12.8","104.86","0","69.68","106.95","79.92","80.49","12.33","105.37","0","76.63","118.42","90.42","92.36","15.14","113.88","7.83","88.96","130.93","97.62","15.78"
"2025-03-05","113.05","4.67","81.63","119.01","86.98","85.05","12.74","104.55","0","69.4","106.64","79.92","80.55","12.36","105.34","0","76.75","118.51","90.65","92.57","15.18","113.82","8.16","88.84","130.64","97.5","15.74"
"2025-03-06","112.7","4.67","81.1","118.29","86.63","84.72","12.67","104.23","0","69.1","106.31","79.92","80.61","12.39","105.29","0","76.85","118.57","90.87","92.76","15.22","113.74","8.5","88.69","130.31","97.37","15.7"
"2025-03-07","112.32","4.7","80.54","117.54","86.28","84.39","12.61","103.88","0","68.8","105.96","79.92","80.67","12.41","105.21","0","76.92","118.59","91.07","92.95","15.25","113.62","8.86","88.5","129.93","97.22","15.66"
"2025-03-08","111.91","4.74","79.96","116.76","85.92","84.06","12.54","103.52","0","68.48","105.59","79.92","80.73","12.44","105.13","0","76.97","118.58","91.27","93.12","15.28","113.48","9.23","88.28","129.5","97.05","15.61"
"2025-03-09","111.48","4.81","79.35","115.94","85.56","83.72","12.48","103.15","0","68.15","105.19","79.92","80.8","12.47","105.02","0","77.01","118.54","91.46","93.28","15.31","113.32","9.62","88.03","129.02","96.87","15.55"
"2025-03-10","111.03","4.89","78.72","115.09","85.19","83.38","12.41","102.75","0","67.81","104.77","79.93","80.86","12.49","104.89","0","77.02","118.45","91.64","93.43","15.33","113.12","10.03","87.75","128.5","96.67","15.5"
"2025-03-11","110.55","5.0","78.06","114.21","84.82","83.04","12.35","102.34","0","67.45","104.33","79.94","80.93","12.52","104.75","0.6","77.0","118.33","91.81","93.56","15.36","112.9","10.46","87.43","127.93","96.45","15.44"
"2025-03-12","110.04","5.13","77.38","113.29","84.44","82.7","12.29","101.92","0","67.08","103.87","79.95","81.0","12.55","104.58","1.23","76.97","118.18","91.96","93.69","15.37","112.66","10.9","87.08","127.31","96.22","15.38"
"2025-03-13","109.51","5.29","76.68","112.34","84.07","82.36","12.22","101.48","0","66.7","103.38","79.96","81.06","12.57","104.4","1.89","76.91","117.98","92.11","93.8","15.39","112.38","11.36","86.69","126.65","95.98","15.31"
"2025-03-14","108.96","5.46","75.95","111.36","83.69","82.01","12.16","101.02","0","66.3","102.88","79.97","81.13","12.6","104.2","2.57","76.83","117.75","92.24","93.9","15.4","112.08","11.83","86.27","125.94","95.72","15.24"
"2025-03-15","108.38","5.66","75.21","110.35","83.31","81.67","12.09","100.55","0","65.9","102.35","79.98","81.2","12.63","103.98","3.27","76.73","117.48","92.37","93.98","15.41","111.75","12.32","85.82","125.19","95.45","15.17"
"2025-03-16","107.78","5.88","74.44","109.31","82.92","81.32","12.03","100.06","0","65.48","101.8","80.0","81.26","12.65","103.74","4.01","76.6","117.18","92.48","94.05","15.42","111.4","12.83","85.34","124.39","95.16","15.1"
"2025-03-17","107.16","6.12","73.65","108.24","82.54","80.98","11.97","99.55","0","65.05","101.22","80.02","81.33","12.68","103.49","4.76","76.45","116.83","92.58","94.11","15.42","111.01","13.35","84.82","123.54","94.85","15.02"
"2025-03-18","106.51","6.39","72.84","107.14","82.15","80.63","11.9","99.04","0","64.61","100.63","80.04","81.4","12.7","103.21","5.54","76.27","116.45","92.67","94.16","15.42","110.6","13.88","84.27","122.65","94.53","14.94"
"2025-03-19","105.84","6.68","72.0","106.01","81.76","80.29","11.84","98.5","0","64.15","100.01","80.06","81.47","12.73","102.92","6.35","76.08","116.03","92.75","94.19","15.42","110.17","14.44","83.69","121.72","94.2","14.86"
"2025-03-20","105.15","6.99","71.15","104.85","81.37","79.94","11.78","97.96","0","63.69","99.37","80.07","81.53","12.75","102.6","7.18","75.85","115.58","92.81","94.21","15.41","109.71","15.0","83.08","120.74","93.86","14.78"
"2025-03-21","104.44","7.33","70.28","103.67","80.98","79.6","11.72","97.39","0","63.21","98.72","80.1","81.6","12.78","102.27","8.03","75.61","115.08","92.86","94.21","15.4","109.22","15.58","82.43","119.72","93.5","14.69"
"2025-03-22","103.71","7.69","69.39","102.46","80.59","79.26","11.66","96.82","0.24","62.72","98.04","80.12","81.66","12.8","101.92","8.9","75.34","114.55","92.9","94.2","15.39","108.7","16.18","81.76","118.65","93.12","14.6"
"2025-03-23","102.95","8.07","68.48","101.23","80.2","78.92","11.6","96.23","0.9","62.22","97.33","80.14","81.73","12.82","101.54","9.8","75.04","113.97","92.93","94.18","15.38","108.16","16.79","81.05","117.54","92.74","14.51"
"2025-03-24","102.17","8.47","67.55","99.97","79.81","78.58","11.54","95.63","1.59","61.71","96.61","80.16","81.79","12.85","101.15","10.71","74.72","113.36","92.94","94.14","15.36","107.59","17.41","80.31","116.39","92.34","14.41"
"2025-03-25","101.38","8.9","66.61","98.68","79.42","78.24","11.48","95.01","2.32","61.19","95.87","80.18","81.85","12.87","100.74","11.65","74.37","112.71","92.94","94.08","15.33","107.0","18.05","79.54","115.2","91.92","14.31"
"2025-03-26","100.56","9.35","65.65","97.37","79.03","77.91","11.42","94.38","3.07","60.65","95.1","80.2","81.91","12.89","100.31","12.61","74.0","112.02","92.93","94.01","15.31","106.38","18.7","78.74","113.96","91.5","14.22"
"2025-03-27","99.73","9.83","64.67","96.04","78.64","77.57","11.36","93.74","3.86","60.1","94.31","80.23","81.96","12.91","99.86","13.59","73.61","111.3","92.9","93.93","15.28","105.73","19.37","77.91","112.69","91.06","14.11"
"2025-03-28","98.87","10.33","63.68","94.68","78.25","77.24","11.3","93.08","4.67","59.55","93.51","80.25","82.02","12.93","99.4","14.59","73.19","110.53","92.86","93.83","15.25","105.06","20.05","77.05","111.37","90.62","14.01"
"2025-03-29","98.0","10.85","62.67","93.31","77.86","76.91","11.25","92.41","5.52","58.98","92.68","80.27","82.07","12.95","98.91","15.61","72.74","109.73","92.81","93.72","15.21","104.37","20.74","76.16","110.02","90.16","13.9"
"2025-03-30","97.1","11.4","61.65","91.91","77.48","76.59","11.19","91.73","6.39","58.4","91.83","80.29","82.12","12.96","98.4","16.64","72.27","108.88","92.74","93.6","15.17","103.65","21.45","75.24","108.62","89.69","13.8"
"2025-03-31","96.19","11.97","60.61","90.49","77.1","76.26","11.14","91.04","7.29","57.81","90.96","80.31","82.16","12.98","97.88","17.7","71.77","108.0","92.66","93.45","15.13","102.9","22.17","74.29","107.19","89.2","13.69"
"2025-04-01","95.27","12.56","59.56","89.05","76.72","75.94","11.09","90.33","8.22","57.21","90.07","80.32","82.21","13.0","97.33","18.77","71.25","107.08","92.56","93.3","15.08","102.13","22.9","73.32","105.72","88.71","13.58"
"2025-04-02","94.32","13.18","58.49","87.58","76.34","75.63","11.03","89.61","9.18","56.6","89.16","80.34","82.25","13.01","96.77","19.86","70.7","106.12","92.45","93.13","15.03","101.34","23.65","72.32","104.22","88.21","13.46"
"2025-04-03","93.36","13.82","57.41","86.11","75.97","75.31","10.98","88.88","10.17","55.98","88.22","80.35","82.28","13.02","96.18","20.97","70.13","105.12","92.32","92.94","14.98","100.52","24.41","71.29","102.67","87.7","13.35"
"2025-04-04","92.38","14.49","56.32","84.61","75.59","75.0","10.93","88.14","11.18","55.34","87.27","80.37","82.31","13.04","95.58","22.09","69.53","104.09","92.19","92.74","14.92","99.67","25.18","70.23","101.09","87.18","13.23"
"2025-04-05","91.39","15.17","55.22","83.09","75.22","74.7","10.88","87.39","12.22","54.7","86.29","80.38","82.34","13.05","94.96","23.23","68.9","103.01","92.03","92.52","14.87","98.81","25.97","69.15","99.48","86.65","13.11"
"2025-04-06","90.38","15.89","54.11","81.56","74.86","74.4","10.83","86.62","13.29","54.04","85.3","80.39","82.37","13.06","94.32","24.39","68.25","101.9","91.87","92.29","14.8","97.92","26.76","68.04","97.83","86.11","13.0"
"2025-04-07","89.36","16.62","52.98","80.01","74.5","74.1","10.78","85.85","14.39","53.38","84.28","80.39","82.39","13.06","93.65","25.55","67.58","100.75","91.68","92.04","14.74","97.01","27.57","66.9","96.15","85.56","12.87"
"2025-04-08","88.32","17.38","51.85","78.44","74.14","73.8","10.74","85.06","15.51","52.7","83.25","80.4","82.4","13.07","92.98","26.74","66.88","99.56","91.49","91.78","14.67","96.07","28.39","65.75","94.43","85.01","12.75"
"2025-04-09","87.26","18.17","50.7","76.86","73.78","73.51","10.69","84.27","16.65","52.01","82.19","80.4","82.41","13.07","92.28","27.93","66.15","98.34","91.28","91.51","14.6","95.12","29.23","64.56","92.69","84.45","12.63"
"2025-04-10","86.2","18.97","49.55","75.26","73.43","73.22","10.64","83.46","17.82","51.31","81.12","80.4","82.42","13.08","91.56","29.14","65.4","97.08","91.05","91.22","14.52","94.14","30.07","63.36","90.91","83.88","12.51"
"2025-04-11","85.12","19.8","48.39","73.65","73.08","72.94","10.6","82.64","19.02","50.61","80.02","80.39","82.42","13.08","90.82","30.37","64.62","95.78","90.82","90.92","14.44","93.14","30.93","62.13","89.1","83.3","12.38"
"2025-04-12","84.03","20.66","47.22","72.03","72.74","72.66","10.56","81.81","20.24","49.89","78.9","80.38","82.41","13.08","90.07","31.6","63.82","94.44","90.56","90.6","14.36","92.12","31.8","60.87","87.26","82.72","12.26"
"2025-04-13","82.92","21.53","46.04","70.39","72.4","72.39","10.51","80.97","21.48","49.16","77.77","80.37","82.4","13.08","89.29","32.85","62.99","93.07","90.3","90.26","14.28","91.08","32.68","59.6","85.4","82.13","12.13"
"2025-04-14","81.8","22.43","44.85","68.74","72.07","72.12","10.47","80.13","22.75","48.42","76.61","80.36","82.38","13.08","88.5","34.11","62.14","91.66","90.01","89.92","14.19","90.02","33.57","58.3","83.5","81.53","12.0"
"2025-04-15","80.68","23.35","43.66","67.08","71.74","71.86","10.43","79.27","24.03","47.66","75.43","80.34","82.36","13.07","87.69","35.38","61.26","90.22","89.72","89.56","14.1","88.93","34.47","56.99","81.58","80.93","11.87"
"2025-04-16","79.54","24.3","42.46","65.41","71.41","71.6","10.39","78.4","25.34","46.9","74.23","80.31","82.33","13.06","86.86","36.65","60.36","88.74","89.41","89.18","14.01","87.83","35.38","55.65","79.63","80.33","11.75"
"2025-04-17","78.39","25.26","41.25","63.73","71.09","71.34","10.35","77.53","26.68","46.13","73.02","80.28","82.29","13.05","86.02","37.94","59.43","87.23","89.09","88.79","13.92","86.71","36.31","54.29","77.66","79.72","11.62"
"2025-04-18","77.23","26.25","40.04","62.03","70.78","71.09","10.32","76.64","28.03","45.35","71.78","80.25","82.25","13.04","85.15","39.24","58.48","85.68","88.75","88.39","13.82","85.57","37.24","52.92","75.66","79.11","11.49"
"2025-04-19","76.06","27.27","38.83","60.33","70.47","70.85","10.28","75.75","29.4","44.55","70.52","80.21","82.2","13.03","84.27","40.55","57.5","84.09","88.4","87.98","13.72","84.42","38.19","51.52","73.63","78.49","11.36"
"2025-04-20","74.88","28.3","37.61","58.62","70.16","70.6","10.24","74.84","30.79","43.75","69.25","80.17","82.14","13.02","83.37","41.86","56.5","82.48","88.03","87.55","13.61","83.24","39.15","50.11","71.59","77.87","11.23"
"2025-04-21","73.69","29.35","36.38","56.9","69.86","70.37","10.21","73.93","32.21","42.94","67.95","80.12","82.08","13.0","82.45","43.18","55.48","80.83","87.66","87.11","13.51","82.05","40.12","48.68","69.52","77.25","11.1"
"2025-04-22","72.5","30.43","35.15","55.17","69.56","70.14","10.18","73.01","33.64","42.11","66.63","80.07","82.01","12.98","81.52","44.51","54.43","79.14","87.26","86.65","13.4","80.84","41.09","47.23","67.43","76.62","10.97"
"2025-04-23","71.3","31.53","33.92","53.43","69.27","69.91","10.14","72.08","35.09","41.27","65.3","80.01","81.93","12.96","80.56","45.85","53.36","77.43","86.86","86.19","13.29","79.61","42.08","45.77","65.32","75.99","10.84"
"2025-04-24","70.09","32.65","32.69","51.69","68.99","69.69","10.11","71.15","36.55","40.43","63.94","79.94","81.84","12.94","79.6","47.19","52.27","75.68","86.44","85.71","13.17","78.37","43.08","44.29","63.19","75.36","10.71"
"2025-04-25","68.87","33.79","31.45","49.94","68.71","69.47","10.08","70.2","38.03","39.57","62.57","79.87","81.74","12.92","78.61","48.54","51.15","73.9","86.01","85.22","13.06","77.11","44.09","42.8","61.05","74.73","10.58"
"2025-04-26","67.65","34.95","30.21","48.18","68.44","69.25","10.05","69.25","39.53","38.71","61.18","79.79","81.64","12.89","77.61","49.89","50.01","72.09","85.57","84.71","12.94","75.84","45.11","41.3","58.88","74.1","10.45"
"2025-04-27","66.42","36.13","28.97","46.42","68.17","69.05","10.02","68.29","41.05","37.83","59.77","79.71","81.53","12.86","76.59","51.25","48.85","70.25","85.11","84.2","12.82","74.55","46.14","39.78","56.7","73.47","10.32"
"2025-04-28","65.18","37.34","27.73","44.66","67.91","68.84","9.99","67.32","42.58","36.94","58.34","79.61","81.4","12.83","75.55","52.61","47.67","68.39","84.65","83.67","12.69","73.25","47.17","38.25","54.51","72.84","10.19"
"2025-04-29","63.94","38.56","26.49","42.89","67.65","68.64","9.96","66.34","44.12","36.04","56.89","79.52","81.28","12.8","74.5","53.98","46.47","66.49","84.17","83.14","12.57","71.94","48.22","36.71","52.3","72.2","10.06"
"2025-04-30","62.7","39.8","25.24","41.11","67.4","68.44","9.93","65.36","45.68","35.13","55.42","79.41","81.14","12.76","73.43","55.35","45.24","64.56","83.67","82.59","12.44","70.61","49.28","35.15","50.07","71.57","9.94"
"2025-05-01","61.45","41.06","24.0","39.34","67.15","68.25","9.91","64.37","47.25","34.21","53.94","79.3","80.99","12.72","72.35","56.72","44.0","62.61","83.17","82.03","12.31","69.27","50.34","33.59","47.83","70.94","9.81"
"2025-05-02","60.19","42.34","22.76","37.56","66.91","68.07","9.88","63.38","48.83","33.28","52.43","79.18","80.83","12.68","71.26","58.1","42.73","60.62","82.66","81.47","12.18","67.92","51.42","32.02","45.59","70.31","9.68"
"2025-05-03","58.94","43.63","21.52","35.77","66.67","67.88","9.85","62.37","50.43","32.35","50.91","79.05","80.67","12.64","70.14","59.48","41.44","58.62","82.13","80.89","12.05","66.55","52.5","30.43","43.33","69.69","9.56"
"2025-05-04","57.68","44.95","20.28","33.99","66.44","67.7","9.83","61.36","52.04","31.4","49.37","78.92","80.49","12.59","69.02","60.86","40.13","56.58","81.59","80.3","11.92","65.18","53.6","28.84","41.06","69.06","9.43"
"2025-05-05","56.42","46.28","19.04","32.2","66.21","67.53","9.8","60.35","53.65","30.44","47.81","78.78","80.31","12.55","67.88","62.24","38.81","54.52","81.05","79.7","11.78","63.8","54.7","27.24","38.78","68.44","9.31"
"2025-05-06","55.15","47.63","17.8","30.41","65.99","67.36","9.78","59.33","55.28","29.47","46.24","78.63","80.12","12.5","66.72","63.62","37.46","52.44","80.49","79.1","11.64","62.4","55.81","25.64","36.49","67.82","9.19"
"2025-05-07","53.89","49.0","16.56","28.63","65.78","67.19","9.75","58.3","56.91","28.49","44.65","78.47","79.91","12.45","65.55","65.0","36.1","50.33","79.92","78.48","11.5","61.0","56.93","24.03","34.2","67.2","9.07"
"2025-05-08","52.62","50.39","15.33","26.84","65.57","67.02","9.73","57.27","58.56","27.5","43.04","78.3","79.7","12.39","64.37","66.38","34.72","48.2","79.35","77.86","11.36","59.58","58.06","22.41","31.9","66.59","8.95"
"2025-05-09","51.35","51.79","14.1","25.05","65.36","66.86","9.71","56.23","60.21","26.5","41.41","78.13","79.48","12.33","63.17","67.76","33.32","46.05","78.76","77.23","11.22","58.16","59.19","20.79","29.59","65.98","8.83"
"2025-05-10","50.08","53.2","12.87","23.26","65.16","66.71","9.69","55.18","61.87","25.49","39.77","77.95","79.25","12.28","61.97","69.14","31.91","43.87","78.17","76.6","11.08","56.74","60.34","19.16","27.28","65.38","8.71"
"2025-05-11","48.82","54.64","11.65","21.47","64.97","66.55","9.66","54.13","63.53","24.47","38.11","77.76","79.0","12.21","60.75","70.52","30.47","41.68","77.56","75.95","10.94","55.3","61.49","17.54","24.97","64.78","8.59"
"2025-05-12","47.55","56.08","10.43","19.69","64.78","66.4","9.64","53.07","65.2","23.44","36.44","77.56","78.75","12.15","59.51","71.9","29.03","39.47","76.95","75.3","10.79","53.86","62.65","15.9","22.65","64.18","8.48"
"2025-05-13","46.28","57.54","9.21","17.9","64.59","66.25","9.62","52.01","66.88","22.4","34.75","77.35","78.49","12.08","58.27","73.28","27.56","37.23","76.33","74.64","10.64","52.41","63.82","14.27","20.34","63.59","8.36"
"2025-05-14","45.02","59.02","8.0","16.12","64.41","66.11","9.6","50.95","68.56","21.35","33.04","77.13","78.22","12.02","57.01","74.65","26.08","34.98","75.7","73.98","10.5","50.96","64.99","12.64","18.02","63.01","8.25"
"2025-05-15","43.75","60.51","6.79","14.34","64.23","65.97","9.58","49.88","70.24","20.29","31.32","76.91","77.94","11.95","55.75","76.02","24.59","32.71","75.07","73.31","10.35","49.5","66.17","11.0","15.7","62.43","8.14"
"2025-05-16","42.49","62.01","5.58","12.56","64.06","65.83","9.56","48.8","71.93","19.22","29.58","76.67","77.65","11.87","54.47","77.39","23.08","30.43","74.43","72.64","10.2","48.04","67.36","9.37","13.39","61.86","8.03"
"2025-05-17","41.23","63.52","4.38","10.79","63.89","65.69","9.54","47.73","73.62","18.14","27.83","76.43","77.34","11.8","53.18","78.75","21.56","28.13","73.78","71.96","10.05","46.58","68.56","7.74","11.07","61.29","7.93"
"2025-05-18","39.97","65.05","3.19","9.01","63.72","65.55","9.51","46.64","75.31","17.06","26.07","76.17","77.03","11.72","51.89","80.11","20.03","25.81","73.12","71.28","9.9","45.11","69.76","6.1","8.76","60.73","7.82"
"2025-05-19","38.72","66.59","2.0","7.25","63.56","65.42","9.49","45.56","77.0","15.96","24.29","75.91","76.71","11.64","50.58","81.47","18.49","23.48","72.46","70.59","9.76","43.64","70.97","4.48","6.45","60.18","7.72"
"2025-05-20","37.46","68.14","0.82","5.48","63.41","65.29","9.47","44.46","78.69","14.86","22.49","75.64","76.38","11.56","49.26","82.82","16.93","21.14","71.8","69.9","9.61","42.17","72.19","2.85","4.15","59.64","7.62"
"2025-05-21","36.22","69.7","0","3.72","63.25","65.16","9.45","43.37","80.38","13.75","20.69","75.36","76.04","11.47","47.94","84.17","15.36","18.78","71.12","69.21","9.45","40.7","73.41","1.23","1.86","59.1","7.52"
"2025-05-22","34.97","71.27","0","1.97","63.1","65.03","9.43","42.27","82.07","12.62","18.87","75.07","75.69","11.39","46.61","85.51","13.78","16.42","70.45","68.51","9.3","39.22","74.64","0","0","58.57","7.42"
"2025-05-23","33.73","72.84","0","0.22","62.96","64.9","9.41","41.17","83.75","11.49","17.03","74.78","75.33","11.3","45.27","86.84","12.2","14.04","69.77","67.81","9.15","37.75","75.87","0","0","58.05","7.32"
"2025-05-24","32.5","74.43","0","0","62.81","64.78","9.39","40.07","85.44","10.36","15.19","74.47","74.96","11.21","43.92","88.17","10.6","11.66","69.08","67.11","9.0","36.27","77.11","0","0","57.54","7.23"
"2025-05-25","31.27","76.03","0","0","62.67","64.65","9.36","38.96","87.12","9.21","13.33","74.15","74.58","11.11","42.56","89.5","8.99","9.26","68.4","66.41","8.85","34.8","78.36","0","0","57.03","7.14"
"2025-05-26","30.04","77.63","0","0","62.54","64.53","9.34","37.85","88.8","8.05","11.46","73.83","74.19","11.02","41.2","90.82","7.38","6.86","67.71","65.71","8.7","33.33","79.61","0","0","56.54","7.05"
"2025-05-27","29.47","78.51","0","0","62.4","64.41","9.32","37.38","89.74","7.58","10.62","73.49","73.79","10.92","40.48","91.4","6.45","5.49","67.01","65.0","8.55","32.51","80.13","0","0","56.05","6.96"
"2025-05-28","29.55","78.66","0","0","62.27","64.28","9.3","37.56","89.95","7.79","10.79","73.15","73.38","10.82","40.4","91.24","6.2","5.14","66.32","64.3","8.41","32.33","79.93","0","0","55.57","6.87"
"2025-05-29","29.63","78.82","0","0","62.14","64.16","9.27","37.73","90.15","7.98","10.96","72.8","72.96","10.72","40.31","91.07","5.94","4.79","65.62","63.6","8.26","32.16","79.73","0","0","55.1","6.79"
"2025-05-30","29.72","78.99","0","0","62.01","64.04","9.25","37.9","90.34","8.17","11.11","72.44","72.54","10.62","40.22","90.9","5.68","4.43","64.92","62.9","8.11","31.99","79.54","0","0","54.65","6.71"
"2025-05-31","29.82","79.17","0","0","61.89","63.92","9.23","38.07","90.53","8.36","11.25","72.07","72.1","10.51","40.12","90.73","5.41","4.07","64.22","62.19","7.96","31.83","79.36","0","0","54.2","6.63"
"2025-06-01","29.92","79.35","0","0","61.76","63.79","9.2","38.24","90.71","8.53","11.38","71.69","71.66","10.4","40.02","90.54","5.14","3.7","63.52","61.49","7.82","31.66","79.18","0","0","53.76","6.55"
"2025-06-02","30.02","79.53","0","0","61.64","63.67","9.18","38.4","90.89","8.69","11.49","71.3","71.2","10.29","39.91","90.35","4.86","3.33","62.82","60.8","7.67","31.51","79.0","0","0","53.33","6.47"
"2025-06-03","30.13","79.72","0","0","61.52","63.55","9.15","38.56","91.06","8.85","11.6","70.91","70.74","10.18","39.8","90.16","4.57","2.96","62.12","60.1","7.53","31.35","78.84","0","0","52.91","6.4"
"2025-06-04","30.25","79.92","0","0","61.4","63.42","9.12","38.71","91.23","8.99","11.69","70.5","70.27","10.07","39.68","89.96","4.28","2.58","61.42","59.41","7.38","31.2","78.67","0","0","52.5","6.33"
"2025-06-05","30.37","80.12","0","0","61.29","63.3","9.1","38.86","91.39","9.13","11.77","70.09","69.8","9.96","39.56","89.75","3.99","2.2","60.72","58.72","7.24","31.05","78.52","0","0","52.1","6.26"
"2025-06-06","30.49","80.33","0","0","61.17","63.17","9.07","39.01","91.54","9.26","11.84","69.67","69.31","9.84","39.43","89.54","3.69","1.82","60.03","58.03","7.1","30.91","78.37","0","0","51.72","6.2"
"2025-06-07","30.62","80.54","0","0","61.05","63.04","9.04","39.15","91.68","9.37","11.9","69.24","68.82","9.72","39.29","89.33","3.39","1.44","59.33","57.35","6.96","30.77","78.23","0","0","51.34","6.13"
"2025-06-08","30.76","80.76","0","0","60.94","62.91","9.01","39.29","91.82","9.48","11.94","68.8","68.32","9.61","39.16","89.11","3.09","1.05","58.64","56.67","6.82","30.63","78.1","0","0","50.97","6.07"
"2025-06-09","30.9","80.98","0","0","60.82","62.78","8.98","39.42","91.95","9.58","11.97","68.36","67.81","9.49","39.01","88.89","2.78","0.67","57.95","56.0","6.68","30.5","77.97","0","0","50.62","6.01"
"2025-06-10","31.04","81.2","0","0","60.71","62.65","8.95","39.55","92.08","9.67","11.99","67.91","67.3","9.36","38.87","88.66","2.47","0.28","57.26","55.33","6.55","30.38","77.85","0","0","50.27","5.95"
"2025-06-11","31.19","81.43","0","0","60.59","62.51","8.92","39.67","92.19","9.74","12.0","67.45","66.77","9.24","38.72","88.43","2.15","0","56.58","54.67","6.41","30.26","77.74","0","0","49.94","5.9"
"2025-06-12","31.34","81.66","0","0.26","60.48","62.37","8.89","39.79","92.3","9.81","11.99","66.98","66.25","9.12","38.57","88.19","1.84","0","55.9","54.02","6.28","30.14","77.63","0","0","49.62","5.85"
"2025-06-13","31.5","81.9","0","0.64","60.36","62.24","8.85","39.9","92.41","9.87","11.98","66.5","65.71","8.99","38.41","87.95","1.52","0","55.23","53.37","6.15","30.03","77.54","0","0","49.31","5.8"
"2025-06-14","31.65","82.14","0","1.03","60.25","62.09","8.82","40.01","92.5","9.92","11.95","66.02","65.17","8.87","38.25","87.71","1.2","0","54.56","52.73","6.02","29.92","77.45","0","0","49.0","5.75"
"2025-06-15","31.82","82.38","0","1.41","60.13","61.95","8.78","40.12","92.58","9.95","11.9","65.54","64.62","8.74","38.08","87.47","0.88","0","53.89","52.09","5.9","29.82","77.37","0","0","48.71","5.7"
"2025-06-16","31.98","82.63","0","1.8","60.01","61.8","8.74","40.22","92.66","9.98","11.85","65.04","64.07","8.61","37.91","87.22","0.56","0","53.23","51.46","5.77","29.73","77.29","0","0","48.44","5.66"
"2025-06-17","32.15","82.87","0","2.18","59.89","61.65","8.71","40.31","92.73","9.99","11.78","64.54","63.52","8.48","37.74","86.97","0.23","0","52.58","50.84","5.65","29.64","77.23","0","0","48.17","5.62"
"2025-06-18","32.32","83.12","0","2.56","59.77","61.5","8.67","40.4","92.8","10.0","11.7","64.04","62.95","8.35","37.57","86.72","0","0","51.94","50.23","5.53","29.55","77.17","0","0","47.91","5.58"
"2025-06-19","32.5","83.38","0.21","2.94","59.65","61.34","8.63","40.48","92.85","10.0","11.61","63.52","62.39","8.22","37.39","86.47","0","0","51.3","49.63","5.41","29.48","77.12","0","0","47.67","5.54"
"2025-06-20","32.67","83.63","0.54","3.31","59.53","61.18","8.59","40.55","92.89","9.98","11.5","63.01","61.82","8.09","37.22","86.21","0","0","50.66","49.04","5.3","29.4","77.08","0","0","47.43","5.5"
"2025-06-21","32.85","83.88","0.86","3.68","59.41","61.02","8.55","40.62","92.93","9.95","11.38","62.48","61.24","7.96","37.03","85.96","0","0","50.04","48.45","5.18","29.34","77.05","0","0","47.21","5.47"
"2025-06-22","33.04","84.14","1.18","4.05","59.28","60.86","8.5","40.69","92.96","9.92","11.26","61.96","60.66","7.82","36.85","85.7","0","0","49.42","47.88","5.07","29.27","77.02","0","0","47.0","5.44"
"2025-06-23","33.22","84.4","1.5","4.41","59.16","60.69","8.46","40.75","92.98","9.87","11.12","61.43","60.08","7.69","36.67","85.45","0","0","48.82","47.31","4.96","29.22","77.01","0","0","46.79","5.41"
"2025-06-24","33.41","84.66","1.82","4.77","59.03","60.51","8.41","40.8","93.0","9.82","10.97","60.89","59.5","7.56","36.48","85.19","0","0","48.22","46.76","4.86","29.17","77.0","0","0","46.6","5.38"
"2025-06-25","33.59","84.91","2.13","5.12","58.89","60.34","8.37","40.85","93.0","9.75","10.8","60.35","58.91","7.43","36.29","84.93","0","0","47.63","46.21","4.75","29.13","77.0","0","0","46.42","5.36"
"2025-06-26","33.78","85.17","2.45","5.47","58.76","60.16","8.32","40.89","93.0","9.67","10.63","59.8","58.32","7.29","36.1","84.67","0","0","47.05","45.68","4.65","29.09","77.01","0","0","46.25","5.34"
"2025-06-27","33.97","85.43","2.76","5.81","58.62","59.97","8.27","40.92","92.98","9.58","10.44","59.26","57.73","7.16","35.91","84.41","0","0","46.47","45.16","4.55","29.06","77.03","0","0","46.09","5.32"
"2025-06-28","34.16","85.69","3.07","6.14","58.48","59.78","8.22","40.95","92.96","9.49","10.25","58.7","57.13","7.02","35.72","84.16","0","0","45.91","44.65","4.46","29.04","77.05","0","0","45.95","5.3"
"2025-06-29","34.36","85.94","3.37","6.47","58.34","59.59","8.17","40.97","92.93","9.38","10.04","58.15","56.54","6.89","35.53","83.9","0","0","45.36","44.15","4.37","29.02","77.09","0","0","45.81","5.28"
"2025-06-30","34.55","86.2","3.67","6.8","58.2","59.39","8.12","40.99","92.9","9.26","9.82","57.59","55.94","6.76","35.33","83.65","0","0","44.82","43.66","4.28","29.01","77.13","0","0","45.68","5.27"
"2025-07-01","34.74","86.45","3.97","7.11","58.05","59.19","8.06","41.0","92.85","9.14","9.6","57.03","55.35","6.62","35.14","83.39","0","0","44.29","43.19","4.19","29.0","77.18","0","0","45.56","5.25"
"2025-07-02","34.93","86.71","4.27","7.42","57.9","58.99","8.01","41.0","92.8","9.0","9.36","56.47","54.75","6.49","34.95","83.14","0","0","43.78","42.72","4.1","29.0","77.24","0","0","45.45","5.24"
"2025-07-03","35.13","86.96","4.56","7.72","57.75","58.78","7.95","41.0","92.74","8.86","9.11","55.91","54.15","6.36","34.75","82.89","0","0","43.27","42.27","4.02","29.01","77.3","0","0","45.36","5.23"
"2025-07-04","35.32","87.21","4.84","8.01","57.59","58.56","7.9","40.99","92.67","8.7","8.85","55.35","53.56","6.23","34.56","82.64","0","0","42.78","41.84","3.94","29.02","77.38","0","0","45.27","5.22"
"2025-07-05","35.51","87.45","5.12","8.3","57.43","58.35","7.84","40.97","92.59","8.54","8.59","54.78","52.96","6.1","34.37","82.4","0","0","42.29","41.41","3.87","29.04","77.46","0","0","45.19","5.22"
"2025-07-06","35.71","87.7","5.39","8.57","57.27","58.12","7.78","40.95","92.5","8.37","8.31","54.21","52.37","5.97","34.18","82.15","0","0","41.82","41.0","3.8","29.07","77.55","0","0","45.12","5.21"
"2025-07-07","35.9","87.94","5.66","8.84","57.1","57.9","7.72","40.92","92.41","8.19","8.03","53.65","51.78","5.84","33.98","81.91","0","0","41.37","40.61","3.73","29.1","77.65","0","0","45.06","5.21"
"2025-07-08","36.09","88.18","5.93","9.1","56.93","57.67","7.66","40.89","92.31","8.0","7.74","53.08","51.19","5.71","33.79","81.68","0","0","40.92","40.22","3.66","29.13","77.76","0","0","45.01","5.2"
"2025-07-09","36.28","88.41","6.18","9.34","56.76","57.43","7.6","40.85","92.2","7.8","7.44","52.52","50.6","5.58","33.6","81.45","0","0","40.49","39.85","3.6","29.18","77.87","0","0","44.97","5.2"
"2025-07-10","36.47","88.64","6.43","9.58","56.58","57.19","7.53","40.8","92.09","7.59","7.13","51.95","50.01","5.45","33.42","81.22","0","0","40.07","39.5","3.54","29.23","77.99","0","0","44.93","5.21"
"2025-07-11","36.66","88.87","6.68","9.81","56.4","56.95","7.47","40.75","91.96","7.38","6.82","51.39","49.43","5.33","33.23","80.99","0","0","39.67","39.16","3.48","29.28","78.12","0","0","44.91","5.21"
"2025-07-12","36.84","89.1","6.91","10.03","56.21","56.7","7.4","40.69","91.83","7.16","6.49","50.83","48.85","5.2","33.05","80.77","0","0","39.28","38.83","3.42","29.35","78.25","0","0","44.89","5.21"
"2025-07-13","37.02","89.32","7.14","10.23","56.02","56.45","7.34","40.63","91.69","6.93","6.16","50.27","48.28","5.08","32.87","80.55","0","0","38.9","38.52","3.37","29.41","78.39","0","0","44.88","5.22"
"2025-07-14","37.2","89.53","7.36","10.43","55.83","56.19","7.27","40.56","91.55","6.69","5.83","49.71","47.71","4.96","32.69","80.34","0","0","38.54","38.22","3.33","29.49","78.54","0","0","44.88","5.22"
"2025-07-15","37.38","89.74","7.58","10.62","55.64","55.93","7.2","40.48","91.4","6.45","5.49","49.16","47.15","4.83","32.51","80.13","0","0","38.19","37.94","3.28","29.57","78.7","0","0","44.89","5.23"
"2025-07-16","37.56","89.95","7.79","10.79","55.44","55.67","7.13","40.4","91.24","6.2","5.14","48.6","46.59","4.72","32.33","79.93","0","0","37.86","37.67","3.24","29.65","78.86","0","0","44.9","5.24"
"2025-07-17","37.73","90.15","7.98","10.96","55.23","55.4","7.06","40.31","91.07","5.94","4.79","48.06","46.03","4.6","32.16","79.73","0","0","37.54","37.41","3.2","29.74","79.03","0","0","44.92","5.25"
"2025-07-18","37.9","90.34","8.17","11.11","55.03","55.13","6.99","40.22","90.9","5.68","4.43","47.51","45.48","4.48","31.99","79.54","0","0","37.24","37.18","3.17","29.84","79.2","0","0","44.95","5.26"
"2025-07-19","38.07","90.53","8.36","11.25","54.82","54.85","6.92","40.12","90.73","5.41","4.07","46.97","44.94","4.37","31.83","79.36","0","0","36.95","36.95","3.13","29.94","79.39","0","0","44.99","5.27"
"2025-07-20","38.24","90.71","8.53","11.38","54.6","54.57","6.84","40.02","90.54","5.14","3.7","46.43","44.41","4.26","31.66","79.18","0","0","36.67","36.74","3.11","30.05","79.57","0","0","45.03","5.28"
"2025-07-21","38.4","90.89","8.69","11.49","54.38","54.29","6.77","39.91","90.35","4.86","3.33","45.9","43.88","4.15","31.51","79.0","0","0","36.41","36.55","3.08","30.16","79.76","0","0","45.08","5.29"
"2025-07-22","38.56","91.06","8.85","11.6","54.16","54.0","6.7","39.8","90.16","4.57","2.96","45.38","43.36","4.04","31.35","78.84","0","0","36.17","36.37","3.06","30.27","79.96","0","0","45.13","5.31"
"2025-07-23","38.71","91.23","8.99","11.69","53.94","53.71","6.62","39.68","89.96","4.28","2.58","44.86","42.85","3.93","31.2","78.67","0","0","35.94","36.21","3.04","30.4","80.17","0","0","45.19","5.32"
"2025-07-24","38.86","91.39","9.13","11.77","53.71","53.42","6.55","39.56","89.75","3.99","2.2","44.34","42.34","3.83","31.05","78.52","0","0","35.73","36.06","3.02","30.52","80.37","0","0","45.26","5.34"
"2025-07-25","39.01","91.54","9.26","11.84","53.48","53.12","6.47","39.43","89.54","3.69","1.82","43.84","41.84","3.73","30.91","78.37","0","0","35.53","35.92","3.01","30.65","80.59","0","0","45.33","5.36"
"2025-07-26","39.15","91.68","9.37","11.9","53.24","52.82","6.39","39.29","89.33","3.39","1.44","43.34","41.36","3.63","30.77","78.23","0","0","35.34","35.8","3.0","30.79","80.8","0","0","45.41","5.37"
"2025-07-27","39.29","91.82","9.48","11.94","53.01","52.52","6.31","39.16","89.11","3.09","1.05","42.84","40.88","3.53","30.63","78.1","0","0","35.18","35.7","2.99","30.93","81.03","0","0","45.49","5.39"
"2025-07-28","39.42","91.95","9.58","11.97","52.76","52.22","6.24","39.01","88.89","2.78","0.67","42.36","40.41","3.44","30.5","77.97","0","0","35.03","35.61","2.99","31.07","81.25","0","0","45.58","5.41"
"2025-07-29","39.55","92.08","9.67","11.99","52.52","51.91","6.16","38.87","88.66","2.47","0.28","41.88","39.95","3.34","30.38","77.85","0","0","34.89","35.54","2.98","31.22","81.48","0","0","45.67","5.43"
"2025-07-30","39.67","92.19","9.74","12.0","52.27","51.6","6.08","38.72","88.43","2.15","0","41.41","39.5","3.25","30.26","77.74","0","0","34.77","35.48","2.99","31.37","81.72","0","0.34","45.76","5.44"
"2025-07-31","39.79","92.3","9.81","11.99","52.02","51.29","6.0","38.57","88.19","1.84","0","40.95","39.06","3.17","30.14","77.63","0","0","34.66","35.43","2.99","31.53","81.95","0","0.73","45.86","5.46"
"2025-08-01","39.9","92.41","9.87","11.98","51.77","50.98","5.92","38.41","87.95","1.52","0","40.49","38.63","3.08","30.03","77.54","0","0","34.57","35.4","3.0","31.69","82.19","0","1.12","45.97","5.48"
"2025-08-02","40.01","92.5","9.92","11.95","51.52","50.66","5.84","38.25","87.71","1.2","0","40.05","38.22","3.0","29.92","77.45","0","0","34.5","35.39","3.01","31.85","82.44","0","1.5","46.07","5.5"
"2025-08-03","40.12","92.58","9.95","11.9","51.26","50.35","5.76","38.08","87.47","0.88","0","39.62","37.81","2.92","29.82","77.37","0","0","34.44","35.39","3.02","32.02","82.68","0","1.88","46.18","5.52"
"2025-08-04","40.22","92.66","9.98","11.85","51.0","50.03","5.68","37.91","87.22","0.56","0","39.19","37.42","2.85","29.73","77.29","0","0","34.39","35.4","3.04","32.19","82.93","0","2.26","46.3","5.54"
"2025-08-05","40.31","92.73","9.99","11.78","50.74","49.71","5.61","37.74","86.97","0.23","0","38.78","37.04","2.77","29.64","77.23","0","0","34.36","35.43","3.06","32.36","83.18","0","2.64","46.41","5.56"
"2025-08-06","40.4","92.8","10.0","11.7","50.48","49.39","5.53","37.57","86.72","0","0","38.37","36.67","2.7","29.55","77.17","0","0","34.35","35.47","3.08","32.54","83.43","0.29","3.02","46.53","5.58"
"2025-08-07","40.48","92.85","10.0","11.61","50.21","49.07","5.45","37.39","86.47","0","0","37.98","36.31","2.64","29.48","77.12","0","0","34.35","35.52","3.1","32.71","83.69","0.61","3.39","46.65","5.6"
"2025-08-08","40.55","92.89","9.98","11.5","49.94","48.75","5.37","37.22","86.21","0","0","37.6","35.97","2.57","29.4","77.08","0","0","34.37","35.59","3.13","32.89","83.94","0.93","3.76","46.77","5.62"
"2025-08-09","40.62","92.93","9.95","11.38","49.68","48.43","5.29","37.03","85.96","0","0","37.23","35.64","2.51","29.34","77.05","0","0","34.4","35.67","3.16","33.08","84.2","1.25","4.13","46.9","5.64"
"2025-08-10","40.69","92.96","9.92","11.26","49.41","48.11","5.21","36.85","85.7","0","0","36.87","35.33","2.46","29.27","77.02","0","0","34.45","35.77","3.19","33.26","84.45","1.57","4.49","47.03","5.67"
"2025-08-11","40.75","92.98","9.87","11.12","49.14","47.79","5.13","36.67","85.45","0","0","36.53","35.02","2.4","29.22","77.01","0","0","34.51","35.88","3.22","33.45","84.71","1.89","4.85","47.15","5.69"
"2025-08-12","40.8","93.0","9.82","10.97","48.87","47.47","5.05","36.48","85.19","0","0","36.19","34.73","2.35","29.17","77.0","0","0","34.58","36.0","3.26","33.63","84.97","2.2","5.2","47.28","5.71"
"2025-08-13","40.85","93.0","9.75","10.8","48.59","47.15","4.98","36.29","84.93","0","0","35.87","34.46","2.3","29.13","77.0","0","0","34.67","36.14","3.3","33.82","85.23","2.52","5.54","47.41","5.73"
"2025-08-14","40.89","93.0","9.67","10.63","48.32","46.84","4.9","36.1","84.67","0","0","35.56","34.2","2.26","29.09","77.01","0","0","34.77","36.28","3.34","34.01","85.49","2.83","5.88","47.55","5.74"
"2025-08-15","40.92","92.98","9.58","10.44","48.05","46.52","4.82","35.91","84.41","0","0","35.27","33.95","2.22","29.06","77.03","0","0","34.89","36.44","3.38","34.21","85.74","3.13","6.22","47.68","5.76"
"2025-08-16","40.95","92.96","9.49","10.25","47.78","46.21","4.75","35.72","84.16","0","0","34.99","33.72","2.18","29.04","77.05","0","0","35.02","36.62","3.43","34.4","86.0","3.44","6.55","47.81","5.78"
"2025-08-17","40.97","92.93","9.38","10.04","47.51","45.9","4.67","35.53","83.9","0","0","34.72","33.51","2.15","29.02","77.09","0","0","35.17","36.8","3.48","34.59","86.26","3.74","6.87","47.94","5.8"
"2025-08-18","40.99","92.9","9.26","9.82","47.24","45.59","4.6","35.33","83.65","0","0","34.47","33.3","2.12","29.01","77.13","0","0","35.32","37.0","3.53","34.78","86.51","4.04","7.18","48.08","5.82"
"2025-08-19","41.0","92.85","9.14","9.6","46.97","45.28","4.53","35.14","83.39","0","0","34.23","33.12","2.09","29.0","77.18","0","0","35.49","37.2","3.58","34.98","86.76","4.33","7.49","48.21","5.84"
"2025-08-20","41.0","92.8","9.0","9.36","46.7","44.97","4.45","34.95","83.14","0","0","34.0","32.95","2.07","29.0","77.24","0","0","35.68","37.42","3.63","35.17","87.01","4.62","7.79","48.34","5.86"
"2025-08-21","41.0","92.74","8.86","9.11","46.43","44.67","4.38","34.75","82.89","0","0","33.79","32.79","2.05","29.01","77.3","0","0","35.88","37.65","3.69","35.36","87.26","4.9","8.08","48.47","5.87"
"2025-08-22","40.99","92.67","8.7","8.85","46.16","44.37","4.31","34.56","82.64","0","0","33.59","32.65","2.03","29.02","77.38","0","0","36.09","37.89","3.75","35.56","87.51","5.18","8.36","48.61","5.89"
"2025-08-23","40.97","92.59","8.54","8.59","45.9","44.08","4.25","34.37","82.4","0","0","33.41","32.53","2.02","29.04","77.46","0","0","36.31","38.14","3.8","35.75","87.75","5.45","8.63","48.74","5.91"
"2025-08-24","40.95","92.5","8.37","8.31","45.63","43.79","4.18","34.18","82.15","0","0","33.24","32.42","2.01","29.07","77.55","0","0","36.54","38.4","3.87","35.94","87.99","5.72","8.9","48.87","5.92"
"2025-08-25","40.92","92.41","8.19","8.03","45.37","43.5","4.11","33.98","81.91","0","0","33.09","32.33","2.0","29.1","77.65","0","0","36.79","38.67","3.93","36.13","88.23","5.98","9.15","48.99","5.94"
"2025-08-26","40.89","92.31","8.0","7.74","45.12","43.22","4.05","33.79","81.68","0","0","32.96","32.26","2.0","29.13","77.76","0","0","37.04","38.95","3.99","36.32","88.46","6.24","9.4","49.12","5.95"
"2025-08-27","40.85","92.2","7.8","7.44","44.86","42.94","3.98","33.6","81.45","0","0","32.84","32.2","2.0","29.18","77.87","0","0","37.31","39.24","4.06","36.51","88.7","6.49","9.63","49.25","5.97"
"2025-08-28","40.8","92.09","7.59","7.13","44.61","42.67","3.92","33.42","81.22","0","0","32.73","32.16","2.01","29.23","77.99","0","0","37.59","39.54","4.13","36.7","88.92","6.73","9.86","49.37","5.98"
"2025-08-29","40.75","91.96","7.38","6.82","44.36","42.4","3.86","33.23","80.99","0","0","32.64","32.13","2.01","29.28","78.12","0","0","37.88","39.85","4.19","36.88","89.15","6.96","10.07","49.5","5.99"
"2025-08-30","40.69","91.83","7.16","6.49","44.12","42.14","3.8","33.05","80.77","0","0","32.57","32.12","2.03","29.35","78.25","0","0","38.18","40.16","4.26","37.06","89.36","7.19","10.28","49.62","6.01"
"2025-08-31","40.63","91.69","6.93","6.16","43.88","41.89","3.75","32.87","80.55","0","0","32.51","32.13","2.04","29.41","78.39","0","0","38.49","40.48","4.33","37.24","89.58","7.41","10.47","49.74","6.02"
"2025-09-01","40.56","91.55","6.69","5.83","43.64","41.64","3.69","32.69","80.34","0","0","32.47","32.15","2.06","29.49","78.54","0","0","38.81","40.82","4.41","37.42","89.79","7.63","10.66","49.85","6.03"
"2025-09-02","40.48","91.4","6.45","5.49","43.41","41.4","3.64","32.51","80.13","0","0","32.44","32.19","2.08","29.57","78.7","0","0","39.14","41.15","4.48","37.6","89.99","7.83","10.83","49.97","6.04"
"2025-09-03","40.4","91.24","6.2","5.14","43.18","41.16","3.59","32.33","79.93","0","0","32.43","32.24","2.11","29.65","78.86","0","0","39.48","41.5","4.55","37.77","90.19","8.03","10.99","50.08","6.05"
"2025-09-04","40.31","91.07","5.94","4.79","42.96","40.93","3.54","32.16","79.73","0","0","32.44","32.32","2.14","29.74","79.03","0","0","39.83","41.85","4.63","37.94","90.38","8.21","11.14","50.2","6.06"
"2025-09-05","40.22","90.9","5.68","4.43","42.74","40.71","3.49","31.99","79.54","0","0","32.46","32.4","2.17","29.84","79.2","0","0","40.18","42.21","4.7","38.11","90.57","8.39","11.28","50.3","6.07"
"2025-09-06","40.12","90.73","5.41","4.07","42.53","40.5","3.44","31.83","79.36","0","0","32.5","32.51","2.21","29.94","79.39","0","0","40.55","42.57","4.78","38.27","90.75","8.57","11.4","50.41","6.08"
"2025-09-07","40.02","90.54","5.14","3.7","42.32","40.29","3.4","31.66","79.18","0","0","32.56","32.63","2.25","30.05","79.57","0","0","40.92","42.94","4.86","38.43","90.93","8.73","11.52","50.52","6.08"
"2025-09-08","39.91","90.35","4.86","3.33","42.12","40.1","3.36","31.51","79.0","0","0","32.63","32.77","2.29","30.16","79.76","0","0","41.3","43.32","4.94","38.59","91.1","8.88","11.62","50.62","6.09"
"2025-09-09","39.8","90.16","4.57","2.96","41.93","39.91","3.32","31.35","78.84","0","0","32.72","32.92","2.34","30.27","79.96","0","0","41.69","43.7","5.02","38.74","91.26","9.02","11.71","50.72","6.1"
"2025-09-10","39.68","89.96","4.28","2.58","41.74","39.73","3.28","31.2","78.67","0","0","32.82","33.09","2.39","30.4","80.17","0","0","42.08","44.09","5.1","38.89","91.42","9.16","11.79","50.82","6.1"
"2025-09-11","39.56","89.75","3.99","2.2","41.56","39.56","3.25","31.05","78.52","0","0","32.94","33.28","2.44","30.52","80.37","0","0","42.48","44.48","5.17","39.04","91.57","9.28","11.86","50.91","6.11"
"2025-09-12","39.43","89.54","3.69","1.82","41.39","39.4","3.22","30.91","78.37","0","0","33.08","33.48","2.5","30.65","80.59","0","0","42.89","44.87","5.26","39.18","91.72","9.4","11.91","51.0","6.11"
"2025-09-13","39.29","89.33","3.39","1.44","41.23","39.25","3.19","30.77","78.23","0","0","33.23","33.69","2.56","30.79","80.8","0","0","43.3","45.27","5.34","39.32","91.85","9.5","11.95","51.09","6.12"
"2025-09-14","39.16","89.11","3.09","1.05","41.07","39.1","3.16","30.63","78.1","0","0","33.4","33.93","2.62","30.93","81.03","0","0","43.72","45.67","5.42","39.45","91.98","9.6","11.98","51.18","6.12"
"2025-09-15","39.01","88.89","2.78","0.67","40.92","38.97","3.14","30.5","77.97","0","0","33.59","34.17","2.69","31.07","81.25","0","0","44.14","46.08","5.5","39.58","92.1","9.68","12.0","51.26","6.12"
"2025-09-16","38.87","88.66","2.47","0.28","40.78","38.85","3.11","30.38","77.85","0","0","33.79","34.44","2.76","31.22","81.48","0","0","44.57","46.49","5.58","39.7","92.22","9.76","12.0","51.35","6.12"
"2025-09-17","38.72","88.43","2.15","0","40.65","38.74","3.09","30.26","77.74","0","0","34.01","34.72","2.83","31.37","81.72","0","0.34","45.0","46.9","5.66","39.82","92.33","9.82","11.99","51.43","6.13"
"2025-09-18","38.57","88.19","1.84","0","40.52","38.64","3.08","30.14","77.63","0","0","34.24","35.01","2.9","31.53","81.95","0","0.73","45.44","47.31","5.74","39.93","92.43","9.88","11.97","51.5","6.13"
"2025-09-19","38.41","87.95","1.52","0","40.41","38.55","3.06","30.03","77.54","0","0","34.49","35.32","2.98","31.69","82.19","0","1.12","45.88","47.72","5.82","40.04","92.52","9.92","11.94","51.58","6.13"
"2025-09-20","38.25","87.71","1.2","0","40.3","38.47","3.05","29.92","77.45","0","0","34.75","35.64","3.06","31.85","82.44","0","1.5","46.33","48.14","5.9","40.14","92.6","9.96","11.89","51.65","6.13"
"2025-09-21","38.08","87.47","0.88","0","40.21","38.41","3.05","29.82","77.37","0","0","35.03","35.98","3.14","32.02","82.68","0","1.88","46.78","48.56","5.98","40.24","92.68","9.98","11.83","51.72","6.13"
"2025-09-22","37.91","87.22","0.56","0","40.12","38.35","3.04","29.73","77.29","0","0","35.32","36.33","3.23","32.19","82.93","0","2.26","47.23","48.98","6.07","40.33","92.75","10.0","11.76","51.79","6.13"
"2025-09-23","37.74","86.97","0.23","0","40.05","38.31","3.04","29.64","77.23","0","0","35.63","36.69","3.32","32.36","83.18","0","2.64","47.68","49.4","6.15","40.41","92.81","10.0","11.68","51.86","6.13"
"2025-09-24","37.57","86.72","0","0","39.98","38.28","3.04","29.55","77.17","0","0","35.96","37.07","3.41","32.54","83.43","0.29","3.02","48.14","49.82","6.23","40.5","92.86","9.99","11.58","51.92","6.13"
"2025-09-25","37.39","86.47","0","0","39.92","38.26","3.04","29.48","77.12","0","0","36.29","37.46","3.51","32.71","83.69","0.61","3.39","48.59","50.24","6.31","40.57","92.9","9.98","11.48","51.98","6.13"
"2025-09-26","37.22","86.21","0","0","39.88","38.25","3.05","29.4","77.08","0","0","36.65","37.87","3.6","32.89","83.94","0.93","3.76","49.05","50.66","6.39","40.64","92.94","9.95","11.36","52.04","6.13"
"2025-09-27","37.03","85.96","0","0","39.84","38.26","3.06","29.34","77.05","0","0","37.01","38.29","3.7","33.08","84.2","1.25","4.13","49.51","51.08","6.46","40.7","92.97","9.91","11.23","52.1","6.13"
"2025-09-28","36.85","85.7","0","0","39.82","38.27","3.07","29.27","77.02","0","0","37.39","38.72","3.8","33.26","84.45","1.57","4.49","49.98","51.5","6.54","40.76","92.99","9.86","11.08","52.16","6.12"
"2025-09-29","36.67","85.45","0","0","39.81","38.3","3.09","29.22","77.01","0","0","37.79","39.16","3.91","33.45","84.71","1.89","4.85","50.44","51.91","6.62","40.81","93.0","9.8","10.93","52.21","6.12"
"2025-09-30","36.48","85.19","0","0","39.81","38.35","3.11","29.17","77.0","0","0","38.2","39.62","4.01","33.63","84.97","2.2","5.2","50.9","52.33","6.7","40.86","93.0","9.73","10.76","52.26","6.12"
"2025-10-01","36.29","84.93","0","0","39.82","38.41","3.13","29.13","77.0","0","0","38.62","40.08","4.12","33.82","85.23","2.52","5.54","51.36","52.75","6.77","40.89","92.99","9.65","10.59","52.31","6.12"
"2025-10-02","36.1","84.67","0","0","39.84","38.48","3.15","29.09","77.01","0","0","39.05","40.56","4.23","34.01","85.49","2.83","5.88","51.82","53.16","6.85","40.93","92.98","9.56","10.4","52.36","6.12"
"2025-10-03","35.91","84.41","0","0","39.88","38.56","3.18","29.06","77.03","0","0","39.5","41.05","4.34","34.21","85.74","3.13","6.22","52.29","53.57","6.92","40.95","92.96","9.46","10.2","52.41","6.12"
"2025-10-04","35.72","84.16","0","0","39.92","38.66","3.21","29.04","77.05","0","0","39.96","41.55","4.46","34.4","86.0","3.44","6.55","52.75","53.98","7.0","40.98","92.93","9.36","9.99","52.46","6.11"
"2025-10-05","35.53","83.9","0","0","39.98","38.77","3.24","29.02","77.09","0","0","40.43","42.06","4.57","34.59","86.26","3.74","6.87","53.21","54.39","7.07","40.99","92.89","9.24","9.77","52.51","6.11"
"2025-10-06","35.33","83.65","0","0","40.05","38.89","3.28","29.01","77.13","0","0","40.91","42.58","4.69","34.78","86.51","4.04","7.18","53.66","54.79","7.15","41.0","92.84","9.11","9.54","52.56","6.11"
"2025-10-07","35.14","83.39","0","0","40.14","39.03","3.32","29.0","77.18","0","0","41.41","43.11","4.81","34.98","86.76","4.33","7.49","54.12","55.19","7.22","41.0","92.79","8.97","9.3","52.6","6.11"
"2025-10-08","34.95","83.14","0","0","40.23","39.18","3.37","29.0","77.24","0","0","41.91","43.65","4.93","35.17","87.01","4.62","7.79","54.57","55.59","7.29","41.0","92.72","8.82","9.05","52.65","6.11"
"2025-10-09","34.75","82.89","0","0","40.34","39.35","3.41","29.01","77.3","0","0","42.43","44.2","5.05","35.36","87.26","4.9","8.08","55.03","55.99","7.36","40.99","92.65","8.67","8.8","52.69","6.11"
"2025-10-10","34.56","82.64","0","0","40.46","39.52","3.46","29.02","77.38","0","0","42.96","44.76","5.18","35.56","87.51","5.18","8.36","55.48","56.38","7.43","40.97","92.57","8.5","8.53","52.74","6.11"
"2025-10-11","34.37","82.4","0","0","40.6","39.72","3.51","29.04","77.46","0","0","43.49","45.33","5.3","35.75","87.75","5.45","8.63","55.92","56.77","7.49","40.95","92.48","8.33","8.25","52.78","6.11"
"2025-10-12","34.18","82.15","0","0","40.74","39.92","3.57","29.07","77.55","0","0","44.04","45.9","5.43","35.94","87.99","5.72","8.9","56.37","57.15","7.56","40.92","92.39","8.14","7.97","52.83","6.11"
"2025-10-13","33.98","81.91","0","0","40.9","40.14","3.63","29.1","77.65","0","0","44.6","46.48","5.56","36.13","88.23","5.98","9.15","56.81","57.53","7.63","40.88","92.29","7.95","7.67","52.87","6.11"
"2025-10-14","33.79","81.68","0","0","41.08","40.38","3.69","29.13","77.76","0","0","45.16","47.07","5.68","36.32","88.46","6.24","9.4","57.24","57.9","7.69","40.84","92.18","7.75","7.37","52.92","6.11"
"2025-10-15","33.6","81.45","0","0","41.26","40.63","3.76","29.18","77.87","0","0","45.74","47.67","5.81","36.51","88.7","6.49","9.63","57.68","58.28","7.76","40.79","92.06","7.55","7.06","52.97","6.11"
"2025-10-16","33.42","81.22","0","0","41.46","40.89","3.83","29.23","77.99","0","0","46.32","48.27","5.94","36.7","88.92","6.73","9.86","58.1","58.64","7.82","40.74","91.93","7.33","6.75","53.01","6.11"
"2025-10-17","33.23","80.99","0","0","41.67","41.16","3.9","29.28","78.12","0","0","46.91","48.88","6.08","36.88","89.15","6.96","10.07","58.53","59.0","7.88","40.68","91.8","7.11","6.42","53.06","6.12"
"2025-10-18","33.05","80.77","0","0","41.9","41.45","3.97","29.35","78.25","0","0","47.51","49.49","6.21","37.06","89.36","7.19","10.28","58.95","59.36","7.94","40.61","91.66","6.88","6.09","53.11","6.12"
"2025-10-19","32.87","80.55","0","0","42.14","41.75","4.05","29.41","78.39","0","0","48.12","50.11","6.34","37.24","89.58","7.41","10.47","59.37","59.71","8.0","40.54","91.52","6.64","5.75","53.16","6.12"
"2025-10-20","32.69","80.34","0","0","42.39","42.07","4.13","29.49","78.54","0","0","48.73","50.74","6.47","37.42","89.79","7.63","10.66","59.78","60.06","8.06","40.47","91.36","6.39","5.41","53.22","6.13"
"2025-10-21","32.51","80.13","0","0","42.66","42.4","4.21","29.57","78.7","0","0","49.35","51.37","6.61","37.6","89.99","7.83","10.83","60.18","60.4","8.11","40.38","91.2","6.14","5.06","53.27","6.13"
"2025-10-22","32.33","79.93","0","0","42.93","42.74","4.3","29.65","78.86","0","0","49.98","52.0","6.74","37.77","90.19","8.03","10.99","60.58","60.73","8.17","40.29","91.04","5.88","4.71","53.33","6.14"
"2025-10-23","32.16","79.73","0","0","43.23","43.1","4.39","29.74","79.03","0","0","50.61","52.63","6.88","37.94","90.38","8.21","11.14","60.98","61.07","8.22","40.2","90.86","5.62","4.35","53.39","6.15"
"2025-10-24","31.99","79.54","0","0","43.53","43.47","4.48","29.84","79.2","0","0","51.25","53.27","7.01","38.11","90.57","8.39","11.28","61.37","61.39","8.28","40.1","90.69","5.35","3.99","53.45","6.16"
"2025-10-25","31.83","79.36","0","0","43.85","43.85","4.57","29.94","79.39","0","0","51.89","53.92","7.14","38.27","90.75","8.57","11.4","61.75","61.71","8.33","40.0","90.5","5.08","3.62","53.52","6.17"
"2025-10-26","31.66","79.18","0","0","44.18","44.25","4.67","30.05","79.57","0","0","52.54","54.56","7.28","38.43","90.93","8.73","11.52","62.13","62.02","8.38","39.89","90.31","4.8","3.25","53.59","6.18"
"2025-10-27","31.51","79.0","0","0","44.52","44.66","4.77","30.16","79.76","0","0","53.19","55.21","7.41","38.59","91.1","8.88","11.62","62.51","62.33","8.43","39.77","90.12","4.51","2.88","53.66","6.19"
"2025-10-28","31.35","78.84","0","0","44.88","45.08","4.87","30.27","79.96","0","0","53.84","55.86","7.55","38.74","91.26","9.02","11.71","62.87","62.63","8.48","39.65","89.91","4.22","2.5","53.73","6.2"
"2025-10-29","31.2","78.67","0","0","45.24","45.51","4.98","30.4","80.17","0","0","54.5","56.51","7.68","38.89","91.42","9.16","11.79","63.24","62.93","8.52","39.53","89.71","3.93","2.12","53.81","6.22"
"2025-10-30","31.05","78.52","0","0","45.63","45.96","5.08","30.52","80.37","0","0","55.16","57.16","7.82","39.04","91.57","9.28","11.86","63.59","63.22","8.57","39.4","89.5","3.63","1.74","53.89","6.23"
"2025-10-31","30.91","78.37","0","0","46.02","46.41","5.19","30.65","80.59","0","0","55.82","57.81","7.95","39.18","91.72","9.4","11.91","63.94","63.51","8.61","39.26","89.28","3.32","1.35","53.97","6.25"
"2025-11-01","30.77","78.23","0","0","46.42","46.88","5.31","30.79","80.8","0","0","56.49","58.46","8.08","39.32","91.85","9.5","11.95","64.28","63.78","8.66","39.13","89.06","3.02","0.97","54.06","6.27"
"2025-11-02","30.63","78.1","0","0","46.84","47.36","5.42","30.93","81.03","0","0","57.16","59.11","8.22","39.45","91.98","9.6","11.98","64.62","64.06","8.7","38.98","88.84","2.71","0.58","54.16","6.29"
"2025-11-03","30.5","77.97","0","0","47.27","47.86","5.54","31.07","81.25","0","0","57.82","59.76","8.35","39.58","92.1","9.68","12.0","64.95","64.32","8.74","38.84","88.61","2.4","0.2","54.25","6.31"
"2025-11-04","30.38","77.85","0","0","47.71","48.36","5.66","31.22","81.48","0","0","58.49","60.41","8.48","39.7","92.22","9.76","12.0","65.27","64.59","8.78","38.69","88.38","2.08","0","54.36","6.33"
"2025-11-05","30.26","77.74","0","0","48.17","48.88","5.78","31.37","81.72","0","0.34","59.16","61.06","8.61","39.82","92.33","9.82","11.99","65.59","64.84","8.82","38.53","88.14","1.77","0","54.46","6.35"
"2025-11-06","30.14","77.63","0","0","48.63","49.4","5.9","31.53","81.95","0","0.73","59.83","61.7","8.74","39.93","92.43","9.88","11.97","65.9","65.09","8.86","38.37","87.9","1.45","0","54.58","6.38"
"2025-11-07","30.03","77.54","0","0","49.11","49.94","6.03","31.69","82.19","0","1.12","60.5","62.35","8.87","40.04","92.52","9.92","11.94","66.2","65.33","8.9","38.21","87.66","1.13","0","54.69","6.41"
"2025-11-08","29.92","77.45","0","0","49.6","50.49","6.15","31.85","82.44","0","1.5","61.17","62.99","9.0","40.14","92.6","9.96","11.89","66.5","65.57","8.93","38.05","87.41","0.81","0","54.81","6.43"
"2025-11-09","29.82","77.37","0","0","50.09","51.04","6.28","32.02","82.68","0","1.88","61.84","63.62","9.12","40.24","92.68","9.98","11.83","66.79","65.8","8.97","37.88","87.17","0.49","0","54.94","6.46"
"2025-11-10","29.73","77.29","0","0","50.6","51.61","6.41","32.19","82.93","0","2.26","62.51","64.26","9.25","40.33","92.75","10.0","11.76","67.07","66.03","9.0","37.71","86.92","0.16","0","55.08","6.5"
"2025-11-11","29.64","77.23","0","0","51.12","52.18","6.55","32.36","83.18","0","2.64","63.17","64.89","9.37","40.41","92.81","10.0","11.68","67.35","66.25","9.04","37.53","86.67","0","0","55.22","6.53"
"2025-11-12","29.55","77.17","0","0","51.65","52.77","6.68","32.54","83.43","0.29","3.02","63.83","65.51","9.5","40.5","92.86","9.99","11.58","67.61","66.46","9.07","37.36","86.41","0","0","55.36","6.56"
"2025-11-13","29.48","77.12","0","0","52.19","53.36","6.82","32.71","83.69","0.61","3.39","64.49","66.13","9.62","40.57","92.9","9.98","11.48","67.88","66.67","9.1","37.18","86.16","0","0","55.51","6.6"
"2025-11-14","29.4","77.08","0","0","52.74","53.96","6.96","32.89","83.94","0.93","3.76","65.15","66.75","9.74","40.64","92.94","9.95","11.36","68.13","66.88","9.13","36.99","85.9","0","0","55.67","6.64"
"2025-11-15","29.34","77.05","0","0","53.3","54.57","7.09","33.08","84.2","1.25","4.13","65.8","67.36","9.86","40.7","92.97","9.91","11.23","68.38","67.08","9.16","36.81","85.65","0","0","55.83","6.68"
"2025-11-16","29.27","77.02","0","0","53.87","55.19","7.23","33.26","84.45","1.57","4.49","66.45","67.97","9.97","40.76","92.99","9.86","11.08","68.63","67.27","9.19","36.63","85.39","0","0","56.0","6.72"
"2025-11-17","29.22","77.01","0","0","54.44","55.82","7.38","33.45","84.71","1.89","4.85","67.09","68.57","10.09","40.81","93.0","9.8","10.93","68.86","67.46","9.22","36.44","85.13","0","0","56.18","6.76"
"2025-11-18","29.17","77.0","0","0","55.03","56.45","7.52","33.63","84.97","2.2","5.2","67.73","69.16","10.2","40.86","93.0","9.73","10.76","69.09","67.64","9.24","36.25","84.87","0","0","56.36","6.81"
"2025-11-19","29.13","77.0","0","0","55.62","57.09","7.66","33.82","85.23","2.52","5.54","68.36","69.75","10.32","40.89","92.99","9.65","10.59","69.32","67.82","9.27","36.06","84.61","0","0","56.55","6.86"
"2025-11-20","29.09","77.01","0","0","56.22","57.73","7.81","34.01","85.49","2.83","5.88","68.99","70.33","10.43","40.93","92.98","9.56","10.4","69.53","68.0","9.3","35.87","84.36","0","0","56.75","6.91"
"2025-11-21","29.06","77.03","0","0","56.83","58.38","7.95","34.21","85.74","3.13","6.22","69.62","70.9","10.54","40.95","92.96","9.46","10.2","69.74","68.16","9.32","35.68","84.1","0","0","56.95","6.96"
"2025-11-22","29.04","77.05","0","0","57.45","59.04","8.1","34.4","86.0","3.44","6.55","70.23","71.47","10.64","40.98","92.93","9.36","9.99","69.95","68.33","9.35","35.48","83.84","0","0","57.17","7.01"
"2025-11-23","29.02","77.09","0","0","58.07","59.7","8.25","34.59","86.26","3.74","6.87","70.85","72.03","10.75","40.99","92.89","9.24","9.77","70.15","68.49","9.37","35.29","83.59","0","0","57.38","7.06"
"2025-11-24","29.01","77.13","0","0","58.7","60.37","8.4","34.78","86.51","4.04","7.18","71.45","72.58","10.85","41.0","92.84","9.11","9.54","70.34","68.65","9.39","35.1","83.34","0","0","57.61","7.12"
"2025-11-25","29.0","77.18","0","0","59.33","61.04","8.54","34.98","86.76","4.33","7.49","72.05","73.12","10.95","41.0","92.79","8.97","9.3","70.53","68.8","9.42","34.9","83.08","0","0","57.84","7.18"
"2025-11-26","30.29","75.77","0","0","59.97","61.72","8.69","36.46","85.55","6.0","9.85","72.64","73.66","11.05","42.29","91.26","10.2","11.12","70.71","68.95","9.44","36.0","81.37","0","0","58.08","7.24"
"2025-11-27","31.59","74.38","0","0","60.62","62.4","8.84","37.95","84.34","7.66","12.21","73.22","74.18","11.15","43.57","89.73","11.42","12.93","70.88","69.09","9.46","37.1","79.66","0","0","58.33","7.3"
"2025-11-28","32.89","72.99","0","0","61.27","63.08","8.99","39.43","83.12","9.31","14.55","73.79","74.7","11.24","44.84","88.18","12.63","14.72","71.06","69.23","9.48","38.2","77.96","0","0","58.59","7.37"
"2025-11-29","34.2","71.61","0","0","61.93","63.77","9.14","40.91","81.9","10.96","16.89","74.36","75.2","11.34","46.11","86.64","13.83","16.51","71.22","69.37","9.51","39.29","76.25","0","0","58.85","7.43"
"2025-11-30","35.51","70.24","0","2.17","62.59","64.45","9.29","42.39","80.69","12.6","19.21","74.92","75.7","11.43","47.36","85.08","15.02","18.28","71.38","69.5","9.53","40.39","74.55","0.99","1.26","59.12","7.5"
"2025-12-01","36.83","68.89","0.18","4.52","63.26","65.15","9.44","43.86","79.47","14.23","21.52","75.47","76.19","11.51","48.61","83.52","16.2","20.04","71.53","69.63","9.55","41.48","72.86","2.11","3.07","59.4","7.57"
"2025-12-02","38.15","67.54","1.74","6.87","63.93","65.84","9.59","45.34","78.25","15.86","23.82","76.01","76.67","11.6","49.85","81.96","17.37","21.8","71.68","69.76","9.57","42.58","71.18","3.23","4.88","59.69","7.64"
"2025-12-03","39.47","66.2","3.31","9.22","64.6","66.53","9.74","46.81","77.03","17.47","26.11","76.54","77.14","11.68","51.09","80.39","18.53","23.54","71.83","69.88","9.59","43.67","69.5","4.35","6.7","59.98","7.71"
"2025-12-04","40.8","64.87","4.88","11.58","65.28","67.23","9.89","48.27","75.81","19.07","28.38","77.06","77.6","11.77","52.31","78.82","19.67","25.26","71.97","70.01","9.61","44.76","67.82","5.47","8.53","60.28","7.79"
"2025-12-05","42.13","63.56","6.46","13.94","65.95","67.92","10.04","49.73","74.59","20.67","30.63","77.57","78.04","11.85","53.53","77.24","20.81","26.98","72.1","70.13","9.63","45.85","66.16","6.6","10.36","60.59","7.87"
"2025-12-06","43.46","62.25","8.04","16.29","66.63","68.61","10.19","51.18","73.36","22.25","32.87","78.07","78.48","11.92","54.73","75.66","21.93","28.68","72.23","70.24","9.65","46.94","64.51","7.73","12.19","60.91","7.95"
"2025-12-07","44.8","60.96","9.62","18.65","67.31","69.31","10.34","52.63","72.14","23.82","35.09","78.56","78.91","12.0","55.92","74.08","23.05","30.37","72.36","70.36","9.67","48.03","62.86","8.86","14.03","61.24","8.03"
"2025-12-08","46.13","59.68","11.21","21.01","68.0","70.0","10.49","54.07","70.92","25.38","37.29","79.04","79.32","12.07","57.11","72.5","24.15","32.04","72.48","70.47","9.69","49.11","61.22","10.0","15.87","61.57","8.11"
"2025-12-09","47.47","58.41","12.8","23.36","68.68","70.69","10.63","55.5","69.7","26.92","39.47","79.51","79.73","12.14","58.28","70.92","25.24","33.7","72.6","70.58","9.71","50.2","59.6","11.14","17.71","61.91","8.19"
"2025-12-10","48.8","57.16","14.39","25.72","69.36","71.39","10.78","56.92","68.49","28.46","41.63","79.97","80.12","12.21","59.45","69.33","26.31","35.35","72.72","70.69","9.74","51.28","57.99","12.29","19.56","62.25","8.28"
"2025-12-11","50.14","55.91","15.97","28.06","70.05","72.07","10.93","58.34","67.27","29.97","43.77","80.42","80.5","12.27","60.6","67.75","27.38","36.99","72.83","70.8","9.76","52.35","56.38","13.43","21.41","62.61","8.37"
"2025-12-12","51.47","54.68","17.56","30.41","70.73","72.76","11.07","59.75","66.05","31.47","45.9","80.86","80.88","12.34","61.74","66.16","28.43","38.61","72.94","70.91","9.78","53.43","54.8","14.58","23.26","62.97","8.46"
"2025-12-13","52.81","53.47","19.15","32.74","71.42","73.44","11.21","61.14","64.84","32.96","47.99","81.28","81.24","12.4","62.87","64.58","29.47","40.21","73.04","71.02","9.8","54.5","53.22","15.73","25.12","63.34","8.55"
"2025-12-14","54.14","52.26","20.73","35.07","72.1","74.12","11.35","62.53","63.62","34.43","50.07","81.7","81.58","12.45","63.98","63.0","30.5","41.8","73.15","71.12","9.82","55.57","51.66","16.88","26.97","63.72","8.64"
"2025-12-15","55.47","51.08","22.32","37.4","72.78","74.8","11.5","63.9","62.41","35.88","52.12","82.1","81.92","12.51","65.09","61.43","31.51","43.38","73.25","71.23","9.84","56.63","50.11","18.03","28.82","64.1","8.74"
"2025-12-16","56.8","49.9","23.9","39.71","73.45","75.47","11.63","65.27","61.2","37.32","54.15","82.49","82.25","12.56","66.18","59.85","32.51","44.94","73.34","71.33","9.87","57.69","48.58","19.19","30.68","64.49","8.83"
"2025-12-17","58.13","48.74","25.47","42.02","74.13","76.14","11.77","66.62","59.99","38.74","56.16","82.87","82.56","12.61","67.26","58.28","33.5","46.49","73.44","71.44","9.89","58.75","47.06","20.34","32.54","64.89","8.93"
"2025-12-18","59.45","47.59","27.04","44.31","74.8","76.8","11.91","67.96","58.79","40.14","58.14","83.23","82.86","12.66","68.32","56.72","34.48","48.02","73.53","71.54","9.91","59.8","45.56","21.5","34.39","65.29","9.03"
"2025-12-19","60.77","46.46","28.61","46.59","75.47","77.46","12.04","69.29","57.59","41.52","60.09","83.59","83.15","12.71","69.38","55.15","35.44","49.53","73.62","71.65","9.94","60.85","44.07","22.66","36.24","65.7","9.13"
"2025-12-20","62.08","45.34","30.17","48.86","76.14","78.11","12.18","70.61","56.39","42.88","62.01","83.93","83.43","12.75","70.42","53.6","36.39","51.03","73.71","71.75","9.96","61.89","42.61","23.81","38.09","66.12","9.23"
"2025-12-21","63.39","44.24","31.72","51.12","76.8","78.75","12.31","71.91","55.2","44.22","63.91","84.26","83.7","12.79","71.44","52.05","37.33","52.52","73.8","71.86","9.99","62.93","41.16","24.97","39.94","66.54","9.33"
"2025-12-22","64.69","43.15","33.27","53.36","77.46","79.39","12.44","73.19","54.0","45.54","65.78","84.58","83.96","12.83","72.45","50.51","38.26","53.98","73.89","71.96","10.01","63.97","39.73","26.13","41.79","66.97","9.44"
"2025-12-23","65.99","42.08","34.81","55.58","78.11","80.02","12.57","74.46","52.82","46.84","67.63","84.88","84.2","12.87","73.45","48.97","39.17","55.43","73.97","72.07","10.04","65.0","38.31","27.28","43.63","67.41","9.54"
"2025-12-24","67.28","41.02","36.34","57.79","78.75","80.65","12.69","75.72","51.63","48.12","69.44","85.18","84.43","12.9","74.44","47.45","40.06","56.87","74.05","72.18","10.07","66.02","36.92","28.44","45.47","67.85","9.65"
"2025-12-25","68.56","39.98","37.86","59.98","79.39","81.26","12.81","76.96","50.46","49.38","71.22","85.46","84.65","12.93","75.41","45.93","40.95","58.29","74.14","72.28","10.09","67.04","35.55","29.59","47.3","68.3","9.76"
"2025-12-26","69.84","38.96","39.37","62.16","80.03","81.87","12.94","78.19","49.28","50.62","72.98","85.73","84.86","12.96","76.36","44.42","41.82","59.69","74.22","72.39","10.12","68.05","34.19","30.75","49.13","68.75","9.86"
"2025-12-27","71.11","37.95","40.87","64.31","80.66","82.47","13.06","79.4","48.11","51.83","74.7","85.98","85.06","12.99","77.3","42.92","42.68","61.08","74.3","72.51","10.15","69.06","32.86","31.9","50.95","69.21","9.97"
"2025-12-28","72.37","36.95","42.36","66.44","81.28","83.06","13.17","80.59","46.95","53.02","76.39","86.23","85.24","13.02","78.23","41.44","43.53","62.44","74.38","72.62","10.18","70.06","31.55","33.05","52.77","69.67","10.08"
"2025-12-29","73.62","35.97","43.84","68.56","81.89","83.64","13.29","81.76","45.79","54.19","78.05","86.46","85.42","13.04","79.14","39.96","44.36","63.8","74.46","72.73","10.21","71.05","30.26","34.2","54.58","70.14","10.2"
"2025-12-30","74.86","35.01","45.3","70.65","82.5","84.22","13.4","82.92","44.64","55.34","79.68","86.67","85.58","13.06","80.03","38.5","45.18","65.13","74.54","72.85","10.24","72.04","28.99","35.34","56.38","70.61","10.31"
"2025-12-31","76.1","34.06","46.75","72.72","83.1","84.78","13.51","84.06","43.49","56.46","81.28","86.88","85.73","13.08","80.92","37.05","45.98","66.45","74.63","72.97","10.28","73.02","27.74","36.48","58.18","71.08","10.42"
"2026-01-01","77.32","33.13","48.19","74.76","83.69","85.33","13.62","85.17","42.35","57.55","82.84","87.07","85.87","13.1","81.78","35.61","46.77","67.75","74.71","73.09","10.31","73.99","26.52","37.62","59.96","71.56","10.53"
"2026-01-02","78.53","32.22","49.61","76.78","84.27","85.87","13.72","86.27","41.22","58.63","84.37","87.25","86.0","13.11","82.63","34.18","47.55","69.03","74.79","73.21","10.34","74.96","25.32","38.75","61.74","72.05","10.65"
"2026-01-03","79.73","31.32","51.01","78.77","84.84","86.4","13.82","87.36","40.09","59.67","85.87","87.42","86.12","13.13","83.46","32.77","48.32","70.3","74.87","73.33","10.38","75.92","24.15","39.88","63.5","72.53","10.76"
"2026-01-04","80.92","30.44","52.4","80.74","85.4","86.92","13.92","88.42","38.97","60.69","87.34","87.58","86.22","13.14","84.28","31.38","49.07","71.54","74.96","73.46","10.41","76.87","22.99","41.01","65.26","73.02","10.88"
"2026-01-05","82.09","29.58","53.78","82.68","85.95","87.43","14.02","89.46","37.86","61.69","88.77","87.72","86.32","13.15","85.09","30.0","49.81","72.77","75.04","73.59","10.45","77.81","21.87","42.13","67.01","73.52","10.99"
"2026-01-06","83.26","28.73","55.13","84.59","86.49","87.93","14.11","90.48","36.76","62.66","90.16","87.86","86.41","13.15","85.87","28.63","50.54","73.99","75.13","73.72","10.49","78.74","20.76","43.25","68.74","74.01","11.11"
"2026-01-07","84.41","27.9","56.47","86.48","87.03","88.41","14.2","91.48","35.67","63.61","91.52","87.98","86.48","13.16","86.64","27.29","51.25","75.18","75.21","73.86","10.53","79.67","19.69","44.36","70.46","74.51","11.23"
"2026-01-08","85.54","27.09","57.79","88.33","87.55","88.88","14.29","92.46","34.58","64.53","92.85","88.09","86.55","13.16","87.4","25.96","51.95","76.36","75.3","74.0","10.56","80.58","18.63","45.46","72.17","75.01","11.34"
"2026-01-09","86.67","26.29","59.09","90.15","88.06","89.34","14.38","93.41","33.5","65.42","94.14","88.18","86.6","13.16","88.14","24.65","52.64","77.52","75.39","74.14","10.6","81.49","17.61","46.56","73.86","75.52","11.46"
"2026-01-10","87.77","25.51","60.37","91.94","88.55","89.79","14.46","94.35","32.44","66.29","95.39","88.27","86.65","13.16","88.86","23.35","53.31","78.66","75.48","74.28","10.65","82.39","16.6","47.65","75.54","76.02","11.58"
"2026-01-11","88.86","24.75","61.63","93.7","89.04","90.22","14.54","95.26","31.38","67.13","96.61","88.34","86.68","13.16","89.56","22.08","53.97","79.78","75.58","74.43","10.69","83.28","15.63","48.73","77.2","76.53","11.69"
"2026-01-12","89.94","24.0","62.87","95.43","89.51","90.64","14.61","96.15","30.33","67.94","97.79","88.4","86.71","13.16","90.25","20.83","54.62","80.88","75.67","74.58","10.73","84.16","14.68","49.81","78.85","77.03","11.81"
"2026-01-13","91.0","23.27","64.09","97.12","89.97","91.05","14.69","97.02","29.29","68.73","98.94","88.46","86.73","13.15","90.93","19.59","55.25","81.97","75.77","74.73","10.77","85.02","13.76","50.88","80.48","77.54","11.93"
"2026-01-14","92.04","22.56","65.28","98.78","90.42","91.44","14.76","97.87","28.27","69.49","100.05","88.5","86.73","13.14","91.58","18.38","55.87","83.03","75.87","74.89","10.82","85.88","12.86","51.94","82.1","78.05","12.04"
"2026-01-15","93.07","21.86","66.46","100.41","90.86","91.82","14.82","98.69","27.25","70.22","101.13","88.52","86.73","13.14","92.22","17.19","56.48","84.08","75.97","75.05","10.87","86.73","12.0","52.99","83.7","78.55","12.16"
"2026-01-16","94.08","21.18","67.61","101.99","91.28","92.19","14.89","99.49","26.25","70.93","102.16","88.54","86.72","13.13","92.85","16.02","57.07","85.11","76.08","75.21","10.91","87.57","11.16","54.03","85.28","79.06","12.27"
"2026-01-17","95.07","20.52","68.73","103.54","91.69","92.54","14.95","100.27","25.25","71.6","103.16","88.55","86.7","13.12","93.45","14.87","57.66","86.12","76.18","75.38","10.96","88.39","10.34","55.06","86.84","79.57","12.39"
"2026-01-18","96.04","19.88","69.83","105.06","92.09","92.87","15.0","101.02","24.27","72.25","104.13","88.55","86.67","13.1","94.04","13.75","58.23","87.11","76.29","75.55","11.01","89.21","9.56","56.08","88.38","80.07","12.5"
"2026-01-19","97.0","19.25","70.91","106.54","92.47","93.19","15.06","101.75","23.31","72.88","105.06","88.54","86.63","13.09","94.62","12.65","58.78","88.08","76.4","75.72","11.06","90.01","8.8","57.09","89.9","80.58","12.62"
"2026-01-20","97.93","18.64","71.96","107.97","92.84","93.5","15.11","102.45","22.35","73.47","105.95","88.51","86.59","13.08","95.17","11.57","59.33","89.04","76.52","75.89","11.11","90.8","8.07","58.09","91.39","81.08","12.73"
"2026-01-21","98.85","18.05","72.98","109.37","93.19","93.79","15.15","103.13","21.41","74.04","106.8","88.48","86.54","13.06","95.71","10.52","59.86","89.97","76.64","76.07","11.16","91.58","7.37","59.08","92.87","81.58","12.84"
"2026-01-22","99.74","17.47","73.98","110.73","93.53","94.07","15.2","103.78","20.48","74.58","107.62","88.44","86.48","13.04","96.24","9.49","60.38","90.88","76.76","76.26","11.21","92.34","6.69","60.05","94.33","82.08","12.95"
"2026-01-23","100.62","16.91","74.95","112.05","93.85","94.33","15.24","104.42","19.57","75.09","108.4","88.39","86.41","13.02","96.74","8.49","60.88","91.78","76.88","76.44","11.26","93.1","6.05","61.02","95.76","82.57","13.06"
"2026-01-24","101.47","16.37","75.89","113.33","94.16","94.57","15.28","105.02","18.67","75.58","109.14","88.33","86.34","13.0","97.23","7.51","61.37","92.65","77.0","76.63","11.32","93.84","5.43","61.97","97.17","83.06","13.17"
"2026-01-25","102.3","15.84","76.81","114.57","94.46","94.8","15.31","105.6","17.78","76.03","109.85","88.26","86.26","12.98","97.71","6.56","61.85","93.51","77.13","76.83","11.37","94.56","4.84","62.91","98.55","83.55","13.28"
"2026-01-26","103.11","15.34","77.7","115.76","94.74","95.02","15.34","106.16","16.91","76.47","110.52","88.18","86.17","12.96","98.16","5.64","62.32","94.34","77.26","77.02","11.43","95.28","4.28","63.83","99.91","84.04","13.39"
"2026-01-27","103.9","14.85","78.56","116.92","95.0","95.22","15.37","106.69","16.06","76.87","111.15","88.09","86.07","12.94","98.6","4.74","62.77","95.16","77.4","77.22","11.48","95.98","3.75","64.74","101.24","84.52","13.49"
"2026-01-28","104.67","14.37","79.39","118.03","95.25","95.4","15.39","107.19","15.22","77.24","111.75","88.0","85.97","12.92","99.02","3.87","63.22","95.95","77.53","77.42","11.54","96.66","3.25","65.63","102.55","84.99","13.6"
"2026-01-29","105.41","13.92","80.19","119.1","95.48","95.57","15.41","107.67","14.4","77.59","112.31","87.89","85.87","12.9","99.43","3.03","63.64","96.73","77.67","77.63","11.6","97.33","2.78","66.51","103.83","85.46","13.7"
"2026-01-30","106.13","13.48","80.96","120.12","95.7","95.72","15.43","108.13","13.59","77.91","112.83","87.78","85.76","12.87","99.82","2.22","64.06","97.49","77.82","77.84","11.66","97.99","2.33","67.38","105.08","85.93","13.8"
"2026-01-31","106.83","13.05","81.7","121.1","95.9","95.86","15.44","108.56","12.8","78.21","113.32","87.67","85.64","12.85","100.19","1.44","64.46","98.22","77.96","78.05","11.71","98.63","1.91","68.22","106.3","86.39","13.9"
"2026-02-01","107.51","12.65","82.41","122.04","96.09","95.98","15.45","108.96","12.03","78.47","113.77","87.54","85.52","12.82","100.54","0.68","64.86","98.93","78.11","78.26","11.77","99.26","1.53","69.06","107.49","86.84","14.0"
"2026-02-02","108.16","12.26","83.08","122.93","96.26","96.08","15.46","109.34","11.27","78.71","114.18","87.41","85.39","12.79","100.88","0","65.23","99.63","78.26","78.48","11.83","99.87","1.17","69.87","108.66","87.29","14.09"
"2026-02-03","108.78","11.89","83.73","123.77","96.41","96.17","15.46","109.69","10.54","78.93","114.56","87.27","85.26","12.77","101.2","0","65.6","100.3","78.42","78.7","11.89","100.46","0.84","70.67","109.79","87.73","14.19"
"2026-02-04","109.38","11.53","84.35","124.57","96.55","96.24","15.46","110.02","9.82","79.11","114.9","87.12","85.12","12.74","101.51","0","65.95","100.95","78.57","78.92","11.95","101.04","0.53","71.45","110.9","88.17","14.28"
"2026-02-05","109.96","11.2","84.93","125.33","96.67","96.3","15.46","110.32","9.12","79.27","115.21","86.97","84.98","12.71","101.8","0","66.29","101.58","78.73","79.14","12.01","101.6","0.26","72.21","111.97","88.59","14.37"
"2026-02-06","110.51","10.88","85.48","126.04","96.78","96.34","15.46","110.59","8.44","79.41","115.48","86.81","84.84","12.69","102.07","0","66.62","102.19","78.89","79.37","12.08","102.15","0.01","72.95","113.01","89.01","14.46"
"2026-02-07","111.03","10.57","86.0","126.7","96.87","96.37","15.45","110.84","7.78","79.52","115.72","86.65","84.69","12.66","102.32","0","66.94","102.78","79.06","79.59","12.14","102.68","0","73.67","114.02","89.43","14.54"
"2026-02-08","111.53","10.29","86.49","127.32","96.94","96.38","15.43","111.07","7.14","79.6","115.92","86.48","84.54","12.63","102.56","0","67.24","103.34","79.22","79.82","12.2","103.19","0","74.37","114.99","89.83","14.63"
"2026-02-09","112.01","10.02","86.94","127.88","97.0","96.38","15.42","111.27","6.52","79.66","116.08","86.31","84.38","12.6","102.78","0","67.53","103.89","79.39","80.06","12.26","103.69","0","75.05","115.93","90.22","14.71"
"2026-02-10","112.45","9.76","87.36","128.41","97.04","96.35","15.4","111.44","5.92","79.69","116.22","86.13","84.22","12.57","102.98","0","67.8","104.41","79.56","80.29","12.32","104.16","0","75.72","116.84","90.61","14.79"
"2026-02-11","112.87","9.53","87.75","128.88","97.07","96.32","15.38","111.59","5.34","79.69","116.31","85.94","84.06","12.54","103.17","0","68.07","104.91","79.74","80.52","12.39","104.62","0","76.36","117.71","90.98","14.86"
"2026-02-12","113.27","9.31","88.11","129.31","97.08","96.27","15.36","111.71","4.78","79.68","116.38","85.75","83.9","12.51","103.34","0","68.32","105.39","79.91","80.76","12.45","105.06","0","76.98","118.54","91.35","14.94"
"2026-02-13","113.63","9.11","88.43","129.69","97.07","96.2","15.33","111.81","4.25","79.63","116.41","85.56","83.74","12.49","103.5","0","68.56","105.85","80.09","80.99","12.51","105.49","0","77.57","119.34","91.71","15.01"
"2026-02-14","113.97","8.92","88.72","130.03","97.05","96.12","15.3","111.88","3.73","79.56","116.4","85.37","83.57","12.46","103.64","0","68.78","106.28","80.27","81.23","12.58","105.89","0","78.15","120.1","92.05","15.08"
"2026-02-15","114.29","8.75","88.97","130.31","97.01","96.03","15.26","111.93","3.24","79.47","116.37","85.17","83.4","12.43","103.76","0","69.0","106.69","80.45","81.47","12.64","106.28","0","78.7","120.83","92.39","15.14"
"2026-02-16","114.57","8.6","89.19","130.55","96.96","95.92","15.23","111.95","2.77","79.36","116.3","84.96","83.23","12.4","103.86","0","69.19","107.08","80.64","81.71","12.7","106.64","0","79.23","121.52","92.71","15.21"
"2026-02-17","114.83","8.47","89.38","130.75","96.89","95.79","15.19","111.95","2.33","79.22","116.19","84.76","83.06","12.37","103.95","0","69.38","107.44","80.82","81.95","12.76","106.99","0","79.73","122.17","93.03","15.27"
"2026-02-18","115.06","8.35","89.53","130.89","96.8","95.65","15.15","111.92","1.9","79.06","116.06","84.55","82.89","12.34","104.02","0","69.55","107.79","81.01","82.19","12.83","107.32","0","80.22","122.78","93.33","15.33"
"2026-02-19","115.26","8.25","89.65","130.99","96.7","95.5","15.1","111.87","1.51","78.87","115.89","84.34","82.72","12.31","104.08","0","69.71","108.11","81.19","82.43","12.89","107.63","0","80.67","123.35","93.62","15.38"
"2026-02-20","115.44","8.17","89.73","131.04","96.59","95.33","15.06","111.79","1.13","78.66","115.69","84.12","82.54","12.29","104.12","0","69.86","108.4","81.38","82.67","12.95","107.92","0","81.11","123.89","93.9","15.44"
"2026-02-21","115.58","8.1","89.78","131.04","96.46","95.15","15.01","111.69","0.78","78.43","115.46","83.91","82.37","12.26","104.14","0","69.99","108.67","81.57","82.9","13.01","108.18","0","81.51","124.38","94.16","15.48"
"2026-02-22","115.7","8.05","89.8","130.99","96.31","94.96","14.96","111.57","0.45","78.18","115.2","83.69","82.19","12.23","104.15","0","70.11","108.92","81.76","83.14","13.07","108.43","0","81.9","124.83","94.42","15.53"
"2026-02-23","115.79","8.02","89.78","130.9","96.15","94.75","14.9","111.42","0.15","77.9","114.91","83.47","82.02","12.2","104.14","0","70.22","109.14","81.95","83.38","13.13","108.66","0.05","82.25","125.25","94.66","15.57"
"2026-02-24","115.86","8.0","89.73","130.76","95.98","94.53","14.84","111.25","0","77.6","114.59","83.25","81.84","12.18","104.12","0","70.31","109.34","82.14","83.61","13.19","108.87","0.29","82.58","125.62","94.89","15.61"
"2026-02-25","115.89","8.0","89.65","130.58","95.79","94.29","14.78","111.05","0","77.29","114.24","83.03","81.67","12.15","104.08","0","70.39","109.52","82.32","83.85","13.25","109.05","0.55","82.89","125.95","95.1","15.65"
"2026-02-26","115.89","8.02","89.53","130.35","95.59","94.05","14.72","110.83","0","76.95","113.86","82.8","81.5","12.13","104.02","0","70.46","109.67","82.51","84.08","13.31","109.21","0.84","83.17","126.24","95.3","15.68"
"2026-02-27","115.87","8.05","89.37","130.07","95.37","93.79","14.66","110.59","0","76.59","113.45","82.58","81.32","12.1","103.95","0","70.51","109.79","82.7","84.31","13.37","109.36","1.15","83.42","126.48","95.49","15.71"
"2026-02-28","115.82","8.1","89.19","129.74","95.14","93.52","14.59","110.33","0","76.21","113.01","82.35","81.15","12.08","103.86","0","70.55","109.89","82.89","84.54","13.42","109.48","1.49","83.64","126.69","95.66","15.74"
"2026-03-01","115.74","8.17","88.97","129.37","94.89","93.24","14.53","110.04","0","75.81","112.54","82.13","80.98","12.05","103.75","0","70.57","109.96","83.08","84.76","13.48","109.58","1.85","83.84","126.85","95.82","15.77"
"2026-03-02","115.63","8.26","88.72","128.96","94.64","92.94","14.45","109.73","0","75.39","112.04","81.91","80.81","12.03","103.63","0","70.58","110.01","83.27","84.98","13.53","109.65","2.23","84.0","126.97","95.97","15.79"
"2026-03-03","115.49","8.36","88.43","128.49","94.37","92.64","14.38","109.4","0","74.95","111.52","81.68","80.64","12.01","103.5","0","70.58","110.04","83.45","85.2","13.59","109.71","2.64","84.14","127.04","96.1","15.8"
"2026-03-04","115.33","8.48","88.11","127.99","94.08","92.32","14.31","109.04","0","74.5","110.97","81.46","80.47","11.98","103.34","0","70.56","110.04","83.63","85.42","13.64","109.74","3.07","84.25","127.07","96.22","15.82"
"2026-03-05","115.14","8.61","87.76","127.44","93.79","91.99","14.23","108.67","0","74.02","110.39","81.24","80.31","11.96","103.18","0","70.53","110.01","83.82","85.63","13.69","109.75","3.52","84.34","127.06","96.32","15.83"
"2026-03-06","114.91","8.77","87.38","126.84","93.48","91.65","14.16","108.27","0","73.53","109.79","81.01","80.15","11.94","102.99","0","70.48","109.95","84.0","85.84","13.74","109.74","4.0","84.39","127.0","96.4","15.83"
"2026-03-07","114.66","8.94","86.96","126.2","93.16","91.31","14.08","107.85","0","73.02","109.16","80.79","79.98","11.92","102.79","0","70.42","109.87","84.18","86.04","13.79","109.7","4.5","84.41","126.9","96.48","15.84"
"2026-03-08","114.39","9.12","86.51","125.52","92.83","90.95","14.0","107.41","0","72.49","108.5","80.57","79.82","11.9","102.58","0","70.34","109.77","84.35","86.24","13.84","109.65","5.02","84.41","126.76","96.53","15.84"
"2026-03-09","114.08","9.33","86.03","124.79","92.48","90.58","13.91","106.95","0","71.94","107.82","80.35","79.67","11.88","102.34","0","70.25","109.63","84.52","86.44","13.89","109.56","5.56","84.38","126.57","96.57","15.84"
"2026-03-10","113.75","9.55","85.52","124.03","92.13","90.21","13.83","106.47","0","71.38","107.11","80.13","79.51","11.86","102.1","0","70.14","109.47","84.69","86.63","13.93","109.46","6.12","84.31","126.34","96.6","15.83"
"2026-03-11","113.39","9.78","84.98","123.21","91.76","89.82","13.74","105.97","0","70.8","106.38","79.92","79.36","11.84","101.84","0","70.02","109.28","84.86","86.82","13.98","109.33","6.7","84.22","126.06","96.61","15.82"
"2026-03-12","113.0","10.04","84.41","122.36","91.39","89.43","13.66","105.45","0","70.2","105.63","79.7","79.21","11.83","101.56","0","69.88","109.07","85.03","87.0","14.02","109.18","7.3","84.09","125.74","96.6","15.8"
"2026-03-13","112.58","10.31","83.8","121.47","91.0","89.02","13.57","104.91","0","69.59","104.85","79.49","79.06","11.81","101.26","0","69.73","108.83","85.19","87.17","14.06","109.01","7.92","83.94","125.37","96.58","15.79"
"2026-03-14","112.14","10.6","83.17","120.53","90.6","88.61","13.48","104.35","0","68.97","104.04","79.28","78.91","11.79","100.96","0","69.56","108.56","85.34","87.34","14.1","108.81","8.56","83.76","124.96","96.55","15.77"
"2026-03-15","111.67","10.9","82.51","119.56","90.2","88.2","13.39","103.77","0","68.33","103.22","79.07","78.77","11.78","100.63","0","69.38","108.26","85.49","87.5","14.13","108.59","9.22","83.54","124.5","96.49","15.74"
"2026-03-16","111.17","11.23","81.81","118.54","89.78","87.77","13.3","103.18","0","67.67","102.37","78.87","78.63","11.76","100.29","0","69.18","107.93","85.64","87.66","14.17","108.34","9.9","83.3","124.0","96.42","15.71"
"2026-03-17","110.65","11.57","81.09","117.49","89.36","87.34","13.21","102.56","0.25","67.0","101.5","78.66","78.49","11.75","99.94","0","68.96","107.58","85.78","87.81","14.2","108.08","10.6","83.02","123.45","96.34","15.68"
"2026-03-18","110.1","11.92","80.34","116.4","88.93","86.9","13.11","101.93","0.58","66.32","100.6","78.46","78.35","11.73","99.57","0","68.73","107.19","85.92","87.95","14.23","107.78","11.31","82.71","122.86","96.24","15.65"
"2026-03-19","109.52","12.3","79.56","115.27","88.49","86.46","13.02","101.28","0.94","65.62","99.69","78.27","78.22","11.72","99.18","0.68","68.49","106.78","86.06","88.08","14.26","107.47","12.05","82.38","122.22","96.12","15.61"
"2026-03-20","108.92","12.69","78.76","114.1","88.04","86.01","12.92","100.61","1.32","64.91","98.75","78.07","78.09","11.71","98.78","1.43","68.22","106.34","86.18","88.21","14.29","107.13","12.8","82.01","121.54","95.99","15.57"
"2026-03-21","108.29","13.1","77.92","112.89","87.58","85.55","12.83","99.92","1.74","64.18","97.8","77.88","77.96","11.7","98.37","2.21","67.94","105.88","86.31","88.33","14.31","106.76","13.57","81.61","120.81","95.84","15.52"
"2026-03-22","107.64","13.53","77.06","111.65","87.12","85.09","12.73","99.22","2.18","63.45","96.82","77.69","77.84","11.68","97.93","3.02","67.65","105.38","86.42","88.44","14.34","106.38","14.35","81.18","120.04","95.68","15.47"
"2026-03-23","106.96","13.97","76.18","110.38","86.65","84.63","12.64","98.5","2.65","62.7","95.82","77.5","77.72","11.67","97.49","3.86","67.33","104.85","86.53","88.55","14.36","105.96","15.15","80.72","119.23","95.5","15.42"
"2026-03-24","106.26","14.43","75.26","109.07","86.17","84.16","12.54","97.77","3.15","61.94","94.81","77.32","77.6","11.66","97.03","4.73","67.0","104.3","86.63","88.64","14.38","105.53","15.97","80.23","118.37","95.3","15.37"
"2026-03-25","105.53","14.91","74.33","107.72","85.69","83.68","12.44","97.02","3.68","61.17","93.77","77.14","77.48","11.65","96.55","5.62","66.66","103.71","86.73","88.73","14.39","105.07","16.8","79.71","117.47","95.09","15.31"
"2026-03-26","104.78","15.4","73.36","106.34","85.2","83.21","12.34","96.25","4.24","60.38","92.71","76.96","77.37","11.65","96.06","6.54","66.29","103.1","86.82","88.8","14.41","104.59","17.65","79.16","116.52","94.87","15.25"
"2026-03-27","104.0","15.91","72.38","104.93","84.7","82.73","12.25","95.47","4.83","59.59","91.64","76.78","77.26","11.64","95.56","7.49","65.91","102.46","86.9","88.87","14.42","104.08","18.51","78.58","115.54","94.62","15.18"
"2026-03-28","103.2","16.44","71.36","103.49","84.2","82.24","12.15","94.68","5.45","58.78","90.55","76.61","77.15","11.63","95.04","8.46","65.52","101.79","86.98","88.93","14.43","103.55","19.39","77.96","114.5","94.37","15.11"
"2026-03-29","102.38","16.99","70.33","102.01","83.7","81.76","12.05","93.87","6.1","57.97","89.44","76.44","77.04","11.62","94.5","9.46","65.1","101.08","87.05","88.98","14.43","103.0","20.28","77.32","113.43","94.09","15.04"
"2026-03-30","101.53","17.55","69.27","100.51","83.19","81.27","11.95","93.04","6.77","57.14","88.31","76.28","76.94","11.61","93.95","10.48","64.67","100.35","87.11","89.02","14.44","102.42","21.19","76.65","112.31","93.81","14.97"
"2026-03-31","100.66","18.14","68.19","98.97","82.68","80.78","11.85","92.21","7.47","56.31","87.17","76.12","76.84","11.61","93.39","11.53","64.22","99.59","87.16","89.05","14.44","101.82","22.11","75.95","111.15","93.5","14.89"
"2026-04-01","99.77","18.73","67.09","97.41","82.16","80.28","11.76","91.35","8.21","55.46","86.0","75.96","76.74","11.6","92.81","12.6","63.75","98.8","87.2","89.07","14.44","101.19","23.04","75.21","109.95","93.19","14.81"
"2026-04-02","98.86","19.35","65.97","95.81","81.64","79.79","11.66","90.49","8.97","54.61","84.83","75.8","76.65","11.59","92.21","13.7","63.27","97.98","87.24","89.07","14.44","100.55","23.99","74.45","108.7","92.85","14.73"
"2026-04-03","97.92","19.98","64.82","94.19","81.12","79.29","11.56","89.61","9.75","53.75","83.63","75.65","76.55","11.59","91.6","14.81","62.76","97.13","87.26","89.07","14.43","99.87","24.94","73.66","107.42","92.51","14.64"
"2026-04-04","96.97","20.63","63.66","92.54","80.59","78.8","11.46","88.72","10.57","52.88","82.42","75.5","76.46","11.58","90.98","15.96","62.24","96.25","87.28","89.06","14.42","99.18","25.91","72.84","106.1","92.14","14.55"
"2026-04-05","95.99","21.3","62.48","90.87","80.07","78.3","11.37","87.82","11.41","52.0","81.2","75.35","76.37","11.58","90.34","17.12","61.7","95.33","87.29","89.03","14.41","98.46","26.9","71.99","104.73","91.77","14.46"
"2026-04-06","95.0","21.99","61.27","89.17","79.54","77.81","11.27","86.91","12.28","51.11","79.95","75.21","76.28","11.57","89.69","18.31","61.15","94.39","87.29","89.0","14.39","97.72","27.89","71.11","103.33","91.38","14.36"
"2026-04-07","93.98","22.69","60.05","87.45","79.01","77.31","11.17","85.99","13.18","50.22","78.7","75.07","76.2","11.57","89.03","19.51","60.57","93.42","87.28","88.95","14.38","96.96","28.89","70.2","101.88","90.97","14.26"
"2026-04-08","92.95","23.41","58.82","85.7","78.48","76.82","11.08","85.05","14.11","49.31","77.43","74.93","76.12","11.56","88.35","20.74","59.98","92.42","87.26","88.89","14.36","96.18","29.91","69.27","100.4","90.56","14.16"
"2026-04-09","91.89","24.15","57.56","83.93","77.94","76.32","10.98","84.1","15.06","48.41","76.14","74.8","76.03","11.56","87.65","21.99","59.36","91.39","87.23","88.82","14.33","95.37","30.93","68.3","98.88","90.13","14.06"
"2026-04-10","90.82","24.9","56.29","82.14","77.41","75.83","10.89","83.15","16.04","47.49","74.84","74.67","75.95","11.55","86.94","23.25","58.73","90.33","87.19","88.74","14.31","94.54","31.97","67.31","97.32","89.68","13.95"
"2026-04-11","89.73","25.67","55.0","80.32","76.88","75.34","10.79","82.18","17.05","46.57","73.53","74.54","75.88","11.55","86.22","24.54","58.09","89.24","87.14","88.65","14.28","93.69","33.01","66.29","95.72","89.23","13.84"
"2026-04-12","88.62","26.46","53.7","78.49","76.34","74.85","10.7","81.2","18.08","45.64","72.2","74.41","75.8","11.54","85.48","25.84","57.42","88.12","87.08","88.54","14.25","92.82","34.07","65.25","94.09","88.76","13.73"
"2026-04-13","87.5","27.26","52.38","76.63","75.81","74.36","10.61","80.22","19.13","44.7","70.86","74.29","75.72","11.54","84.73","27.16","56.73","86.97","87.0","88.43","14.21","91.92","35.13","64.18","92.42","88.28","13.62"
"2026-04-14","86.35","28.09","51.05","74.76","75.28","73.88","10.52","79.22","20.22","43.76","69.51","74.17","75.65","11.53","83.97","28.5","56.03","85.79","86.92","88.3","14.18","91.01","36.21","63.08","90.72","87.78","13.51"
"2026-04-15","85.2","28.93","49.71","72.87","74.75","73.4","10.43","78.22","21.33","42.81","68.14","74.05","75.57","11.53","83.19","29.85","55.31","84.58","86.83","88.15","14.14","90.07","37.29","61.96","88.98","87.28","13.39"
"2026-04-16","84.02","29.78","48.35","70.96","74.22","72.92","10.34","77.21","22.46","41.86","66.77","73.93","75.5","11.52","82.4","31.23","54.57","83.34","86.72","88.0","14.09","89.11","38.38","60.81","87.2","86.76","13.27"
"2026-04-17","82.83","30.65","46.98","69.03","73.7","72.44","10.25","76.19","23.62","40.9","65.38","73.82","75.42","11.52","81.6","32.61","53.81","82.07","86.61","87.83","14.05","88.14","39.47","59.63","85.4","86.23","13.15"
"2026-04-18","81.63","31.54","45.6","67.09","73.17","71.97","10.16","75.16","24.8","39.94","63.97","73.71","75.35","11.51","80.78","34.01","53.03","80.77","86.48","87.65","14.0","87.14","40.58","58.43","83.56","85.69","13.02"
"2026-04-19","80.41","32.45","44.21","65.14","72.65","71.5","10.08","74.13","26.0","38.97","62.56","73.6","75.28","11.5","79.95","35.43","52.23","79.44","86.34","87.46","13.95","86.12","41.69","57.21","81.69","85.14","12.9"
"2026-04-20","79.18","33.37","42.81","63.17","72.13","71.03","9.99","73.08","27.23","38.0","61.14","73.49","75.21","11.5","79.1","36.86","51.42","78.09","86.19","87.26","13.89","85.08","42.81","55.96","79.78","84.58","12.77"
"2026-04-21","77.94","34.31","41.39","61.18","71.61","70.57","9.91","72.03","28.48","37.02","59.7","73.38","75.13","11.49","78.25","38.3","50.58","76.7","86.03","87.04","13.84","84.03","43.94","54.69","77.85","84.01","12.64"
"2026-04-22","76.68","35.27","39.97","59.19","71.1","70.12","9.83","70.98","29.76","36.04","58.25","73.28","75.06","11.48","77.38","39.75","49.73","75.29","85.86","86.81","13.78","82.95","45.07","53.4","75.89","83.44","12.51"
"2026-04-23","75.41","36.24","38.55","57.18","70.59","69.67","9.74","69.92","31.05","35.05","56.8","73.17","74.99","11.48","76.49","41.22","48.86","73.85","85.68","86.57","13.71","81.86","46.21","52.08","73.9","82.85","12.38"
"2026-04-24","74.13","37.23","37.11","55.16","70.09","69.22","9.66","68.85","32.37","34.06","55.33","73.07","74.91","11.47","75.6","42.69","47.97","72.38","85.48","86.31","13.65","80.74","47.35","50.75","71.88","82.25","12.24"
"2026-04-25","72.84","38.24","35.67","53.13","69.59","68.78","9.59","67.78","33.71","33.07","53.85","72.97","74.84","11.46","74.69","44.18","47.07","70.88","85.27","86.04","13.58","79.61","48.5","49.39","69.83","81.64","12.11"
"2026-04-26","71.54","39.26","34.22","51.1","69.09","68.34","9.51","66.7","35.07","32.07","52.36","72.87","74.76","11.45","73.77","45.68","46.14","69.35","85.05","85.76","13.51","78.47","49.66","48.01","67.76","81.03","11.97"
"2026-04-27","70.22","40.29","32.76","49.05","68.6","67.91","9.43","65.61","36.45","31.07","50.86","72.77","74.69","11.44","72.83","47.18","45.2","67.8","84.82","85.47","13.43","77.3","50.82","46.61","65.66","80.41","11.83"
"2026-04-28","68.9","41.35","31.3","47.0","68.11","67.49","9.36","64.53","37.85","30.07","49.36","72.67","74.61","11.43","71.89","48.7","44.23","66.22","84.58","85.16","13.35","76.12","51.98","45.19","63.53","79.78","11.69"
"2026-04-29","67.57","42.41","29.84","44.94","67.63","67.07","9.28","63.43","39.26","29.06","47.84","72.57","74.53","11.42","70.93","50.22","43.25","64.62","84.32","84.84","13.27","74.92","53.15","43.75","61.38","79.15","11.55"
"2026-04-30","66.23","43.5","28.37","42.87","67.15","66.65","9.21","62.34","40.7","28.05","46.31","72.47","74.44","11.4","69.96","51.75","42.26","62.98","84.05","84.51","13.19","73.7","54.33","42.3","59.21","78.5","11.41"
"2026-05-01","64.88","44.6","26.9","40.8","66.68","66.25","9.14","61.24","42.16","27.03","44.78","72.38","74.36","11.39","68.98","53.29","41.24","61.32","83.77","84.17","13.1","72.47","55.5","40.82","57.02","77.86","11.27"
"2026-05-02","63.53","45.71","25.42","38.72","66.22","65.85","9.07","60.13","43.63","26.02","43.24","72.28","74.28","11.37","67.99","54.83","40.21","59.64","83.48","83.81","13.02","71.23","56.69","39.33","54.8","77.2","11.13"
"2026-05-03","62.17","46.84","23.94","36.64","65.76","65.45","9.0","59.02","45.12","25.0","41.68","72.18","74.19","11.36","66.98","56.38","39.16","57.93","83.18","83.44","12.93","69.97","57.87","37.83","52.57","76.54","10.99"
"2026-05-04","60.8","47.98","22.47","34.56","65.31","65.07","8.94","57.91","46.63","23.98","40.12","72.08","74.1","11.34","65.97","57.93","38.09","56.19","82.86","83.06","12.83","68.69","59.06","36.3","50.31","75.88","10.84"
"2026-05-05","59.42","49.14","20.99","32.48","64.86","64.68","8.87","56.8","48.15","22.95","38.56","71.98","74.0","11.33","64.94","59.49","37.01","54.43","82.54","82.67","12.74","67.4","60.25","34.76","48.04","75.21","10.7"
"2026-05-06","58.05","50.31","19.51","30.39","64.42","64.31","8.81","55.68","49.69","21.92","36.98","71.88","73.91","11.31","63.9","61.05","35.9","52.64","82.2","82.27","12.64","66.1","61.45","33.21","45.75","74.53","10.55"
"2026-05-07","56.66","51.5","18.03","28.3","63.99","63.94","8.75","54.57","51.24","20.9","35.4","71.78","73.81","11.29","62.85","62.61","34.79","50.84","81.85","81.85","12.54","64.78","62.65","31.64","43.44","73.86","10.41"
"2026-05-08","55.27","52.7","16.55","26.22","63.56","63.58","8.69","53.45","52.81","19.86","33.81","71.68","73.7","11.27","61.79","64.18","33.65","49.0","81.48","81.42","12.43","63.46","63.85","30.06","41.11","73.18","10.26"
"2026-05-09","53.88","53.92","15.07","24.13","63.14","63.23","8.63","52.32","54.39","18.83","32.21","71.57","73.6","11.24","60.72","65.75","32.5","47.15","81.11","80.98","12.33","62.12","65.05","28.47","38.77","72.49","10.12"
"2026-05-10","52.49","55.15","13.6","22.04","62.73","62.88","8.57","51.2","55.99","17.8","30.6","71.47","73.49","11.22","59.64","67.32","31.33","45.27","80.72","80.53","12.22","60.76","66.25","26.86","36.42","71.81","9.97"
"2026-05-11","51.09","56.39","12.12","19.96","62.33","62.54","8.51","50.08","57.6","16.76","28.99","71.36","73.37","11.2","58.55","68.89","30.15","43.37","80.33","80.07","12.11","59.4","67.46","25.25","34.06","71.12","9.83"
"2026-05-12","49.69","57.64","10.65","17.88","61.93","62.21","8.46","48.95","59.21","15.72","27.37","71.25","73.26","11.17","57.45","70.46","28.95","41.45","79.92","79.6","11.99","58.03","68.66","23.62","31.68","70.43","9.68"
"2026-05-13","48.29","58.91","9.19","15.81","61.54","61.89","8.41","47.82","60.84","14.68","25.75","71.14","73.13","11.14","56.34","72.03","27.73","39.51","79.5","79.12","11.88","56.64","69.87","21.98","29.29","69.74","9.53"
"2026-05-14","46.89","60.19","7.73","13.73","61.16","61.57","8.35","46.7","62.49","13.64","24.12","71.02","73.01","11.12","55.22","73.6","26.5","37.54","79.07","78.62","11.76","55.25","71.08","20.34","26.89","69.05","9.39"
"2026-05-15","45.49","61.48","6.27","11.66","60.79","61.26","8.3","45.57","64.14","12.6","22.48","70.91","72.88","11.09","54.1","75.16","25.26","35.56","78.63","78.12","11.64","53.84","72.29","18.68","24.48","68.36","9.25"
"2026-05-16","44.09","62.79","4.82","9.6","60.42","60.96","8.26","44.44","65.8","11.55","20.84","70.79","72.74","11.05","52.96","76.73","24.0","33.56","78.18","77.6","11.52","52.43","73.51","17.02","22.07","67.66","9.1"
"2026-05-17","42.68","64.1","3.37","7.55","60.06","60.66","8.21","43.32","67.46","10.51","19.19","70.67","72.6","11.02","51.81","78.29","22.73","31.53","77.72","77.08","11.4","51.01","74.72","15.35","19.65","66.97","8.96"
"2026-05-18","41.28","65.43","1.93","5.5","59.71","60.38","8.16","42.19","69.14","9.46","17.54","70.54","72.45","10.99","50.66","79.85","21.44","29.49","77.24","76.54","11.27","49.59","75.93","13.68","17.22","66.28","8.81"
"2026-05-19","39.89","66.77","0.5","3.45","59.37","60.1","8.12","41.06","70.82","8.41","15.88","70.42","72.3","10.95","49.5","81.41","20.14","27.44","76.76","76.0","11.14","48.15","77.14","12.0","14.79","65.59","8.67"
"2026-05-20","38.49","68.12","0","1.42","59.04","59.82","8.08","39.94","72.51","7.36","14.21","70.29","72.15","10.91","48.33","82.96","18.82","25.36","76.27","75.45","11.01","46.71","78.36","10.31","12.35","64.9","8.53"
"2026-05-21","37.09","69.48","0","0","58.71","59.56","8.03","38.82","74.21","6.31","12.54","70.15","71.99","10.88","47.15","84.5","17.5","23.27","75.77","74.89","10.88","45.26","79.57","8.62","9.91","64.22","8.39"
"2026-05-22","35.7","70.85","0","0","58.4","59.3","7.99","37.69","75.91","5.26","10.87","70.01","71.82","10.84","45.97","86.04","16.16","21.17","75.25","74.32","10.75","43.81","80.78","6.93","7.47","63.54","8.25"
"2026-05-23","34.32","72.23","0","0","58.09","59.05","7.95","36.57","77.62","4.21","9.19","69.87","71.65","10.79","44.77","87.58","14.8","19.04","74.73","73.74","10.62","42.36","81.99","5.23","5.03","62.86","8.11"
"2026-05-24","32.93","73.62","0","0","57.79","58.81","7.92","35.45","79.33","3.15","7.51","69.73","71.47","10.75","43.57","89.1","13.44","16.91","74.2","73.15","10.48","40.89","83.21","3.53","2.58","62.18","7.98"
"2026-05-25","31.55","75.02","0","0","57.5","58.57","7.88","34.34","81.04","2.1","5.83","69.58","71.28","10.7","42.37","90.63","12.06","14.76","73.66","72.56","10.35","39.43","84.42","1.83","0.14","61.51","7.84"
"2026-05-26","30.18","76.43","0","0","57.21","58.34","7.85","33.22","82.76","1.05","4.14","69.42","71.09","10.66","41.16","92.14","10.68","12.59","73.12","71.96","10.21","37.96","85.63","0.14","0","60.84","7.71"
"2026-05-27","29.46","77.11","0","0","56.94","58.12","7.81","32.75","83.74","0.68","3.47","69.26","70.9","10.61","40.59","92.91","9.97","11.45","72.56","71.35","10.07","37.14","86.1","0","0","60.17","7.57"
"2026-05-28","29.39","77.07","0","0","56.67","57.91","7.78","32.93","84.0","1.0","3.84","69.1","70.69","10.56","40.65","92.95","9.94","11.33","72.0","70.73","9.93","36.95","85.85","0","0","59.51","7.44"
"2026-05-29","29.32","77.04","0","0","56.41","57.7","7.75","33.12","84.25","1.32","4.21","68.93","70.49","10.51","40.72","92.97","9.9","11.2","71.43","70.11","9.79","36.77","85.59","0","0","58.86","7.31"
"2026-05-30","29.26","77.02","0","0","56.16","57.5","7.72","33.3","84.51","1.64","4.57","68.76","70.27","10.45","40.77","92.99","9.85","11.05","70.85","69.48","9.65","36.58","85.33","0","0","58.21","7.18"
"2026-05-31","29.21","77.01","0","0","55.92","57.3","7.69","33.49","84.77","1.96","4.92","68.58","70.05","10.4","40.82","93.0","9.79","10.89","70.26","68.85","9.5","36.4","85.07","0","0","57.57","7.05"
"2026-06-01","29.16","77.0","0","0","55.68","57.11","7.66","33.68","85.03","2.27","5.27","68.4","69.82","10.34","40.87","93.0","9.72","10.73","69.67","68.21","9.36","36.21","84.82","0","0","56.93","6.93"
"2026-06-02","29.12","77.0","0","0","55.46","56.93","7.63","33.87","85.29","2.59","5.62","68.21","69.58","10.28","40.9","92.99","9.63","10.55","69.07","67.56","9.21","36.02","84.56","0","0","56.3","6.8"
"2026-06-03","29.08","77.01","0","0","55.24","56.76","7.61","34.06","85.54","2.9","5.96","68.01","69.34","10.22","40.93","92.98","9.54","10.36","68.46","66.92","9.07","35.83","84.3","0","0","55.68","6.68"
"2026-06-04","29.05","77.03","0","0","55.03","56.59","7.58","34.25","85.8","3.2","6.29","67.82","69.09","10.16","40.96","92.95","9.44","10.16","67.85","66.26","8.92","35.63","84.04","0","0","55.06","6.56"
"2026-06-05","29.03","77.06","0","0","54.82","56.43","7.56","34.44","86.06","3.51","6.62","67.61","68.83","10.09","40.98","92.92","9.33","9.95","67.23","65.61","8.78","35.44","83.79","0","0","54.45","6.45"
"2026-06-06","29.02","77.1","0","0","54.63","56.27","7.54","34.63","86.31","3.81","6.94","67.4","68.57","10.02","40.99","92.88","9.21","9.72","66.61","64.95","8.63","35.25","83.53","0","0","53.85","6.33"
"2026-06-07","29.0","77.14","0","0","54.44","56.12","7.51","34.83","86.57","4.1","7.25","67.18","68.3","9.96","41.0","92.83","9.08","9.49","65.98","64.28","8.48","35.05","83.28","0","0","53.26","6.22"
"2026-06-08","29.0","77.19","0","0","54.26","55.98","7.49","35.02","86.82","4.39","7.55","66.96","68.02","9.89","41.0","92.77","8.94","9.25","65.35","63.61","8.33","34.86","83.03","0","0","52.68","6.11"
"2026-06-09","29.0","77.25","0","0","54.09","55.84","7.47","35.21","87.07","4.68","7.85","66.73","67.74","9.82","40.99","92.71","8.79","9.0","64.72","62.95","8.19","34.67","82.78","0","0","52.11","6.0"
"2026-06-10","29.01","77.32","0","0","53.92","55.7","7.45","35.41","87.32","4.96","8.14","66.5","67.45","9.74","40.98","92.63","8.63","8.74","64.08","62.28","8.04","34.47","82.53","0","0","51.54","5.89"
"2026-06-11","29.02","77.4","0","0","53.76","55.57","7.43","35.6","87.56","5.24","8.42","66.26","67.15","9.67","40.96","92.55","8.46","8.47","63.43","61.6","7.89","34.28","82.29","0","0","50.99","5.78"
"2026-06-12","29.05","77.48","0","0","53.61","55.45","7.41","35.79","87.81","5.51","8.69","66.02","66.85","9.59","40.94","92.46","8.29","8.19","62.79","60.93","7.75","34.09","82.05","0","0","50.44","5.68"
"2026-06-13","29.07","77.57","0","0","53.46","55.33","7.39","35.98","88.05","5.78","8.95","65.76","66.54","9.51","40.91","92.37","8.1","7.9","62.14","60.26","7.6","33.9","81.81","0","0","49.91","5.58"
"2026-06-14","29.1","77.67","0","0","53.33","55.22","7.38","36.17","88.28","6.04","9.21","65.51","66.22","9.43","40.87","92.26","7.91","7.61","61.49","59.58","7.45","33.71","81.57","0","0","49.38","5.48"
"2026-06-15","29.14","77.78","0","0","53.19","55.11","7.36","36.36","88.52","6.29","9.45","65.24","65.89","9.35","40.83","92.15","7.71","7.3","60.83","58.91","7.31","33.52","81.34","0","0","48.87","5.39"
"2026-06-16","29.19","77.89","0","0","53.07","55.0","7.34","36.55","88.75","6.54","9.68","64.97","65.56","9.27","40.78","92.03","7.5","6.99","60.18","58.23","7.16","33.34","81.12","0","0","48.37","5.3"
"2026-06-17","29.24","78.02","0","0","52.95","54.9","7.33","36.74","88.97","6.78","9.91","64.7","65.22","9.19","40.73","91.9","7.28","6.67","59.52","57.56","7.02","33.15","80.89","0","0","47.88","5.21"
"2026-06-18","29.3","78.15","0","0","52.84","54.81","7.31","36.92","89.19","7.02","10.12","64.42","64.87","9.1","40.66","91.77","7.06","6.35","58.87","56.89","6.87","32.97","80.67","0","0","47.4","5.12"
"2026-06-19","29.36","78.28","0","0","52.73","54.71","7.3","37.1","89.41","7.24","10.32","64.13","64.52","9.01","40.6","91.63","6.82","6.02","58.21","56.22","6.73","32.79","80.46","0","0","46.93","5.04"
"2026-06-20","29.43","78.43","0","0","52.63","54.63","7.28","37.28","89.62","7.46","10.51","63.83","64.16","8.92","40.53","91.48","6.58","5.68","57.55","55.55","6.59","32.61","80.25","0","0","46.47","4.95"
"2026-06-21","29.5","78.58","0","0","52.53","54.54","7.27","37.46","89.83","7.67","10.7","63.53","63.8","8.83","40.45","91.33","6.34","5.34","56.9","54.88","6.45","32.43","80.04","0","0","46.03","4.87"
"2026-06-22","29.58","78.73","0","0","52.44","54.46","7.25","37.64","90.04","7.87","10.87","63.23","63.43","8.74","40.36","91.17","6.09","4.99","56.24","54.22","6.3","32.26","79.84","0","0","45.59","4.8"
"2026-06-23","29.67","78.9","0","0","52.36","54.38","7.24","37.81","90.23","8.07","11.02","62.91","63.05","8.65","40.27","91.0","5.83","4.63","55.58","53.56","6.17","32.09","79.65","0","0","45.17","4.72"
"2026-06-24","29.76","79.07","0","0","52.28","54.3","7.22","37.98","90.43","8.26","11.17","62.59","62.66","8.55","40.18","90.83","5.56","4.27","54.93","52.9","6.03","31.92","79.46","0","0","44.77","4.65"
"2026-06-25","29.86","79.24","0","0","52.2","54.23","7.21","38.15","90.61","8.43","11.31","62.27","62.28","8.46","40.08","90.65","5.29","3.91","54.28","52.25","5.89","31.75","79.28","0","0","44.37","4.59"
"2026-06-26","29.96","79.43","0","0","52.13","54.16","7.2","38.31","90.79","8.6","11.43","61.94","61.88","8.36","39.97","90.46","5.01","3.54","53.63","51.61","5.76","31.59","79.1","0","0","43.99","4.52"
"2026-06-27","30.07","79.61","0","0","52.07","54.09","7.18","38.47","90.97","8.76","11.54","61.6","61.48","8.26","39.86","90.27","4.73","3.17","52.99","50.96","5.62","31.44","78.93","0","0","43.62","4.46"
"2026-06-28","30.18","79.81","0","0","52.0","54.02","7.17","38.62","91.14","8.91","11.64","61.26","61.07","8.16","39.75","90.07","4.45","2.79","52.34","50.33","5.49","31.28","78.76","0","0","43.26","4.4"
"2026-06-29","30.3","80.01","0","0","51.95","53.96","7.15","38.78","91.3","9.05","11.73","60.91","60.66","8.06","39.62","89.87","4.15","2.42","51.71","49.7","5.36","31.13","78.6","0","0","42.92","4.34"
"2026-06-30","30.42","80.21","0","0","51.89","53.9","7.14","38.93","91.46","9.19","11.81","60.56","60.24","7.96","39.5","89.66","3.86","2.04","51.07","49.07","5.23","30.99","78.45","0","0","42.59","4.29"
"2026-07-01","30.55","80.42","0","0","51.84","53.84","7.12","39.07","91.6","9.31","11.87","60.2","59.82","7.86","39.37","89.45","3.56","1.65","50.44","48.45","5.1","30.84","78.31","0","0","42.27","4.23"
"2026-07-02","30.68","80.63","0","0","51.79","53.78","7.11","39.21","91.75","9.42","11.92","59.84","59.39","7.75","39.23","89.23","3.26","1.27","49.82","47.84","4.98","30.71","78.17","0","0","41.97","4.19"
"2026-07-03","30.82","80.85","0","0","51.75","53.72","7.09","39.35","91.88","9.53","11.96","59.47","58.96","7.65","39.09","89.01","2.95","0.88","49.2","47.24","4.86","30.57","78.04","0","0","41.68","4.14"
"2026-07-04","30.96","81.08","0","0","51.71","53.66","7.08","39.48","92.01","9.62","11.98","59.1","58.52","7.54","38.95","88.79","2.64","0.5","48.58","46.64","4.74","30.45","77.92","0","0","41.4","4.1"
"2026-07-05","31.11","81.3","0","0","51.67","53.6","7.06","39.6","92.13","9.7","12.0","58.72","58.08","7.44","38.8","88.56","2.33","0.11","47.97","46.06","4.62","30.32","77.8","0","0","41.14","4.06"
"2026-07-06","31.26","81.53","0","0.04","51.64","53.55","7.05","39.72","92.24","9.78","12.0","58.33","57.64","7.33","38.65","88.32","2.01","0","47.37","45.48","4.5","30.2","77.69","0","0","40.89","4.02"
"2026-07-07","31.41","81.77","0","0.43","51.6","53.49","7.03","39.84","92.35","9.84","11.99","57.95","57.19","7.22","38.5","88.09","1.7","0","46.78","44.91","4.39","30.09","77.59","0","0","40.65","3.99"
"2026-07-08","31.57","82.01","0","0.81","51.57","53.43","7.02","39.95","92.45","9.89","11.96","57.55","56.73","7.12","38.34","87.85","1.38","0","46.19","44.34","4.27","29.98","77.5","0","0","40.43","3.95"
"2026-07-09","31.73","82.25","0","1.2","51.54","53.38","7.0","40.06","92.54","9.93","11.93","57.16","56.28","7.01","38.17","87.61","1.06","0","45.61","43.79","4.17","29.88","77.41","0","0","40.22","3.92"
"2026-07-10","31.89","82.49","0","1.58","51.52","53.32","6.98","40.16","92.62","9.97","11.88","56.76","55.82","6.9","38.01","87.36","0.74","0","45.04","43.25","4.06","29.78","77.33","0","0","40.03","3.9"
"2026-07-11","32.06","82.74","0","1.97","51.49","53.27","6.96","40.26","92.69","9.99","11.82","56.35","55.36","6.79","37.84","87.11","0.41","0","44.48","42.72","3.95","29.69","77.26","0","0","39.85","3.87"
"2026-07-12","32.23","82.98","0","2.35","51.47","53.21","6.95","40.35","92.76","10.0","11.74","55.95","54.89","6.68","37.67","86.86","0.09","0","43.92","42.2","3.85","29.6","77.2","0","0","39.68","3.85"
"2026-07-13","32.4","83.24","0.03","2.73","51.45","53.16","6.93","40.43","92.82","10.0","11.66","55.54","54.43","6.57","37.49","86.61","0","0","43.38","41.69","3.75","29.52","77.15","0","0","39.53","3.84"
"2026-07-14","32.58","83.49","0.36","3.1","51.42","53.1","6.91","40.51","92.87","9.99","11.56","55.12","53.96","6.46","37.32","86.36","0","0","42.84","41.19","3.66","29.44","77.1","0","0","39.39","3.82"
"2026-07-15","32.75","83.74","0.68","3.47","51.4","53.04","6.89","40.59","92.91","9.97","11.45","54.7","53.49","6.35","37.14","86.1","0","0","42.31","40.7","3.56","29.37","77.07","0","0","39.26","3.81"
"2026-07-16","32.93","84.0","1.0","3.84","51.38","52.98","6.87","40.65","92.95","9.94","11.33","54.28","53.02","6.24","36.95","85.85","0","0","41.8","40.23","3.47","29.31","77.04","0","0","39.15","3.8"
"2026-07-17","33.12","84.25","1.32","4.21","51.37","52.92","6.85","40.72","92.97","9.9","11.2","53.86","52.54","6.13","36.77","85.59","0","0","41.29","39.76","3.39","29.25","77.02","0","0","39.04","3.79"
"2026-07-18","33.3","84.51","1.64","4.57","51.35","52.86","6.82","40.77","92.99","9.85","11.05","53.44","52.07","6.02","36.58","85.33","0","0","40.8","39.31","3.3","29.2","77.0","0","0","38.96","3.78"
"2026-07-19","33.49","84.77","1.96","4.92","51.33","52.8","6.8","40.82","93.0","9.79","10.89","53.01","51.6","5.91","36.4","85.07","0","0","40.31","38.87","3.22","29.15","77.0","0","0","38.88","3.78"
"2026-07-20","33.68","85.03","2.27","5.27","51.31","52.73","6.78","40.87","93.0","9.72","10.73","52.58","51.12","5.8","36.21","84.82","0","0","39.84","38.45","3.14","29.11","77.0","0","0","38.82","3.78"
"2026-07-21","33.87","85.29","2.59","5.62","51.29","52.67","6.75","40.9","92.99","9.63","10.55","52.15","50.65","5.69","36.02","84.56","0","0","39.38","38.04","3.06","29.08","77.02","0","0","38.77","3.78"
"2026-07-22","34.06","85.54","2.9","5.96","51.27","52.6","6.73","40.93","92.98","9.54","10.36","51.72","50.17","5.58","35.83","84.3","0","0","38.93","37.64","2.99","29.05","77.04","0","0","38.74","3.79"
"2026-07-23","34.25","85.8","3.2","6.29","51.25","52.53","6.7","40.96","92.95","9.44","10.16","51.29","49.7","5.47","35.63","84.04","0","0","38.5","37.25","2.92","29.03","77.07","0","0","38.71","3.8"
"2026-07-24","34.44","86.06","3.51","6.62","51.23","52.46","6.68","40.98","92.92","9.33","9.95","50.86","49.23","5.36","35.44","83.79","0","0","38.08","36.88","2.86","29.01","77.1","0","0","38.7","3.81"
"2026-07-25","34.63","86.31","3.81","6.94","51.21","52.38","6.65","40.99","92.88","9.21","9.72","50.42","48.76","5.26","35.25","83.53","0","0","37.66","36.53","2.79","29.0","77.15","0","0","38.7","3.82"
"2026-07-26","34.83","86.57","4.1","7.25","51.19","52.31","6.62","41.0","92.83","9.08","9.49","49.99","48.29","5.15","35.05","83.28","0","0","37.27","36.18","2.73","29.0","77.2","0","0","38.72","3.83"
"2026-07-27","35.02","86.82","4.39","7.55","51.17","52.23","6.6","41.0","92.77","8.94","9.25","49.56","47.82","5.04","34.86","83.03","0","0","36.88","35.86","2.68","29.0","77.27","0","0","38.74","3.85"
"2026-07-28","35.21","87.07","4.68","7.85","51.14","52.15","6.57","40.99","92.71","8.79","9.0","49.12","47.35","4.94","34.67","82.78","0","0","36.51","35.54","2.63","29.01","77.34","0","0","38.78","3.86"
"2026-07-29","35.41","87.32","4.96","8.14","51.12","52.07","6.54","40.98","92.63","8.63","8.74","48.69","46.89","4.84","34.47","82.53","0","0","36.16","35.25","2.58","29.03","77.41","0","0","38.83","3.88"
"2026-07-30","35.6","87.56","5.24","8.42","51.09","51.98","6.51","40.96","92.55","8.46","8.47","48.26","46.43","4.73","34.28","82.29","0","0","35.82","34.96","2.53","29.05","77.5","0","0","38.89","3.91"
"2026-07-31","35.79","87.81","5.51","8.69","51.06","51.89","6.48","40.94","92.46","8.29","8.19","47.83","45.97","4.63","34.09","82.05","0","0","35.49","34.69","2.49","29.08","77.59","0","0","38.96","3.93"
"2026-08-01","35.98","88.05","5.78","8.95","51.03","51.8","6.44","40.91","92.37","8.1","7.9","47.4","45.52","4.53","33.9","81.81","0","0","35.18","34.44","2.45","29.11","77.7","0","0","39.04","3.96"
"2026-08-02","36.17","88.28","6.04","9.21","51.0","51.71","6.41","40.87","92.26","7.91","7.61","46.98","45.07","4.43","33.71","81.57","0","0","34.88","34.21","2.41","29.15","77.8","0","0","39.14","3.98"
"2026-08-03","36.36","88.52","6.29","9.45","50.97","51.61","6.38","40.83","92.15","7.71","7.3","46.56","44.63","4.33","33.52","81.34","0","0","34.59","33.98","2.38","29.2","77.92","0","0","39.24","4.01"
"2026-08-04","36.55","88.75","6.54","9.68","50.93","51.52","6.34","40.78","92.03","7.5","6.99","46.14","44.19","4.24","33.34","81.12","0","0","34.33","33.78","2.35","29.25","78.04","0","0","39.35","4.05"
"2026-08-05","36.74","88.97","6.78","9.91","50.89","51.42","6.31","40.73","91.9","7.28","6.67","45.72","43.75","4.14","33.15","80.89","0","0","34.07","33.59","2.33","29.31","78.18","0","0","39.48","4.08"
"2026-08-06","36.92","89.19","7.02","10.12","50.85","51.31","6.27","40.66","91.77","7.06","6.35","45.3","43.33","4.05","32.97","80.67","0","0","33.84","33.42","2.3","29.38","78.31","0","0","39.61","4.11"
"2026-08-07","37.1","89.41","7.24","10.32","50.81","51.21","6.24","40.6","91.63","6.82","6.02","44.89","42.9","3.96","32.79","80.46","0","0","33.61","33.26","2.28","29.45","78.46","0","0","39.75","4.15"
"2026-08-08","37.28","89.62","7.46","10.51","50.77","51.1","6.2","40.53","91.48","6.58","5.68","44.49","42.48","3.86","32.61","80.25","0","0","33.41","33.12","2.27","29.52","78.61","0","0","39.91","4.19"
"2026-08-09","37.46","89.83","7.67","10.7","50.72","50.99","6.16","40.45","91.33","6.34","5.34","44.09","42.07","3.78","32.43","80.04","0","0","33.22","32.99","2.26","29.6","78.77","0","0","40.07","4.23"
"2026-08-10","37.64","90.04","7.87","10.87","50.67","50.88","6.13","40.36","91.17","6.09","4.99","43.69","41.67","3.69","32.26","79.84","0","0","33.04","32.88","2.25","29.69","78.94","0","0","40.24","4.27"
"2026-08-11","37.81","90.23","8.07","11.02","50.62","50.76","6.09","40.27","91.0","5.83","4.63","43.3","41.27","3.61","32.09","79.65","0","0","32.89","32.79","2.24","29.78","79.11","0","0","40.42","4.31"
"2026-08-12","37.98","90.43","8.26","11.17","50.57","50.64","6.05","40.18","90.83","5.56","4.27","42.91","40.88","3.52","31.92","79.46","0","0","32.74","32.71","2.24","29.88","79.28","0","0","40.61","4.35"
"2026-08-13","38.15","90.61","8.43","11.31","50.52","50.52","6.01","40.08","90.65","5.29","3.91","42.53","40.5","3.44","31.75","79.28","0","0","32.62","32.65","2.25","29.99","79.47","0","0","40.8","4.4"
"2026-08-14","38.31","90.79","8.6","11.43","50.46","50.4","5.97","39.97","90.46","5.01","3.54","42.15","40.13","3.36","31.59","79.1","0","0","32.51","32.61","2.25","30.09","79.66","0","0","41.0","4.44"
"2026-08-15","38.47","90.97","8.76","11.54","50.4","50.27","5.93","39.86","90.27","4.73","3.17","41.78","39.76","3.29","31.44","78.93","0","0","32.41","32.58","2.26","30.21","79.85","0","0","41.21","4.49"
"2026-08-16","38.62","91.14","8.91","11.64","50.34","50.15","5.89","39.75","90.07","4.45","2.79","41.42","39.4","3.21","31.28","78.76","0","0","32.34","32.57","2.27","30.33","80.05","0","0","41.43","4.54"
"2026-08-17","38.78","91.3","9.05","11.73","50.27","50.02","5.84","39.62","89.87","4.15","2.42","41.06","39.05","3.14","31.13","78.6","0","0","32.28","32.57","2.29","30.45","80.26","0","0","41.66","4.59"
"2026-08-18","38.93","91.46","9.19","11.81","50.2","49.88","5.8","39.5","89.66","3.86","2.04","40.72","38.72","3.07","30.99","78.45","0","0","32.23","32.59","2.31","30.58","80.47","0","0","41.89","4.64"
"2026-08-19","39.07","91.6","9.31","11.87","50.13","49.75","5.76","39.37","89.45","3.56","1.65","40.37","38.39","3.01","30.84","78.31","0","0","32.2","32.63","2.33","30.71","80.68","0","0","42.13","4.69"
"2026-08-20","39.21","91.75","9.42","11.92","50.06","49.61","5.72","39.23","89.23","3.26","1.27","40.04","38.07","2.94","30.71","78.17","0","0","32.19","32.68","2.35","30.85","80.9","0","0","42.37","4.74"
"2026-08-21","39.35","91.88","9.53","11.96","49.99","49.48","5.67","39.09","89.01","2.95","0.88","39.72","37.76","2.88","30.57","78.04","0","0","32.2","32.75","2.38","30.99","81.13","0","0","42.62","4.79"
"2026-08-22","39.48","92.01","9.62","11.98","49.91","49.34","5.63","38.95","88.79","2.64","0.5","39.4","37.46","2.82","30.45","77.92","0","0","32.22","32.83","2.41","31.14","81.35","0","0","42.87","4.84"
"2026-08-23","39.6","92.13","9.7","12.0","49.84","49.2","5.59","38.8","88.56","2.33","0.11","39.09","37.17","2.77","30.32","77.8","0","0","32.26","32.93","2.45","31.29","81.58","0","0.13","43.13","4.9"
"2026-08-24","39.72","92.24","9.78","12.0","49.75","49.06","5.54","38.65","88.32","2.01","0","38.79","36.9","2.71","30.2","77.69","0","0","32.31","33.05","2.49","31.44","81.82","0","0.51","43.4","4.95"
"2026-08-25","39.84","92.35","9.84","11.99","49.67","48.91","5.5","38.5","88.09","1.7","0","38.5","36.63","2.66","30.09","77.59","0","0","32.38","33.18","2.53","31.6","82.06","0","0.9","43.67","5.01"
"2026-08-26","39.95","92.45","9.89","11.96","49.59","48.77","5.46","38.34","87.85","1.38","0","38.23","36.38","2.61","29.98","77.5","0","0","32.47","33.32","2.57","31.76","82.3","0","1.29","43.94","5.06"
"2026-08-27","40.06","92.54","9.93","11.93","49.5","48.62","5.41","38.17","87.61","1.06","0","37.96","36.14","2.57","29.88","77.41","0","0","32.57","33.48","2.62","31.93","82.54","0","1.67","44.22","5.12"
"2026-08-28","40.16","92.62","9.97","11.88","49.42","48.48","5.37","38.01","87.36","0.74","0","37.7","35.91","2.53","29.78","77.33","0","0","32.69","33.66","2.67","32.09","82.79","0","2.05","44.5","5.17"
"2026-08-29","40.26","92.69","9.99","11.82","49.33","48.33","5.32","37.84","87.11","0.41","0","37.45","35.69","2.49","29.69","77.26","0","0","32.82","33.85","2.72","32.27","83.04","0","2.43","44.79","5.23"
"2026-08-30","40.35","92.76","10.0","11.74","49.23","48.18","5.28","37.67","86.86","0.09","0","37.21","35.49","2.45","29.6","77.2","0","0","32.97","34.06","2.78","32.44","83.29","0.11","2.81","45.08","5.28"
"2026-08-31","40.43","92.82","10.0","11.66","49.14","48.04","5.24","37.49","86.61","0","0","36.98","35.3","2.42","29.52","77.15","0","0","33.13","34.28","2.83","32.62","83.54","0.43","3.18","45.37","5.34"
"2026-09-01","40.51","92.87","9.99","11.56","49.05","47.89","5.19","37.32","86.36","0","0","36.77","35.12","2.39","29.44","77.1","0","0","33.31","34.51","2.9","32.79","83.8","0.75","3.56","45.66","5.4"
"2026-09-02","40.59","92.91","9.97","11.45","48.95","47.74","5.15","37.14","86.1","0","0","36.57","34.95","2.37","29.37","77.07","0","0","33.51","34.76","2.96","32.97","84.05","1.07","3.92","45.96","5.45"
"2026-09-03","40.65","92.95","9.94","11.33","48.86","47.59","5.11","36.95","85.85","0","0","36.37","34.8","2.34","29.31","77.04","0","0","33.72","35.02","3.03","33.16","84.31","1.39","4.29","46.26","5.51"
"2026-09-04","40.72","92.97","9.9","11.2","48.76","47.45","5.07","36.77","85.59","0","0","36.19","34.66","2.32","29.25","77.02","0","0","33.95","35.29","3.09","33.34","84.57","1.71","4.65","46.56","5.56"
"2026-09-05","40.77","92.99","9.85","11.05","48.67","47.3","5.02","36.58","85.33","0","0","36.03","34.54","2.31","29.2","77.0","0","0","34.19","35.58","3.17","33.53","84.83","2.03","5.0","46.86","5.62"
"2026-09-06","40.82","93.0","9.79","10.89","48.57","47.15","4.98","36.4","85.07","0","0","35.87","34.43","2.29","29.15","77.0","0","0","34.44","35.88","3.24","33.72","85.08","2.34","5.35","47.16","5.68"
"2026-09-07","40.87","93.0","9.72","10.73","48.47","47.01","4.94","36.21","84.82","0","0","35.73","34.34","2.28","29.11","77.0","0","0","34.71","36.2","3.32","33.91","85.34","2.65","5.69","47.47","5.73"
"2026-09-08","40.9","92.99","9.63","10.55","48.37","46.87","4.9","36.02","84.56","0","0","35.6","34.26","2.28","29.08","77.02","0","0","34.99","36.52","3.39","34.1","85.6","2.96","6.03","47.77","5.79"
"2026-09-09","40.93","92.98","9.54","10.36","48.27","46.72","4.86","35.83","84.3","0","0","35.49","34.19","2.27","29.05","77.04","0","0","35.29","36.86","3.47","34.29","85.86","3.27","6.36","48.08","5.84"
"2026-09-10","40.96","92.95","9.44","10.16","48.17","46.58","4.82","35.63","84.04","0","0","35.38","34.14","2.27","29.03","77.07","0","0","35.6","37.21","3.56","34.48","86.11","3.57","6.69","48.38","5.9"
"2026-09-11","40.98","92.92","9.33","9.95","48.07","46.45","4.78","35.44","83.79","0","0","35.29","34.1","2.28","29.01","77.1","0","0","35.92","37.57","3.64","34.68","86.37","3.87","7.01","48.69","5.95"
"2026-09-12","40.99","92.88","9.21","9.72","47.98","46.31","4.75","35.25","83.53","0","0","35.22","34.08","2.28","29.0","77.15","0","0","36.26","37.95","3.73","34.87","86.62","4.17","7.32","49.0","6.01"
"2026-09-13","41.0","92.83","9.08","9.49","47.88","46.18","4.71","35.05","83.28","0","0","35.16","34.07","2.3","29.0","77.2","0","0","36.61","38.33","3.82","35.06","86.87","4.46","7.62","49.3","6.06"
"2026-09-14","41.0","92.77","8.94","9.25","47.78","46.05","4.67","34.86","83.03","0","0","35.11","34.08","2.31","29.0","77.27","0","0","36.97","38.73","3.91","35.26","87.12","4.75","7.91","49.61","6.11"
"2026-09-15","40.99","92.71","8.79","9.0","47.69","45.92","4.64","34.67","82.78","0","0","35.08","34.11","2.33","29.01","77.34","0","0","37.34","39.13","4.0","35.45","87.37","5.03","8.2","49.91","6.17"
"2026-09-16","40.98","92.63","8.63","8.74","47.59","45.79","4.61","34.47","82.53","0","0","35.06","34.15","2.35","29.03","77.41","0","0","37.73","39.55","4.09","35.64","87.62","5.3","8.48","50.21","6.22"
"2026-09-17","40.96","92.55","8.46","8.47","47.5","45.67","4.57","34.28","82.29","0","0","35.06","34.2","2.37","29.05","77.5","0","0","38.13","39.98","4.19","35.83","87.86","5.57","8.75","50.51","6.27"
"2026-09-18","40.94","92.46","8.29","8.19","47.41","45.55","4.54","34.09","82.05","0","0","35.07","34.27","2.4","29.08","77.59","0","0","38.54","40.41","4.29","36.03","88.1","5.84","9.01","50.81","6.32"
"2026-09-19","40.91","92.37","8.1","7.9","47.32","45.44","4.51","33.9","81.81","0","0","35.09","34.36","2.43","29.11","77.7","0","0","38.96","40.86","4.39","36.22","88.33","6.1","9.26","51.11","6.37"
"2026-09-20","40.87","92.26","7.91","7.61","47.23","45.33","4.48","33.71","81.57","0","0","35.13","34.46","2.46","29.15","77.8","0","0","39.39","41.31","4.49","36.41","88.57","6.35","9.5","51.41","6.42"
"2026-09-21","40.83","92.15","7.71","7.3","47.15","45.22","4.46","33.52","81.34","0","0","35.19","34.58","2.5","29.2","77.92","0","0","39.83","41.77","4.59","36.59","88.8","6.6","9.73","51.7","6.47"
"2026-09-22","40.78","92.03","7.5","6.99","47.07","45.12","4.43","33.34","81.12","0","0","35.26","34.71","2.54","29.25","78.04","0","0","40.28","42.24","4.69","36.78","89.02","6.83","9.95","51.99","6.52"
"2026-09-23","40.73","91.9","7.28","6.67","46.99","45.02","4.4","33.15","80.89","0","0","35.34","34.86","2.59","29.31","78.18","0","0","40.74","42.72","4.79","36.96","89.24","7.07","10.17","52.28","6.57"
"2026-09-24","40.66","91.77","7.06","6.35","46.91","44.93","4.38","32.97","80.67","0","0","35.44","35.02","2.64","29.38","78.31","0","0","41.22","43.2","4.9","37.14","89.46","7.29","10.37","52.57","6.61"
"2026-09-25","40.6","91.63","6.82","6.02","46.84","44.84","4.36","32.79","80.46","0","0","35.56","35.2","2.69","29.45","78.46","0","0","41.7","43.7","5.0","37.32","89.67","7.51","10.56","52.86","6.66"
"2026-09-26","40.53","91.48","6.58","5.68","46.77","44.76","4.34","32.61","80.25","0","0","35.69","35.39","2.74","29.52","78.61","0","0","42.18","44.19","5.11","37.5","89.88","7.72","10.73","53.14","6.71"
"2026-09-27","40.45","91.33","6.34","5.34","46.7","44.69","4.32","32.43","80.04","0","0","35.83","35.6","2.8","29.6","78.77","0","0","42.68","44.7","5.22","37.68","90.08","7.92","10.9","53.42","6.75"
"2026-09-28","40.36","91.17","6.09","4.99","46.64","44.62","4.3","32.26","79.84","0","0","35.99","35.83","2.86","29.69","78.94","0","0","43.19","45.21","5.33","37.85","90.28","8.11","11.06","53.69","6.79"
"2026-09-29","40.27","91.0","5.83","4.63","46.58","44.55","4.29","32.09","79.65","0","0","36.17","36.07","2.93","29.78","79.11","0","0","43.7","45.73","5.44","38.02","90.47","8.3","11.2","53.96","6.84"
"2026-09-30","40.18","90.83","5.56","4.27","46.52","44.5","4.28","31.92","79.46","0","0","36.36","36.33","3.0","29.88","79.28","0","0","44.22","46.25","5.55","38.18","90.65","8.47","11.34","54.23","6.88"
"2026-10-01","40.08","90.65","5.29","3.91","46.47","44.45","4.26","31.75","79.28","0","0","36.56","36.6","3.07","29.99","79.47","0","0","44.75","46.78","5.66","38.34","90.83","8.64","11.46","54.5","6.92"
"2026-10-02","39.97","90.46","5.01","3.54","46.43","44.4","4.26","31.59","79.1","0","0","36.79","36.89","3.14","30.09","79.66","0","0","45.28","47.31","5.77","38.5","91.01","8.8","11.57","54.76","6.96"
"2026-10-03","39.86","90.27","4.73","3.17","46.39","44.37","4.25","31.44","78.93","0","0","37.02","37.19","3.22","30.21","79.85","0","0","45.82","47.84","5.88","38.66","91.17","8.95","11.66","55.02","7.0"
"2026-10-04","39.75","90.07","4.45","2.79","46.36","44.34","4.24","31.28","78.76","0","0","37.27","37.5","3.3","30.33","80.05","0","0","46.37","48.38","5.99","38.81","91.33","9.08","11.75","55.27","7.04"
"2026-10-05","39.62","89.87","4.15","2.42","46.33","44.32","4.24","31.13","78.6","0","0","37.54","37.83","3.38","30.45","80.26","0","0","46.92","48.92","6.1","38.96","91.49","9.21","11.82","55.52","7.08"
"2026-10-06","39.5","89.66","3.86","2.04","46.3","44.3","4.24","30.99","78.45","0","0","37.82","38.18","3.47","30.58","80.47","0","0","47.48","49.47","6.21","39.1","91.64","9.34","11.88","55.77","7.11"
"2026-10-07","39.37","89.45","3.56","1.65","46.28","44.3","4.24","30.84","78.31","0","0","38.12","38.54","3.56","30.71","80.68","0","0","48.04","50.02","6.33","39.24","91.78","9.45","11.93","56.01","7.15"
"2026-10-08","39.23","89.23","3.26","1.27","46.27","44.3","4.24","30.71","78.17","0","0","38.43","38.91","3.65","30.85","80.9","0","0","48.6","50.57","6.44","39.37","91.91","9.55","11.97","56.25","7.18"
"2026-10-09","39.09","89.01","2.95","0.88","46.27","44.31","4.25","30.57","78.04","0","0","38.75","39.3","3.75","30.99","81.13","0","0","49.17","51.12","6.55","39.5","92.04","9.64","11.99","56.48","7.22"
"2026-10-10","38.95","88.79","2.64","0.5","46.27","44.33","4.25","30.45","77.92","0","0","39.09","39.7","3.84","31.14","81.35","0","0","49.74","51.67","6.66","39.63","92.16","9.72","12.0","56.72","7.25"
"2026-10-11","38.8","88.56","2.33","0.11","46.28","44.36","4.26","30.32","77.8","0","0","39.44","40.12","3.95","31.29","81.58","0","0.13","50.32","52.23","6.77","39.75","92.27","9.79","12.0","56.94","7.28"
"2026-10-12","38.65","88.32","2.01","0","46.29","44.4","4.28","30.2","77.69","0","0","39.81","40.55","4.05","31.44","81.82","0","0.51","50.9","52.78","6.88","39.87","92.37","9.85","11.98","57.16","7.32"
"2026-10-13","38.5","88.09","1.7","0","46.32","44.44","4.29","30.09","77.59","0","0","40.19","40.99","4.15","31.6","82.06","0","0.9","51.48","53.34","6.99","39.98","92.47","9.9","11.96","57.38","7.35"
"2026-10-14","38.34","87.85","1.38","0","46.35","44.5","4.31","29.98","77.5","0","0","40.59","41.44","4.26","31.76","82.3","0","1.29","52.06","53.89","7.11","40.08","92.56","9.94","11.92","57.6","7.38"
"2026-10-15","38.17","87.61","1.06","0","46.38","44.56","4.33","29.88","77.41","0","0","41.0","41.91","4.37","31.93","82.54","0","1.67","52.65","54.45","7.22","40.18","92.64","9.97","11.87","57.81","7.41"
"2026-10-16","38.01","87.36","0.74","0","46.43","44.64","4.35","29.78","77.33","0","0","41.42","42.39","4.49","32.09","82.79","0","2.05","53.24","55.0","7.32","40.28","92.71","9.99","11.8","58.01","7.43"
"2026-10-17","37.84","87.11","0.41","0","46.48","44.72","4.37","29.69","77.26","0","0","41.85","42.88","4.6","32.27","83.04","0","2.43","53.82","55.56","7.43","40.37","92.78","10.0","11.73","58.21","7.46"
"2026-10-18","37.67","86.86","0.09","0","46.54","44.82","4.4","29.6","77.2","0","0","42.3","43.39","4.72","32.44","83.29","0.11","2.81","54.41","56.11","7.54","40.45","92.83","10.0","11.64","58.41","7.49"
"2026-10-19","37.49","86.61","0","0","46.61","44.92","4.43","29.52","77.15","0","0","42.76","43.9","4.84","32.62","83.54","0.43","3.18","55.0","56.66","7.65","40.53","92.88","9.99","11.54","58.61","7.52"
"2026-10-20","37.32","86.36","0","0","46.69","45.04","4.46","29.44","77.1","0","0","43.24","44.43","4.96","32.79","83.8","0.75","3.56","55.58","57.21","7.76","40.6","92.92","9.96","11.43","58.8","7.54"
"2026-10-21","37.14","86.1","0","0","46.78","45.17","4.49","29.37","77.07","0","0","43.72","44.97","5.09","32.97","84.05","1.07","3.92","56.17","57.76","7.86","40.67","92.95","9.93","11.3","58.98","7.57"
"2026-10-22","36.95","85.85","0","0","46.87","45.3","4.53","29.31","77.04","0","0","44.22","45.52","5.21","33.16","84.31","1.39","4.29","56.76","58.3","7.97","40.73","92.98","9.89","11.16","59.16","7.59"
"2026-10-23","36.77","85.59","0","0","46.98","45.45","4.57","29.25","77.02","0","0","44.73","46.08","5.34","33.34","84.57","1.71","4.65","57.34","58.85","8.07","40.78","92.99","9.84","11.02","59.34","7.62"
"2026-10-24","36.58","85.33","0","0","47.09","45.61","4.61","29.2","77.0","0","0","45.25","46.65","5.47","33.53","84.83","2.03","5.0","57.93","59.38","8.17","40.83","93.0","9.77","10.86","59.52","7.64"
"2026-10-25","36.4","85.07","0","0","47.22","45.78","4.66","29.15","77.0","0","0","45.78","47.23","5.6","33.72","85.08","2.34","5.35","58.51","59.92","8.27","40.87","93.0","9.7","10.69","59.69","7.66"
"2026-10-26","36.21","84.82","0","0","47.35","45.95","4.7","29.11","77.0","0","0","46.33","47.81","5.74","33.91","85.34","2.65","5.69","59.09","60.45","8.37","40.91","92.99","9.61","10.51","59.86","7.68"
"2026-10-27","36.02","84.56","0","0","47.49","46.14","4.75","29.08","77.02","0","0","46.88","48.41","5.87","34.1","85.6","2.96","6.03","59.66","60.98","8.47","40.94","92.97","9.52","10.31","60.02","7.71"
"2026-10-28","35.83","84.3","0","0","47.64","46.35","4.81","29.05","77.04","0","0","47.44","49.02","6.01","34.29","85.86","3.27","6.36","60.23","61.5","8.57","40.96","92.95","9.42","10.11","60.18","7.73"
"2026-10-29","35.63","84.04","0","0","47.8","46.56","4.86","29.03","77.07","0","0","48.02","49.63","6.14","34.48","86.11","3.57","6.69","60.8","62.02","8.67","40.98","92.91","9.3","9.9","60.34","7.75"
"2026-10-30","35.44","83.79","0","0","47.97","46.78","4.92","29.01","77.1","0","0","48.6","50.25","6.28","34.68","86.37","3.87","7.01","61.37","62.53","8.76","40.99","92.87","9.18","9.67","60.49","7.77"
"2026-10-31","35.25","83.53","0","0","48.16","47.02","4.98","29.0","77.15","0","0","49.2","50.88","6.42","34.87","86.62","4.17","7.32","61.93","63.04","8.86","41.0","92.82","9.05","9.44","60.64","7.79"
"2026-11-01","35.05","83.28","0","0","48.35","47.26","5.04","29.0","77.2","0","0","49.8","51.52","6.57","35.06","86.87","4.46","7.62","62.49","63.54","8.95","41.0","92.76","8.91","9.19","60.79","7.81"
"2026-11-02","34.86","83.03","0","0","48.55","47.52","5.11","29.0","77.27","0","0","50.41","52.17","6.71","35.26","87.12","4.75","7.91","63.04","64.04","9.04","40.99","92.69","8.76","8.94","60.94","7.83"
"2026-11-03","34.67","82.78","0","0","48.76","47.79","5.18","29.01","77.34","0","0","51.03","52.82","6.85","35.45","87.37","5.03","8.2","63.59","64.53","9.13","40.98","92.62","8.59","8.68","61.08","7.85"
"2026-11-04","34.47","82.53","0","0","48.98","48.07","5.25","29.03","77.41","0","0","51.65","53.47","7.0","35.64","87.62","5.3","8.48","64.14","65.01","9.22","40.96","92.53","8.43","8.41","61.22","7.87"
"2026-11-05","34.28","82.29","0","0","49.22","48.36","5.32","29.05","77.5","0","0","52.29","54.14","7.14","35.83","87.86","5.57","8.75","64.67","65.49","9.31","40.93","92.44","8.25","8.13","61.36","7.89"
"2026-11-06","34.09","82.05","0","0","49.46","48.66","5.4","29.08","77.59","0","0","52.93","54.8","7.29","36.03","88.1","5.84","9.01","65.21","65.96","9.39","40.9","92.34","8.06","7.84","61.49","7.91"
"2026-11-07","33.9","81.81","0","0","49.71","48.98","5.48","29.11","77.7","0","0","53.58","55.48","7.43","36.22","88.33","6.1","9.26","65.73","66.43","9.48","40.86","92.24","7.87","7.54","61.63","7.93"
"2026-11-08","33.71","81.57","0","0","49.98","49.3","5.56","29.15","77.8","0","0","54.23","56.15","7.58","36.41","88.57","6.35","9.5","66.25","66.89","9.56","40.82","92.13","7.66","7.24","61.76","7.95"
"2026-11-09","33.52","81.34","0","0","50.25","49.64","5.64","29.2","77.92","0","0","54.9","56.84","7.73","36.59","88.8","6.6","9.73","66.77","67.34","9.64","40.77","92.0","7.45","6.92","61.89","7.97"
"2026-11-10","33.34","81.12","0","0","50.54","49.99","5.73","29.25","78.04","0","0","55.56","57.52","7.87","36.78","89.02","6.83","9.95","67.27","67.78","9.72","40.71","91.88","7.23","6.6","62.02","7.98"
"2026-11-11","33.15","80.89","0","0","50.83","50.35","5.82","29.31","78.18","0","0","56.23","58.21","8.02","36.96","89.24","7.07","10.17","67.77","68.22","9.79","40.65","91.74","7.01","6.28","62.14","8.0"
"2026-11-12","32.97","80.67","0","0","51.14","50.72","5.91","29.38","78.31","0","0","56.91","58.9","8.17","37.14","89.46","7.29","10.37","68.27","68.65","9.87","40.58","91.6","6.77","5.94","62.27","8.02"
"2026-11-13","32.79","80.46","0","0","51.45","51.1","6.0","29.45","78.46","0","0","57.59","59.59","8.32","37.32","89.67","7.51","10.56","68.75","69.07","9.94","40.51","91.45","6.53","5.6","62.39","8.04"
"2026-11-14","32.61","80.25","0","0","51.78","51.49","6.1","29.52","78.61","0","0","58.28","60.29","8.46","37.5","89.88","7.72","10.73","69.23","69.48","10.01","40.43","91.29","6.28","5.26","62.52","8.06"
"2026-11-15","32.43","80.04","0","0","52.12","51.89","6.19","29.6","78.77","0","0","58.97","60.98","8.61","37.68","90.08","7.92","10.9","69.7","69.89","10.08","40.34","91.13","6.03","4.91","62.64","8.08"
"2026-11-16","32.26","79.84","0","0","52.46","52.3","6.3","29.69","78.94","0","0","59.66","61.68","8.76","37.85","90.28","8.11","11.06","70.16","70.28","10.15","40.25","90.96","5.77","4.55","62.76","8.1"
"2026-11-17","32.09","79.65","0","0","52.82","52.72","6.4","29.78","79.11","0","0","60.35","62.38","8.91","38.02","90.47","8.3","11.2","70.62","70.67","10.22","40.16","90.79","5.5","4.19","62.88","8.12"
"2026-11-18","31.92","79.46","0","0","53.19","53.16","6.5","29.88","79.28","0","0","61.05","63.08","9.05","38.18","90.65","8.47","11.34","71.06","71.05","10.28","40.06","90.6","5.23","3.83","63.0","8.15"
"2026-11-19","31.75","79.28","0","0","53.57","53.6","6.61","29.99","79.47","0","0","61.75","63.78","9.2","38.34","90.83","8.64","11.46","71.5","71.43","10.35","39.95","90.42","4.95","3.46","63.12","8.17"
"2026-11-20","31.59","79.1","0","0","53.96","54.05","6.72","30.09","79.66","0","0","62.45","64.48","9.34","38.5","91.01","8.8","11.57","71.93","71.79","10.41","39.84","90.22","4.67","3.09","63.25","8.19"
"2026-11-21","31.44","78.93","0","0","54.35","54.52","6.83","30.21","79.85","0","0","63.15","65.17","9.49","38.66","91.17","8.95","11.66","72.35","72.14","10.47","39.72","90.03","4.38","2.71","63.37","8.21"
"2026-11-22","31.28","78.76","0","0","54.76","54.99","6.94","30.33","80.05","0","0","63.86","65.87","9.63","38.81","91.33","9.08","11.75","72.76","72.49","10.52","39.6","89.82","4.09","2.33","63.49","8.24"
"2026-11-23","31.13","78.6","0","0","55.18","55.47","7.06","30.45","80.26","0","0","64.56","66.56","9.78","38.96","91.49","9.21","11.82","73.16","72.83","10.58","39.47","89.62","3.79","1.95","63.61","8.26"
"2026-11-24","30.99","78.45","0","0","55.61","55.97","7.18","30.58","80.47","0","0","65.26","67.25","9.92","39.1","91.64","9.34","11.88","73.55","73.16","10.63","39.34","89.4","3.49","1.57","63.74","8.28"
"2026-11-25","30.84","78.31","0","0","56.04","56.47","7.29","30.71","80.68","0","0","65.96","67.94","10.06","39.24","91.78","9.45","11.93","73.94","73.48","10.69","39.2","89.18","3.19","1.18","63.86","8.31"
"2026-11-26","32.0","76.71","0","0","56.49","56.98","7.41","32.14","79.44","0","1.03","66.67","68.63","10.2","40.67","90.45","10.92","14.03","74.31","73.79","10.74","40.35","87.5","4.26","2.86","63.99","8.33"
"2026-11-27","33.16","75.11","0","0","56.94","57.49","7.54","33.57","78.2","0","3.48","67.37","69.31","10.34","42.09","89.11","12.39","16.12","74.68","74.09","10.78","41.5","85.81","5.33","4.54","64.11","8.36"
"2026-11-28","34.32","73.53","0","0","57.41","58.02","7.66","35.01","76.97","1.68","5.93","68.06","69.99","10.48","43.5","87.77","13.85","18.19","75.03","74.38","10.83","42.64","84.12","6.39","6.22","64.24","8.39"
"2026-11-29","35.48","71.95","0","0","57.88","58.56","7.79","36.45","75.74","3.37","8.38","68.76","70.66","10.61","44.91","86.42","15.29","20.25","75.38","74.67","10.88","43.78","82.42","7.45","7.89","64.37","8.42"
"2026-11-30","36.65","70.38","0","0","58.36","59.1","7.91","37.89","74.51","5.06","10.83","69.45","71.33","10.75","46.31","85.06","16.73","22.3","75.72","74.94","10.92","44.91","80.73","8.5","9.57","64.5","8.45"
"2026-12-01","37.82","68.83","0","0.4","58.85","59.65","8.04","39.33","73.29","6.75","13.27","70.14","72.0","10.88","47.71","83.7","18.15","24.33","76.04","75.21","10.96","46.03","79.03","9.55","11.24","64.64","8.48"
"2026-12-02","39.0","67.28","0","2.48","59.35","60.21","8.17","40.78","72.08","8.43","15.71","70.83","72.66","11.01","49.1","82.34","19.56","26.34","76.36","75.47","11.0","47.15","77.33","10.6","12.9","64.77","8.51"
"2026-12-03","40.17","65.74","1.03","4.57","59.86","60.77","8.3","42.22","70.88","10.12","18.14","71.51","73.31","11.14","50.48","80.97","20.95","28.34","76.67","75.72","11.04","48.27","75.64","11.65","14.57","64.91","8.54"
"2026-12-04","41.35","64.22","2.37","6.67","60.37","61.35","8.44","43.67","69.67","11.81","20.57","72.19","73.96","11.27","51.85","79.59","22.33","30.32","76.97","75.96","11.08","49.38","73.94","12.69","16.23","65.06","8.57"
"2026-12-05","42.53","62.7","3.71","8.78","60.89","61.92","8.57","45.11","68.48","13.49","22.99","72.86","74.6","11.4","53.21","78.22","23.7","32.28","77.25","76.19","11.11","50.48","72.25","13.72","17.89","65.2","8.61"
"2026-12-06","43.72","61.2","5.06","10.89","61.42","62.51","8.7","46.56","67.29","15.16","25.4","73.53","75.23","11.52","54.57","76.83","25.06","34.23","77.53","76.41","11.15","51.57","70.56","14.76","19.55","65.35","8.64"
"2026-12-07","44.9","59.71","6.41","13.01","61.96","63.1","8.84","48.0","66.11","16.84","27.8","74.19","75.86","11.65","55.91","75.45","26.39","36.15","77.8","76.63","11.18","52.66","68.87","15.78","21.2","65.5","8.68"
"2026-12-08","46.09","58.24","7.77","15.14","62.5","63.7","8.98","49.44","64.94","18.5","30.19","74.85","76.48","11.77","57.25","74.06","27.72","38.06","78.06","76.84","11.21","53.74","67.18","16.81","22.85","65.65","8.71"
"2026-12-09","47.27","56.78","9.14","17.26","63.05","64.3","9.11","50.88","63.77","20.17","32.56","75.5","77.09","11.89","58.57","72.67","29.03","39.94","78.31","77.03","11.24","54.81","65.5","17.83","24.49","65.81","8.75"
"2026-12-10","48.46","55.33","10.51","19.39","63.61","64.9","9.25","52.31","62.61","21.82","34.93","76.14","77.69","12.0","59.88","71.27","30.32","41.81","78.55","77.22","11.27","55.88","63.83","18.84","26.13","65.97","8.79"
"2026-12-11","49.65","53.9","11.89","21.53","64.17","65.52","9.39","53.74","61.45","23.47","37.28","76.78","78.28","12.12","61.18","69.88","31.59","43.65","78.78","77.4","11.29","56.94","62.16","19.85","27.77","66.13","8.83"
"2026-12-12","50.83","52.48","13.27","23.66","64.74","66.13","9.53","55.17","60.31","25.11","39.62","77.41","78.87","12.23","62.47","68.48","32.85","45.48","79.0","77.58","11.32","57.99","60.49","20.86","29.4","66.3","8.87"
"2026-12-13","52.02","51.08","14.65","25.8","65.31","66.75","9.67","56.59","59.17","26.74","41.94","78.03","79.44","12.34","63.74","67.08","34.09","47.28","79.21","77.74","11.34","59.03","58.84","21.86","31.03","66.47","8.92"
"2026-12-14","53.21","49.7","16.03","27.93","65.89","67.37","9.81","58.0","58.03","28.36","44.25","78.65","80.01","12.45","65.01","65.68","35.32","49.06","79.42","77.9","11.37","60.07","57.19","22.86","32.65","66.64","8.96"
"2026-12-15","54.39","48.33","17.42","30.07","66.47","68.0","9.95","59.41","56.91","29.97","46.53","79.25","80.57","12.55","66.25","64.28","36.52","50.82","79.61","78.05","11.39","61.1","55.55","23.85","34.27","66.82","9.01"
"2026-12-16","55.58","46.98","18.81","32.21","67.06","68.63","10.09","60.82","55.79","31.56","48.8","79.85","81.11","12.66","67.49","62.88","37.71","52.55","79.79","78.2","11.41","62.12","53.92","24.84","35.88","67.0","9.05"
"2026-12-17","56.76","45.64","20.2","34.34","67.65","69.26","10.23","62.21","54.69","33.15","51.06","80.44","81.65","12.76","68.71","61.48","38.88","54.26","79.97","78.33","11.42","63.13","52.3","25.82","37.48","67.19","9.1"
"2026-12-18","57.94","44.32","21.6","36.47","68.24","69.9","10.38","63.6","53.59","34.73","53.29","81.01","82.17","12.86","69.92","60.09","40.03","55.95","80.13","78.46","11.44","64.13","50.7","26.8","39.08","67.38","9.15"
"2026-12-19","59.11","43.02","22.99","38.6","68.84","70.53","10.52","64.98","52.5","36.29","55.5","81.58","82.69","12.95","71.11","58.69","41.17","57.62","80.29","78.58","11.46","65.12","49.1","27.77","40.68","67.58","9.2"
"2026-12-20","60.29","41.74","24.38","40.72","69.45","71.17","10.66","66.35","51.41","37.83","57.68","82.14","83.19","13.04","72.29","57.3","42.28","59.26","80.44","78.69","11.47","66.11","47.51","28.74","42.26","67.78","9.25"
"2026-12-21","61.46","40.48","25.77","42.84","70.05","71.81","10.8","67.72","50.34","39.37","59.85","82.69","83.68","13.13","73.45","55.91","43.38","60.87","80.58","78.8","11.49","67.08","45.94","29.7","43.84","67.98","9.31"
"2026-12-22","62.63","39.24","27.16","44.95","70.66","72.45","10.94","69.07","49.27","40.89","61.99","83.22","84.16","13.22","74.6","54.52","44.45","62.47","80.71","78.9","11.5","68.05","44.38","30.66","45.41","68.19","9.36"
"2026-12-23","63.79","38.01","28.55","47.05","71.27","73.09","11.08","70.41","48.21","42.39","64.11","83.75","84.63","13.31","75.73","53.13","45.51","64.03","80.83","79.0","11.51","69.01","42.83","31.62","46.98","68.41","9.42"
"2026-12-24","64.96","36.81","29.94","49.15","71.88","73.73","11.22","71.74","47.17","43.87","66.2","84.26","85.08","13.39","76.84","51.75","46.55","65.57","80.95","79.08","11.53","69.95","41.3","32.56","48.54","68.63","9.47"
"2026-12-25","66.11","35.62","31.33","51.24","72.49","74.37","11.36","73.06","46.13","45.34","68.26","84.77","85.52","13.47","77.93","50.37","47.56","67.09","81.05","79.16","11.54","70.89","39.79","33.5","50.09","68.85","9.53"
"2026-12-26","67.26","34.46","32.71","53.32","73.11","75.0","11.5","74.37","45.1","46.79","70.3","85.26","85.96","13.54","79.01","49.0","48.56","68.58","81.15","79.24","11.55","71.82","38.29","34.44","51.63","69.08","9.59"
"2026-12-27","68.41","33.31","34.09","55.39","73.72","75.64","11.64","75.66","44.08","48.22","72.31","85.74","86.37","13.62","80.08","47.63","49.54","70.04","81.24","79.31","11.56","72.74","36.8","35.37","53.17","69.31","9.65"
"2026-12-28","69.55","32.19","35.46","57.45","74.33","76.27","11.78","76.94","43.07","49.64","74.29","86.21","86.78","13.69","81.12","46.27","50.49","71.48","81.33","79.38","11.57","73.64","35.34","36.3","54.69","69.55","9.71"
"2026-12-29","70.68","31.09","36.83","59.49","74.95","76.91","11.91","78.21","42.06","51.03","76.25","86.66","87.17","13.75","82.15","44.92","51.43","72.9","81.4","79.43","11.57","74.54","33.89","37.22","56.21","69.79","9.78"
"2026-12-30","71.81","30.01","38.19","61.53","75.56","77.54","12.05","79.46","41.07","52.4","78.17","87.1","87.55","13.82","83.15","43.57","52.34","74.28","81.47","79.49","11.58","75.43","32.46","38.13","57.71","70.04","9.84"
"2026-12-31","72.94","28.95","39.55","63.55","76.18","78.16","12.18","80.7","40.09","53.76","80.06","87.53","87.91","13.88","84.14","42.23","53.24","75.64","81.53","79.54","11.59","76.31","31.04","39.04","59.21","70.3","9.91"
