"date","mean_thaw_depth","mean_frost_depth","mean_snow_depth","mean_swe","mean_lz_volume","mean_uz_volume","mean_runoff","open_thaw_depth","open_frost_depth","open_snow_depth","open_swe","open_lz_volume","open_uz_volume","open_runoff","forest_thaw_depth","forest_frost_depth","forest_snow_depth","forest_swe","forest_lz_volume","forest_uz_volume","forest_runoff","bog_thaw_depth","bog_frost_depth","bog_snow_depth","bog_swe","bog_sm_volume","bog_runoff"
"2024-01-01","62.2","65.95","33.91","48.55","81.23","80.73","12.19","61.98","63.12","27.38","37.51","70.98","69.03","9.39","53.46","52.13","14.82","24.62","63.43","63.97","8.89","53.85","55.18","21.6","35.9","73.83","11.29"
"2024-01-02","63.56","64.69","35.31","50.53","81.58","81.01","12.23","63.06","61.5","28.37","39.09","71.09","69.15","9.42","54.55","50.62","16.04","26.56","63.87","64.48","9.01","55.22","54.02","23.22","38.25","74.5","11.43"
"2024-01-03","64.9","63.43","36.7","52.5","81.92","81.28","12.27","64.13","59.89","29.36","40.65","71.2","69.27","9.45","55.65","49.12","17.26","28.5","64.32","64.99","9.13","56.59","52.87","24.83","40.59","75.18","11.57"
"2024-01-04","66.24","62.17","38.06","54.44","82.24","81.55","12.31","65.19","58.29","30.34","42.2","71.3","69.4","9.48","56.74","47.64","18.49","30.45","64.78","65.51","9.25","57.95","51.73","26.44","42.91","75.85","11.71"
"2024-01-05","67.56","60.91","39.41","56.36","82.55","81.8","12.35","66.24","56.69","31.31","43.74","71.41","69.53","9.52","57.83","46.17","19.71","32.39","65.24","66.03","9.37","59.31","50.61","28.04","45.23","76.51","11.85"
"2024-01-06","68.87","59.66","40.74","58.25","82.85","82.04","12.39","67.28","55.09","32.26","45.27","71.51","69.66","9.55","58.92","44.72","20.94","34.33","65.71","66.56","9.49","60.67","49.49","29.64","47.52","77.17","11.98"
"2024-01-07","70.16","58.4","42.05","60.11","83.14","82.27","12.42","68.3","53.5","33.21","46.78","71.62","69.79","9.58","60.0","43.29","22.17","36.27","66.19","67.1","9.62","62.02","48.39","31.22","49.81","77.82","12.12"
"2024-01-08","71.44","57.15","43.34","61.95","83.42","82.49","12.46","69.32","51.92","34.15","48.29","71.72","69.93","9.62","61.08","41.88","23.4","38.21","66.67","67.64","9.75","63.37","47.3","32.8","52.07","78.47","12.25"
"2024-01-09","72.71","55.9","44.61","63.76","83.69","82.7","12.49","70.32","50.35","35.07","49.77","71.83","70.07","9.65","62.15","40.48","24.63","40.15","67.16","68.18","9.87","64.7","46.23","34.37","54.33","79.11","12.38"
"2024-01-10","73.96","54.66","45.86","65.54","83.94","82.89","12.51","71.3","48.79","35.98","51.25","71.93","70.2","9.69","63.23","39.11","25.86","42.08","67.65","68.73","10.0","66.04","45.17","35.93","56.56","79.74","12.51"
"2024-01-11","75.19","53.41","47.08","67.29","84.18","83.08","12.54","72.28","47.24","36.89","52.71","72.04","70.35","9.72","64.29","37.75","27.09","44.02","68.15","69.28","10.13","67.36","44.12","37.48","58.77","80.37","12.63"
"2024-01-12","76.41","52.17","48.29","69.02","84.41","83.26","12.56","73.24","45.69","37.78","54.16","72.15","70.49","9.76","65.36","36.41","28.32","45.94","68.65","69.84","10.25","68.68","43.08","39.01","60.97","80.99","12.76"
"2024-01-13","77.61","50.94","49.47","70.72","84.63","83.42","12.59","74.19","44.16","38.66","55.59","72.26","70.64","9.8","66.41","35.1","29.55","47.86","69.16","70.4","10.38","69.99","42.06","40.54","63.14","81.6","12.88"
"2024-01-14","78.8","49.71","50.64","72.38","84.84","83.58","12.61","75.12","42.64","39.53","57.01","72.37","70.79","9.84","67.46","33.8","30.77","49.78","69.67","70.96","10.51","71.29","41.05","42.05","65.29","82.2","13.0"
"2024-01-15","79.97","48.48","51.78","74.02","85.04","83.73","12.63","76.05","41.13","40.39","58.42","72.48","70.94","9.88","68.51","32.53","32.0","51.69","70.19","71.53","10.64","72.58","40.05","43.55","67.42","82.79","13.11"
"2024-01-16","81.12","47.26","52.89","75.63","85.22","83.86","12.64","76.95","39.63","41.24","59.81","72.59","71.1","9.92","69.55","31.27","33.22","53.59","70.71","72.1","10.77","73.86","39.07","45.03","69.52","83.38","13.23"
"2024-01-17","82.25","46.04","53.99","77.2","85.4","83.99","12.66","77.85","38.14","42.08","61.19","72.71","71.26","9.97","70.59","30.04","34.44","55.48","71.23","72.67","10.9","75.13","38.1","46.5","71.61","83.95","13.34"
"2024-01-18","83.36","44.83","55.06","78.75","85.56","84.1","12.67","78.73","36.67","42.91","62.56","72.82","71.42","10.01","71.62","28.83","35.66","57.37","71.76","73.24","11.03","76.39","37.15","47.96","73.66","84.51","13.45"
"2024-01-19","84.46","43.62","56.11","80.26","85.71","84.21","12.68","79.6","35.22","43.72","63.91","72.94","71.59","10.05","72.64","27.65","36.87","59.24","72.29","73.81","11.16","77.64","36.2","49.39","75.69","85.07","13.56"
"2024-01-20","85.54","42.43","57.13","81.75","85.85","84.3","12.69","80.45","33.78","44.53","65.24","73.06","71.76","10.1","73.66","26.48","38.09","61.11","72.82","74.39","11.29","78.87","35.28","50.82","77.7","85.61","13.66"
"2024-01-21","86.59","41.23","58.13","83.2","85.98","84.39","12.7","81.29","32.35","45.32","66.56","73.19","71.94","10.15","74.67","25.34","39.29","62.97","73.36","74.97","11.42","80.1","34.37","52.22","79.67","86.14","13.77"
"2024-01-22","87.63","40.05","59.11","84.61","86.09","84.47","12.71","82.12","30.94","46.11","67.87","73.31","72.11","10.2","75.67","24.23","40.49","64.81","73.9","75.54","11.55","81.31","33.47","53.6","81.62","86.67","13.87"
"2024-01-23","88.65","38.87","60.06","86.0","86.2","84.54","12.71","82.93","29.55","46.88","69.16","73.44","72.29","10.24","76.66","23.13","41.69","66.64","74.43","76.12","11.68","82.51","32.58","54.97","83.54","87.18","13.96"
"2024-01-24","89.65","37.7","60.98","87.35","86.3","84.6","12.72","83.72","28.17","47.64","70.43","73.57","72.48","10.3","77.65","22.06","42.88","68.46","74.98","76.7","11.81","83.69","31.71","56.32","85.42","87.67","14.06"
"2024-01-25","90.62","36.54","61.88","88.67","86.38","84.65","12.72","84.5","26.82","48.39","71.69","73.7","72.67","10.35","78.63","21.02","44.07","70.27","75.52","77.27","11.94","84.86","30.86","57.65","87.28","88.16","14.15"
"2024-01-26","91.58","35.39","62.76","89.96","86.46","84.69","12.72","85.27","25.48","49.13","72.94","73.84","72.86","10.4","79.59","20.0","45.24","72.07","76.06","77.85","12.07","86.01","30.02","58.95","89.1","88.64","14.24"
"2024-01-27","92.51","34.24","63.61","91.21","86.52","84.72","12.72","86.02","24.16","49.86","74.17","73.98","73.06","10.45","80.56","19.01","46.42","73.84","76.61","78.42","12.19","87.15","29.19","60.24","90.9","89.1","14.32"
"2024-01-28","93.43","33.11","64.44","92.43","86.57","84.75","12.72","86.76","22.86","50.58","75.38","74.12","73.26","10.51","81.51","18.04","47.58","75.61","77.15","78.99","12.32","88.27","28.38","61.5","92.66","89.55","14.4"
"2024-01-29","94.32","31.98","65.24","93.62","86.62","84.76","12.71","87.49","21.58","51.28","76.57","74.26","73.46","10.56","82.45","17.09","48.74","77.35","77.69","79.57","12.44","89.38","27.58","62.74","94.38","89.98","14.48"
"2024-01-30","95.19","30.87","66.01","94.77","86.65","84.77","12.71","88.19","20.32","51.98","77.76","74.41","73.67","10.62","83.38","16.17","49.89","79.08","78.24","80.13","12.57","90.47","26.8","63.96","96.07","90.4","14.56"
"2024-01-31","96.03","29.76","66.76","95.89","86.68","84.78","12.7","88.89","19.09","52.66","78.92","74.56","73.88","10.68","84.3","15.28","51.02","80.8","78.78","80.7","12.69","91.54","26.03","65.16","97.73","90.81","14.63"
"2024-02-01","96.86","28.67","67.49","96.97","86.69","84.77","12.7","89.56","17.87","53.34","80.07","74.72","74.1","10.74","85.22","14.42","52.15","82.49","79.32","81.26","12.81","92.6","25.28","66.33","99.35","91.21","14.7"
"2024-02-02","97.66","27.59","68.19","98.02","86.7","84.76","12.69","90.23","16.68","54.0","81.2","74.87","74.32","10.8","86.12","13.58","53.27","84.16","79.86","81.82","12.93","93.63","24.54","67.47","100.93","91.59","14.77"
"2024-02-03","98.44","26.52","68.86","99.04","86.7","84.74","12.68","90.88","15.52","54.65","82.31","75.04","74.54","10.86","87.01","12.76","54.38","85.82","80.4","82.37","13.05","94.65","23.82","68.6","102.47","91.96","14.83"
"2024-02-04","99.19","25.46","69.5","100.02","86.69","84.71","12.67","91.51","14.37","55.29","83.41","75.2","74.77","10.92","87.89","11.97","55.48","87.45","80.93","82.92","13.17","95.65","23.11","69.69","103.98","92.31","14.9"
"2024-02-05","99.93","24.41","70.12","100.97","86.67","84.68","12.66","92.13","13.25","55.92","84.49","75.37","75.0","10.98","88.76","11.21","56.57","89.07","81.47","83.47","13.29","96.63","22.42","70.76","105.45","92.65","14.95"
"2024-02-06","100.64","23.38","70.72","101.88","86.64","84.64","12.65","92.73","12.15","56.54","85.56","75.54","75.24","11.04","89.62","10.48","57.65","90.66","82.0","84.01","13.41","97.58","21.74","71.8","106.88","92.97","15.01"
"2024-02-07","101.32","22.36","71.29","102.76","86.6","84.59","12.63","93.31","11.08","57.15","86.6","75.71","75.48","11.11","90.46","9.77","58.71","92.22","82.52","84.54","13.52","98.52","21.08","72.82","108.27","93.28","15.06"
"2024-02-08","101.98","21.36","71.83","103.6","86.56","84.54","12.62","93.89","10.04","57.74","87.63","75.89","75.72","11.17","91.29","9.09","59.76","93.77","83.05","85.07","13.63","99.44","20.43","73.81","109.62","93.58","15.1"
"2024-02-09","102.62","20.37","72.35","104.41","86.5","84.48","12.61","94.44","9.02","58.33","88.64","76.07","75.97","11.24","92.11","8.44","60.8","95.29","83.57","85.59","13.74","100.34","19.8","74.77","110.93","93.85","15.15"
"2024-02-10","103.24","19.39","72.84","105.18","86.44","84.42","12.59","94.98","8.03","58.9","89.63","76.25","76.21","11.3","92.92","7.81","61.82","96.79","84.08","86.11","13.85","101.21","19.18","75.7","112.2","94.12","15.19"
"2024-02-11","103.83","18.43","73.31","105.92","86.38","84.35","12.58","95.51","7.06","59.47","90.61","76.44","76.47","11.37","93.71","7.21","62.83","98.26","84.59","86.62","13.96","102.06","18.58","76.61","113.42","94.37","15.23"
"2024-02-12","104.39","17.48","73.75","106.63","86.3","84.28","12.56","96.02","6.12","60.02","91.56","76.63","76.72","11.44","94.49","6.64","63.83","99.7","85.09","87.12","14.06","102.89","17.99","77.48","114.61","94.6","15.26"
"2024-02-13","104.93","16.55","74.16","107.3","86.22","84.2","12.55","96.51","5.21","60.56","92.5","76.82","76.98","11.51","95.26","6.1","64.81","101.12","85.59","87.61","14.16","103.7","17.42","78.33","115.75","94.82","15.29"
"2024-02-14","105.45","15.64","74.55","107.94","86.13","84.12","12.53","96.99","4.33","61.09","93.42","77.02","77.24","11.58","96.01","5.58","65.77","102.5","86.09","88.1","14.27","104.49","16.87","79.14","116.85","95.02","15.32"
"2024-02-15","105.94","14.74","74.91","108.54","86.04","84.03","12.51","97.45","3.48","61.6","94.32","77.22","77.51","11.65","96.74","5.09","66.72","103.86","86.57","88.58","14.36","105.25","16.33","79.93","117.9","95.21","15.35"
"2024-02-16","106.41","13.87","75.25","109.11","85.94","83.94","12.49","97.9","2.65","62.11","95.2","77.42","77.78","11.72","97.46","4.63","67.65","105.2","87.05","89.05","14.46","105.98","15.8","80.68","118.91","95.38","15.37"
"2024-02-17","106.86","13.0","75.56","109.65","85.83","83.85","12.48","98.33","1.85","62.6","96.06","77.63","78.05","11.79","98.17","4.19","68.56","106.5","87.52","89.51","14.55","106.7","15.29","81.41","119.88","95.53","15.38"
"2024-02-18","107.27","12.16","75.85","110.15","85.72","83.75","12.46","98.75","1.09","63.09","96.9","77.84","78.32","11.86","98.86","3.78","69.46","107.77","87.99","89.96","14.64","107.39","14.8","82.1","120.8","95.67","15.4"
"2024-02-19","107.67","11.33","76.11","110.62","85.61","83.65","12.44","99.15","0.35","63.56","97.72","78.05","78.6","11.93","99.54","3.4","70.34","109.01","88.45","90.4","14.73","108.05","14.32","82.76","121.68","95.8","15.41"
"2024-02-20","108.04","10.53","76.35","111.05","85.48","83.54","12.42","99.53","0","64.02","98.52","78.27","78.87","12.0","100.2","3.05","71.19","110.22","88.9","90.83","14.82","108.69","13.86","83.39","122.52","95.9","15.42"
"2024-02-21","108.38","9.74","76.56","111.46","85.36","83.44","12.4","99.9","0","64.46","99.31","78.48","79.15","12.08","100.84","2.72","72.03","111.39","89.34","91.25","14.9","109.3","13.42","83.99","123.3","96.0","15.42"
"2024-02-22","108.71","8.97","76.75","111.82","85.22","83.33","12.39","100.25","0","64.9","100.07","78.7","79.43","12.15","101.46","2.42","72.85","112.53","89.77","91.66","14.98","109.89","12.98","84.55","124.05","96.07","15.42"
"2024-02-23","109.0","8.23","76.92","112.16","85.09","83.21","12.37","100.59","0","65.32","100.81","78.93","79.72","12.22","102.07","2.15","73.65","113.64","90.19","92.05","15.06","110.46","12.57","85.08","124.74","96.13","15.42"
"2024-02-24","109.27","7.5","77.06","112.46","84.95","83.1","12.35","100.91","0","65.73","101.52","79.15","80.0","12.29","102.66","1.9","74.43","114.72","90.61","92.44","15.14","110.99","12.17","85.59","125.39","96.18","15.42"
"2024-02-25","109.52","6.79","77.18","112.73","84.8","82.98","12.33","101.22","0","66.13","102.22","79.38","80.29","12.37","103.24","1.68","75.19","115.76","91.01","92.82","15.21","111.5","11.79","86.05","126.0","96.21","15.41"
"2024-02-26","109.74","6.11","77.27","112.97","84.66","82.87","12.31","101.51","0","66.52","102.9","79.61","80.57","12.44","103.79","1.48","75.93","116.76","91.41","93.18","15.28","111.99","11.42","86.49","126.56","96.22","15.4"
"2024-02-27","109.94","5.44","77.34","113.18","84.51","82.75","12.29","101.78","0","66.9","103.55","79.84","80.86","12.51","104.33","1.32","76.64","117.73","91.79","93.53","15.34","112.44","11.07","86.89","127.07","96.22","15.38"
"2024-02-28","110.12","4.8","77.38","113.35","84.35","82.63","12.27","102.04","0","67.26","104.19","80.07","81.15","12.59","104.85","1.18","77.33","118.66","92.16","93.87","15.41","112.87","10.74","87.26","127.54","96.21","15.37"
"2024-02-29","110.27","4.18","77.41","113.49","84.2","82.5","12.26","102.28","0","67.61","104.8","80.3","81.44","12.66","105.35","1.06","78.0","119.55","92.53","94.19","15.47","113.28","10.42","87.59","127.96","96.18","15.35"
"2024-03-01","110.39","3.59","77.41","113.6","84.04","82.38","12.24","102.51","0","67.95","105.38","80.54","81.73","12.73","105.83","0.97","78.64","120.41","92.88","94.51","15.53","113.65","10.12","87.89","128.33","96.13","15.32"
"2024-03-02","110.49","3.01","77.39","113.68","83.87","82.26","12.22","102.72","0","68.27","105.95","80.78","82.02","12.8","106.29","0.91","79.27","121.23","93.21","94.81","15.58","114.0","9.83","88.16","128.66","96.07","15.3"
"2024-03-03","110.57","2.46","77.34","113.73","83.71","82.13","12.2","102.91","0","68.58","106.49","81.01","82.31","12.88","106.74","0.87","79.86","122.01","93.54","95.09","15.63","114.32","9.56","88.4","128.94","95.99","15.27"
"2024-03-04","110.63","1.94","77.28","113.75","83.54","82.01","12.19","103.09","0","68.88","107.01","81.25","82.59","12.95","107.16","0.86","80.43","122.75","93.86","95.36","15.68","114.61","9.31","88.6","129.17","95.9","15.23"
"2024-03-05","110.66","1.43","77.19","113.73","83.38","81.89","12.17","103.25","0","69.17","107.51","81.49","82.88","13.02","107.56","0.87","80.98","123.45","94.16","95.62","15.72","114.88","9.07","88.77","129.36","95.79","15.2"
"2024-03-06","110.66","0.96","77.08","113.69","83.21","81.76","12.15","103.4","0","69.44","107.98","81.73","83.17","13.09","107.94","0.91","81.5","124.11","94.45","95.87","15.76","115.11","8.85","88.9","129.5","95.67","15.16"
"2024-03-07","110.64","0.5","76.95","113.62","83.04","81.64","12.14","103.53","0","69.7","108.43","81.97","83.45","13.16","108.3","0.98","82.0","124.72","94.73","96.1","15.8","115.32","8.65","89.0","129.59","95.54","15.12"
"2024-03-08","110.6","0.08","76.8","113.52","82.86","81.51","12.12","103.65","0","69.95","108.85","82.21","83.74","13.23","108.65","1.06","82.47","125.3","94.99","96.31","15.84","115.5","8.46","89.07","129.64","95.39","15.08"
"2024-03-09","110.54","0","76.62","113.38","82.69","81.39","12.11","103.75","0","70.18","109.25","82.45","84.02","13.3","108.96","1.18","82.91","125.84","95.24","96.51","15.87","115.66","8.3","89.1","129.64","95.23","15.03"
"2024-03-10","110.45","0","76.43","113.22","82.52","81.27","12.09","103.83","0","70.4","109.63","82.69","84.3","13.37","109.26","1.31","83.33","126.33","95.48","96.69","15.89","115.78","8.14","89.1","129.6","95.05","14.98"
"2024-03-11","110.34","0","76.22","113.03","82.34","81.15","12.08","103.9","0","70.6","109.98","82.93","84.58","13.43","109.54","1.47","83.72","126.79","95.7","96.86","15.92","115.88","8.01","89.07","129.51","94.86","14.93"
"2024-03-12","110.21","0","75.98","112.82","82.17","81.03","12.06","103.95","0","70.8","110.3","83.17","84.85","13.5","109.79","1.66","84.08","127.19","95.91","97.02","15.94","115.94","7.89","89.0","129.37","94.66","14.88"
"2024-03-13","110.06","0","75.73","112.57","82.0","80.91","12.05","103.98","0","70.97","110.6","83.4","85.12","13.56","110.03","1.87","84.41","127.56","96.1","97.16","15.96","115.98","7.79","88.9","129.19","94.45","14.82"
"2024-03-14","109.88","0","75.46","112.29","81.82","80.79","12.04","104.0","0","71.13","110.87","83.64","85.39","13.63","110.24","2.1","84.71","127.88","96.28","97.28","15.97","115.99","7.7","88.77","128.97","94.22","14.76"
"2024-03-15","109.68","0","75.17","111.99","81.65","80.67","12.03","104.01","0","71.28","111.12","83.87","85.66","13.69","110.42","2.35","84.99","128.16","96.45","97.39","15.98","115.97","7.63","88.61","128.7","93.98","14.7"
"2024-03-16","109.46","0","74.86","111.66","81.48","80.56","12.02","103.99","0","71.42","111.34","84.11","85.92","13.75","110.59","2.63","85.24","128.4","96.6","97.48","15.99","115.93","7.58","88.41","128.38","93.72","14.64"
"2024-03-17","109.22","0","74.53","111.31","81.31","80.45","12.0","103.96","0","71.53","111.54","84.34","86.18","13.82","110.73","2.93","85.46","128.59","96.73","97.56","15.99","115.85","7.55","88.18","128.02","93.46","14.58"
"2024-03-18","108.95","0","74.18","110.93","81.13","80.33","11.99","103.92","0","71.64","111.7","84.56","86.44","13.87","110.85","3.25","85.64","128.73","96.85","97.62","15.99","115.75","7.53","87.91","127.62","93.18","14.51"
"2024-03-19","108.67","0","73.82","110.52","80.96","80.22","11.98","103.86","0","71.73","111.85","84.79","86.69","13.93","110.95","3.59","85.8","128.83","96.96","97.66","15.98","115.62","7.53","87.62","127.17","92.89","14.44"
"2024-03-20","108.36","0","73.44","110.08","80.8","80.12","11.98","103.78","0","71.8","111.96","85.01","86.93","13.99","111.02","3.96","85.93","128.89","97.05","97.69","15.98","115.46","7.55","87.29","126.68","92.59","14.37"
"2024-03-21","108.04","0","73.04","109.62","80.63","80.01","11.97","103.69","0","71.86","112.04","85.23","87.17","14.05","111.07","4.35","86.03","128.9","97.12","97.7","15.96","115.27","7.59","86.93","126.15","92.28","14.3"
"2024-03-22","107.69","0","72.63","109.14","80.46","79.91","11.96","103.58","0","71.9","112.1","85.45","87.4","14.1","111.09","4.75","86.1","128.87","97.18","97.69","15.95","115.05","7.65","86.54","125.57","91.96","14.22"
"2024-03-23","107.32","0","72.19","108.63","80.3","79.81","11.95","103.46","0","71.93","112.13","85.66","87.63","14.15","111.09","5.18","86.14","128.78","97.22","97.67","15.93","114.81","7.72","86.12","124.95","91.63","14.15"
"2024-03-24","106.93","0","71.74","108.09","80.13","79.71","11.95","103.31","0","71.94","112.13","85.87","87.86","14.2","111.07","5.63","86.14","128.66","97.25","97.63","15.91","114.54","7.81","85.67","124.29","91.29","14.07"
"2024-03-25","106.52","0","71.28","107.53","79.97","79.61","11.94","103.16","0","71.93","112.1","86.08","88.07","14.25","111.02","6.1","86.12","128.49","97.26","97.58","15.88","114.24","7.92","85.19","123.59","90.93","13.99"
"2024-03-26","106.1","0","70.8","106.95","79.82","79.52","11.93","102.98","0","71.91","112.05","86.28","88.28","14.3","110.95","6.59","86.06","128.27","97.25","97.51","15.85","113.91","8.04","84.68","122.85","90.57","13.91"
"2024-03-27","105.65","0","70.31","106.34","79.66","79.42","11.93","102.8","0","71.87","111.96","86.47","88.49","14.34","110.86","7.1","85.98","128.01","97.23","97.42","15.82","113.55","8.19","84.14","122.07","90.2","13.83"
"2024-03-28","105.18","0","69.8","105.71","79.5","79.33","11.93","102.59","0","71.81","111.85","86.66","88.69","14.38","110.74","7.63","85.86","127.7","97.19","97.32","15.79","113.17","8.35","83.57","121.24","89.82","13.74"
"2024-03-29","104.7","0","69.27","105.05","79.35","79.25","11.92","102.37","0","71.74","111.7","86.85","88.87","14.43","110.59","8.17","85.71","127.34","97.14","97.2","15.75","112.76","8.53","82.97","120.38","89.44","13.66"
"2024-03-30","104.2","0","68.73","104.38","79.2","79.16","11.92","102.13","0","71.65","111.53","87.03","89.06","14.46","110.42","8.74","85.53","126.94","97.07","97.07","15.7","112.33","8.73","82.34","119.48","89.04","13.57"
"2024-03-31","103.68","0","68.18","103.68","79.05","79.08","11.92","101.88","0","71.55","111.32","87.2","89.23","14.5","110.23","9.32","85.32","126.49","96.98","96.91","15.66","111.86","8.95","81.68","118.54","88.64","13.48"
"2024-04-01","103.14","0","67.61","102.95","78.91","79.0","11.91","101.61","0","71.42","111.09","87.37","89.4","14.54","110.01","9.93","85.07","126.0","96.88","96.75","15.61","111.37","9.18","80.99","117.57","88.23","13.39"
"2024-04-02","102.58","0","67.03","102.21","78.77","78.92","11.91","101.32","0","71.28","110.82","87.53","89.55","14.57","109.77","10.55","84.8","125.46","96.76","96.56","15.55","110.86","9.44","80.28","116.55","87.81","13.3"
"2024-04-03","102.01","0","66.44","101.44","78.63","78.85","11.91","101.02","0","71.12","110.53","87.69","89.7","14.6","109.5","11.18","84.49","124.87","96.62","96.36","15.5","110.32","9.71","79.54","115.5","87.38","13.21"
"2024-04-04","101.41","0","65.83","100.66","78.49","78.78","11.91","100.7","0.6","70.94","110.2","87.84","89.84","14.63","109.21","11.84","84.15","124.24","96.47","96.15","15.44","109.75","10.0","78.78","114.42","86.95","13.12"
"2024-04-05","100.81","0","65.21","99.85","78.35","78.71","11.91","100.37","1.33","70.75","109.84","87.98","89.98","14.65","108.89","12.51","83.78","123.56","96.31","95.92","15.38","109.16","10.31","77.98","113.3","86.52","13.03"
"2024-04-06","100.18","0","64.58","99.02","78.22","78.64","11.91","100.02","2.09","70.54","109.46","88.12","90.1","14.68","108.55","13.2","83.38","122.84","96.12","95.67","15.31","108.54","10.64","77.16","112.14","86.07","12.94"
"2024-04-07","99.54","0.19","63.93","98.17","78.09","78.57","11.91","99.65","2.88","70.3","109.04","88.24","90.21","14.7","108.18","13.9","82.94","122.07","95.93","95.41","15.24","107.9","10.99","76.32","110.95","85.62","12.84"
"2024-04-08","98.88","0.65","63.27","97.3","77.97","78.51","11.91","99.27","3.7","70.05","108.58","88.36","90.31","14.72","107.79","14.62","82.48","121.26","95.71","95.13","15.17","107.23","11.36","75.45","109.72","85.17","12.75"
"2024-04-09","98.21","1.14","62.61","96.41","77.84","78.45","11.92","98.87","4.54","69.79","108.1","88.47","90.4","14.73","107.37","15.36","81.98","120.4","95.48","94.84","15.09","106.54","11.75","74.56","108.47","84.71","12.65"
"2024-04-10","97.52","1.67","61.93","95.5","77.72","78.39","11.92","98.46","5.41","69.5","107.59","88.58","90.49","14.74","106.93","16.11","81.45","119.5","95.24","94.53","15.02","105.82","12.15","73.64","107.18","84.25","12.56"
"2024-04-11","96.82","2.22","61.24","94.57","77.61","78.34","11.92","98.03","6.31","69.19","107.04","88.67","90.56","14.75","106.46","16.88","80.89","118.55","94.98","94.21","14.94","105.08","12.58","72.7","105.86","83.78","12.46"
"2024-04-12","96.1","2.8","60.54","93.62","77.49","78.28","11.92","97.58","7.23","68.87","106.46","88.76","90.62","14.76","105.97","17.66","80.3","117.56","94.7","93.87","14.85","104.32","13.02","71.74","104.51","83.31","12.37"
"2024-04-13","95.37","3.41","59.82","92.66","77.38","78.23","11.92","97.12","8.18","68.52","105.85","88.83","90.67","14.77","105.45","18.45","79.67","116.53","94.41","93.52","14.76","103.53","13.48","70.76","103.13","82.84","12.27"
"2024-04-14","94.62","4.05","59.1","91.67","77.27","78.18","11.93","96.64","9.15","68.16","105.21","88.9","90.71","14.77","104.91","19.26","79.02","115.45","94.1","93.16","14.68","102.73","13.96","69.75","101.71","82.36","12.17"
"2024-04-15","93.86","4.72","58.37","90.67","77.16","78.13","11.93","96.15","10.15","67.77","104.53","88.96","90.73","14.77","104.34","20.09","78.33","114.33","93.78","92.78","14.58","101.89","14.47","68.72","100.27","81.88","12.08"
"2024-04-16","93.09","5.42","57.63","89.65","77.06","78.08","11.93","95.64","11.17","67.37","103.82","89.01","90.75","14.77","103.75","20.92","77.62","113.16","93.44","92.38","14.49","101.04","14.99","67.67","98.81","81.4","11.98"
"2024-04-17","92.3","6.15","56.87","88.61","76.95","78.03","11.94","95.11","12.21","66.95","103.08","89.05","90.75","14.76","103.14","21.77","76.87","111.96","93.09","91.98","14.39","100.17","15.53","66.61","97.31","80.92","11.88"
"2024-04-18","91.5","6.91","56.11","87.55","76.85","77.99","11.94","94.57","13.28","66.5","102.31","89.08","90.75","14.75","102.5","22.64","76.1","110.71","92.73","91.56","14.29","99.27","16.09","65.52","95.79","80.43","11.79"
"2024-04-19","90.69","7.7","55.34","86.48","76.76","77.95","11.94","94.02","14.37","66.04","101.5","89.09","90.73","14.74","101.83","23.51","75.29","109.42","92.35","91.13","14.19","98.36","16.67","64.41","94.24","79.95","11.69"
"2024-04-20","89.87","8.52","54.56","85.39","76.66","77.9","11.95","93.44","15.48","65.56","100.66","89.1","90.69","14.72","101.15","24.4","74.45","108.09","91.96","90.68","14.08","97.42","17.27","63.29","92.67","79.46","11.6"
"2024-04-21","89.03","9.36","53.77","84.28","76.57","77.86","11.95","92.85","16.61","65.05","99.79","89.1","90.65","14.71","100.44","25.3","73.59","106.72","91.55","90.23","13.98","96.46","17.88","62.14","91.07","78.97","11.5"
"2024-04-22","88.18","10.24","52.98","83.15","76.48","77.82","11.95","92.25","17.76","64.53","98.89","89.09","90.59","14.68","99.7","26.21","72.69","105.31","91.13","89.76","13.87","95.49","18.52","60.98","89.45","78.48","11.41"
"2024-04-23","87.32","11.14","52.17","82.01","76.39","77.78","11.96","91.63","18.93","63.98","97.95","89.06","90.52","14.66","98.94","27.13","71.77","103.86","90.7","89.28","13.76","94.49","19.18","59.8","87.81","77.99","11.31"
"2024-04-24","86.45","12.07","51.36","80.86","76.31","77.74","11.96","90.99","20.13","63.42","96.98","89.02","90.44","14.63","98.16","28.07","70.82","102.37","90.25","88.78","13.64","93.48","19.85","58.61","86.14","77.51","11.22"
"2024-04-25","85.57","13.03","50.54","79.68","76.22","77.7","11.96","90.34","21.34","62.83","95.98","88.98","90.35","14.6","97.36","29.01","69.84","100.85","89.79","88.28","13.53","92.45","20.55","57.4","84.45","77.02","11.12"
"2024-04-26","84.67","14.01","49.71","78.49","76.14","77.66","11.96","89.67","22.57","62.23","94.94","88.92","90.24","14.57","96.53","29.97","68.83","99.28","89.32","87.77","13.41","91.4","21.27","56.18","82.75","76.53","11.03"
"2024-04-27","83.77","15.02","48.87","77.29","76.06","77.63","11.97","88.99","23.82","61.6","93.88","88.85","90.12","14.53","95.68","30.94","67.79","97.68","88.84","87.24","13.29","90.33","22.0","54.94","81.02","76.05","10.94"
"2024-04-28","82.86","16.06","48.03","76.07","75.98","77.59","11.97","88.29","25.08","60.96","92.78","88.77","89.98","14.5","94.81","31.91","66.73","96.04","88.34","86.71","13.17","89.25","22.76","53.69","79.27","75.56","10.84"
"2024-04-29","81.93","17.13","47.18","74.84","75.9","77.55","11.97","87.57","26.37","60.29","91.64","88.67","89.84","14.45","93.91","32.9","65.64","94.37","87.84","86.16","13.05","88.14","23.53","52.42","77.51","75.08","10.75"
"2024-04-30","81.0","18.22","46.32","73.59","75.82","77.51","11.97","86.85","27.67","59.6","90.48","88.56","89.68","14.41","93.0","33.89","64.53","92.66","87.32","85.61","12.92","87.03","24.32","51.15","75.72","74.6","10.66"
"2024-05-01","80.06","19.33","45.45","72.32","75.75","77.47","11.97","86.1","28.98","58.89","89.28","88.45","89.5","14.36","92.06","34.9","63.38","90.91","86.79","85.05","12.8","85.9","25.13","49.86","73.92","74.12","10.57"
"2024-05-02","79.11","20.47","44.58","71.04","75.67","77.43","11.97","85.34","30.31","58.16","88.05","88.32","89.31","14.31","91.1","35.91","62.22","89.14","86.25","84.48","12.67","84.75","25.97","48.56","72.11","73.65","10.48"
"2024-05-03","78.15","21.64","43.7","69.75","75.6","77.39","11.97","84.57","31.66","57.41","86.79","88.17","89.11","14.25","90.12","36.94","61.02","87.33","85.7","83.9","12.54","83.59","26.82","47.25","70.28","73.18","10.4"
"2024-05-04","77.18","22.83","42.82","68.44","75.53","77.34","11.97","83.78","33.02","56.64","85.5","88.02","88.9","14.2","89.12","37.97","59.81","85.48","85.14","83.31","12.41","82.41","27.69","45.92","68.43","72.71","10.31"
"2024-05-05","76.21","24.05","41.93","67.12","75.45","77.3","11.96","82.97","34.39","55.85","84.17","87.85","88.67","14.14","88.09","39.01","58.57","83.61","84.57","82.71","12.28","81.23","28.58","44.59","66.57","72.24","10.22"
"2024-05-06","75.22","25.28","41.03","65.79","75.38","77.25","11.96","82.15","35.77","55.03","82.82","87.67","88.43","14.07","87.05","40.06","57.3","81.7","84.0","82.11","12.15","80.02","29.48","43.25","64.7","71.78","10.14"
"2024-05-07","74.23","26.55","40.12","64.44","75.31","77.2","11.96","81.32","37.17","54.2","81.43","87.48","88.18","14.01","85.99","41.11","56.02","79.77","83.41","81.5","12.02","78.81","30.41","41.9","62.81","71.32","10.06"
"2024-05-08","73.23","27.83","39.21","63.08","75.24","77.15","11.95","80.47","38.58","53.35","80.01","87.27","87.91","13.94","84.91","42.18","54.71","77.8","82.82","80.89","11.89","77.58","31.36","40.55","60.91","70.87","9.97"
"2024-05-09","72.23","29.14","38.3","61.71","75.16","77.1","11.95","79.61","40.0","52.47","78.56","87.05","87.63","13.87","83.81","43.25","53.38","75.81","82.21","80.26","11.75","76.35","32.32","39.18","59.01","70.42","9.89"
"2024-05-10","71.22","30.47","37.38","60.32","75.09","77.05","11.94","78.73","41.43","51.58","77.08","86.82","87.34","13.79","82.69","44.32","52.02","73.79","81.6","79.64","11.62","75.1","33.3","37.81","57.09","69.98","9.81"
"2024-05-11","70.2","31.82","36.45","58.92","75.02","76.99","11.93","77.84","42.87","50.66","75.57","86.58","87.03","13.71","81.55","45.41","50.65","71.74","80.99","79.0","11.48","73.84","34.3","36.44","55.16","69.54","9.73"
"2024-05-12","69.17","33.19","35.52","57.51","74.95","76.93","11.93","76.93","44.32","49.73","74.03","86.32","86.71","13.63","80.39","46.5","49.26","69.67","80.36","78.37","11.34","72.57","35.32","35.06","53.22","69.1","9.66"
"2024-05-13","68.14","34.58","34.58","56.08","74.87","76.87","11.92","76.01","45.78","48.77","72.46","86.05","86.38","13.55","79.22","47.6","47.84","67.57","79.73","77.72","11.21","71.29","36.36","33.67","51.28","68.67","9.58"
"2024-05-14","67.11","35.99","33.64","54.64","74.8","76.8","11.9","75.08","47.25","47.79","70.86","85.77","86.03","13.46","78.03","48.7","46.41","65.44","79.09","77.08","11.07","70.0","37.41","32.28","49.33","68.25","9.51"
"2024-05-15","66.06","37.42","32.69","53.19","74.72","76.73","11.89","74.13","48.73","46.8","69.24","85.48","85.67","13.37","76.82","49.81","44.96","63.3","78.45","76.43","10.93","68.71","38.49","30.89","47.37","67.83","9.43"
"2024-05-16","65.02","38.87","31.74","51.73","74.64","76.66","11.88","73.17","50.21","45.78","67.58","85.17","85.3","13.28","75.6","50.93","43.49","61.13","77.8","75.78","10.79","67.4","39.58","29.49","45.41","67.42","9.36"
"2024-05-17","63.97","40.34","30.78","50.26","74.56","76.59","11.87","72.19","51.7","44.75","65.9","84.85","84.91","13.19","74.36","52.05","42.0","58.94","77.15","75.12","10.66","66.09","40.69","28.09","43.44","67.01","9.29"
"2024-05-18","62.91","41.82","29.82","48.77","74.48","76.51","11.85","71.2","53.19","43.69","64.18","84.52","84.51","13.09","73.11","53.18","40.5","56.73","76.49","74.46","10.52","64.77","41.81","26.68","41.46","66.61","9.22"
"2024-05-19","61.85","43.32","28.85","47.28","74.39","76.42","11.83","70.2","54.69","42.62","62.44","84.17","84.1","12.99","71.84","54.31","38.98","54.5","75.83","73.8","10.38","63.45","42.95","25.28","39.49","66.22","9.15"
"2024-05-20","60.78","44.84","27.88","45.77","74.31","76.33","11.81","69.19","56.19","41.53","60.68","83.81","83.68","12.89","70.55","55.45","37.45","52.25","75.16","73.14","10.24","62.12","44.11","23.88","37.51","65.83","9.09"
"2024-05-21","59.72","46.38","26.9","44.25","74.22","76.24","11.8","68.16","57.7","40.42","58.88","83.45","83.25","12.78","69.25","56.59","35.9","49.98","74.49","72.48","10.1","60.78","45.29","22.47","35.52","65.45","9.02"
"2024-05-22","58.64","47.93","25.92","42.72","74.13","76.14","11.77","67.12","59.21","39.29","57.06","83.06","82.8","12.67","67.94","57.74","34.34","47.7","73.82","71.82","9.97","59.44","46.48","21.07","33.54","65.07","8.96"
"2024-05-23","57.57","49.49","24.93","41.18","74.04","76.04","11.75","66.07","60.73","38.14","55.22","82.67","82.34","12.56","66.61","58.89","32.76","45.4","73.15","71.15","9.83","58.1","47.69","19.66","31.55","64.7","8.89"
"2024-05-24","56.49","51.07","23.94","39.63","73.94","75.93","11.73","65.01","62.24","36.97","53.35","82.26","81.87","12.45","65.27","60.05","31.17","43.08","72.47","70.49","9.69","56.75","48.91","18.26","29.57","64.34","8.83"
"2024-05-25","55.4","52.66","22.95","38.07","73.84","75.82","11.7","63.93","63.76","35.79","51.45","81.85","81.39","12.34","63.92","61.21","29.57","40.75","71.8","69.82","9.56","55.4","50.15","16.85","27.58","63.99","8.77"
"2024-05-26","54.32","54.26","21.95","36.5","73.74","75.7","11.67","62.84","65.28","34.59","49.53","81.42","80.9","12.22","62.56","62.37","27.96","38.41","71.12","69.16","9.42","54.04","51.41","15.45","25.59","63.64","8.72"
"2024-05-27","53.23","55.88","20.94","34.92","73.63","75.58","11.65","61.74","66.8","33.37","47.59","80.98","80.4","12.1","61.19","63.54","26.34","36.06","70.44","68.5","9.29","52.68","52.68","14.06","23.61","63.3","8.66"
"2024-05-28","52.14","57.51","19.94","33.33","73.52","75.45","11.62","60.63","68.32","32.13","45.63","80.53","79.88","11.98","59.8","64.71","24.71","33.69","69.76","67.84","9.16","51.33","53.97","12.66","21.63","62.96","8.61"
"2024-05-29","51.05","59.15","18.92","31.73","73.41","75.31","11.58","59.51","69.84","30.88","43.64","80.06","79.36","11.86","58.41","65.89","23.07","31.32","69.08","67.18","9.02","49.96","55.27","11.27","19.65","62.64","8.55"
"2024-05-30","49.95","60.8","17.91","30.12","73.29","75.17","11.55","58.38","71.36","29.61","41.63","79.59","78.82","11.73","57.0","67.06","21.42","28.93","68.4","66.53","8.89","48.6","56.58","9.88","17.67","62.32","8.5"
"2024-05-31","48.86","62.46","16.89","28.5","73.17","75.02","11.51","57.24","72.88","28.32","39.6","79.11","78.28","11.6","55.59","68.24","19.76","26.54","67.72","65.88","8.76","47.24","57.91","8.5","15.7","62.0","8.45"
"2024-06-01","47.76","64.12","15.87","26.87","73.04","74.87","11.48","56.09","74.4","27.02","37.54","78.61","77.72","11.47","54.17","69.43","18.1","24.14","67.04","65.23","8.63","45.88","59.25","7.12","13.73","61.7","8.4"
"2024-06-02","46.66","65.8","14.84","25.23","72.91","74.71","11.44","54.92","75.91","25.7","35.47","78.11","77.16","11.34","52.74","70.61","16.43","21.74","66.37","64.58","8.5","44.52","60.61","5.75","11.77","61.4","8.35"
"2024-06-03","45.56","67.48","13.81","23.58","72.77","74.54","11.4","53.75","77.42","24.37","33.38","77.59","76.59","11.21","51.3","71.8","14.76","19.33","65.69","63.94","8.38","43.16","61.98","4.39","9.81","61.11","8.31"
"2024-06-04","44.46","69.17","12.77","21.93","72.63","74.37","11.35","52.57","78.93","23.02","31.27","77.06","76.01","11.08","49.86","72.99","13.08","16.91","65.02","63.3","8.25","41.8","63.36","3.02","7.85","60.83","8.26"
"2024-06-05","43.36","70.87","11.74","20.27","72.48","74.19","11.31","51.38","80.43","21.66","29.14","76.53","75.42","10.94","48.41","74.19","11.4","14.5","64.36","62.67","8.13","40.44","64.75","1.67","5.91","60.55","8.22"
"2024-06-06","42.25","72.57","10.69","18.6","72.33","74.0","11.26","50.18","81.93","20.29","27.0","75.98","74.82","10.8","46.95","75.38","9.71","12.08","63.69","62.04","8.0","39.09","66.15","0.32","3.97","60.28","8.18"
"2024-06-07","41.15","74.28","9.65","16.92","72.18","73.81","11.21","48.97","83.43","18.9","24.84","75.43","74.21","10.66","45.49","76.58","8.02","9.66","63.03","61.42","7.88","37.74","67.57","0","2.03","60.02","8.13"
"2024-06-08","40.05","75.99","8.6","15.23","72.02","73.61","11.16","47.75","84.91","17.5","22.66","74.87","73.6","10.52","44.02","77.78","6.33","7.24","62.37","60.81","7.76","36.39","69.0","0","0.11","59.77","8.09"
"2024-06-09","38.94","77.71","7.55","13.54","71.85","73.4","11.11","46.53","86.4","16.08","20.47","74.3","72.97","10.38","42.55","78.98","4.64","4.82","61.72","60.2","7.64","35.05","70.44","0","0","59.52","8.06"
"2024-06-10","37.84","79.42","6.49","11.83","71.67","73.18","11.06","45.29","87.87","14.66","18.26","73.72","72.35","10.24","41.08","80.18","2.95","2.4","61.07","59.59","7.53","33.71","71.88","0","0","59.28","8.02"
"2024-06-11","36.74","81.14","5.44","10.13","71.5","72.96","11.0","44.05","89.34","13.22","16.04","73.13","71.71","10.1","39.6","81.39","1.26","0","60.43","58.99","7.41","32.37","73.34","0","0","59.04","7.98"
"2024-06-12","35.63","82.86","4.37","8.41","71.31","72.73","10.94","42.81","90.8","11.77","13.8","72.54","71.07","9.95","38.12","82.59","0","0","59.79","58.4","7.3","31.04","74.81","0","0","58.82","7.95"
"2024-06-13","34.53","84.58","3.31","6.69","71.12","72.49","10.88","41.55","92.26","10.31","11.56","71.93","70.42","9.81","36.64","83.8","0","0","59.16","57.82","7.19","29.72","76.29","0","0","58.6","7.92"
"2024-06-14","34.08","85.57","2.93","6.0","70.92","72.24","10.82","40.94","92.97","9.53","10.33","71.32","69.77","9.66","35.8","84.27","0","0","58.54","57.25","7.08","29.05","77.04","0","0","58.39","7.88"
"2024-06-15","34.27","85.83","3.24","6.33","70.72","71.99","10.76","40.96","92.95","9.43","10.13","70.71","69.11","9.52","35.61","84.01","0","0","57.92","56.68","6.97","29.03","77.07","0","0","58.18","7.85"
"2024-06-16","34.46","86.09","3.54","6.65","70.51","71.73","10.69","40.98","92.91","9.32","9.92","70.08","68.45","9.37","35.42","83.76","0","0","57.31","56.12","6.87","29.01","77.11","0","0","57.98","7.82"
"2024-06-17","34.66","86.34","3.84","6.97","70.29","71.46","10.62","40.99","92.87","9.19","9.7","69.46","67.78","9.22","35.23","83.5","0","0","56.7","55.57","6.76","29.0","77.16","0","0","57.79","7.79"
"2024-06-18","34.85","86.59","4.14","7.28","70.07","71.18","10.56","41.0","92.82","9.06","9.46","68.82","67.11","9.07","35.03","83.25","0","0","56.11","55.03","6.66","29.0","77.21","0","0","57.6","7.77"
"2024-06-19","35.04","86.85","4.43","7.59","69.84","70.89","10.48","41.0","92.77","8.92","9.22","68.18","66.44","8.92","34.84","83.0","0","0","55.52","54.49","6.56","29.0","77.27","0","0","57.42","7.74"
"2024-06-20","35.24","87.1","4.72","7.88","69.6","70.6","10.41","40.99","92.7","8.77","8.97","67.54","65.76","8.77","34.65","82.75","0","0","54.94","53.97","6.47","29.01","77.34","0","0","57.25","7.71"
"2024-06-21","35.43","87.34","5.0","8.17","69.36","70.3","10.34","40.98","92.63","8.61","8.71","66.89","65.08","8.62","34.45","82.51","0","0","54.36","53.46","6.37","29.03","77.42","0","0","57.08","7.69"
"2024-06-22","35.62","87.59","5.27","8.45","69.11","69.99","10.26","40.96","92.54","8.44","8.44","66.23","64.4","8.48","34.26","82.26","0","0","53.8","52.95","6.28","29.05","77.51","0","0","56.92","7.66"
"2024-06-23","35.81","87.83","5.55","8.72","68.85","69.68","10.18","40.94","92.45","8.27","8.16","65.58","63.72","8.33","34.07","82.02","0","0","53.25","52.46","6.19","29.08","77.61","0","0","56.76","7.64"
"2024-06-24","36.01","88.07","5.81","8.98","68.59","69.35","10.1","40.9","92.36","8.08","7.87","64.92","63.03","8.18","33.88","81.78","0","0","52.7","51.97","6.1","29.12","77.71","0","0","56.61","7.62"
"2024-06-25","36.2","88.31","6.07","9.23","68.32","69.02","10.02","40.87","92.25","7.89","7.57","64.25","62.34","8.03","33.69","81.55","0","0","52.16","51.5","6.02","29.16","77.82","0","0","56.47","7.6"
"2024-06-26","36.39","88.54","6.32","9.48","68.04","68.68","9.93","40.82","92.14","7.68","7.27","63.58","61.65","7.88","33.5","81.32","0","0","51.64","51.04","5.93","29.21","77.93","0","0","56.33","7.58"
"2024-06-27","36.57","88.77","6.57","9.71","67.75","68.33","9.85","40.77","92.02","7.47","6.96","62.92","60.97","7.73","33.31","81.09","0","0","51.12","50.58","5.85","29.26","78.06","0","0","56.19","7.56"
"2024-06-28","36.76","89.0","6.81","9.93","67.46","67.98","9.76","40.72","91.89","7.26","6.64","62.24","60.28","7.58","33.13","80.87","0","0","50.62","50.14","5.78","29.32","78.19","0","0","56.07","7.54"
"2024-06-29","36.94","89.22","7.04","10.14","67.16","67.62","9.67","40.66","91.76","7.03","6.31","61.57","59.59","7.44","32.95","80.65","0","0","50.12","49.71","5.7","29.38","78.33","0","0","55.94","7.52"
"2024-06-30","37.12","89.44","7.27","10.35","66.86","67.25","9.58","40.59","91.61","6.8","5.98","60.9","58.9","7.29","32.77","80.43","0","0","49.64","49.29","5.63","29.45","78.48","0","0","55.82","7.5"
"2024-07-01","37.3","89.65","7.49","10.54","66.54","66.87","9.48","40.52","91.46","6.56","5.64","60.22","58.22","7.14","32.59","80.22","0","0","49.17","48.88","5.56","29.53","78.63","0","0","55.71","7.48"
"2024-07-02","37.48","89.86","7.7","10.72","66.23","66.48","9.39","40.44","91.31","6.31","5.3","59.55","57.53","7.0","32.41","80.02","0","0","48.71","48.49","5.49","29.61","78.79","0","0","55.6","7.46"
"2024-07-03","37.66","90.06","7.9","10.88","65.9","66.09","9.29","40.35","91.15","6.06","4.95","58.87","56.85","6.85","32.24","79.82","0","0","48.25","48.1","5.42","29.7","78.95","0","0","55.49","7.45"
"2024-07-04","37.83","90.26","8.09","11.04","65.57","65.69","9.2","40.26","90.98","5.8","4.59","58.2","56.17","6.71","32.07","79.63","0","0","47.82","47.73","5.36","29.79","79.13","0","0","55.39","7.43"
"2024-07-05","38.0","90.45","8.28","11.19","65.23","65.29","9.1","40.17","90.8","5.53","4.23","57.53","55.5","6.57","31.9","79.44","0","0","47.39","47.36","5.3","29.89","79.3","0","0","55.29","7.41"
"2024-07-06","38.16","90.63","8.45","11.32","64.88","64.88","9.0","40.07","90.62","5.26","3.87","56.85","54.83","6.43","31.74","79.26","0","0","46.97","47.02","5.24","30.0","79.49","0","0","55.19","7.4"
"2024-07-07","38.33","90.81","8.62","11.44","64.53","64.46","8.9","39.96","90.44","4.98","3.5","56.18","54.16","6.29","31.58","79.08","0","0","46.57","46.68","5.18","30.11","79.68","0","0","55.1","7.38"
"2024-07-08","38.49","90.99","8.78","11.55","64.17","64.03","8.79","39.85","90.25","4.7","3.13","55.51","53.49","6.15","31.42","78.91","0","0","46.18","46.35","5.13","30.22","79.87","0","0","55.01","7.37"
"2024-07-09","38.64","91.16","8.93","11.65","63.8","63.6","8.69","39.73","90.05","4.41","2.75","54.85","52.83","6.01","31.26","78.74","0","0","45.8","46.04","5.08","30.34","80.08","0","0","54.93","7.35"
"2024-07-10","38.79","91.32","9.07","11.74","63.43","63.16","8.58","39.61","89.85","4.12","2.37","54.19","52.18","5.88","31.12","78.59","0","0","45.43","45.74","5.03","30.47","80.28","0","0","54.85","7.34"
"2024-07-11","38.94","91.47","9.2","11.81","63.05","62.72","8.47","39.48","89.64","3.83","1.99","53.53","51.53","5.74","30.97","78.44","0","0","45.08","45.45","4.99","30.6","80.49","0","0","54.77","7.32"
"2024-07-12","39.09","91.62","9.32","11.88","62.66","62.27","8.37","39.35","89.42","3.53","1.61","52.87","50.89","5.61","30.83","78.29","0","0","44.74","45.17","4.94","30.73","80.71","0","0","54.69","7.31"
"2024-07-13","39.23","91.76","9.43","11.92","62.27","61.82","8.26","39.22","89.21","3.22","1.22","52.22","50.25","5.48","30.69","78.15","0","0","44.41","44.9","4.9","30.87","80.93","0","0","54.61","7.29"
"2024-07-14","39.36","91.9","9.54","11.96","61.87","61.36","8.15","39.08","88.99","2.91","0.84","51.57","49.62","5.35","30.56","78.02","0","0","44.09","44.65","4.86","31.01","81.15","0","0","54.54","7.28"
"2024-07-15","39.49","92.02","9.63","11.99","61.47","60.89","8.04","38.93","88.76","2.6","0.45","50.93","48.99","5.23","30.43","77.9","0","0","43.79","44.41","4.83","31.16","81.38","0","0","54.47","7.26"
"2024-07-16","39.62","92.14","9.71","12.0","61.06","60.42","7.92","38.79","88.53","2.29","0.07","50.3","48.38","5.1","30.31","77.79","0","0","43.5","44.18","4.79","31.31","81.61","0","0.17","54.4","7.24"
"2024-07-17","39.74","92.26","9.78","12.0","60.65","59.94","7.81","38.63","88.3","1.98","0","49.66","47.77","4.98","30.19","77.68","0","0","43.22","43.97","4.76","31.46","81.85","0","0.56","54.34","7.23"
"2024-07-18","39.85","92.36","9.84","11.99","60.23","59.46","7.7","38.48","88.06","1.66","0","49.04","47.17","4.86","30.08","77.58","0","0","42.96","43.76","4.73","31.62","82.09","0","0.94","54.27","7.21"
"2024-07-19","39.97","92.46","9.9","11.96","59.81","58.98","7.58","38.32","87.82","1.34","0","48.42","46.58","4.74","29.97","77.49","0","0","42.71","43.57","4.71","31.78","82.33","0","1.33","54.2","7.2"
"2024-07-20","40.07","92.55","9.94","11.92","59.38","58.49","7.47","38.16","87.58","1.02","0","47.81","46.0","4.62","29.87","77.4","0","0","42.47","43.39","4.68","31.95","82.57","0","1.71","54.14","7.18"
"2024-07-21","40.17","92.63","9.97","11.87","58.95","58.0","7.35","37.99","87.33","0.7","0","47.21","45.42","4.51","29.77","77.32","0","0","42.24","43.22","4.66","32.11","82.82","0","2.1","54.08","7.17"
"2024-07-22","40.27","92.7","9.99","11.81","58.51","57.51","7.23","37.82","87.08","0.38","0","46.61","44.86","4.4","29.68","77.26","0","0","42.03","43.07","4.64","32.28","83.07","0","2.48","54.01","7.15"
"2024-07-23","40.36","92.77","10.0","11.74","58.07","57.01","7.12","37.65","86.83","0.05","0","46.03","44.31","4.29","29.59","77.2","0","0","41.83","42.92","4.62","32.46","83.32","0.14","2.85","53.95","7.13"
"2024-07-24","40.44","92.83","10.0","11.65","57.62","56.51","7.0","37.47","86.58","0","0","45.45","43.76","4.19","29.51","77.14","0","0","41.64","42.79","4.61","32.64","83.57","0.47","3.23","53.89","7.11"
"2024-07-25","40.52","92.88","9.99","11.55","57.17","56.0","6.88","37.3","86.33","0","0","44.88","43.23","4.08","29.43","77.1","0","0","41.47","42.67","4.6","32.81","83.83","0.79","3.6","53.83","7.1"
"2024-07-26","40.59","92.92","9.97","11.44","56.72","55.5","6.77","37.12","86.07","0","0","44.32","42.71","3.98","29.36","77.06","0","0","41.31","42.56","4.59","33.0","84.08","1.11","3.97","53.77","7.08"
"2024-07-27","40.66","92.95","9.94","11.31","56.26","54.99","6.65","36.93","85.82","0","0","43.77","42.2","3.88","29.3","77.03","0","0","41.16","42.46","4.58","33.18","84.34","1.43","4.33","53.71","7.06"
"2024-07-28","40.72","92.97","9.89","11.18","55.8","54.48","6.53","36.75","85.56","0","0","43.22","41.7","3.79","29.24","77.01","0","0","41.02","42.38","4.57","33.36","84.6","1.75","4.69","53.64","7.04"
"2024-07-29","40.78","92.99","9.84","11.03","55.34","53.97","6.41","36.56","85.3","0","0","42.69","41.21","3.7","29.19","77.0","0","0","40.9","42.3","4.57","33.55","84.86","2.06","5.04","53.58","7.02"
"2024-07-30","40.83","93.0","9.78","10.88","54.87","53.45","6.29","36.38","85.04","0","0","42.17","40.74","3.61","29.15","77.0","0","0","40.79","42.24","4.56","33.74","85.11","2.38","5.39","53.52","7.0"
"2024-07-31","40.87","93.0","9.71","10.71","54.41","52.94","6.18","36.19","84.79","0","0","41.66","40.28","3.52","29.11","77.01","0","0","40.69","42.18","4.56","33.93","85.37","2.69","5.73","53.45","6.98"
"2024-08-01","40.91","92.99","9.62","10.53","53.94","52.43","6.06","36.0","84.53","0","0","41.17","39.83","3.44","29.07","77.02","0","0","40.6","42.14","4.57","34.12","85.63","3.0","6.07","53.39","6.96"
"2024-08-02","40.94","92.97","9.53","10.33","53.47","51.91","5.94","35.8","84.27","0","0","40.68","39.39","3.36","29.05","77.04","0","0","40.53","42.11","4.57","34.31","85.89","3.31","6.4","53.32","6.93"
"2024-08-03","40.96","92.95","9.43","10.13","52.99","51.4","5.82","35.61","84.01","0","0","40.2","38.97","3.28","29.03","77.07","0","0","40.47","42.08","4.57","34.51","86.14","3.61","6.73","53.25","6.91"
"2024-08-04","40.98","92.91","9.32","9.92","52.52","50.89","5.71","35.42","83.76","0","0","39.74","38.56","3.21","29.01","77.11","0","0","40.42","42.07","4.58","34.7","86.4","3.91","7.04","53.18","6.89"
"2024-08-05","40.99","92.87","9.19","9.7","52.05","50.37","5.59","35.23","83.5","0","0","39.29","38.16","3.14","29.0","77.16","0","0","40.38","42.07","4.59","34.89","86.65","4.2","7.35","53.11","6.86"
"2024-08-06","41.0","92.82","9.06","9.46","51.57","49.86","5.48","35.03","83.25","0","0","38.85","37.78","3.07","29.0","77.21","0","0","40.35","42.08","4.6","35.09","86.9","4.49","7.65","53.04","6.84"
"2024-08-07","41.0","92.77","8.92","9.22","51.1","49.35","5.36","34.84","83.0","0","0","38.43","37.41","3.0","29.0","77.27","0","0","40.34","42.1","4.61","35.28","87.15","4.78","7.95","52.96","6.81"
"2024-08-08","40.99","92.7","8.77","8.97","50.62","48.85","5.25","34.65","82.75","0","0","38.02","37.05","2.94","29.01","77.34","0","0","40.33","42.12","4.62","35.47","87.4","5.06","8.23","52.89","6.79"
"2024-08-09","40.98","92.63","8.61","8.71","50.15","48.34","5.14","34.45","82.51","0","0","37.62","36.71","2.88","29.03","77.42","0","0","40.34","42.16","4.64","35.66","87.64","5.33","8.51","52.81","6.76"
"2024-08-10","40.96","92.54","8.44","8.44","49.67","47.84","5.02","34.26","82.26","0","0","37.24","36.39","2.83","29.05","77.51","0","0","40.36","42.21","4.66","35.86","87.89","5.6","8.78","52.73","6.73"
"2024-08-11","40.94","92.45","8.27","8.16","49.2","47.34","4.91","34.07","82.02","0","0","36.87","36.08","2.78","29.08","77.61","0","0","40.38","42.26","4.67","36.05","88.13","5.87","9.04","52.65","6.7"
"2024-08-12","40.9","92.36","8.08","7.87","48.73","46.84","4.8","33.88","81.78","0","0","36.51","35.78","2.73","29.12","77.71","0","0","40.42","42.32","4.69","36.24","88.36","6.13","9.29","52.56","6.67"
"2024-08-13","40.87","92.25","7.89","7.57","48.26","46.35","4.7","33.69","81.55","0","0","36.17","35.5","2.68","29.16","77.82","0","0","40.47","42.39","4.71","36.43","88.59","6.38","9.53","52.47","6.64"
"2024-08-14","40.82","92.14","7.68","7.27","47.79","45.86","4.59","33.5","81.32","0","0","35.84","35.24","2.64","29.21","77.93","0","0","40.53","42.47","4.73","36.61","88.82","6.62","9.76","52.39","6.61"
"2024-08-15","40.77","92.02","7.47","6.96","47.32","45.37","4.48","33.31","81.09","0","0","35.53","34.99","2.6","29.26","78.06","0","0","40.6","42.56","4.76","36.8","89.05","6.86","9.98","52.29","6.58"
"2024-08-16","40.72","91.89","7.26","6.64","46.86","44.89","4.38","33.13","80.87","0","0","35.23","34.76","2.57","29.32","78.19","0","0","40.68","42.66","4.78","36.98","89.27","7.09","10.19","52.2","6.55"
"2024-08-17","40.66","91.76","7.03","6.31","46.4","44.42","4.27","32.95","80.65","0","0","34.95","34.54","2.54","29.38","78.33","0","0","40.77","42.76","4.81","37.16","89.48","7.32","10.39","52.1","6.52"
"2024-08-18","40.59","91.61","6.8","5.98","45.94","43.95","4.17","32.77","80.43","0","0","34.68","34.34","2.51","29.45","78.48","0","0","40.87","42.87","4.83","37.34","89.69","7.53","10.58","52.0","6.48"
"2024-08-19","40.52","91.46","6.56","5.64","45.49","43.48","4.07","32.59","80.22","0","0","34.43","34.15","2.49","29.53","78.63","0","0","40.97","42.98","4.86","37.52","89.9","7.74","10.75","51.9","6.45"
"2024-08-20","40.44","91.31","6.31","5.3","45.04","43.03","3.97","32.41","80.02","0","0","34.2","33.98","2.46","29.61","78.79","0","0","41.09","43.11","4.89","37.7","90.1","7.94","10.92","51.8","6.41"
"2024-08-21","40.35","91.15","6.06","4.95","44.6","42.58","3.88","32.24","79.82","0","0","33.98","33.82","2.45","29.7","78.95","0","0","41.21","43.24","4.92","37.87","90.3","8.13","11.07","51.69","6.38"
"2024-08-22","40.26","90.98","5.8","4.59","44.16","42.13","3.78","32.07","79.63","0","0","33.77","33.68","2.43","29.79","79.13","0","0","41.34","43.37","4.95","38.04","90.49","8.32","11.22","51.58","6.34"
"2024-08-23","40.17","90.8","5.53","4.23","43.72","41.69","3.69","31.9","79.44","0","0","33.58","33.56","2.42","29.89","79.3","0","0","41.48","43.51","4.98","38.2","90.67","8.49","11.35","51.47","6.3"
"2024-08-24","40.07","90.62","5.26","3.87","43.29","41.26","3.6","31.74","79.26","0","0","33.41","33.45","2.41","30.0","79.49","0","0","41.63","43.66","5.01","38.36","90.85","8.66","11.47","51.35","6.26"
"2024-08-25","39.96","90.44","4.98","3.5","42.87","40.84","3.51","31.58","79.08","0","0","33.26","33.36","2.41","30.11","79.68","0","0","41.79","43.81","5.04","38.52","91.03","8.81","11.58","51.23","6.22"
"2024-08-26","39.85","90.25","4.7","3.13","42.45","40.43","3.43","31.42","78.91","0","0","33.12","33.29","2.41","30.22","79.87","0","0","41.95","43.97","5.07","38.68","91.19","8.96","11.67","51.11","6.18"
"2024-08-27","39.73","90.05","4.41","2.75","42.04","40.02","3.34","31.26","78.74","0","0","32.99","33.23","2.41","30.34","80.08","0","0","42.12","44.13","5.1","38.83","91.35","9.1","11.76","50.99","6.14"
"2024-08-28","39.61","89.85","4.12","2.37","41.64","39.63","3.26","31.12","78.59","0","0","32.88","33.18","2.42","30.47","80.28","0","0","42.3","44.3","5.14","38.97","91.51","9.23","11.83","50.86","6.1"
"2024-08-29","39.48","89.64","3.83","1.99","41.24","39.24","3.18","30.97","78.44","0","0","32.79","33.16","2.43","30.6","80.49","0","0","42.48","44.47","5.17","39.12","91.65","9.35","11.89","50.73","6.06"
"2024-08-30","39.35","89.42","3.53","1.61","40.85","38.86","3.11","30.83","78.29","0","0","32.72","33.15","2.44","30.73","80.71","0","0","42.67","44.64","5.21","39.26","91.79","9.46","11.93","50.6","6.02"
"2024-08-31","39.22","89.21","3.22","1.22","40.47","38.49","3.03","30.69","78.15","0","0","32.66","33.15","2.45","30.87","80.93","0","0","42.86","44.82","5.24","39.39","91.93","9.56","11.97","50.47","5.98"
"2024-09-01","39.08","88.99","2.91","0.84","40.09","38.14","2.96","30.56","78.02","0","0","32.61","33.17","2.47","31.01","81.15","0","0","43.06","45.01","5.28","39.52","92.05","9.65","11.99","50.34","5.94"
"2024-09-02","38.93","88.76","2.6","0.45","39.73","37.79","2.89","30.43","77.9","0","0","32.59","33.21","2.49","31.16","81.38","0","0","43.27","45.19","5.31","39.64","92.17","9.73","12.0","50.2","5.89"
"2024-09-03","38.79","88.53","2.29","0.07","39.37","37.45","2.83","30.31","77.79","0","0","32.57","33.26","2.52","31.31","81.61","0","0.17","43.48","45.38","5.35","39.76","92.28","9.8","12.0","50.06","5.85"
"2024-09-04","38.63","88.3","1.98","0","39.02","37.13","2.76","30.19","77.68","0","0","32.58","33.32","2.55","31.46","81.85","0","0.56","43.69","45.57","5.38","39.88","92.38","9.86","11.98","49.92","5.8"
"2024-09-05","38.48","88.06","1.66","0","38.68","36.81","2.7","30.08","77.58","0","0","32.6","33.41","2.58","31.62","82.09","0","0.94","43.91","45.77","5.42","39.99","92.48","9.91","11.95","49.77","5.76"
"2024-09-06","38.32","87.82","1.34","0","38.36","36.51","2.64","29.97","77.49","0","0","32.64","33.5","2.61","31.78","82.33","0","1.33","44.14","45.96","5.45","40.09","92.57","9.95","11.91","49.63","5.71"
"2024-09-07","38.16","87.58","1.02","0","38.04","36.22","2.59","29.87","77.4","0","0","32.69","33.61","2.65","31.95","82.57","0","1.71","44.36","46.16","5.49","40.19","92.65","9.97","11.86","49.48","5.67"
"2024-09-08","37.99","87.33","0.7","0","37.73","35.94","2.54","29.77","77.32","0","0","32.76","33.74","2.69","32.11","82.82","0","2.1","44.6","46.36","5.52","40.29","92.72","9.99","11.79","49.33","5.62"
"2024-09-09","37.82","87.08","0.38","0","37.43","35.68","2.49","29.68","77.26","0","0","32.85","33.88","2.73","32.28","83.07","0","2.48","44.83","46.56","5.56","40.38","92.78","10.0","11.72","49.18","5.58"
"2024-09-10","37.65","86.83","0.05","0","37.14","35.42","2.44","29.59","77.2","0","0","32.95","34.04","2.77","32.46","83.32","0.14","2.85","45.07","46.77","5.59","40.46","92.84","10.0","11.63","49.03","5.53"
"2024-09-11","37.47","86.58","0","0","36.87","35.18","2.4","29.51","77.14","0","0","33.06","34.21","2.82","32.64","83.57","0.47","3.23","45.31","46.97","5.63","40.54","92.89","9.98","11.53","48.87","5.49"
"2024-09-12","37.3","86.33","0","0","36.6","34.96","2.36","29.43","77.1","0","0","33.19","34.39","2.87","32.81","83.83","0.79","3.6","45.55","47.18","5.66","40.61","92.92","9.96","11.41","48.72","5.44"
"2024-09-13","37.12","86.07","0","0","36.35","34.74","2.32","29.36","77.06","0","0","33.34","34.59","2.93","33.0","84.08","1.11","3.97","45.8","47.38","5.7","40.67","92.96","9.93","11.29","48.57","5.4"
"2024-09-14","36.93","85.82","0","0","36.11","34.54","2.29","29.3","77.03","0","0","33.5","34.81","2.98","33.18","84.34","1.43","4.33","46.05","47.59","5.73","40.73","92.98","9.88","11.15","48.41","5.35"
"2024-09-15","36.75","85.56","0","0","35.88","34.36","2.26","29.24","77.01","0","0","33.68","35.03","3.04","33.36","84.6","1.75","4.69","46.3","47.8","5.77","40.79","92.99","9.83","11.0","48.25","5.3"
"2024-09-16","36.56","85.3","0","0","35.66","34.18","2.23","29.19","77.0","0","0","33.87","35.27","3.1","33.55","84.86","2.06","5.04","46.55","48.0","5.8","40.84","93.0","9.76","10.84","48.1","5.26"
"2024-09-17","36.38","85.04","0","0","35.46","34.03","2.21","29.15","77.0","0","0","34.08","35.52","3.17","33.74","85.11","2.38","5.39","46.8","48.21","5.83","40.88","93.0","9.69","10.67","47.94","5.21"
"2024-09-18","36.19","84.79","0","0","35.27","33.88","2.19","29.11","77.01","0","0","34.3","35.79","3.23","33.93","85.37","2.69","5.73","47.06","48.42","5.87","40.91","92.99","9.6","10.48","47.78","5.17"
"2024-09-19","36.0","84.53","0","0","35.09","33.75","2.17","29.07","77.02","0","0","34.53","36.07","3.3","34.12","85.63","3.0","6.07","47.31","48.62","5.9","40.94","92.97","9.51","10.29","47.62","5.12"
"2024-09-20","35.8","84.27","0","0","34.93","33.64","2.16","29.05","77.04","0","0","34.78","36.36","3.37","34.31","85.89","3.31","6.4","47.57","48.83","5.93","40.97","92.94","9.4","10.09","47.47","5.08"
"2024-09-21","35.61","84.01","0","0","34.78","33.54","2.15","29.03","77.07","0","0","35.04","36.66","3.44","34.51","86.14","3.61","6.73","47.83","49.03","5.96","40.98","92.91","9.29","9.87","47.31","5.03"
"2024-09-22","35.42","83.76","0","0","34.64","33.46","2.14","29.01","77.11","0","0","35.32","36.97","3.52","34.7","86.4","3.91","7.04","48.08","49.24","5.99","41.0","92.86","9.17","9.65","47.16","4.99"
"2024-09-23","35.23","83.5","0","0","34.52","33.39","2.14","29.0","77.16","0","0","35.61","37.3","3.59","34.89","86.65","4.2","7.35","48.34","49.44","6.02","41.0","92.81","9.03","9.41","47.0","4.95"
"2024-09-24","35.03","83.25","0","0","34.41","33.33","2.14","29.0","77.21","0","0","35.91","37.64","3.67","35.09","86.9","4.49","7.65","48.6","49.64","6.05","41.0","92.75","8.89","9.17","46.85","4.9"
"2024-09-25","34.84","83.0","0","0","34.32","33.3","2.15","29.0","77.27","0","0","36.22","37.98","3.75","35.28","87.15","4.78","7.95","48.85","49.84","6.08","40.99","92.68","8.74","8.91","46.7","4.86"
"2024-09-26","34.65","82.75","0","0","34.24","33.27","2.15","29.01","77.34","0","0","36.55","38.34","3.84","35.47","87.4","5.06","8.23","49.11","50.04","6.11","40.98","92.61","8.58","8.65","46.55","4.82"
"2024-09-27","34.45","82.51","0","0","34.17","33.27","2.17","29.03","77.42","0","0","36.89","38.71","3.92","35.66","87.64","5.33","8.51","49.36","50.23","6.14","40.96","92.52","8.41","8.37","46.4","4.78"
"2024-09-28","34.26","82.26","0","0","34.12","33.27","2.18","29.05","77.51","0","0","37.24","39.09","4.01","35.86","87.89","5.6","8.78","49.61","50.42","6.17","40.93","92.43","8.23","8.09","46.25","4.74"
"2024-09-29","34.07","82.02","0","0","34.09","33.3","2.2","29.08","77.61","0","0","37.6","39.48","4.09","36.05","88.13","5.87","9.04","49.87","50.62","6.19","40.9","92.33","8.04","7.8","46.11","4.7"
"2024-09-30","33.88","81.78","0","0","34.07","33.34","2.22","29.12","77.71","0","0","37.98","39.88","4.18","36.24","88.36","6.13","9.29","50.12","50.81","6.22","40.86","92.23","7.84","7.51","45.96","4.66"
"2024-10-01","33.69","81.55","0","0","34.06","33.39","2.24","29.16","77.82","0","0","38.36","40.29","4.27","36.43","88.59","6.38","9.53","50.36","50.99","6.24","40.81","92.11","7.64","7.2","45.83","4.63"
"2024-10-02","33.5","81.32","0","0","34.07","33.47","2.27","29.21","77.93","0","0","38.76","40.7","4.37","36.61","88.82","6.62","9.76","50.61","51.18","6.27","40.76","91.99","7.43","6.89","45.69","4.59"
"2024-10-03","33.31","81.09","0","0","34.09","33.55","2.31","29.26","78.06","0","0","39.17","41.13","4.46","36.8","89.05","6.86","9.98","50.86","51.36","6.29","40.71","91.86","7.21","6.57","45.56","4.55"
"2024-10-04","33.13","80.87","0","0","34.13","33.66","2.34","29.32","78.19","0","0","39.58","41.56","4.55","36.98","89.27","7.09","10.19","51.1","51.54","6.32","40.64","91.72","6.98","6.24","45.43","4.52"
"2024-10-05","32.95","80.65","0","0","34.19","33.78","2.38","29.38","78.33","0","0","40.01","42.0","4.65","37.16","89.48","7.32","10.39","51.34","51.72","6.34","40.57","91.58","6.74","5.9","45.3","4.49"
"2024-10-06","32.77","80.43","0","0","34.26","33.91","2.42","29.45","78.48","0","0","40.44","42.44","4.74","37.34","89.69","7.53","10.58","51.58","51.89","6.36","40.5","91.43","6.5","5.56","45.18","4.46"
"2024-10-07","32.59","80.22","0","0","34.35","34.06","2.47","29.53","78.63","0","0","40.89","42.9","4.84","37.52","89.9","7.74","10.75","51.82","52.06","6.38","40.42","91.27","6.25","5.22","45.06","4.43"
"2024-10-08","32.41","80.02","0","0","34.45","34.23","2.52","29.61","78.79","0","0","41.34","43.36","4.94","37.7","90.1","7.94","10.92","52.05","52.23","6.4","40.33","91.11","6.0","4.87","44.95","4.4"
"2024-10-09","32.24","79.82","0","0","34.57","34.41","2.57","29.7","78.95","0","0","41.8","43.83","5.04","37.87","90.3","8.13","11.07","52.28","52.39","6.42","40.24","90.94","5.74","4.51","44.84","4.37"
"2024-10-10","32.07","79.63","0","0","34.7","34.61","2.63","29.79","79.13","0","0","42.27","44.3","5.14","38.04","90.49","8.32","11.22","52.51","52.56","6.44","40.15","90.77","5.47","4.15","44.74","4.34"
"2024-10-11","31.9","79.44","0","0","34.85","34.83","2.69","29.89","79.3","0","0","42.75","44.78","5.24","38.2","90.67","8.49","11.35","52.73","52.72","6.46","40.04","90.58","5.2","3.78","44.64","4.32"
"2024-10-12","31.74","79.26","0","0","35.02","35.06","2.75","30.0","79.49","0","0","43.24","45.26","5.34","38.36","90.85","8.66","11.47","52.95","52.87","6.48","39.94","90.4","4.92","3.42","44.54","4.3"
"2024-10-13","31.58","79.08","0","0","35.2","35.3","2.81","30.11","79.68","0","0","43.73","45.75","5.44","38.52","91.03","8.81","11.58","53.17","53.03","6.5","39.82","90.2","4.64","3.04","44.46","4.27"
"2024-10-14","31.42","78.91","0","0","35.39","35.57","2.88","30.22","79.87","0","0","44.23","46.25","5.55","38.68","91.19","8.96","11.67","53.39","53.18","6.51","39.71","90.0","4.35","2.67","44.37","4.26"
"2024-10-15","31.26","78.74","0","0","35.6","35.84","2.96","30.34","80.08","0","0","44.73","46.74","5.65","38.83","91.35","9.1","11.76","53.6","53.32","6.53","39.58","89.8","4.06","2.29","44.3","4.24"
"2024-10-16","31.12","78.59","0","0","35.83","36.13","3.03","30.47","80.28","0","0","45.24","47.25","5.75","38.97","91.51","9.23","11.83","53.81","53.47","6.54","39.46","89.59","3.76","1.91","44.23","4.22"
"2024-10-17","30.97","78.44","0","0","36.07","36.44","3.11","30.6","80.49","0","0","45.76","47.75","5.86","39.12","91.65","9.35","11.89","54.02","53.61","6.56","39.32","89.38","3.46","1.52","44.17","4.21"
"2024-10-18","30.83","78.29","0","0","36.33","36.76","3.19","30.73","80.71","0","0","46.28","48.26","5.96","39.26","91.79","9.46","11.93","54.22","53.75","6.57","39.19","89.16","3.15","1.14","44.11","4.19"
"2024-10-19","30.69","78.15","0","0","36.6","37.1","3.27","30.87","80.93","0","0","46.81","48.77","6.06","39.39","91.93","9.56","11.97","54.42","53.88","6.59","39.05","88.94","2.85","0.75","44.06","4.18"
"2024-10-20","30.56","78.02","0","0","36.89","37.45","3.36","31.01","81.15","0","0","47.34","49.28","6.17","39.52","92.05","9.65","11.99","54.61","54.02","6.6","38.9","88.71","2.54","0.37","44.02","4.18"
"2024-10-21","30.43","77.9","0","0","37.19","37.81","3.45","31.16","81.38","0","0","47.87","49.8","6.27","39.64","92.17","9.73","12.0","54.8","54.15","6.61","38.75","88.48","2.22","0","43.99","4.17"
"2024-10-22","30.31","77.79","0","0","37.51","38.19","3.55","31.31","81.61","0","0.17","48.41","50.32","6.37","39.76","92.28","9.8","12.0","54.99","54.27","6.63","38.6","88.24","1.91","0","43.96","4.17"
"2024-10-23","30.19","77.68","0","0","37.84","38.59","3.64","31.46","81.85","0","0.56","48.95","50.83","6.48","39.88","92.38","9.86","11.98","55.18","54.4","6.64","38.44","88.01","1.59","0","43.94","4.16"
"2024-10-24","30.08","77.58","0","0","38.19","38.99","3.74","31.62","82.09","0","0.94","49.5","51.35","6.58","39.99","92.48","9.91","11.95","55.36","54.52","6.65","38.28","87.77","1.27","0","43.93","4.16"
"2024-10-25","29.97","77.49","0","0","38.55","39.41","3.84","31.78","82.33","0","1.33","50.05","51.87","6.68","40.09","92.57","9.95","11.91","55.54","54.64","6.66","38.12","87.52","0.95","0","43.93","4.17"
"2024-10-26","29.87","77.4","0","0","38.92","39.85","3.95","31.95","82.57","0","1.71","50.6","52.39","6.79","40.19","92.65","9.97","11.86","55.71","54.75","6.67","37.95","87.28","0.63","0","43.94","4.17"
"2024-10-27","29.77","77.32","0","0","39.31","40.29","4.05","32.11","82.82","0","2.1","51.15","52.91","6.89","40.29","92.72","9.99","11.79","55.88","54.87","6.68","37.78","87.03","0.31","0","43.95","4.18"
"2024-10-28","29.68","77.26","0","0","39.72","40.75","4.16","32.28","83.07","0","2.48","51.7","53.43","6.99","40.38","92.78","10.0","11.72","56.05","54.98","6.69","37.61","86.78","0","0","43.98","4.19"
"2024-10-29","29.59","77.2","0","0","40.13","41.23","4.27","32.46","83.32","0.14","2.85","52.26","53.95","7.09","40.46","92.84","10.0","11.63","56.21","55.09","6.7","37.43","86.53","0","0","44.01","4.2"
"2024-10-30","29.51","77.14","0","0","40.56","41.71","4.39","32.64","83.57","0.47","3.23","52.81","54.47","7.19","40.54","92.89","9.98","11.53","56.37","55.19","6.71","37.26","86.27","0","0","44.06","4.21"
"2024-10-31","29.43","77.1","0","0","41.01","42.21","4.5","32.81","83.83","0.79","3.6","53.37","54.99","7.29","40.61","92.92","9.96","11.41","56.53","55.3","6.72","37.07","86.02","0","0","44.11","4.23"
"2024-11-01","29.36","77.06","0","0","41.46","42.71","4.62","33.0","84.08","1.11","3.97","53.92","55.5","7.39","40.67","92.96","9.93","11.29","56.69","55.4","6.73","36.89","85.76","0","0","44.17","4.25"
"2024-11-02","29.3","77.03","0","0","41.93","43.23","4.74","33.18","84.34","1.43","4.33","54.48","56.02","7.49","40.73","92.98","9.88","11.15","56.84","55.5","6.74","36.71","85.5","0","0","44.24","4.27"
"2024-11-03","29.24","77.01","0","0","42.41","43.76","4.86","33.36","84.6","1.75","4.69","55.03","56.53","7.59","40.79","92.99","9.83","11.0","56.98","55.6","6.75","36.52","85.24","0","0","44.33","4.29"
"2024-11-04","29.19","77.0","0","0","42.9","44.3","4.98","33.55","84.86","2.06","5.04","55.58","57.04","7.68","40.84","93.0","9.76","10.84","57.13","55.7","6.76","36.33","84.99","0","0","44.42","4.32"
"2024-11-05","29.15","77.0","0","0","43.41","44.86","5.11","33.74","85.11","2.38","5.39","56.14","57.54","7.78","40.88","93.0","9.69","10.67","57.27","55.8","6.77","36.14","84.73","0","0","44.52","4.35"
"2024-11-06","29.11","77.01","0","0","43.93","45.42","5.24","33.93","85.37","2.69","5.73","56.69","58.05","7.87","40.91","92.99","9.6","10.48","57.41","55.89","6.78","35.95","84.47","0","0","44.63","4.38"
"2024-11-07","29.07","77.02","0","0","44.45","45.99","5.37","34.12","85.63","3.0","6.07","57.24","58.55","7.97","40.94","92.97","9.51","10.29","57.55","55.98","6.79","35.76","84.21","0","0","44.76","4.41"
"2024-11-08","29.05","77.04","0","0","44.99","46.57","5.5","34.31","85.89","3.31","6.4","57.78","59.04","8.06","40.97","92.94","9.4","10.09","57.68","56.08","6.8","35.57","83.96","0","0","44.89","4.45"
"2024-11-09","29.03","77.07","0","0","45.54","47.16","5.63","34.51","86.14","3.61","6.73","58.33","59.53","8.15","40.98","92.91","9.29","9.87","57.81","56.17","6.81","35.38","83.7","0","0","45.04","4.49"
"2024-11-10","29.01","77.11","0","0","46.1","47.76","5.76","34.7","86.4","3.91","7.04","58.87","60.02","8.24","41.0","92.86","9.17","9.65","57.94","56.26","6.82","35.18","83.45","0","0","45.19","4.53"
"2024-11-11","29.0","77.16","0","0","46.67","48.37","5.9","34.89","86.65","4.2","7.35","59.4","60.5","8.33","41.0","92.81","9.03","9.41","58.07","56.35","6.83","34.99","83.2","0","0","45.36","4.57"
"2024-11-12","29.0","77.21","0","0","47.25","48.98","6.04","35.09","86.9","4.49","7.65","59.94","60.98","8.42","41.0","92.75","8.89","9.17","58.19","56.44","6.84","34.8","82.95","0","0","45.54","4.62"
"2024-11-13","29.0","77.27","0","0","47.84","49.6","6.17","35.28","87.15","4.78","7.95","60.47","61.46","8.5","40.99","92.68","8.74","8.91","58.31","56.53","6.85","34.6","82.7","0","0","45.73","4.67"
"2024-11-14","29.01","77.34","0","0","48.44","50.23","6.31","35.47","87.4","5.06","8.23","60.99","61.92","8.59","40.98","92.61","8.58","8.65","58.43","56.62","6.86","34.41","82.45","0","0","45.93","4.72"
"2024-11-15","29.03","77.42","0","0","49.05","50.87","6.45","35.66","87.64","5.33","8.51","61.52","62.39","8.67","40.96","92.52","8.41","8.37","58.55","56.71","6.87","34.22","82.21","0","0","46.14","4.78"
"2024-11-16","29.05","77.51","0","0","49.66","51.51","6.59","35.86","87.89","5.6","8.78","62.03","62.84","8.75","40.93","92.43","8.23","8.09","58.67","56.8","6.88","34.03","81.97","0","0","46.36","4.84"
"2024-11-17","29.08","77.61","0","0","50.28","52.16","6.74","36.05","88.13","5.87","9.04","62.55","63.3","8.83","40.9","92.33","8.04","7.8","58.79","56.9","6.9","33.84","81.73","0","0","46.6","4.9"
"2024-11-18","29.12","77.71","0","0","50.91","52.81","6.88","36.24","88.36","6.13","9.29","63.05","63.74","8.91","40.86","92.23","7.84","7.51","58.9","56.99","6.91","33.65","81.5","0","0","46.84","4.96"
"2024-11-19","29.16","77.82","0","0","51.55","53.47","7.02","36.43","88.59","6.38","9.53","63.55","64.18","8.99","40.81","92.11","7.64","7.2","59.01","57.08","6.92","33.46","81.27","0","0","47.1","5.03"
"2024-11-20","29.21","77.93","0","0","52.2","54.14","7.16","36.61","88.82","6.62","9.76","64.05","64.62","9.07","40.76","91.99","7.43","6.89","59.13","57.17","6.94","33.27","81.04","0","0","47.37","5.09"
"2024-11-21","29.26","78.06","0","0","52.85","54.81","7.31","36.8","89.05","6.86","9.98","64.54","65.04","9.14","40.71","91.86","7.21","6.57","59.24","57.27","6.95","33.09","80.82","0","0","47.65","5.17"
"2024-11-22","29.32","78.19","0","0","53.51","55.48","7.45","36.98","89.27","7.09","10.19","65.02","65.46","9.22","40.64","91.72","6.98","6.24","59.35","57.37","6.97","32.91","80.6","0","0","47.94","5.24"
"2024-11-23","29.38","78.33","0","0","54.17","56.16","7.6","37.16","89.48","7.32","10.39","65.5","65.88","9.29","40.57","91.58","6.74","5.9","59.46","57.46","6.99","32.73","80.39","0","0","48.25","5.32"
"2024-11-24","29.45","78.48","0","0","54.84","56.84","7.74","37.34","89.69","7.53","10.58","65.97","66.28","9.36","40.5","91.43","6.5","5.56","59.57","57.56","7.01","32.55","80.18","0","0","48.56","5.39"
"2024-11-25","29.53","78.63","0","0","55.51","57.52","7.89","37.52","89.9","7.74","10.75","66.44","66.68","9.43","40.42","91.27","6.25","5.22","59.68","57.67","7.02","32.37","79.98","0","0","48.89","5.48"
"2024-11-26","29.61","78.79","0","0","56.19","58.2","8.03","37.7","90.1","7.94","10.92","66.89","67.07","9.5","40.33","91.11","6.0","4.87","59.79","57.77","7.04","32.2","79.78","0","0","49.23","5.56"
"2024-11-27","29.7","78.95","0","0","56.87","58.89","8.18","37.87","90.3","8.13","11.07","67.34","67.46","9.56","40.24","90.94","5.74","4.51","59.9","57.88","7.06","32.03","79.58","0","0","49.57","5.65"
"2024-11-28","29.79","79.13","0","0","57.55","59.58","8.32","38.04","90.49","8.32","11.22","67.79","67.84","9.63","40.15","90.77","5.47","4.15","60.01","57.99","7.09","31.86","79.4","0","0","49.93","5.73"
"2024-11-29","29.89","79.3","0","0","58.24","60.27","8.47","38.2","90.67","8.49","11.35","68.22","68.21","9.69","40.04","90.58","5.2","3.78","60.13","58.1","7.11","31.7","79.22","0","0","50.3","5.83"
"2024-11-30","30.0","79.49","0","0","58.93","60.96","8.61","38.36","90.85","8.66","11.47","68.65","68.57","9.75","39.94","90.4","4.92","3.42","60.24","58.21","7.13","31.54","79.04","0","0","50.69","5.92"
"2024-12-01","30.11","79.68","0","0","59.63","61.65","8.76","38.52","91.03","8.81","11.58","69.07","68.92","9.81","39.82","90.2","4.64","3.04","60.35","58.33","7.16","31.38","78.87","0","0","51.08","6.02"
"2024-12-02","30.22","79.87","0","0","60.32","62.34","8.9","38.68","91.19","8.96","11.67","69.48","69.27","9.87","39.71","90.0","4.35","2.67","60.47","58.45","7.18","31.23","78.71","0","0","51.48","6.11"
"2024-12-03","30.34","80.08","0","0","61.02","63.03","9.04","38.83","91.35","9.1","11.76","69.89","69.61","9.92","39.58","89.8","4.06","2.29","60.58","58.58","7.21","31.08","78.55","0","0","51.9","6.22"
"2024-12-04","30.47","80.28","0","0","61.72","63.72","9.18","38.97","91.51","9.23","11.83","70.28","69.94","9.98","39.46","89.59","3.76","1.91","60.7","58.71","7.24","30.94","78.4","0","0","52.32","6.32"
"2024-12-05","30.6","80.49","0","0","62.41","64.4","9.33","39.12","91.65","9.35","11.89","70.67","70.26","10.03","39.32","89.38","3.46","1.52","60.82","58.84","7.27","30.8","78.26","0","0","52.76","6.42"
"2024-12-06","30.73","80.71","0","0","63.11","65.09","9.47","39.26","91.79","9.46","11.93","71.05","70.58","10.08","39.19","89.16","3.15","1.14","60.94","58.97","7.3","30.66","78.13","0","0","53.2","6.53"
"2024-12-07","30.87","80.93","0","0","63.81","65.77","9.61","39.39","91.93","9.56","11.97","71.42","70.89","10.13","39.05","88.94","2.85","0.75","61.07","59.11","7.33","30.53","78.0","0","0","53.66","6.64"
"2024-12-08","31.01","81.15","0","0","64.51","66.45","9.74","39.52","92.05","9.65","11.99","71.78","71.19","10.18","38.9","88.71","2.54","0.37","61.19","59.26","7.36","30.4","77.88","0","0","54.13","6.75"
"2024-12-09","31.16","81.38","0","0","65.21","67.13","9.88","39.64","92.17","9.73","12.0","72.14","71.48","10.22","38.75","88.48","2.22","0","61.32","59.41","7.4","30.28","77.76","0","0","54.6","6.87"
"2024-12-10","31.31","81.61","0","0.17","65.9","67.8","10.02","39.76","92.28","9.8","12.0","72.48","71.76","10.27","38.6","88.24","1.91","0","61.45","59.56","7.44","30.16","77.66","0","0","55.09","6.98"
"2024-12-11","31.46","81.85","0","0.56","66.59","68.47","10.15","39.88","92.38","9.86","11.98","72.82","72.04","10.31","38.44","88.01","1.59","0","61.58","59.72","7.47","30.05","77.56","0","0","55.58","7.1"
"2024-12-12","31.62","82.09","0","0.94","67.29","69.14","10.29","39.99","92.48","9.91","11.95","73.15","72.31","10.36","38.28","87.77","1.27","0","61.72","59.88","7.51","29.95","77.47","0","0","56.08","7.22"
"2024-12-13","31.78","82.33","0","1.33","67.97","69.8","10.42","40.09","92.57","9.95","11.91","73.46","72.56","10.4","38.12","87.52","0.95","0","61.86","60.05","7.55","29.84","77.38","0","0","56.6","7.34"
"2024-12-14","33.24","81.11","0.55","3.78","68.66","70.46","10.55","41.49","91.18","11.35","13.93","73.77","72.82","10.43","39.24","85.81","2.0","0.12","62.0","60.22","7.6","31.04","75.85","0","0","57.12","7.46"
"2024-12-15","34.7","79.89","2.25","6.23","69.34","71.11","10.68","42.87","89.79","12.75","15.92","74.08","73.06","10.47","40.36","84.1","3.06","1.8","62.15","60.4","7.64","32.24","74.32","0","0","57.65","7.59"
"2024-12-16","36.16","78.68","3.95","8.67","70.02","71.75","10.81","44.25","88.39","14.13","17.91","74.37","73.3","10.51","41.48","82.39","4.11","3.49","62.3","60.59","7.69","33.44","72.8","0","0","58.19","7.71"
"2024-12-17","37.62","77.47","5.65","11.11","70.69","72.39","10.93","45.62","86.99","15.5","19.88","74.65","73.53","10.54","42.59","80.68","5.16","5.17","62.45","60.78","7.73","34.65","71.28","0","0","58.73","7.84"
"2024-12-18","39.08","76.27","7.34","13.54","71.36","73.02","11.06","46.98","85.58","16.86","21.84","74.93","73.75","10.58","43.7","78.96","6.22","6.86","62.61","60.97","7.78","35.87","69.78","0","0","59.29","7.97"
"2024-12-19","40.55","75.06","9.04","15.97","72.03","73.65","11.18","48.34","84.16","18.21","23.78","75.19","73.96","10.61","44.81","77.25","7.26","8.55","62.77","61.17","7.83","37.08","68.29","0","1.04","59.85","8.1"
"2024-12-20","42.01","73.87","10.72","18.39","72.69","74.27","11.3","49.69","82.74","19.54","25.71","75.45","74.17","10.64","45.91","75.54","8.31","10.24","62.94","61.38","7.88","38.3","66.81","0","3.22","60.42","8.23"
"2024-12-21","43.48","72.67","12.41","20.8","73.34","74.88","11.42","51.03","81.31","20.87","27.62","75.7","74.36","10.67","47.0","73.83","9.36","11.92","63.1","61.59","7.94","39.53","65.34","1.13","5.41","60.99","8.37"
"2024-12-22","44.94","71.48","14.09","23.21","73.99","75.48","11.53","52.36","79.88","22.17","29.52","75.94","74.56","10.7","48.09","72.13","10.4","13.61","63.28","61.81","7.99","40.75","63.89","2.55","7.61","61.58","8.5"
"2024-12-23","46.4","70.3","15.77","25.6","74.63","76.08","11.65","53.68","78.44","23.47","31.39","76.17","74.74","10.73","49.18","70.43","11.45","15.3","63.46","62.03","8.05","41.98","62.44","3.98","9.82","62.16","8.64"
"2024-12-24","47.86","69.11","17.44","27.98","75.26","76.66","11.76","55.0","77.0","24.75","33.25","76.39","74.92","10.75","50.26","68.73","12.49","16.99","63.64","62.26","8.11","43.22","61.01","5.42","12.03","62.76","8.77"
"2024-12-25","49.31","67.94","19.1","30.35","75.88","77.24","11.87","56.3","75.55","26.01","35.1","76.61","75.09","10.78","51.34","67.04","13.53","18.67","63.83","62.5","8.16","44.45","59.59","6.86","14.24","63.36","8.91"
"2024-12-26","50.77","66.77","20.75","32.7","76.5","77.81","11.98","57.59","74.11","27.26","36.92","76.81","75.25","10.8","52.41","65.35","14.57","20.36","64.02","62.74","8.23","45.69","58.18","8.31","16.46","63.96","9.05"
"2024-12-27","52.21","65.6","22.4","35.04","77.11","78.37","12.08","58.87","72.65","28.5","38.73","77.01","75.41","10.82","53.47","63.67","15.6","22.04","64.22","62.99","8.29","46.92","56.79","9.76","18.68","64.58","9.19"
"2024-12-28","53.66","64.44","24.04","37.37","77.71","78.92","12.19","60.14","71.2","29.72","40.51","77.2","75.56","10.85","54.53","62.0","16.64","23.72","64.42","63.25","8.35","48.16","55.41","11.21","20.91","65.19","9.33"
"2024-12-29","55.1","63.28","25.66","39.68","78.31","79.46","12.29","61.39","69.75","30.92","42.28","77.38","75.7","10.87","55.58","60.33","17.67","25.4","64.63","63.51","8.42","49.4","54.05","12.67","23.13","65.81","9.47"
"2024-12-30","56.53","62.13","27.28","41.97","78.89","79.99","12.39","62.64","68.29","32.11","44.03","77.55","75.84","10.89","56.63","58.67","18.7","27.08","64.85","63.78","8.49","50.64","52.7","14.13","25.36","66.43","9.61"
"2024-12-31","57.95","60.98","28.89","44.24","79.46","80.51","12.48","63.87","66.83","33.28","45.76","77.72","75.97","10.91","57.67","57.03","19.73","28.76","65.06","64.06","8.56","51.87","51.37","15.6","27.58","67.06","9.75"
"2025-01-01","59.37","59.84","30.48","46.5","80.03","81.02","12.58","65.09","65.38","34.44","47.46","77.88","76.09","10.92","58.7","55.39","20.75","30.43","65.29","64.34","8.63","53.11","50.05","17.06","29.8","67.69","9.89"
"2025-01-02","60.79","58.71","32.06","48.74","80.59","81.51","12.67","66.29","63.92","35.58","49.15","78.02","76.21","10.94","59.72","53.76","21.77","32.1","65.52","64.63","8.7","54.35","48.75","18.53","32.02","68.33","10.03"
"2025-01-03","62.19","57.58","33.63","50.95","81.13","82.0","12.76","67.48","62.46","36.7","50.82","78.17","76.33","10.96","60.74","52.15","22.79","33.76","65.75","64.92","8.78","55.58","47.47","20.0","34.24","68.96","10.18"
"2025-01-04","63.59","56.46","35.18","53.15","81.66","82.48","12.84","68.66","61.01","37.8","52.46","78.3","76.43","10.97","61.76","50.54","23.81","35.43","65.99","65.22","8.85","56.82","46.2","21.47","36.45","69.6","10.32"
"2025-01-05","64.97","55.34","36.72","55.32","82.19","82.94","12.93","69.82","59.55","38.89","54.08","78.43","76.54","10.99","62.76","48.95","24.83","37.09","66.24","65.53","8.93","58.05","44.95","22.93","38.66","70.24","10.46"
"2025-01-06","66.35","54.23","38.25","57.47","82.7","83.39","13.01","70.97","58.1","39.96","55.68","78.55","76.64","11.0","63.76","47.37","25.84","38.74","66.49","65.84","9.01","59.28","43.72","24.4","40.86","70.88","10.6"
"2025-01-07","67.72","53.13","39.75","59.59","83.2","83.83","13.09","72.1","56.65","41.01","57.26","78.66","76.73","11.02","64.75","45.8","26.85","40.39","66.75","66.16","9.09","60.51","42.5","25.87","43.05","71.52","10.74"
"2025-01-08","69.07","52.04","41.25","61.69","83.69","84.26","13.16","73.22","55.2","42.05","58.82","78.77","76.82","11.03","65.73","44.25","27.85","42.04","67.01","66.49","9.17","61.73","41.3","27.33","45.24","72.17","10.89"
"2025-01-09","70.42","50.95","42.72","63.77","84.17","84.67","13.23","74.32","53.76","43.06","60.35","78.87","76.9","11.04","66.71","42.72","28.85","43.68","67.28","66.82","9.25","62.95","40.12","28.79","47.42","72.81","11.03"
"2025-01-10","71.75","49.87","44.18","65.82","84.64","85.08","13.3","75.41","52.32","44.06","61.86","78.96","76.98","11.06","67.67","41.2","29.85","45.31","67.56","67.16","9.34","64.16","38.96","30.25","49.59","73.46","11.17"
"2025-01-11","73.07","48.79","45.62","67.84","85.09","85.47","13.37","76.48","50.89","45.04","63.35","79.05","77.05","11.07","68.63","39.69","30.85","46.94","67.84","67.5","9.42","65.38","37.82","31.7","51.75","74.1","11.31"
"2025-01-12","74.38","47.72","47.03","69.83","85.53","85.84","13.43","77.53","49.46","46.0","64.82","79.13","77.13","11.08","69.58","38.21","31.84","48.57","68.12","67.85","9.51","66.58","36.69","33.15","53.9","74.74","11.45"
"2025-01-13","75.67","46.66","48.43","71.79","85.96","86.21","13.5","78.57","48.04","46.95","66.26","79.21","77.19","11.09","70.52","36.74","32.83","50.18","68.41","68.21","9.6","67.78","35.59","34.59","56.04","75.38","11.59"
"2025-01-14","76.95","45.61","49.81","73.73","86.38","86.56","13.55","79.59","46.62","47.87","67.68","79.28","77.26","11.1","71.46","35.29","33.81","51.79","68.71","68.57","9.69","68.98","34.5","36.03","58.16","76.02","11.72"
"2025-01-15","78.22","44.57","51.17","75.64","86.78","86.9","13.61","80.59","45.21","48.78","69.07","79.34","77.32","11.11","72.38","33.85","34.79","53.4","69.01","68.94","9.78","70.17","33.44","37.46","60.27","76.66","11.86"
"2025-01-16","79.47","43.53","52.51","77.51","87.17","87.22","13.66","81.58","43.81","49.67","70.44","79.4","77.37","11.12","73.3","32.44","35.77","54.99","69.32","69.31","9.87","71.35","32.39","38.89","62.36","77.29","12.0"
"2025-01-17","80.7","42.5","53.83","79.35","87.55","87.54","13.71","82.55","42.41","50.53","71.79","79.46","77.43","11.14","74.2","31.05","36.74","56.58","69.63","69.69","9.97","72.52","31.36","40.31","64.44","77.92","12.13"
"2025-01-18","81.92","41.49","55.12","81.17","87.92","87.83","13.76","83.5","41.03","51.38","73.11","79.5","77.48","11.15","75.1","29.67","37.71","58.16","69.95","70.07","10.06","73.69","30.35","41.72","66.51","78.55","12.27"
"2025-01-19","83.13","40.47","56.39","82.94","88.27","88.12","13.81","84.43","39.65","52.22","74.41","79.55","77.53","11.16","75.99","28.32","38.67","59.73","70.28","70.46","10.16","74.85","29.37","43.12","68.55","79.18","12.4"
"2025-01-20","84.31","39.47","57.64","84.69","88.6","88.39","13.85","85.34","38.28","53.03","75.68","79.59","77.57","11.17","76.87","26.99","39.63","61.29","70.6","70.86","10.25","76.0","28.4","44.51","70.58","79.8","12.53"
"2025-01-21","85.48","38.48","58.86","86.4","88.93","88.65","13.89","86.24","36.93","53.82","76.93","79.62","77.62","11.18","77.74","25.68","40.58","62.84","70.94","71.25","10.35","77.15","27.45","45.89","72.59","80.41","12.66"
"2025-01-22","86.63","37.49","60.06","88.08","89.24","88.89","13.92","87.11","35.58","54.59","78.16","79.65","77.66","11.19","78.6","24.39","41.53","64.39","71.28","71.66","10.45","78.28","26.53","47.26","74.58","81.02","12.79"
"2025-01-23","87.76","36.52","61.24","89.72","89.53","89.13","13.96","87.97","34.24","55.35","79.36","79.68","77.7","11.2","79.45","23.13","42.47","65.92","71.62","72.06","10.55","79.41","25.62","48.62","76.55","81.63","12.92"
"2025-01-24","88.88","35.55","62.39","91.33","89.81","89.34","13.99","88.81","32.92","56.08","80.54","79.71","77.74","11.21","80.28","21.89","43.41","67.44","71.97","72.48","10.65","80.52","24.74","49.96","78.49","82.23","13.04"
"2025-01-25","89.97","34.6","63.51","92.9","90.08","89.55","14.02","89.63","31.61","56.8","81.69","79.73","77.77","11.22","81.11","20.67","44.34","68.95","72.32","72.89","10.75","81.62","23.87","51.3","80.42","82.82","13.17"
"2025-01-26","91.05","33.65","64.61","94.44","90.34","89.74","14.04","90.43","30.31","57.5","82.81","79.74","77.81","11.23","81.93","19.48","45.27","70.45","72.68","73.31","10.85","82.72","23.03","52.62","82.32","83.41","13.29"
"2025-01-27","92.1","32.72","65.68","95.93","90.57","89.92","14.07","91.21","29.03","58.18","83.91","79.76","77.85","11.24","82.74","18.31","46.19","71.94","73.04","73.74","10.95","83.8","22.21","53.93","84.19","83.99","13.41"
"2025-01-28","93.14","31.79","66.73","97.4","90.8","90.08","14.09","91.97","27.75","58.84","84.99","79.77","77.88","11.25","83.54","17.17","47.1","73.41","73.4","74.16","11.06","84.87","21.41","55.22","86.04","84.56","13.53"
"2025-01-29","94.15","30.87","67.75","98.82","91.01","90.23","14.1","92.72","26.5","59.48","86.04","79.78","77.91","11.26","84.33","16.05","48.0","74.87","73.77","74.59","11.16","85.93","20.63","56.5","87.87","85.13","13.64"
"2025-01-30","95.15","29.97","68.74","100.2","91.21","90.37","14.12","93.44","25.26","60.1","87.07","79.78","77.95","11.28","85.1","14.96","48.9","76.32","74.15","75.02","11.26","86.97","19.87","57.76","89.66","85.69","13.76"
"2025-01-31","96.12","29.07","69.7","101.55","91.39","90.49","14.13","94.14","24.03","60.71","88.07","79.79","77.98","11.29","85.87","13.89","49.79","77.76","74.52","75.46","11.37","88.01","19.13","59.0","91.44","86.23","13.87"
"2025-02-01","97.07","28.19","70.64","102.86","91.56","90.6","14.14","94.83","22.82","61.29","89.05","79.79","78.01","11.3","86.62","12.85","50.68","79.18","74.91","75.9","11.47","89.02","18.42","60.23","93.18","86.77","13.98"
"2025-02-02","97.99","27.32","71.55","104.12","91.72","90.7","14.15","95.49","21.63","61.86","90.0","79.79","78.04","11.31","87.36","11.84","51.56","80.58","75.29","76.34","11.58","90.03","17.72","61.44","94.89","87.31","14.08"
"2025-02-03","98.9","26.46","72.42","105.35","91.86","90.79","14.15","96.13","20.45","62.41","90.93","79.79","78.07","11.33","88.09","10.86","52.42","81.97","75.68","76.78","11.68","91.02","17.05","62.64","96.57","87.83","14.19"
"2025-02-04","99.78","25.61","73.27","106.54","91.98","90.86","14.15","96.75","19.29","62.94","91.83","79.78","78.11","11.34","88.81","9.9","53.29","83.35","76.06","77.22","11.79","92.0","16.4","63.81","98.22","88.34","14.29"
"2025-02-05","100.64","24.77","74.09","107.69","92.1","90.92","14.15","97.36","18.16","63.45","92.71","79.78","78.14","11.36","89.52","8.97","54.14","84.71","76.46","77.67","11.89","92.96","15.77","64.97","99.84","88.84","14.39"
"2025-02-06","101.47","23.94","74.88","108.8","92.2","90.96","14.15","97.94","17.03","63.94","93.56","79.77","78.17","11.37","90.22","8.07","54.98","86.05","76.85","78.12","12.0","93.9","15.16","66.1","101.43","89.33","14.49"
"2025-02-07","102.29","23.13","75.65","109.86","92.28","91.0","14.15","98.5","15.93","64.41","94.39","79.77","78.21","11.39","90.9","7.2","55.82","87.37","77.25","78.56","12.1","94.83","14.57","67.22","102.99","89.81","14.58"
"2025-02-08","103.07","22.33","76.38","110.89","92.35","91.02","14.14","99.05","14.85","64.87","95.19","79.76","78.24","11.41","91.57","6.36","56.64","88.68","77.65","79.01","12.21","95.74","14.01","68.31","104.51","90.28","14.67"
"2025-02-09","103.84","21.54","77.08","111.87","92.41","91.03","14.13","99.57","13.79","65.31","95.97","79.75","78.28","11.42","92.23","5.55","57.46","89.97","78.05","79.46","12.31","96.64","13.46","69.38","105.99","90.74","14.76"
"2025-02-10","104.57","20.77","77.75","112.82","92.45","91.02","14.12","100.07","12.75","65.73","96.72","79.74","78.32","11.44","92.87","4.77","58.27","91.24","78.45","79.91","12.41","97.52","12.94","70.43","107.45","91.19","14.85"
"2025-02-11","105.29","20.0","78.39","113.72","92.48","91.01","14.11","100.55","11.73","66.13","97.45","79.73","78.36","11.46","93.51","4.01","59.06","92.49","78.85","80.35","12.52","98.38","12.43","71.46","108.86","91.62","14.93"
"2025-02-12","105.97","19.25","79.0","114.58","92.5","90.98","14.09","101.01","10.74","66.52","98.15","79.73","78.4","11.48","94.13","3.29","59.85","93.73","79.26","80.8","12.62","99.22","11.95","72.46","110.24","92.04","15.01"
"2025-02-13","106.64","18.52","79.58","115.4","92.51","90.95","14.07","101.45","9.76","66.88","98.83","79.72","78.44","11.5","94.73","2.6","60.62","94.94","79.66","81.25","12.72","100.05","11.49","73.44","111.58","92.45","15.09"
"2025-02-14","107.27","17.8","80.13","116.17","92.5","90.9","14.05","101.87","8.81","67.23","99.49","79.71","78.48","11.52","95.33","1.93","61.39","96.13","80.06","81.69","12.83","100.85","11.05","74.4","112.88","92.85","15.16"
"2025-02-15","107.88","17.09","80.65","116.91","92.48","90.84","14.03","102.28","7.88","67.57","100.12","79.7","78.53","11.54","95.91","1.3","62.14","97.3","80.47","82.13","12.93","101.64","10.64","75.33","114.15","93.23","15.23"
"2025-02-16","108.47","16.39","81.14","117.6","92.44","90.76","14.01","102.66","6.98","67.88","100.72","79.7","78.58","11.56","96.47","0.7","62.88","98.45","80.87","82.58","13.03","102.41","10.24","76.24","115.38","93.6","15.3"
"2025-02-17","109.03","15.72","81.59","118.25","92.4","90.68","13.98","103.02","6.1","68.18","101.3","79.69","78.63","11.58","97.03","0.13","63.61","99.58","81.28","83.01","13.13","103.15","9.86","77.12","116.56","93.95","15.36"
"2025-02-18","109.56","15.05","82.02","118.86","92.34","90.59","13.95","103.36","5.24","68.46","101.86","79.69","78.68","11.6","97.57","0","64.33","100.68","81.68","83.45","13.23","103.88","9.51","77.97","117.71","94.3","15.42"
"2025-02-19","110.06","14.4","82.41","119.43","92.27","90.49","13.92","103.68","4.41","68.73","102.39","79.68","78.73","11.63","98.09","0","65.04","101.76","82.08","83.89","13.33","104.59","9.17","78.8","118.81","94.62","15.48"
"2025-02-20","110.54","13.77","82.78","119.95","92.19","90.37","13.89","103.98","3.61","68.98","102.9","79.68","78.79","11.65","98.6","0","65.73","102.82","82.49","84.32","13.42","105.27","8.86","79.6","119.88","94.94","15.53"
"2025-02-21","110.99","13.15","83.11","120.44","92.09","90.25","13.86","104.26","2.83","69.21","103.38","79.68","78.84","11.68","99.1","0","66.41","103.86","82.89","84.74","13.52","105.94","8.56","80.37","120.9","95.24","15.58"
"2025-02-22","111.42","12.54","83.41","120.88","91.98","90.12","13.82","104.52","2.08","69.42","103.84","79.68","78.9","11.7","99.58","0","67.08","104.87","83.28","85.17","13.61","106.58","8.29","81.11","121.88","95.52","15.63"
"2025-02-23","111.82","11.96","83.69","121.28","91.87","89.98","13.79","104.76","1.35","69.62","104.28","79.68","78.97","11.73","100.05","0","67.73","105.85","83.68","85.58","13.71","107.2","8.04","81.83","122.81","95.79","15.68"
"2025-02-24","112.19","11.39","83.93","121.63","91.74","89.83","13.75","104.98","0.66","69.8","104.69","79.68","79.03","11.76","100.5","0","68.37","106.81","84.07","86.0","13.8","107.8","7.8","82.52","123.71","96.04","15.72"
"2025-02-25","112.53","10.83","84.14","121.95","91.6","89.67","13.71","105.18","0","69.97","105.08","79.69","79.1","11.78","100.93","0","68.99","107.74","84.46","86.41","13.89","108.37","7.59","83.18","124.56","96.28","15.75"
"2025-02-26","112.85","10.29","84.32","122.22","91.45","89.5","13.67","105.36","0","70.12","105.44","79.69","79.17","11.81","101.36","0","69.6","108.64","84.85","86.81","13.98","108.92","7.4","83.8","125.36","96.5","15.79"
"2025-02-27","113.14","9.77","84.47","122.45","91.29","89.32","13.63","105.52","0","70.26","105.78","79.7","79.24","11.84","101.76","0","70.19","109.52","85.23","87.21","14.06","109.45","7.23","84.4","126.12","96.71","15.82"
"2025-02-28","113.4","9.27","84.58","122.65","91.12","89.14","13.59","105.66","0","70.37","106.1","79.71","79.31","11.87","102.15","0","70.77","110.37","85.61","87.6","14.15","109.96","7.08","84.97","126.84","96.9","15.85"
"2025-03-01","113.63","8.78","84.67","122.8","90.94","88.94","13.55","105.78","0","70.48","106.39","79.73","79.39","11.9","102.53","0","71.33","111.19","85.99","87.99","14.23","110.44","6.94","85.51","127.51","97.08","15.87"
"2025-03-02","113.84","8.31","84.73","122.91","90.75","88.74","13.5","105.89","0","70.57","106.66","79.74","79.47","11.93","102.89","0","71.88","111.99","86.36","88.37","14.32","110.9","6.83","86.01","128.13","97.24","15.89"
"2025-03-03","114.02","7.86","84.76","122.98","90.55","88.54","13.46","105.97","0","70.64","106.9","79.76","79.55","11.96","103.23","0","72.4","112.75","86.72","88.74","14.4","111.33","6.74","86.49","128.71","97.38","15.91"
"2025-03-04","114.17","7.43","84.76","123.0","90.34","88.32","13.41","106.04","0","70.7","107.12","79.78","79.64","11.99","103.56","0","72.92","113.49","87.09","89.11","14.47","111.74","6.66","86.93","129.24","97.51","15.92"
"2025-03-05","114.29","7.02","84.73","122.99","90.13","88.1","13.36","106.08","0","70.74","107.32","79.8","79.72","12.03","103.87","0","73.41","114.19","87.44","89.47","14.55","112.12","6.61","87.34","129.73","97.62","15.93"
"2025-03-06","114.39","6.62","84.67","122.94","89.9","87.87","13.31","106.11","0","70.77","107.49","79.82","79.81","12.06","104.16","0","73.89","114.86","87.79","89.82","14.62","112.48","6.57","87.72","130.17","97.72","15.93"
"2025-03-07","114.46","6.24","84.58","122.85","89.67","87.64","13.26","106.12","0","70.78","107.64","79.85","79.9","12.09","104.44","0","74.35","115.51","88.14","90.16","14.7","112.81","6.55","88.07","130.56","97.79","15.94"
"2025-03-08","114.5","5.89","84.46","122.72","89.43","87.4","13.21","106.11","0","70.78","107.77","79.87","80.0","12.13","104.7","0","74.79","116.12","88.47","90.5","14.77","113.12","6.55","88.38","130.91","97.86","15.93"
"2025-03-09","114.52","5.55","84.31","122.55","89.18","87.16","13.16","106.08","0","70.77","107.87","79.9","80.09","12.16","104.94","0","75.21","116.7","88.8","90.82","14.83","113.4","6.58","88.67","131.2","97.9","15.93"
"2025-03-10","114.5","5.23","84.13","122.35","88.92","86.91","13.11","106.03","0","70.74","107.95","79.94","80.19","12.2","105.17","0","75.62","117.24","89.13","91.14","14.9","113.66","6.61","88.92","131.45","97.93","15.92"
"2025-03-11","114.47","4.93","83.93","122.1","88.66","86.65","13.06","105.97","0","70.69","108.01","79.97","80.29","12.23","105.38","0","76.0","117.76","89.45","91.45","14.96","113.89","6.67","89.13","131.65","97.94","15.91"
"2025-03-12","114.4","4.65","83.7","121.82","88.39","86.39","13.01","105.88","0","70.64","108.04","80.01","80.39","12.27","105.57","0","76.36","118.24","89.75","91.74","15.02","114.09","6.75","89.31","131.81","97.94","15.89"
"2025-03-13","114.31","4.4","83.44","121.5","88.11","86.13","12.95","105.78","0","70.56","108.05","80.05","80.49","12.3","105.74","0","76.71","118.68","90.06","92.03","15.08","114.27","6.84","89.46","131.91","97.92","15.87"
"2025-03-14","114.19","4.16","83.15","121.14","87.83","85.86","12.9","105.66","0","70.48","108.04","80.09","80.6","12.34","105.9","0","77.03","119.1","90.35","92.31","15.13","114.42","6.95","89.58","131.97","97.88","15.85"
"2025-03-15","114.04","3.94","82.84","120.74","87.54","85.59","12.85","105.52","0","70.38","108.01","80.13","80.7","12.38","106.04","0","77.34","119.47","90.63","92.57","15.18","114.54","7.08","89.66","131.98","97.83","15.83"
"2025-03-16","113.87","3.75","82.5","120.31","87.24","85.31","12.79","105.37","0","70.27","107.95","80.18","80.81","12.41","106.15","0","77.62","119.82","90.91","92.83","15.23","114.64","7.23","89.71","131.95","97.76","15.8"
"2025-03-17","113.67","3.57","82.13","119.84","86.94","85.03","12.74","105.2","0","70.14","107.87","80.23","80.92","12.45","106.26","0","77.88","120.12","91.18","93.07","15.28","114.71","7.4","89.72","131.86","97.68","15.77"
"2025-03-18","113.44","3.42","81.74","119.34","86.64","84.75","12.68","105.01","0","70.0","107.76","80.28","81.03","12.49","106.34","0","78.12","120.39","91.43","93.31","15.32","114.75","7.58","89.7","131.73","97.58","15.73"
"2025-03-19","113.19","3.29","81.32","118.8","86.33","84.46","12.63","104.8","0","69.84","107.63","80.33","81.14","12.52","106.4","0","78.34","120.63","91.68","93.53","15.37","114.76","7.78","89.65","131.54","97.46","15.69"
"2025-03-20","112.92","3.18","80.88","118.23","86.01","84.18","12.57","104.58","0","69.68","107.48","80.38","81.26","12.56","106.45","0","78.53","120.83","91.92","93.74","15.4","114.75","8.0","89.56","131.31","97.32","15.65"
"2025-03-21","112.61","3.1","80.41","117.63","85.7","83.89","12.52","104.34","0","69.5","107.31","80.44","81.37","12.6","106.48","0","78.71","120.99","92.15","93.94","15.44","114.71","8.24","89.44","131.04","97.18","15.6"
"2025-03-22","112.29","3.03","79.92","116.99","85.37","83.6","12.47","104.08","0","69.3","107.11","80.49","81.49","12.64","106.48","0","78.86","121.11","92.36","94.12","15.47","114.64","8.49","89.28","130.71","97.01","15.55"
"2025-03-23","111.93","2.99","79.4","116.31","85.05","83.3","12.41","103.81","0","69.1","106.89","80.55","81.6","12.67","106.47","0","78.99","121.2","92.57","94.29","15.5","114.55","8.76","89.09","130.34","96.83","15.5"
"2025-03-24","111.56","2.97","78.86","115.61","84.72","83.01","12.36","103.52","0","68.88","106.65","80.61","81.72","12.71","106.44","0","79.09","121.25","92.76","94.45","15.53","114.42","9.04","88.87","129.92","96.63","15.45"
"2025-03-25","111.15","2.98","78.29","114.87","84.39","82.71","12.3","103.21","0","68.64","106.38","80.67","81.83","12.75","106.39","0.08","79.17","121.26","92.95","94.6","15.55","114.27","9.35","88.61","129.45","96.42","15.39"
"2025-03-26","110.73","3.0","77.71","114.1","84.06","82.42","12.25","102.89","0","68.4","106.1","80.73","81.95","12.78","106.33","0.62","79.23","121.23","93.12","94.73","15.57","114.1","9.67","88.32","128.94","96.2","15.33"
"2025-03-27","110.28","3.05","77.1","113.3","83.72","82.12","12.2","102.55","0","68.14","105.78","80.8","82.06","12.82","106.24","1.18","79.26","121.17","93.28","94.85","15.59","113.89","10.0","88.0","128.38","95.95","15.27"
"2025-03-28","109.8","3.13","76.47","112.47","83.38","81.82","12.14","102.2","0","67.87","105.45","80.86","82.18","12.85","106.13","1.77","79.27","121.06","93.43","94.96","15.6","113.66","10.35","87.64","127.77","95.7","15.2"
"2025-03-29","109.3","3.23","75.81","111.6","83.04","81.53","12.09","101.83","0","67.58","105.09","80.93","82.29","12.89","106.0","2.38","79.25","120.92","93.56","95.05","15.61","113.4","10.72","87.25","127.12","95.43","15.13"
"2025-03-30","108.78","3.35","75.14","110.71","82.7","81.23","12.04","101.44","0","67.29","104.71","81.0","82.41","12.93","105.85","3.02","79.21","120.74","93.69","95.13","15.62","113.11","11.1","86.83","126.42","95.14","15.06"
"2025-03-31","108.24","3.5","74.44","109.79","82.36","80.93","11.98","101.04","0","66.98","104.31","81.06","82.52","12.96","105.69","3.68","79.14","120.51","93.8","95.19","15.62","112.79","11.51","86.37","125.67","94.84","14.98"
"2025-04-01","107.67","3.67","73.73","108.84","82.01","80.64","11.93","100.63","0","66.66","103.88","81.13","82.63","12.99","105.5","4.37","79.05","120.25","93.9","95.25","15.62","112.45","11.92","85.88","124.88","94.53","14.9"
"2025-04-02","107.08","3.86","72.99","107.86","81.67","80.34","11.88","100.19","0","66.32","103.44","81.2","82.74","13.03","105.29","5.08","78.94","119.95","93.98","95.28","15.62","112.08","12.35","85.36","124.05","94.2","14.82"
"2025-04-03","106.47","4.08","72.23","106.86","81.32","80.04","11.83","99.75","0","65.97","102.96","81.26","82.85","13.06","105.06","5.81","78.79","119.6","94.05","95.3","15.61","111.68","12.8","84.8","123.17","93.86","14.74"
"2025-04-04","105.84","4.32","71.46","105.83","80.98","79.75","11.78","99.29","0","65.61","102.47","81.33","82.96","13.09","104.81","6.56","78.62","119.22","94.11","95.31","15.6","111.25","13.26","84.21","122.25","93.51","14.66"
"2025-04-05","105.18","4.59","70.67","104.77","80.63","79.46","11.73","98.81","0","65.24","101.95","81.4","83.06","13.12","104.55","7.34","78.43","118.8","94.16","95.3","15.59","110.8","13.74","83.6","121.28","93.14","14.57"
"2025-04-06","104.51","4.88","69.86","103.68","80.29","79.17","11.68","98.32","0","64.86","101.41","81.47","83.17","13.15","104.26","8.14","78.21","118.33","94.19","95.28","15.57","110.32","14.23","82.95","120.27","92.76","14.48"
"2025-04-07","103.81","5.2","69.03","102.57","79.94","78.88","11.63","97.82","0","64.46","100.85","81.53","83.27","13.18","103.95","8.96","77.96","117.83","94.21","95.24","15.55","109.82","14.74","82.26","119.22","92.37","14.39"
"2025-04-08","103.09","5.54","68.18","101.44","79.6","78.59","11.59","97.3","0","64.05","100.26","81.6","83.37","13.21","103.62","9.81","77.69","117.28","94.21","95.19","15.53","109.28","15.27","81.55","118.13","91.97","14.29"
"2025-04-09","102.35","5.91","67.32","100.28","79.26","78.31","11.54","96.77","0.58","63.63","99.65","81.66","83.46","13.24","103.27","10.67","77.39","116.7","94.2","95.12","15.5","108.72","15.8","80.81","116.99","91.55","14.2"
"2025-04-10","101.6","6.3","66.44","99.1","78.92","78.03","11.49","96.22","1.3","63.19","99.02","81.73","83.55","13.26","102.9","11.55","77.06","116.07","94.18","95.03","15.47","108.14","16.36","80.03","115.81","91.12","14.1"
"2025-04-11","100.82","6.72","65.54","97.89","78.58","77.75","11.45","95.66","2.05","62.75","98.36","81.79","83.64","13.29","102.5","12.45","76.71","115.4","94.14","94.93","15.44","107.53","16.93","79.23","114.6","90.69","14.0"
"2025-04-12","100.03","7.17","64.63","96.66","78.24","77.47","11.4","95.09","2.83","62.29","97.68","81.85","83.73","13.31","102.09","13.38","76.33","114.7","94.08","94.82","15.4","106.89","17.51","78.4","113.34","90.24","13.89"
"2025-04-13","99.21","7.64","63.71","95.41","77.91","77.19","11.36","94.5","3.64","61.82","96.98","81.91","83.81","13.34","101.66","14.32","75.92","113.95","94.01","94.69","15.36","106.23","18.11","77.53","112.04","89.78","13.79"
"2025-04-14","98.38","8.13","62.77","94.14","77.57","76.92","11.32","93.9","4.48","61.33","96.26","81.96","83.89","13.36","101.2","15.28","75.48","113.16","93.93","94.55","15.31","105.54","18.72","76.64","110.71","89.31","13.68"
"2025-04-15","97.53","8.65","61.82","92.85","77.24","76.65","11.27","93.29","5.34","60.84","95.51","82.02","83.96","13.38","100.73","16.26","75.02","112.33","93.83","94.39","15.27","104.82","19.34","75.72","109.33","88.83","13.58"
"2025-04-16","96.67","9.19","60.85","91.53","76.91","76.39","11.23","92.67","6.24","60.33","94.74","82.07","84.03","13.4","100.23","17.25","74.53","111.46","93.72","94.21","15.22","104.09","19.98","74.78","107.92","88.34","13.47"
"2025-04-17","95.78","9.76","59.87","90.2","76.59","76.12","11.19","92.03","7.17","59.81","93.94","82.12","84.1","13.42","99.72","18.26","74.02","110.55","93.6","94.02","15.16","103.32","20.64","73.8","106.48","87.84","13.36"
"2025-04-18","94.88","10.36","58.88","88.85","76.26","75.87","11.15","91.37","8.12","59.27","93.13","82.16","84.15","13.43","99.18","19.29","73.47","109.59","93.45","93.81","15.11","102.53","21.31","72.8","104.99","87.33","13.24"
"2025-04-19","93.97","10.98","57.87","87.48","75.94","75.61","11.11","90.71","9.1","58.73","92.29","82.21","84.21","13.45","98.62","20.34","72.9","108.6","93.3","93.59","15.05","101.72","21.99","71.77","103.47","86.82","13.13"
"2025-04-20","93.03","11.63","56.86","86.09","75.63","75.36","11.07","90.03","10.11","58.17","91.42","82.25","84.26","13.46","98.05","21.4","72.3","107.57","93.13","93.36","14.98","100.89","22.69","70.72","101.92","86.29","13.01"
"2025-04-21","92.09","12.3","55.83","84.69","75.31","75.11","11.04","89.35","11.15","57.6","90.54","82.28","84.3","13.47","97.45","22.47","71.68","106.5","92.94","93.1","14.92","100.03","23.4","69.64","100.33","85.76","12.9"
"2025-04-22","91.12","13.0","54.79","83.26","75.0","74.86","11.0","88.65","12.21","57.01","89.63","82.31","84.34","13.48","96.83","23.56","71.03","105.39","92.74","92.84","14.85","99.15","24.12","68.53","98.71","85.22","12.78"
"2025-04-23","90.15","13.72","53.74","81.82","74.7","74.62","10.96","87.93","13.3","56.41","88.7","82.34","84.37","13.49","96.19","24.67","70.35","104.23","92.52","92.56","14.77","98.24","24.86","67.4","97.06","84.68","12.66"
"2025-04-24","89.16","14.47","52.69","80.37","74.4","74.39","10.93","87.21","14.41","55.81","87.74","82.37","84.39","13.49","95.53","25.78","69.64","103.04","92.29","92.26","14.7","97.31","25.61","66.25","95.37","84.12","12.54"
"2025-04-25","88.15","15.24","51.62","78.9","74.1","74.15","10.9","86.47","15.55","55.18","86.76","82.39","84.41","13.5","94.85","26.92","68.91","101.81","92.04","91.95","14.62","96.36","26.38","65.07","93.65","83.56","12.42"
"2025-04-26","87.13","16.04","50.54","77.41","73.8","73.92","10.86","85.72","16.72","54.55","85.76","82.4","84.42","13.5","94.15","28.06","68.15","100.55","91.78","91.62","14.53","95.39","27.15","63.87","91.91","83.0","12.3"
"2025-04-27","86.1","16.86","49.46","75.91","73.51","73.7","10.83","84.96","17.91","53.9","84.73","82.41","84.43","13.5","93.43","29.22","67.36","99.24","91.51","91.28","14.45","94.4","27.95","62.65","90.13","82.43","12.18"
"2025-04-28","85.06","17.71","48.37","74.4","73.22","73.48","10.8","84.19","19.12","53.24","83.69","82.42","84.43","13.5","92.69","30.38","66.54","97.89","91.22","90.93","14.36","93.38","28.75","61.4","88.33","81.85","12.06"
"2025-04-29","84.0","18.58","47.27","72.87","72.94","73.26","10.77","83.41","20.35","52.57","82.61","82.42","84.42","13.5","91.92","31.56","65.7","96.51","90.92","90.56","14.27","92.35","29.57","60.14","86.49","81.27","11.94"
"2025-04-30","82.93","19.47","46.16","71.33","72.66","73.05","10.74","82.62","21.61","51.89","81.52","82.41","84.4","13.49","91.14","32.76","64.84","95.09","90.6","90.18","14.17","91.29","30.4","58.85","84.63","80.69","11.82"
"2025-05-01","81.86","20.4","45.05","69.78","72.39","72.84","10.71","81.82","22.89","51.19","80.4","82.4","84.37","13.48","90.34","33.96","63.94","93.64","90.26","89.78","14.08","90.21","31.24","57.55","82.75","80.1","11.69"
"2025-05-02","80.77","21.34","43.92","68.21","72.12","72.63","10.68","81.0","24.19","50.48","79.26","82.38","84.34","13.47","89.52","35.17","63.02","92.14","89.92","89.37","13.98","89.12","32.1","56.22","80.84","79.51","11.57"
"2025-05-03","79.67","22.31","42.8","66.64","71.86","72.43","10.65","80.18","25.51","49.76","78.1","82.36","84.3","13.46","88.68","36.39","62.08","90.61","89.56","88.95","13.87","88.01","32.97","54.88","78.9","78.91","11.45"
"2025-05-04","78.56","23.3","41.67","65.05","71.6","72.23","10.63","79.34","26.86","49.02","76.92","82.33","84.25","13.45","87.83","37.62","61.11","89.05","89.18","88.51","13.77","86.87","33.85","53.52","76.94","78.32","11.32"
"2025-05-05","77.44","24.32","40.53","63.45","71.34","72.04","10.6","78.5","28.22","48.27","75.71","82.29","84.19","13.43","86.95","38.86","60.11","87.45","88.79","88.06","13.66","85.72","34.75","52.14","74.96","77.72","11.2"
"2025-05-06","76.31","25.36","39.39","61.85","71.09","71.85","10.57","77.64","29.6","47.51","74.48","82.25","84.12","13.41","86.05","40.11","59.09","85.81","88.39","87.6","13.55","84.55","35.66","50.74","72.95","77.11","11.07"
"2025-05-07","75.17","26.42","38.24","60.23","70.85","71.66","10.55","76.78","31.0","46.74","73.22","82.2","84.05","13.39","85.14","41.36","58.05","84.14","87.98","87.12","13.44","83.37","36.57","49.33","70.93","76.51","10.95"
"2025-05-08","74.03","27.5","37.09","58.6","70.6","71.48","10.53","75.9","32.42","45.95","71.95","82.14","83.96","13.37","84.2","42.62","56.98","82.44","87.55","86.64","13.32","82.17","37.51","47.9","68.88","75.91","10.83"
"2025-05-09","72.88","28.61","35.94","56.97","70.37","71.3","10.5","75.02","33.86","45.15","70.65","82.08","83.87","13.34","83.25","43.89","55.88","80.7","87.11","86.14","13.21","80.95","38.45","46.46","66.82","75.3","10.7"
"2025-05-10","71.72","29.74","34.78","55.33","70.14","71.13","10.48","74.12","35.31","44.34","69.33","82.01","83.76","13.31","82.28","45.17","54.76","78.93","86.65","85.63","13.09","79.71","39.41","45.0","64.74","74.69","10.58"
"2025-05-11","70.55","30.9","33.62","53.68","69.91","70.96","10.46","73.22","36.78","43.51","67.99","81.93","83.65","13.28","81.29","46.45","53.62","77.13","86.19","85.1","12.97","78.46","40.38","43.53","62.64","74.09","10.46"
"2025-05-12","69.38","32.07","32.46","52.02","69.69","70.79","10.43","72.3","38.26","42.67","66.62","81.84","83.53","13.25","80.28","47.74","52.45","75.29","85.71","84.57","12.84","77.2","41.36","42.05","60.52","73.48","10.34"
"2025-05-13","68.2","33.27","31.29","50.36","69.47","70.63","10.41","71.38","39.76","41.82","65.24","81.74","83.39","13.22","79.26","49.03","51.26","73.43","85.22","84.03","12.72","75.92","42.35","40.55","58.39","72.87","10.22"
"2025-05-14","67.01","34.48","30.13","48.69","69.25","70.47","10.39","70.45","41.28","40.96","63.83","81.64","83.25","13.18","78.22","50.33","50.05","71.53","84.71","83.47","12.59","74.63","43.35","39.05","56.24","72.27","10.1"
"2025-05-15","65.82","35.72","28.96","47.02","69.05","70.31","10.37","69.51","42.81","40.08","62.4","81.53","83.1","13.14","77.16","51.63","48.82","69.61","84.2","82.91","12.46","73.32","44.37","37.53","54.08","71.67","9.98"
"2025-05-16","64.62","36.98","27.79","45.34","68.84","70.15","10.35","68.56","44.35","39.19","60.95","81.4","82.94","13.09","76.08","52.93","47.56","67.66","83.67","82.33","12.33","72.0","45.4","36.0","51.91","71.07","9.86"
"2025-05-17","63.42","38.26","26.62","43.65","68.64","70.0","10.33","67.6","45.9","38.29","59.48","81.28","82.76","13.05","74.99","54.24","46.29","65.67","83.14","81.75","12.19","70.67","46.44","34.46","49.73","70.47","9.74"
"2025-05-18","62.22","39.56","25.45","41.96","68.44","69.86","10.31","66.63","47.47","37.37","57.98","81.14","82.58","13.0","73.89","55.56","44.99","63.66","82.59","81.15","12.06","69.33","47.49","32.92","47.53","69.87","9.62"
"2025-05-19","61.01","40.88","24.28","40.26","68.25","69.71","10.29","65.66","49.05","36.45","56.47","80.99","82.39","12.95","72.76","56.87","43.67","61.63","82.03","80.55","11.92","67.98","48.55","31.36","45.32","69.28","9.5"
"2025-05-20","59.8","42.21","23.11","38.57","68.07","69.57","10.27","64.67","50.63","35.51","54.93","80.83","82.18","12.9","71.62","58.19","42.33","59.57","81.47","79.94","11.79","66.61","49.62","29.8","43.11","68.68","9.39"
"2025-05-21","58.59","43.57","21.94","36.86","67.88","69.43","10.25","63.68","52.23","34.55","53.38","80.67","81.97","12.84","70.47","59.51","40.97","57.48","80.89","79.32","11.65","65.24","50.7","28.23","40.88","68.1","9.28"
"2025-05-22","57.37","44.94","20.77","35.16","67.7","69.29","10.23","62.68","53.84","33.59","51.8","80.49","81.74","12.78","69.3","60.83","39.6","55.36","80.3","78.69","11.51","63.85","51.8","26.66","38.65","67.51","9.16"
"2025-05-23","56.15","46.33","19.6","33.45","67.53","69.15","10.22","61.68","55.45","32.61","50.2","80.31","81.5","12.72","68.12","62.15","38.2","53.23","79.7","78.05","11.36","62.46","52.9","25.08","36.42","66.93","9.05"
"2025-05-24","54.93","47.74","18.43","31.74","67.36","69.02","10.2","60.66","57.08","31.62","48.58","80.12","81.26","12.66","66.92","63.48","36.79","51.07","79.1","77.41","11.22","61.06","54.01","23.5","34.17","66.36","8.94"
"2025-05-25","53.71","49.17","17.27","30.03","67.19","68.89","10.18","59.64","58.71","30.62","46.95","79.91","81.0","12.6","65.71","64.8","35.35","48.89","78.48","76.76","11.08","59.65","55.14","21.91","31.93","65.79","8.83"
"2025-05-26","52.48","50.61","16.1","28.31","67.02","68.76","10.16","58.61","60.34","29.6","45.29","79.7","80.73","12.53","64.48","66.12","33.91","46.68","77.86","76.11","10.93","58.24","56.28","20.32","29.67","65.22","8.72"
"2025-05-27","51.26","52.07","14.94","26.59","66.86","68.63","10.14","57.58","61.99","28.58","43.62","79.48","80.45","12.46","63.24","67.45","32.44","44.46","77.23","75.44","10.79","56.81","57.42","18.73","27.42","64.66","8.62"
"2025-05-28","50.03","53.54","13.78","24.88","66.71","68.51","10.12","56.53","63.63","27.54","41.92","79.25","80.16","12.38","61.99","68.77","30.96","42.22","76.6","74.78","10.64","55.38","58.58","17.13","25.16","64.11","8.51"
"2025-05-29","48.81","55.03","12.62","23.16","66.55","68.38","10.1","55.48","65.29","26.49","40.21","79.0","79.86","12.31","60.73","70.09","29.46","39.95","75.95","74.11","10.49","53.95","59.74","15.53","22.9","63.56","8.41"
"2025-05-30","47.59","56.53","11.46","21.44","66.4","68.26","10.08","54.43","66.94","25.43","38.48","78.75","79.55","12.23","59.45","71.41","27.95","37.67","75.3","73.43","10.35","52.51","60.92","13.94","20.65","63.02","8.31"
"2025-05-31","46.36","58.05","10.31","19.72","66.25","68.14","10.07","53.36","68.6","24.35","36.73","78.49","79.23","12.15","58.16","72.73","26.42","35.37","74.64","72.75","10.2","51.07","62.1","12.34","18.39","62.48","8.21"
"2025-06-01","45.14","59.58","9.16","18.0","66.11","68.01","10.05","52.29","70.26","23.26","34.97","78.22","78.89","12.07","56.86","74.05","24.88","33.06","73.98","72.06","10.05","49.62","63.3","10.75","16.13","61.95","8.11"
"2025-06-02","43.92","61.13","8.01","16.28","65.97","67.89","10.03","51.22","71.93","22.17","33.18","77.94","78.55","11.98","55.55","75.37","23.33","30.73","73.31","71.37","9.9","48.17","64.5","9.15","13.88","61.43","8.01"
"2025-06-03","42.7","62.68","6.87","14.56","65.83","67.77","10.01","50.14","73.59","21.06","31.38","77.65","78.2","11.89","54.23","76.68","21.76","28.39","72.64","70.68","9.75","46.71","65.71","7.56","11.63","60.92","7.92"
"2025-06-04","41.48","64.25","5.73","12.85","65.69","67.65","9.99","49.05","75.26","19.94","29.56","77.34","77.83","11.8","52.9","77.99","20.18","26.03","71.96","69.99","9.6","45.26","66.93","5.97","9.38","60.41","7.83"
"2025-06-05","40.27","65.83","4.6","11.13","65.55","67.53","9.96","47.96","76.92","18.81","27.73","77.03","77.46","11.71","51.56","79.3","18.59","23.66","71.28","69.29","9.45","43.8","68.16","4.38","7.14","59.91","7.74"
"2025-06-06","39.05","67.42","3.46","9.41","65.42","67.41","9.94","46.86","78.59","17.66","25.88","76.71","77.07","11.62","50.21","80.6","16.99","21.28","70.59","68.59","9.31","42.34","69.4","2.8","4.9","59.42","7.65"
"2025-06-07","37.84","69.02","2.33","7.7","65.29","67.29","9.92","45.76","80.25","16.51","24.02","76.38","76.67","11.52","48.86","81.91","15.38","18.89","69.9","67.89","9.16","40.88","70.64","1.23","2.67","58.94","7.56"
"2025-06-08","36.64","70.63","1.21","5.99","65.16","67.17","9.9","44.65","81.91","15.35","22.14","76.04","76.27","11.42","47.49","83.2","13.76","16.49","69.21","67.19","9.01","39.42","71.9","0","0.45","58.46","7.47"
"2025-06-09","35.44","72.25","0.09","4.28","65.03","67.05","9.88","43.54","83.57","14.17","20.24","75.69","75.85","11.32","46.12","84.5","12.13","14.08","68.51","66.49","8.86","37.97","73.16","0","0","57.99","7.39"
"2025-06-10","34.24","73.87","0","2.58","64.9","66.93","9.85","42.42","85.22","12.99","18.33","75.33","75.43","11.22","44.74","85.78","10.5","11.66","67.81","65.79","8.71","36.51","74.42","0","0","57.54","7.31"
"2025-06-11","33.04","75.51","0","0.87","64.78","66.8","9.83","41.3","86.87","11.8","16.41","74.96","74.99","11.11","43.35","87.07","8.85","9.23","67.11","65.08","8.56","35.05","75.7","0","0","57.09","7.23"
"2025-06-12","31.85","77.15","0","0","64.65","66.68","9.8","40.17","88.52","10.59","14.48","74.58","74.55","11.01","41.96","88.35","7.2","6.8","66.41","64.38","8.42","33.6","76.98","0","0","56.65","7.15"
"2025-06-13","30.67","78.8","0","0","64.53","66.56","9.78","39.04","90.16","9.38","12.53","74.19","74.09","10.9","40.56","89.62","5.55","4.37","65.71","63.68","8.27","32.15","78.27","0","0","56.22","7.08"
"2025-06-14","30.13","79.72","0","0","64.41","66.43","9.75","38.56","91.06","8.85","11.6","73.79","73.63","10.78","39.8","90.16","4.57","2.96","65.0","62.98","8.13","31.35","78.84","0","0","55.79","7.0"
"2025-06-15","30.25","79.92","0","0","64.28","66.3","9.72","38.71","91.23","8.99","11.69","73.38","73.15","10.67","39.68","89.96","4.28","2.58","64.3","62.29","7.98","31.2","78.67","0","0","55.38","6.93"
"2025-06-16","30.37","80.12","0","0","64.16","66.17","9.7","38.86","91.39","9.13","11.77","72.96","72.67","10.56","39.56","89.75","3.99","2.2","63.6","61.59","7.84","31.05","78.52","0","0","54.98","6.86"
"2025-06-17","30.49","80.33","0","0","64.04","66.04","9.67","39.01","91.54","9.26","11.84","72.54","72.18","10.44","39.43","89.54","3.69","1.82","62.9","60.9","7.7","30.91","78.37","0","0","54.59","6.79"
"2025-06-18","30.62","80.54","0","0","63.92","65.9","9.64","39.15","91.68","9.37","11.9","72.1","71.68","10.32","39.29","89.33","3.39","1.44","62.19","60.21","7.56","30.77","78.23","0","0","54.2","6.73"
"2025-06-19","30.76","80.76","0","0","63.79","65.77","9.61","39.29","91.82","9.48","11.94","71.66","71.17","10.2","39.16","89.11","3.09","1.05","61.49","59.53","7.42","30.63","78.1","0","0","53.83","6.67"
"2025-06-20","30.9","80.98","0","0","63.67","65.63","9.57","39.42","91.95","9.58","11.97","71.2","70.66","10.08","39.01","88.89","2.78","0.67","60.8","58.85","7.28","30.5","77.97","0","0","53.47","6.6"
"2025-06-21","31.04","81.2","0","0","63.55","65.49","9.54","39.55","92.08","9.67","11.99","70.74","70.13","9.96","38.87","88.66","2.47","0.28","60.1","58.17","7.14","30.38","77.85","0","0","53.11","6.55"
"2025-06-22","31.19","81.43","0","0","63.42","65.34","9.51","39.67","92.19","9.74","12.0","70.27","69.6","9.83","38.72","88.43","2.15","0","59.41","57.5","7.0","30.26","77.74","0","0","52.77","6.49"
"2025-06-23","31.34","81.66","0","0.26","63.3","65.19","9.47","39.79","92.3","9.81","11.99","69.8","69.06","9.7","38.57","88.19","1.84","0","58.72","56.84","6.87","30.14","77.63","0","0","52.44","6.43"
"2025-06-24","31.5","81.9","0","0.64","63.17","65.04","9.44","39.9","92.41","9.87","11.98","69.31","68.52","9.58","38.41","87.95","1.52","0","58.03","56.17","6.74","30.03","77.54","0","0","52.11","6.38"
"2025-06-25","31.65","82.14","0","1.03","63.04","64.89","9.4","40.01","92.5","9.92","11.95","68.82","67.96","9.45","38.25","87.71","1.2","0","57.35","55.52","6.61","29.92","77.45","0","0","51.8","6.33"
"2025-06-26","31.82","82.38","0","1.41","62.91","64.73","9.36","40.12","92.58","9.95","11.9","68.32","67.41","9.32","38.08","87.47","0.88","0","56.67","54.87","6.48","29.82","77.37","0","0","51.5","6.28"
"2025-06-27","31.98","82.63","0","1.8","62.78","64.57","9.32","40.22","92.66","9.98","11.85","67.81","66.84","9.19","37.91","87.22","0.56","0","56.0","54.23","6.35","29.73","77.29","0","0","51.2","6.23"
"2025-06-28","32.15","82.87","0","2.18","62.65","64.41","9.28","40.31","92.73","9.99","11.78","67.3","66.27","9.05","37.74","86.97","0.23","0","55.33","53.6","6.22","29.64","77.23","0","0","50.92","6.19"
"2025-06-29","32.32","83.12","0","2.56","62.51","64.24","9.24","40.4","92.8","10.0","11.7","66.77","65.69","8.92","37.57","86.72","0","0","54.67","52.97","6.1","29.55","77.17","0","0","50.65","6.15"
"2025-06-30","32.5","83.38","0.21","2.94","62.37","64.06","9.2","40.48","92.85","10.0","11.61","66.25","65.11","8.79","37.39","86.47","0","0","54.02","52.35","5.98","29.48","77.12","0","0","50.39","6.11"
"2025-07-01","32.67","83.63","0.54","3.31","62.24","63.89","9.15","40.55","92.89","9.98","11.5","65.71","64.52","8.65","37.22","86.21","0","0","53.37","51.74","5.86","29.4","77.08","0","0","50.14","6.07"
"2025-07-02","32.85","83.88","0.86","3.68","62.09","63.71","9.11","40.62","92.93","9.95","11.38","65.17","63.93","8.52","37.03","85.96","0","0","52.73","51.14","5.74","29.34","77.05","0","0","49.89","6.03"
"2025-07-03","33.04","84.14","1.18","4.05","61.95","63.52","9.06","40.69","92.96","9.92","11.26","64.62","63.33","8.38","36.85","85.7","0","0","52.09","50.54","5.63","29.27","77.02","0","0","49.66","6.0"
"2025-07-04","33.22","84.4","1.5","4.41","61.8","63.33","9.01","40.75","92.98","9.87","11.12","64.07","62.73","8.24","36.67","85.45","0","0","51.46","49.96","5.51","29.22","77.01","0","0","49.44","5.96"
"2025-07-05","33.41","84.66","1.82","4.77","61.65","63.14","8.96","40.8","93.0","9.82","10.97","63.52","62.12","8.11","36.48","85.19","0","0","50.84","49.38","5.4","29.17","77.0","0","0","49.23","5.93"
"2025-07-06","33.59","84.91","2.13","5.12","61.5","62.94","8.91","40.85","93.0","9.75","10.8","62.95","61.51","7.97","36.29","84.93","0","0","50.23","48.82","5.3","29.13","77.0","0","0","49.03","5.9"
"2025-07-07","33.78","85.17","2.45","5.47","61.34","62.74","8.86","40.89","93.0","9.67","10.63","62.39","60.9","7.83","36.1","84.67","0","0","49.63","48.26","5.19","29.09","77.01","0","0","48.84","5.88"
"2025-07-08","33.97","85.43","2.76","5.81","61.18","62.53","8.8","40.92","92.98","9.58","10.44","61.82","60.29","7.69","35.91","84.41","0","0","49.04","47.72","5.09","29.06","77.03","0","0","48.66","5.85"
"2025-07-09","34.16","85.69","3.07","6.14","61.02","62.32","8.75","40.95","92.96","9.49","10.25","61.24","59.67","7.55","35.72","84.16","0","0","48.45","47.18","4.99","29.04","77.05","0","0","48.48","5.83"
"2025-07-10","34.36","85.94","3.37","6.47","60.86","62.1","8.69","40.97","92.93","9.38","10.04","60.66","59.05","7.41","35.53","83.9","0","0","47.88","46.66","4.89","29.02","77.09","0","0","48.32","5.8"
"2025-07-11","34.55","86.2","3.67","6.8","60.69","61.88","8.64","40.99","92.9","9.26","9.82","60.08","58.43","7.28","35.33","83.65","0","0","47.31","46.15","4.79","29.01","77.13","0","0","48.17","5.78"
"2025-07-12","34.74","86.45","3.97","7.11","60.51","61.65","8.58","41.0","92.85","9.14","9.6","59.5","57.81","7.14","35.14","83.39","0","0","46.76","45.65","4.7","29.0","77.18","0","0","48.03","5.76"
"2025-07-13","34.93","86.71","4.27","7.42","60.34","61.42","8.52","41.0","92.8","9.0","9.36","58.91","57.19","7.0","34.95","83.14","0","0","46.21","45.16","4.61","29.0","77.24","0","0","47.89","5.75"
"2025-07-14","35.13","86.96","4.56","7.72","60.16","61.19","8.46","41.0","92.74","8.86","9.11","58.32","56.56","6.86","34.75","82.89","0","0","45.68","44.68","4.52","29.01","77.3","0","0","47.77","5.73"
"2025-07-15","35.32","87.21","4.84","8.01","59.97","60.95","8.39","40.99","92.67","8.7","8.85","57.73","55.94","6.72","34.56","82.64","0","0","45.16","44.22","4.44","29.02","77.38","0","0","47.65","5.72"
"2025-07-16","35.51","87.45","5.12","8.3","59.78","60.7","8.33","40.97","92.59","8.54","8.59","57.13","55.31","6.59","34.37","82.4","0","0","44.65","43.77","4.36","29.04","77.46","0","0","47.54","5.71"
"2025-07-17","35.71","87.7","5.39","8.57","59.59","60.45","8.26","40.95","92.5","8.37","8.31","56.54","54.69","6.45","34.18","82.15","0","0","44.15","43.33","4.28","29.07","77.55","0","0","47.44","5.69"
"2025-07-18","35.9","87.94","5.66","8.84","59.39","60.19","8.2","40.92","92.41","8.19","8.03","55.94","54.07","6.31","33.98","81.91","0","0","43.66","42.9","4.2","29.1","77.65","0","0","47.35","5.68"
"2025-07-19","36.09","88.18","5.93","9.1","59.19","59.93","8.13","40.89","92.31","8.0","7.74","55.35","53.45","6.18","33.79","81.68","0","0","43.19","42.49","4.13","29.13","77.76","0","0","47.27","5.68"
"2025-07-20","36.28","88.41","6.18","9.34","58.99","59.66","8.06","40.85","92.2","7.8","7.44","54.75","52.83","6.04","33.6","81.45","0","0","42.72","42.09","4.06","29.18","77.87","0","0","47.2","5.67"
"2025-07-21","36.47","88.64","6.43","9.58","58.78","59.39","7.99","40.8","92.09","7.59","7.13","54.15","52.21","5.91","33.42","81.22","0","0","42.27","41.7","3.99","29.23","77.99","0","0","47.13","5.66"
"2025-07-22","36.66","88.87","6.68","9.81","58.56","59.11","7.92","40.75","91.96","7.38","6.82","53.56","51.6","5.78","33.23","80.99","0","0","41.84","41.32","3.93","29.28","78.12","0","0","47.07","5.66"
"2025-07-23","36.84","89.1","6.91","10.03","58.35","58.83","7.85","40.69","91.83","7.16","6.49","52.96","50.99","5.65","33.05","80.77","0","0","41.41","40.96","3.87","29.35","78.25","0","0","47.02","5.66"
"2025-07-24","37.02","89.32","7.14","10.23","58.12","58.55","7.77","40.63","91.69","6.93","6.16","52.37","50.38","5.51","32.87","80.55","0","0","41.0","40.62","3.81","29.41","78.39","0","0","46.98","5.65"
"2025-07-25","37.2","89.53","7.36","10.43","57.9","58.26","7.7","40.56","91.55","6.69","5.83","51.78","49.78","5.39","32.69","80.34","0","0","40.61","40.29","3.76","29.49","78.54","0","0","46.95","5.65"
"2025-07-26","37.38","89.74","7.58","10.62","57.67","57.96","7.62","40.48","91.4","6.45","5.49","51.19","49.18","5.26","32.51","80.13","0","0","40.22","39.97","3.7","29.57","78.7","0","0","46.92","5.65"
"2025-07-27","37.56","89.95","7.79","10.79","57.43","57.66","7.55","40.4","91.24","6.2","5.14","50.6","48.58","5.13","32.33","79.93","0","0","39.85","39.66","3.66","29.65","78.86","0","0","46.9","5.65"
"2025-07-28","37.73","90.15","7.98","10.96","57.19","57.36","7.47","40.31","91.07","5.94","4.79","50.01","47.99","5.01","32.16","79.73","0","0","39.5","39.37","3.61","29.74","79.03","0","0","46.88","5.66"
"2025-07-29","37.9","90.34","8.17","11.11","56.95","57.05","7.39","40.22","90.9","5.68","4.43","49.43","47.41","4.88","31.99","79.54","0","0","39.16","39.1","3.57","29.84","79.2","0","0","46.87","5.66"
"2025-07-30","38.07","90.53","8.36","11.25","56.7","56.73","7.31","40.12","90.73","5.41","4.07","48.85","46.83","4.76","31.83","79.36","0","0","38.83","38.84","3.53","29.94","79.39","0","0","46.87","5.66"
"2025-07-31","38.24","90.71","8.53","11.38","56.45","56.42","7.23","40.02","90.54","5.14","3.7","48.28","46.25","4.64","31.66","79.18","0","0","38.52","38.59","3.49","30.05","79.57","0","0","46.88","5.67"
"2025-08-01","38.4","90.89","8.69","11.49","56.19","56.1","7.15","39.91","90.35","4.86","3.33","47.71","45.69","4.52","31.51","79.0","0","0","38.22","38.36","3.46","30.16","79.76","0","0","46.89","5.67"
"2025-08-02","38.56","91.06","8.85","11.6","55.93","55.77","7.06","39.8","90.16","4.57","2.96","47.15","45.13","4.41","31.35","78.84","0","0","37.94","38.14","3.43","30.27","79.96","0","0","46.9","5.68"
"2025-08-03","38.71","91.23","8.99","11.69","55.67","55.44","6.98","39.68","89.96","4.28","2.58","46.59","44.57","4.29","31.2","78.67","0","0","37.67","37.93","3.4","30.4","80.17","0","0","46.92","5.68"
"2025-08-04","38.86","91.39","9.13","11.77","55.4","55.11","6.9","39.56","89.75","3.99","2.2","46.03","44.03","4.18","31.05","78.52","0","0","37.41","37.75","3.37","30.52","80.37","0","0","46.95","5.69"
"2025-08-05","39.01","91.54","9.26","11.84","55.13","54.77","6.81","39.43","89.54","3.69","1.82","45.48","43.49","4.07","30.91","78.37","0","0","37.18","37.57","3.35","30.65","80.59","0","0","46.98","5.7"
"2025-08-06","39.15","91.68","9.37","11.9","54.85","54.43","6.73","39.29","89.33","3.39","1.44","44.94","42.96","3.96","30.77","78.23","0","0","36.95","37.41","3.33","30.79","80.8","0","0","47.02","5.71"
"2025-08-07","39.29","91.82","9.48","11.94","54.57","54.09","6.64","39.16","89.11","3.09","1.05","44.41","42.44","3.86","30.63","78.1","0","0","36.74","37.27","3.32","30.93","81.03","0","0","47.06","5.72"
"2025-08-08","39.42","91.95","9.58","11.97","54.29","53.74","6.55","39.01","88.89","2.78","0.67","43.88","41.93","3.75","30.5","77.97","0","0","36.55","37.13","3.3","31.07","81.25","0","0","47.1","5.72"
"2025-08-09","39.55","92.08","9.67","11.99","54.0","53.39","6.47","38.87","88.66","2.47","0.28","43.36","41.43","3.65","30.38","77.85","0","0","36.37","37.02","3.29","31.22","81.48","0","0","47.15","5.73"
"2025-08-10","39.67","92.19","9.74","12.0","53.71","53.04","6.38","38.72","88.43","2.15","0","42.85","40.94","3.55","30.26","77.74","0","0","36.21","36.91","3.29","31.37","81.72","0","0.34","47.2","5.74"
"2025-08-11","39.79","92.3","9.81","11.99","53.42","52.69","6.29","38.57","88.19","1.84","0","42.34","40.46","3.46","30.14","77.63","0","0","36.06","36.83","3.28","31.53","81.95","0","0.73","47.26","5.75"
"2025-08-12","39.9","92.41","9.87","11.98","53.12","52.33","6.2","38.41","87.95","1.52","0","41.84","39.99","3.36","30.03","77.54","0","0","35.92","36.75","3.28","31.69","82.19","0","1.12","47.32","5.76"
"2025-08-13","40.01","92.5","9.92","11.95","52.82","51.97","6.12","38.25","87.71","1.2","0","41.36","39.52","3.27","29.92","77.45","0","0","35.8","36.69","3.28","31.85","82.44","0","1.5","47.38","5.78"
"2025-08-14","40.12","92.58","9.95","11.9","52.52","51.61","6.03","38.08","87.47","0.88","0","40.88","39.08","3.19","29.82","77.37","0","0","35.7","36.65","3.28","32.02","82.68","0","1.88","47.45","5.79"
"2025-08-15","40.22","92.66","9.98","11.85","52.22","51.25","5.94","37.91","87.22","0.56","0","40.41","38.64","3.1","29.73","77.29","0","0","35.61","36.62","3.29","32.19","82.93","0","2.26","47.51","5.8"
"2025-08-16","40.31","92.73","9.99","11.78","51.91","50.88","5.85","37.74","86.97","0.23","0","39.95","38.21","3.02","29.64","77.23","0","0","35.54","36.6","3.3","32.36","83.18","0","2.64","47.58","5.81"
"2025-08-17","40.4","92.8","10.0","11.7","51.6","50.52","5.76","37.57","86.72","0","0","39.5","37.8","2.94","29.55","77.17","0","0","35.48","36.59","3.31","32.54","83.43","0.29","3.02","47.66","5.82"
"2025-08-18","40.48","92.85","10.0","11.61","51.29","50.15","5.67","37.39","86.47","0","0","39.06","37.39","2.86","29.48","77.12","0","0","35.43","36.6","3.33","32.71","83.69","0.61","3.39","47.73","5.83"
"2025-08-19","40.55","92.89","9.98","11.5","50.98","49.79","5.58","37.22","86.21","0","0","38.63","37.01","2.79","29.4","77.08","0","0","35.4","36.63","3.34","32.89","83.94","0.93","3.76","47.81","5.84"
"2025-08-20","40.62","92.93","9.95","11.38","50.66","49.42","5.49","37.03","85.96","0","0","38.22","36.63","2.72","29.34","77.05","0","0","35.39","36.66","3.36","33.08","84.2","1.25","4.13","47.89","5.85"
"2025-08-21","40.69","92.96","9.92","11.26","50.35","49.05","5.41","36.85","85.7","0","0","37.81","36.27","2.65","29.27","77.02","0","0","35.39","36.71","3.39","33.26","84.45","1.57","4.49","47.97","5.86"
"2025-08-22","40.75","92.98","9.87","11.12","50.03","48.69","5.32","36.67","85.45","0","0","37.42","35.92","2.59","29.22","77.01","0","0","35.4","36.77","3.41","33.45","84.71","1.89","4.85","48.05","5.87"
"2025-08-23","40.8","93.0","9.82","10.97","49.71","48.32","5.23","36.48","85.19","0","0","37.04","35.58","2.53","29.17","77.0","0","0","35.43","36.85","3.44","33.63","84.97","2.2","5.2","48.13","5.88"
"2025-08-24","40.85","93.0","9.75","10.8","49.39","47.95","5.14","36.29","84.93","0","0","36.67","35.26","2.47","29.13","77.0","0","0","35.47","36.94","3.47","33.82","85.23","2.52","5.54","48.21","5.89"
"2025-08-25","40.89","93.0","9.67","10.63","49.07","47.59","5.06","36.1","84.67","0","0","36.31","34.95","2.42","29.09","77.01","0","0","35.52","37.03","3.5","34.01","85.49","2.83","5.88","48.3","5.9"
"2025-08-26","40.92","92.98","9.58","10.44","48.75","47.22","4.97","35.91","84.41","0","0","35.97","34.65","2.37","29.06","77.03","0","0","35.59","37.15","3.53","34.21","85.74","3.13","6.22","48.38","5.91"
"2025-08-27","40.95","92.96","9.49","10.25","48.43","46.86","4.88","35.72","84.16","0","0","35.64","34.37","2.32","29.04","77.05","0","0","35.67","37.27","3.57","34.4","86.0","3.44","6.55","48.46","5.92"
"2025-08-28","40.97","92.93","9.38","10.04","48.11","46.5","4.8","35.53","83.9","0","0","35.33","34.11","2.27","29.02","77.09","0","0","35.77","37.41","3.6","34.59","86.26","3.74","6.87","48.55","5.93"
"2025-08-29","40.99","92.9","9.26","9.82","47.79","46.14","4.72","35.33","83.65","0","0","35.02","33.86","2.23","29.01","77.13","0","0","35.88","37.55","3.64","34.78","86.51","4.04","7.18","48.63","5.94"
"2025-08-30","41.0","92.85","9.14","9.6","47.47","45.79","4.63","35.14","83.39","0","0","34.73","33.63","2.2","29.0","77.18","0","0","36.0","37.71","3.68","34.98","86.76","4.33","7.49","48.72","5.94"
"2025-08-31","41.0","92.8","9.0","9.36","47.15","45.43","4.55","34.95","83.14","0","0","34.46","33.41","2.16","29.0","77.24","0","0","36.14","37.88","3.73","35.17","87.01","4.62","7.79","48.8","5.95"
"2025-09-01","41.0","92.74","8.86","9.11","46.84","45.08","4.47","34.75","82.89","0","0","34.2","33.2","2.13","29.01","77.3","0","0","36.28","38.06","3.77","35.36","87.26","4.9","8.08","48.88","5.96"
"2025-09-02","40.99","92.67","8.7","8.85","46.52","44.73","4.39","34.56","82.64","0","0","33.95","33.01","2.11","29.02","77.38","0","0","36.44","38.25","3.82","35.56","87.51","5.18","8.36","48.96","5.97"
"2025-09-03","40.97","92.59","8.54","8.59","46.21","44.39","4.31","34.37","82.4","0","0","33.72","32.84","2.08","29.04","77.46","0","0","36.62","38.45","3.87","35.75","87.75","5.45","8.63","49.05","5.97"
"2025-09-04","40.95","92.5","8.37","8.31","45.9","44.05","4.23","34.18","82.15","0","0","33.51","32.68","2.06","29.07","77.55","0","0","36.8","38.66","3.92","35.94","87.99","5.72","8.9","49.13","5.98"
"2025-09-05","40.92","92.41","8.19","8.03","45.59","43.71","4.16","33.98","81.91","0","0","33.3","32.54","2.05","29.1","77.65","0","0","37.0","38.88","3.97","36.13","88.23","5.98","9.15","49.21","5.98"
"2025-09-06","40.89","92.31","8.0","7.74","45.28","43.38","4.08","33.79","81.68","0","0","33.12","32.42","2.03","29.13","77.76","0","0","37.2","39.11","4.03","36.32","88.46","6.24","9.4","49.28","5.99"
"2025-09-07","40.85","92.2","7.8","7.44","44.97","43.05","4.01","33.6","81.45","0","0","32.95","32.31","2.02","29.18","77.87","0","0","37.42","39.35","4.08","36.51","88.7","6.49","9.63","49.36","5.99"
"2025-09-08","40.8","92.09","7.59","7.13","44.67","42.73","3.93","33.42","81.22","0","0","32.79","32.22","2.02","29.23","77.99","0","0","37.65","39.6","4.14","36.7","88.92","6.73","9.86","49.43","5.99"
"2025-09-09","40.75","91.96","7.38","6.82","44.37","42.42","3.86","33.23","80.99","0","0","32.65","32.14","2.02","29.28","78.12","0","0","37.89","39.86","4.2","36.88","89.15","6.96","10.07","49.51","6.0"
"2025-09-10","40.69","91.83","7.16","6.49","44.08","42.11","3.79","33.05","80.77","0","0","32.53","32.08","2.02","29.35","78.25","0","0","38.14","40.12","4.26","37.06","89.36","7.19","10.28","49.58","6.0"
"2025-09-11","40.63","91.69","6.93","6.16","43.79","41.8","3.73","32.87","80.55","0","0","32.42","32.04","2.02","29.41","78.39","0","0","38.4","40.4","4.32","37.24","89.58","7.41","10.47","49.65","6.0"
"2025-09-12","40.56","91.55","6.69","5.83","43.5","41.5","3.66","32.69","80.34","0","0","32.33","32.01","2.03","29.49","78.54","0","0","38.67","40.68","4.38","37.42","89.79","7.63","10.66","49.72","6.0"
"2025-09-13","40.48","91.4","6.45","5.49","43.22","41.21","3.6","32.51","80.13","0","0","32.26","32.0","2.04","29.57","78.7","0","0","38.95","40.97","4.44","37.6","89.99","7.83","10.83","49.78","6.0"
"2025-09-14","40.4","91.24","6.2","5.14","42.94","40.93","3.54","32.33","79.93","0","0","32.2","32.01","2.06","29.65","78.86","0","0","39.24","41.26","4.5","37.77","90.19","8.03","10.99","49.85","6.0"
"2025-09-15","40.31","91.07","5.94","4.79","42.67","40.65","3.48","32.16","79.73","0","0","32.16","32.03","2.08","29.74","79.03","0","0","39.54","41.56","4.57","37.94","90.38","8.21","11.14","49.91","6.0"
"2025-09-16","40.22","90.9","5.68","4.43","42.4","40.38","3.42","31.99","79.54","0","0","32.13","32.07","2.1","29.84","79.2","0","0","39.85","41.87","4.63","38.11","90.57","8.39","11.28","49.97","6.0"
"2025-09-17","40.12","90.73","5.41","4.07","42.14","40.12","3.36","31.83","79.36","0","0","32.12","32.12","2.13","29.94","79.39","0","0","40.16","42.19","4.7","38.27","90.75","8.57","11.4","50.03","6.0"
"2025-09-18","40.02","90.54","5.14","3.7","41.89","39.86","3.31","31.66","79.18","0","0","32.13","32.2","2.16","30.05","79.57","0","0","40.48","42.51","4.77","38.43","90.93","8.73","11.52","50.08","5.99"
"2025-09-19","39.91","90.35","4.86","3.33","41.64","39.61","3.26","31.51","79.0","0","0","32.15","32.28","2.19","30.16","79.76","0","0","40.82","42.84","4.84","38.59","91.1","8.88","11.62","50.14","5.99"
"2025-09-20","39.8","90.16","4.57","2.96","41.4","39.38","3.21","31.35","78.84","0","0","32.19","32.39","2.23","30.27","79.96","0","0","41.15","43.17","4.91","38.74","91.26","9.02","11.71","50.19","5.99"
"2025-09-21","39.68","89.96","4.28","2.58","41.16","39.15","3.16","31.2","78.67","0","0","32.24","32.51","2.27","30.4","80.17","0","0","41.5","43.51","4.97","38.89","91.42","9.16","11.79","50.23","5.98"
"2025-09-22","39.56","89.75","3.99","2.2","40.93","38.93","3.12","31.05","78.52","0","0","32.32","32.65","2.31","30.52","80.37","0","0","41.85","43.85","5.04","39.04","91.57","9.28","11.86","50.28","5.98"
"2025-09-23","39.43","89.54","3.69","1.82","40.71","38.72","3.08","30.91","78.37","0","0","32.4","32.8","2.36","30.65","80.59","0","0","42.21","44.19","5.11","39.18","91.72","9.4","11.91","50.33","5.97"
"2025-09-24","39.29","89.33","3.39","1.44","40.5","38.52","3.04","30.77","78.23","0","0","32.51","32.97","2.41","30.79","80.8","0","0","42.57","44.54","5.18","39.32","91.85","9.5","11.95","50.37","5.96"
"2025-09-25","39.16","89.11","3.09","1.05","40.29","38.33","3.0","30.63","78.1","0","0","32.63","33.15","2.46","30.93","81.03","0","0","42.94","44.9","5.26","39.45","91.98","9.6","11.98","50.41","5.96"
"2025-09-26","39.01","88.89","2.78","0.67","40.1","38.15","2.96","30.5","77.97","0","0","32.77","33.35","2.52","31.07","81.25","0","0","43.32","45.26","5.33","39.58","92.1","9.68","12.0","50.44","5.95"
"2025-09-27","38.87","88.66","2.47","0.28","39.91","37.98","2.93","30.38","77.85","0","0","32.92","33.57","2.57","31.22","81.48","0","0","43.7","45.62","5.4","39.7","92.22","9.76","12.0","50.48","5.94"
"2025-09-28","38.72","88.43","2.15","0","39.73","37.82","2.9","30.26","77.74","0","0","33.09","33.8","2.64","31.37","81.72","0","0.34","44.09","45.98","5.47","39.82","92.33","9.82","11.99","50.51","5.94"
"2025-09-29","38.57","88.19","1.84","0","39.56","37.68","2.88","30.14","77.63","0","0","33.28","34.05","2.7","31.53","81.95","0","0.73","44.48","46.35","5.54","39.93","92.43","9.88","11.97","50.54","5.93"
"2025-09-30","38.41","87.95","1.52","0","39.4","37.54","2.85","30.03","77.54","0","0","33.48","34.31","2.77","31.69","82.19","0","1.12","44.87","46.71","5.61","40.04","92.52","9.92","11.94","50.57","5.92"
"2025-10-01","38.25","87.71","1.2","0","39.25","37.42","2.83","29.92","77.45","0","0","33.69","34.58","2.84","31.85","82.44","0","1.5","45.27","47.08","5.68","40.14","92.6","9.96","11.89","50.59","5.91"
"2025-10-02","38.08","87.47","0.88","0","39.1","37.3","2.82","29.82","77.37","0","0","33.93","34.87","2.92","32.02","82.68","0","1.88","45.67","47.46","5.75","40.24","92.68","9.98","11.83","50.62","5.9"
"2025-10-03","37.91","87.22","0.56","0","38.97","37.2","2.8","29.73","77.29","0","0","34.17","35.18","2.99","32.19","82.93","0","2.26","46.08","47.83","5.83","40.33","92.75","10.0","11.76","50.64","5.89"
"2025-10-04","37.74","86.97","0.23","0","38.85","37.11","2.79","29.64","77.23","0","0","34.44","35.5","3.07","32.36","83.18","0","2.64","46.49","48.2","5.9","40.41","92.81","10.0","11.68","50.66","5.88"
"2025-10-05","37.57","86.72","0","0","38.74","37.04","2.78","29.55","77.17","0","0","34.72","35.83","3.15","32.54","83.43","0.29","3.02","46.9","48.58","5.97","40.5","92.86","9.99","11.58","50.68","5.87"
"2025-10-06","37.39","86.47","0","0","38.64","36.97","2.77","29.48","77.12","0","0","35.01","36.18","3.24","32.71","83.69","0.61","3.39","47.31","48.95","6.04","40.57","92.9","9.98","11.48","50.7","5.86"
"2025-10-07","37.22","86.21","0","0","38.55","36.92","2.77","29.4","77.08","0","0","35.32","36.54","3.33","32.89","83.94","0.93","3.76","47.72","49.33","6.11","40.64","92.94","9.95","11.36","50.71","5.85"
"2025-10-08","37.03","85.96","0","0","38.47","36.88","2.77","29.34","77.05","0","0","35.64","36.92","3.42","33.08","84.2","1.25","4.13","48.14","49.71","6.18","40.7","92.97","9.91","11.23","50.73","5.84"
"2025-10-09","36.85","85.7","0","0","38.41","36.86","2.78","29.27","77.02","0","0","35.98","37.3","3.51","33.26","84.45","1.57","4.49","48.56","50.08","6.25","40.76","92.99","9.86","11.08","50.74","5.83"
"2025-10-10","36.67","85.45","0","0","38.35","36.85","2.78","29.22","77.01","0","0","36.33","37.7","3.6","33.45","84.71","1.89","4.85","48.98","50.46","6.32","40.81","93.0","9.8","10.93","50.75","5.82"
"2025-10-11","36.48","85.19","0","0","38.31","36.85","2.79","29.17","77.0","0","0","36.69","38.12","3.7","33.63","84.97","2.2","5.2","49.4","50.83","6.38","40.86","93.0","9.73","10.76","50.76","5.81"
"2025-10-12","36.29","84.93","0","0","38.28","36.86","2.81","29.13","77.0","0","0","37.07","38.54","3.8","33.82","85.23","2.52","5.54","49.82","51.2","6.45","40.89","92.99","9.65","10.59","50.77","5.8"
"2025-10-13","36.1","84.67","0","0","38.26","36.89","2.82","29.09","77.01","0","0","37.46","38.98","3.9","34.01","85.49","2.83","5.88","50.24","51.57","6.52","40.93","92.98","9.56","10.4","50.78","5.79"
"2025-10-14","35.91","84.41","0","0","38.25","36.93","2.84","29.06","77.03","0","0","37.87","39.42","4.0","34.21","85.74","3.13","6.22","50.66","51.94","6.59","40.95","92.96","9.46","10.2","50.79","5.78"
"2025-10-15","35.72","84.16","0","0","38.26","36.99","2.86","29.04","77.05","0","0","38.29","39.88","4.11","34.4","86.0","3.44","6.55","51.08","52.31","6.65","40.98","92.93","9.36","9.99","50.79","5.77"
"2025-10-16","35.53","83.9","0","0","38.27","37.06","2.89","29.02","77.09","0","0","38.72","40.35","4.22","34.59","86.26","3.74","6.87","51.5","52.68","6.72","40.99","92.89","9.24","9.77","50.8","5.76"
"2025-10-17","35.33","83.65","0","0","38.3","37.14","2.92","29.01","77.13","0","0","39.16","40.84","4.33","34.78","86.51","4.04","7.18","51.91","53.04","6.78","41.0","92.84","9.11","9.54","50.81","5.75"
"2025-10-18","35.14","83.39","0","0","38.35","37.24","2.95","29.0","77.18","0","0","39.62","41.33","4.44","34.98","86.76","4.33","7.49","52.33","53.41","6.84","41.0","92.79","8.97","9.3","50.81","5.74"
"2025-10-19","34.95","83.14","0","0","38.41","37.35","2.99","29.0","77.24","0","0","40.08","41.83","4.55","35.17","87.01","4.62","7.79","52.75","53.77","6.91","41.0","92.72","8.82","9.05","50.82","5.73"
"2025-10-20","34.75","82.89","0","0","38.48","37.48","3.02","29.01","77.3","0","0","40.56","42.34","4.66","35.36","87.26","4.9","8.08","53.16","54.12","6.97","40.99","92.65","8.67","8.8","50.83","5.72"
"2025-10-21","34.56","82.64","0","0","38.56","37.62","3.07","29.02","77.38","0","0","41.05","42.86","4.78","35.56","87.51","5.18","8.36","53.57","54.48","7.03","40.97","92.57","8.5","8.53","50.83","5.71"
"2025-10-22","34.37","82.4","0","0","38.66","37.78","3.11","29.04","77.46","0","0","41.55","43.39","4.9","35.75","87.75","5.45","8.63","53.98","54.83","7.09","40.95","92.48","8.33","8.25","50.84","5.7"
"2025-10-23","34.18","82.15","0","0","38.77","37.95","3.16","29.07","77.55","0","0","42.06","43.93","5.02","35.94","87.99","5.72","8.9","54.39","55.17","7.15","40.92","92.39","8.14","7.97","50.85","5.69"
"2025-10-24","33.98","81.91","0","0","38.89","38.13","3.21","29.1","77.65","0","0","42.58","44.47","5.14","36.13","88.23","5.98","9.15","54.79","55.52","7.21","40.88","92.29","7.95","7.67","50.86","5.69"
"2025-10-25","33.79","81.68","0","0","39.03","38.33","3.27","29.13","77.76","0","0","43.11","45.03","5.26","36.32","88.46","6.24","9.4","55.19","55.86","7.27","40.84","92.18","7.75","7.37","50.87","5.68"
"2025-10-26","33.6","81.45","0","0","39.18","38.54","3.32","29.18","77.87","0","0","43.65","45.59","5.38","36.51","88.7","6.49","9.63","55.59","56.19","7.32","40.79","92.06","7.55","7.06","50.88","5.68"
"2025-10-27","33.42","81.22","0","0","39.35","38.77","3.38","29.23","77.99","0","0","44.2","46.15","5.5","36.7","88.92","6.73","9.86","55.99","56.52","7.38","40.74","91.93","7.33","6.75","50.9","5.67"
"2025-10-28","33.23","80.99","0","0","39.52","39.01","3.45","29.28","78.12","0","0","44.76","46.73","5.63","36.88","89.15","6.96","10.07","56.38","56.85","7.43","40.68","91.8","7.11","6.42","50.91","5.67"
"2025-10-29","33.05","80.77","0","0","39.72","39.27","3.52","29.35","78.25","0","0","45.33","47.31","5.75","37.06","89.36","7.19","10.28","56.77","57.18","7.48","40.61","91.66","6.88","6.09","50.93","5.66"
"2025-10-30","32.87","80.55","0","0","39.92","39.54","3.59","29.41","78.39","0","0","45.9","47.9","5.88","37.24","89.58","7.41","10.47","57.15","57.5","7.54","40.54","91.52","6.64","5.75","50.95","5.66"
"2025-10-31","32.69","80.34","0","0","40.14","39.82","3.66","29.49","78.54","0","0","46.48","48.49","6.01","37.42","89.79","7.63","10.66","57.53","57.81","7.59","40.47","91.36","6.39","5.41","50.97","5.66"
"2025-11-01","32.51","80.13","0","0","40.38","40.12","3.74","29.57","78.7","0","0","47.07","49.09","6.13","37.6","89.99","7.83","10.83","57.9","58.12","7.64","40.38","91.2","6.14","5.06","51.0","5.66"
"2025-11-02","32.33","79.93","0","0","40.63","40.43","3.82","29.65","78.86","0","0","47.67","49.69","6.26","37.77","90.19","8.03","10.99","58.28","58.43","7.69","40.29","91.04","5.88","4.71","51.02","5.66"
"2025-11-03","32.16","79.73","0","0","40.89","40.76","3.9","29.74","79.03","0","0","48.27","50.3","6.39","37.94","90.38","8.21","11.14","58.64","58.73","7.74","40.2","90.86","5.62","4.35","51.05","5.66"
"2025-11-04","31.99","79.54","0","0","41.16","41.1","3.98","29.84","79.2","0","0","48.88","50.91","6.52","38.11","90.57","8.39","11.28","59.0","59.02","7.78","40.1","90.69","5.35","3.99","51.09","5.66"
"2025-11-05","31.83","79.36","0","0","41.45","41.46","4.07","29.94","79.39","0","0","49.49","51.52","6.65","38.27","90.75","8.57","11.4","59.36","59.31","7.83","40.0","90.5","5.08","3.62","51.12","5.67"
"2025-11-06","31.66","79.18","0","0","41.75","41.82","4.16","30.05","79.57","0","0","50.11","52.14","6.77","38.43","90.93","8.73","11.52","59.71","59.6","7.87","39.89","90.31","4.8","3.25","51.16","5.67"
"2025-11-07","31.51","79.0","0","0","42.07","42.21","4.26","30.16","79.76","0","0","50.74","52.76","6.9","38.59","91.1","8.88","11.62","60.06","59.88","7.92","39.77","90.12","4.51","2.88","51.21","5.68"
"2025-11-08","31.35","78.84","0","0","42.4","42.6","4.36","30.27","79.96","0","0","51.37","53.38","7.03","38.74","91.26","9.02","11.71","60.4","60.16","7.96","39.65","89.91","4.22","2.5","51.26","5.69"
"2025-11-09","31.2","78.67","0","0","42.74","43.01","4.45","30.4","80.17","0","0","52.0","54.01","7.16","38.89","91.42","9.16","11.79","60.73","60.43","8.0","39.53","89.71","3.93","2.12","51.31","5.7"
"2025-11-10","31.05","78.52","0","0","43.1","43.43","4.56","30.52","80.37","0","0","52.63","54.63","7.29","39.04","91.57","9.28","11.86","61.07","60.7","8.04","39.4","89.5","3.63","1.74","51.36","5.71"
"2025-11-11","30.91","78.37","0","0","43.47","43.86","4.66","30.65","80.59","0","0","53.27","55.26","7.42","39.18","91.72","9.4","11.91","61.39","60.96","8.08","39.26","89.28","3.32","1.35","51.43","5.72"
"2025-11-12","30.77","78.23","0","0","43.85","44.31","4.77","30.79","80.8","0","0","53.92","55.89","7.55","39.32","91.85","9.5","11.95","61.71","61.21","8.12","39.13","89.06","3.02","0.97","51.49","5.73"
"2025-11-13","30.63","78.1","0","0","44.25","44.77","4.88","30.93","81.03","0","0","54.56","56.52","7.68","39.45","91.98","9.6","11.98","62.02","61.46","8.16","38.98","88.84","2.71","0.58","51.56","5.75"
"2025-11-14","30.5","77.97","0","0","44.66","45.24","4.99","31.07","81.25","0","0","55.21","57.14","7.8","39.58","92.1","9.68","12.0","62.33","61.71","8.2","38.84","88.61","2.4","0.2","51.64","5.76"
"2025-11-15","30.38","77.85","0","0","45.08","45.72","5.11","31.22","81.48","0","0","55.86","57.77","7.93","39.7","92.22","9.76","12.0","62.63","61.95","8.23","38.69","88.38","2.08","0","51.72","5.78"
"2025-11-16","30.26","77.74","0","0","45.51","46.22","5.22","31.37","81.72","0","0.34","56.51","58.4","8.06","39.82","92.33","9.82","11.99","62.93","62.18","8.27","38.53","88.14","1.77","0","51.81","5.8"
"2025-11-17","30.14","77.63","0","0","45.96","46.73","5.34","31.53","81.95","0","0.73","57.16","59.03","8.18","39.93","92.43","9.88","11.97","63.22","62.41","8.3","38.37","87.9","1.45","0","51.9","5.82"
"2025-11-18","30.03","77.54","0","0","46.41","47.24","5.47","31.69","82.19","0","1.12","57.81","59.65","8.31","40.04","92.52","9.92","11.94","63.51","62.64","8.34","38.21","87.66","1.13","0","52.0","5.84"
"2025-11-19","29.92","77.45","0","0","46.88","47.77","5.59","31.85","82.44","0","1.5","58.46","60.27","8.43","40.14","92.6","9.96","11.89","63.78","62.86","8.37","38.05","87.41","0.81","0","52.1","5.87"
"2025-11-20","29.82","77.37","0","0","47.36","48.31","5.71","32.02","82.68","0","1.88","59.11","60.89","8.55","40.24","92.68","9.98","11.83","64.06","63.07","8.4","37.88","87.17","0.49","0","52.21","5.9"
"2025-11-21","29.73","77.29","0","0","47.86","48.86","5.84","32.19","82.93","0","2.26","59.76","61.51","8.68","40.33","92.75","10.0","11.76","64.32","63.28","8.43","37.71","86.92","0.16","0","52.33","5.92"
"2025-11-22","29.64","77.23","0","0","48.36","49.42","5.97","32.36","83.18","0","2.64","60.41","62.13","8.8","40.41","92.81","10.0","11.68","64.59","63.49","8.46","37.53","86.67","0","0","52.46","5.95"
"2025-11-23","29.55","77.17","0","0","48.88","49.99","6.1","32.54","83.43","0.29","3.02","61.06","62.74","8.92","40.5","92.86","9.99","11.58","64.84","63.69","8.49","37.36","86.41","0","0","52.59","5.99"
"2025-11-24","29.48","77.12","0","0","49.4","50.57","6.24","32.71","83.69","0.61","3.39","61.7","63.35","9.04","40.57","92.9","9.98","11.48","65.09","63.89","8.52","37.18","86.16","0","0","52.72","6.02"
"2025-11-25","29.4","77.08","0","0","49.94","51.16","6.37","32.89","83.94","0.93","3.76","62.35","63.95","9.15","40.64","92.94","9.95","11.36","65.33","64.08","8.55","36.99","85.9","0","0","52.87","6.05"
"2025-11-26","29.34","77.05","0","0","50.49","51.76","6.51","33.08","84.2","1.25","4.13","62.99","64.55","9.27","40.7","92.97","9.91","11.23","65.57","64.26","8.57","36.81","85.65","0","0","53.02","6.09"
"2025-11-27","29.27","77.02","0","0","51.04","52.37","6.65","33.26","84.45","1.57","4.49","63.62","65.14","9.39","40.76","92.99","9.86","11.08","65.8","64.45","8.6","36.63","85.39","0","0","53.18","6.13"
"2025-11-28","29.22","77.01","0","0","51.61","52.98","6.79","33.45","84.71","1.89","4.85","64.26","65.73","9.5","40.81","93.0","9.8","10.93","66.03","64.63","8.63","36.44","85.13","0","0","53.35","6.17"
"2025-11-29","29.17","77.0","0","0","52.18","53.6","6.93","33.63","84.97","2.2","5.2","64.89","66.32","9.61","40.86","93.0","9.73","10.76","66.25","64.8","8.65","36.25","84.87","0","0","53.52","6.22"
"2025-11-30","29.13","77.0","0","0","52.77","54.24","7.07","33.82","85.23","2.52","5.54","65.51","66.9","9.72","40.89","92.99","9.65","10.59","66.46","64.97","8.68","36.06","84.61","0","0","53.7","6.26"
"2025-12-01","29.09","77.01","0","0","53.36","54.87","7.21","34.01","85.49","2.83","5.88","66.13","67.47","9.83","40.93","92.98","9.56","10.4","66.67","65.14","8.7","35.87","84.36","0","0","53.89","6.31"
"2025-12-02","29.06","77.03","0","0","53.96","55.52","7.36","34.21","85.74","3.13","6.22","66.75","68.04","9.94","40.95","92.96","9.46","10.2","66.88","65.3","8.72","35.68","84.1","0","0","54.09","6.36"
"2025-12-03","29.04","77.05","0","0","54.57","56.17","7.5","34.4","86.0","3.44","6.55","67.36","68.6","10.04","40.98","92.93","9.36","9.99","67.08","65.46","8.75","35.48","83.84","0","0","54.29","6.41"
"2025-12-04","29.02","77.09","0","0","55.19","56.83","7.65","34.59","86.26","3.74","6.87","67.97","69.15","10.15","40.99","92.89","9.24","9.77","67.27","65.61","8.77","35.29","83.59","0","0","54.51","6.46"
"2025-12-05","29.01","77.13","0","0","55.82","57.49","7.8","34.78","86.51","4.04","7.18","68.57","69.7","10.25","41.0","92.84","9.11","9.54","67.46","65.76","8.79","35.1","83.34","0","0","54.73","6.52"
"2025-12-06","29.0","77.18","0","0","56.45","58.16","7.94","34.98","86.76","4.33","7.49","69.16","70.24","10.35","41.0","92.79","8.97","9.3","67.64","65.91","8.82","34.9","83.08","0","0","54.96","6.58"
"2025-12-07","29.0","77.24","0","0","57.09","58.83","8.09","35.17","87.01","4.62","7.79","69.75","70.77","10.45","41.0","92.72","8.82","9.05","67.82","66.06","8.84","34.71","82.83","0","0","55.2","6.64"
"2025-12-08","29.01","77.3","0","0","57.73","59.51","8.24","35.36","87.26","4.9","8.08","70.33","71.29","10.55","40.99","92.65","8.67","8.8","68.0","66.2","8.86","34.52","82.59","0","0","55.44","6.7"
"2025-12-09","29.02","77.38","0","0","58.38","60.19","8.39","35.56","87.51","5.18","8.36","70.9","71.81","10.64","40.97","92.57","8.5","8.53","68.16","66.34","8.88","34.32","82.34","0","0","55.7","6.76"
"2025-12-10","29.04","77.46","0","0","59.04","60.88","8.54","35.75","87.75","5.45","8.63","71.47","72.31","10.73","40.95","92.48","8.33","8.25","68.33","66.48","8.9","34.13","82.1","0","0","55.96","6.83"
"2025-12-11","29.07","77.55","0","0","59.7","61.57","8.69","35.94","87.99","5.72","8.9","72.03","72.81","10.82","40.92","92.39","8.14","7.97","68.49","66.61","8.92","33.94","81.86","0","0","56.23","6.9"
"2025-12-12","29.1","77.65","0","0","60.37","62.26","8.84","36.13","88.23","5.98","9.15","72.58","73.3","10.91","40.88","92.29","7.95","7.67","68.65","66.74","8.95","33.75","81.63","0","0","56.51","6.97"
"2025-12-13","29.13","77.76","0","0","61.04","62.95","8.99","36.32","88.46","6.24","9.4","73.12","73.78","11.0","40.84","92.18","7.75","7.37","68.8","66.87","8.97","33.56","81.39","0","0","56.8","7.04"
"2025-12-14","30.47","76.41","0","0","61.72","63.65","9.14","37.8","87.23","7.86","11.7","73.66","74.26","11.08","42.08","90.6","8.92","9.13","68.95","67.0","8.99","34.67","79.7","0","0","57.1","7.11"
"2025-12-15","31.81","75.06","0","0","62.4","64.35","9.29","39.28","86.0","9.48","13.99","74.18","74.72","11.17","43.32","89.01","10.08","10.88","69.09","67.13","9.01","35.77","78.02","0","0","57.41","7.19"
"2025-12-16","33.16","73.73","0","0","63.08","65.05","9.44","40.75","84.76","11.09","16.27","74.7","75.17","11.25","44.55","87.41","11.24","12.62","69.23","67.25","9.03","36.88","76.33","0","0","57.72","7.27"
"2025-12-17","34.51","72.4","0","1.96","63.77","65.75","9.59","42.22","83.52","12.7","18.53","75.2","75.61","11.33","45.77","85.81","12.38","14.35","69.37","67.38","9.05","37.99","74.66","0","0","58.04","7.35"
"2025-12-18","35.86","71.09","0.09","4.35","64.45","66.45","9.74","43.69","82.27","14.29","20.79","75.7","76.05","11.4","46.99","84.21","13.52","16.07","69.5","67.5","9.08","39.09","72.99","0","0","58.38","7.43"
"2025-12-19","37.22","69.78","1.7","6.75","65.15","67.15","9.89","45.16","81.02","15.87","23.03","76.19","76.47","11.48","48.2","82.6","14.64","17.78","69.63","67.62","9.1","40.2","71.32","0.5","1.61","58.72","7.52"
"2025-12-20","38.58","68.48","3.32","9.15","65.84","67.85","10.04","46.61","79.77","17.45","25.25","76.67","76.88","11.55","49.4","80.98","15.76","19.49","69.76","67.74","9.12","41.31","69.67","1.67","3.5","59.06","7.6"
"2025-12-21","39.95","67.19","4.94","11.55","66.53","68.55","10.19","48.07","78.52","19.01","27.46","77.14","77.29","11.62","50.59","79.37","16.87","21.18","69.88","67.86","9.15","42.42","68.02","2.84","5.39","59.42","7.69"
"2025-12-22","41.32","65.91","6.56","13.95","67.23","69.25","10.34","49.51","77.27","20.56","29.66","77.6","77.68","11.68","51.77","77.75","17.97","22.87","70.01","67.98","9.17","43.53","66.38","4.02","7.29","59.79","7.78"
"2025-12-23","42.68","64.64","8.19","16.34","67.92","69.95","10.48","50.96","76.01","22.1","31.83","78.04","78.06","11.75","52.95","76.13","19.05","24.54","70.13","68.1","9.19","44.64","64.76","5.2","9.2","60.16","7.87"
"2025-12-24","44.06","63.39","9.81","18.74","68.61","70.64","10.63","52.39","74.75","23.62","33.99","78.48","78.44","11.81","54.11","74.5","20.13","26.21","70.24","68.22","9.22","45.75","63.14","6.39","11.11","60.54","7.97"
"2025-12-25","45.43","62.14","11.44","21.13","69.31","71.33","10.77","53.82","73.5","25.14","36.13","78.91","78.8","11.87","55.27","72.88","21.2","27.86","70.36","68.34","9.24","46.85","61.53","7.59","13.03","60.93","8.06"
"2025-12-26","46.8","60.9","13.07","23.53","70.0","72.02","10.92","55.23","72.24","26.63","38.25","79.32","79.15","11.93","56.42","71.25","22.26","29.51","70.47","68.45","9.27","47.96","59.94","8.78","14.95","61.33","8.16"
"2025-12-27","48.17","59.68","14.7","25.91","70.69","72.71","11.06","56.64","70.98","28.12","40.35","79.73","79.49","11.99","57.55","69.63","23.31","31.14","70.58","68.57","9.29","49.07","58.35","9.99","16.88","61.73","8.26"
"2025-12-28","49.55","58.46","16.32","28.29","71.39","73.39","11.2","58.04","69.72","29.59","42.43","80.12","79.82","12.04","58.68","68.0","24.35","32.76","70.69","68.69","9.32","50.17","56.78","11.19","18.81","62.14","8.36"
"2025-12-29","50.92","57.26","17.95","30.66","72.07","74.07","11.34","59.43","68.46","31.04","44.49","80.5","80.13","12.09","59.79","66.38","25.38","34.37","70.8","68.81","9.35","51.27","55.22","12.4","20.74","62.56","8.46"
"2025-12-30","52.29","56.07","19.57","33.03","72.76","74.75","11.48","60.82","67.19","32.48","46.53","80.88","80.44","12.14","60.9","64.76","26.4","35.97","70.91","68.93","9.37","52.37","53.68","13.61","22.68","62.99","8.56"
"2025-12-31","53.66","54.89","21.19","35.39","73.44","75.41","11.62","62.18","65.93","33.9","48.54","81.24","80.74","12.19","61.99","63.14","27.41","37.56","71.02","69.06","9.4","53.47","52.15","14.83","24.62","63.43","8.67"
"2026-01-01","55.02","53.72","22.8","37.73","74.12","76.08","11.75","63.54","64.67","35.3","50.53","81.58","81.02","12.24","63.08","61.53","28.41","39.13","71.12","69.18","9.43","54.57","50.63","16.05","26.56","63.87","8.77"
"2026-01-02","56.39","52.56","24.41","40.07","74.8","76.73","11.88","64.89","63.41","36.69","52.5","81.92","81.3","12.28","64.15","59.92","29.4","40.7","71.23","69.31","9.46","55.66","49.14","17.27","28.5","64.32","8.88"
"2026-01-03","57.75","51.42","26.02","42.4","75.47","77.39","12.02","66.22","62.16","38.05","54.44","82.25","81.56","12.32","65.21","58.31","30.38","42.25","71.33","69.43","9.49","56.75","47.65","18.49","30.45","64.77","8.99"
"2026-01-04","59.1","50.29","27.62","44.71","76.14","78.03","12.15","67.55","60.9","39.4","56.36","82.56","81.81","12.36","66.26","56.71","31.34","43.79","71.44","69.56","9.52","57.84","46.18","19.72","32.39","65.23","9.1"
"2026-01-05","60.46","49.17","29.21","47.01","76.8","78.67","12.27","68.85","59.65","40.73","58.25","82.86","82.06","12.39","67.3","55.12","32.3","45.31","71.54","69.69","9.55","58.93","44.73","20.94","34.33","65.7","9.21"
"2026-01-06","61.8","48.07","30.8","49.29","77.46","79.3","12.4","70.15","58.39","42.04","60.12","83.15","82.29","12.43","68.32","53.53","33.25","46.83","71.65","69.82","9.59","60.01","43.3","22.17","36.27","66.18","9.33"
"2026-01-07","63.14","46.97","32.37","51.56","78.11","79.92","12.52","71.43","57.14","43.33","61.95","83.43","82.51","12.46","69.34","51.95","34.18","48.33","71.75","69.96","9.62","61.09","41.89","23.4","38.21","66.66","9.44"
"2026-01-08","64.48","45.9","33.94","53.82","78.75","80.54","12.65","72.69","55.89","44.61","63.77","83.7","82.72","12.49","70.34","50.38","35.11","49.82","71.86","70.09","9.66","62.16","40.49","24.63","40.14","67.14","9.56"
"2026-01-09","65.81","44.83","35.5","56.05","79.39","81.14","12.77","73.95","54.65","45.85","65.55","83.96","82.92","12.52","71.32","48.82","36.02","51.29","71.96","70.23","9.69","63.24","39.12","25.86","42.08","67.63","9.67"
"2026-01-10","67.13","43.78","37.05","58.27","80.02","81.74","12.88","75.18","53.41","47.08","67.3","84.2","83.1","12.55","72.3","47.26","36.92","52.75","72.07","70.37","9.73","64.3","37.76","27.09","44.0","68.13","9.79"
"2026-01-11","68.44","42.74","38.58","60.47","80.65","82.33","13.0","76.4","52.17","48.29","69.03","84.43","83.28","12.57","73.26","45.72","37.82","54.2","72.18","70.52","9.77","65.36","36.42","28.32","45.93","68.63","9.91"
"2026-01-12","69.75","41.72","40.11","62.65","81.26","82.91","13.11","77.6","50.93","49.48","70.73","84.65","83.45","12.59","74.21","44.19","38.7","55.63","72.28","70.66","9.8","66.42","35.1","29.54","47.85","69.14","10.03"
"2026-01-13","71.04","40.7","41.62","64.8","81.87","83.48","13.22","78.79","49.7","50.64","72.4","84.86","83.6","12.61","75.14","42.67","39.57","57.05","72.39","70.81","9.84","67.47","33.81","30.77","49.76","69.65","10.15"
"2026-01-14","72.33","39.71","43.12","66.94","82.47","84.04","13.33","79.96","48.48","51.78","74.04","85.06","83.75","12.63","76.07","41.16","40.43","58.46","72.51","70.97","9.88","68.52","32.53","31.99","51.67","70.17","10.27"
"2026-01-15","73.61","38.72","44.61","69.05","83.06","84.58","13.44","81.11","47.26","52.9","75.64","85.24","83.89","12.65","76.98","39.66","41.28","59.85","72.62","71.12","9.93","69.56","31.28","33.21","53.57","70.69","10.39"
"2026-01-16","74.88","37.76","46.08","71.14","83.64","85.12","13.54","82.24","46.04","54.0","77.22","85.42","84.01","12.66","77.87","38.17","42.11","61.23","72.73","71.28","9.97","70.59","30.04","34.43","55.46","71.21","10.51"
"2026-01-17","76.14","36.8","47.54","73.2","84.22","85.65","13.64","83.36","44.83","55.07","78.77","85.58","84.13","12.68","78.75","36.7","42.94","62.6","72.85","71.44","10.01","71.62","28.83","35.65","57.35","71.74","10.64"
"2026-01-18","77.38","35.86","48.98","75.24","84.78","86.16","13.74","84.45","43.63","56.12","80.28","85.73","84.24","12.69","79.62","35.25","43.76","63.94","72.97","71.61","10.06","72.64","27.65","36.86","59.22","72.27","10.76"
"2026-01-19","78.62","34.93","50.41","77.25","85.33","86.67","13.83","85.53","42.43","57.14","81.77","85.87","84.33","12.7","80.47","33.8","44.56","65.28","73.09","71.78","10.1","73.66","26.48","38.07","61.09","72.8","10.88"
"2026-01-20","79.84","34.02","51.81","79.23","85.87","87.16","13.92","86.59","41.24","58.14","83.22","86.0","84.42","12.71","81.31","32.38","45.36","66.6","73.21","71.95","10.15","74.67","25.34","39.28","62.94","73.33","11.01"
"2026-01-21","81.05","33.13","53.2","81.19","86.4","87.64","14.01","87.63","40.05","59.12","84.64","86.12","84.5","12.71","82.14","30.97","46.14","67.9","73.33","72.13","10.2","75.67","24.22","40.48","64.79","73.87","11.13"
"2026-01-22","82.25","32.24","54.58","83.12","86.92","88.11","14.1","88.65","38.88","60.07","86.03","86.22","84.57","12.72","82.95","29.58","46.91","69.19","73.46","72.31","10.25","76.66","23.13","41.68","66.62","74.41","11.25"
"2026-01-23","83.43","31.38","55.93","85.02","87.43","88.56","14.18","89.65","37.71","61.0","87.38","86.32","84.63","12.72","83.74","28.2","47.67","70.47","73.59","72.49","10.3","77.65","22.06","42.87","68.44","74.95","11.38"
"2026-01-24","84.6","30.52","57.26","86.88","87.93","89.0","14.26","90.62","36.55","61.9","88.7","86.41","84.68","12.72","84.53","26.85","48.42","71.73","73.72","72.68","10.35","78.62","21.01","44.05","70.24","75.49","11.5"
"2026-01-25","85.75","29.69","58.57","88.72","88.41","89.43","14.34","91.58","35.39","62.78","89.99","86.48","84.72","12.73","85.29","25.51","49.16","72.97","73.86","72.87","10.4","79.59","19.99","45.23","72.04","76.03","11.62"
"2026-01-26","86.89","28.86","59.87","90.52","88.88","89.84","14.41","92.51","34.25","63.63","91.24","86.55","84.75","12.72","86.05","24.19","49.89","74.2","74.0","73.07","10.45","80.55","19.0","46.4","73.81","76.58","11.75"
"2026-01-27","88.02","28.05","61.14","92.29","89.34","90.25","14.48","93.43","33.12","64.46","92.46","86.6","84.78","12.72","86.78","22.89","50.61","75.41","74.14","73.27","10.51","81.5","18.03","47.56","75.57","77.12","11.87"
"2026-01-28","89.12","27.26","62.39","94.03","89.79","90.63","14.55","94.32","31.99","65.26","93.65","86.65","84.8","12.72","87.51","21.61","51.31","76.61","74.28","73.47","10.56","82.45","17.08","48.72","77.32","77.66","11.99"
"2026-01-29","90.21","26.48","63.61","95.73","90.22","91.01","14.61","95.19","30.88","66.04","94.8","86.68","84.81","12.72","88.22","20.35","52.01","77.78","74.43","73.68","10.62","83.38","16.16","49.86","79.05","78.21","12.11"
"2026-01-30","91.29","25.72","64.82","97.4","90.64","91.37","14.68","96.04","29.78","66.79","95.92","86.71","84.81","12.71","88.91","19.12","52.69","78.95","74.58","73.89","10.68","84.3","15.27","51.0","80.76","78.75","12.24"
"2026-01-31","92.34","24.97","66.0","99.03","91.05","91.71","14.73","96.86","28.68","67.51","97.01","86.73","84.8","12.7","89.59","17.9","53.37","80.1","74.73","74.11","10.74","85.21","14.4","52.13","82.45","79.29","12.36"
"2026-02-01","93.38","24.24","67.15","100.63","91.44","92.04","14.79","97.66","27.6","68.21","98.06","86.73","84.79","12.7","90.25","16.71","54.03","81.23","74.89","74.33","10.79","86.11","13.56","53.25","84.13","79.83","12.48"
"2026-02-02","94.4","23.52","68.28","102.19","91.82","92.36","14.84","98.44","26.53","68.88","99.07","86.73","84.77","12.69","90.9","15.54","54.68","82.34","75.05","74.55","10.86","87.0","12.75","54.36","85.78","80.37","12.6"
"2026-02-03","95.4","22.82","69.39","103.71","92.19","92.66","14.89","99.2","25.48","69.53","100.06","86.72","84.74","12.68","91.53","14.4","55.32","83.44","75.21","74.77","10.92","87.88","11.96","55.46","87.41","80.9","12.72"
"2026-02-04","96.38","22.13","70.47","105.19","92.54","92.95","14.94","99.93","24.43","70.15","101.0","86.7","84.71","12.67","92.15","13.27","55.95","84.51","75.38","75.01","10.98","88.75","11.2","56.54","89.03","81.44","12.83"
"2026-02-05","97.35","21.46","71.52","106.64","92.87","93.22","14.98","100.64","23.4","70.75","101.92","86.67","84.67","12.65","92.75","12.18","56.57","85.58","75.55","75.24","11.04","89.61","10.46","57.62","90.62","81.97","12.95"
"2026-02-06","98.29","20.81","72.55","108.04","93.19","93.47","15.02","101.33","22.38","71.32","102.8","86.63","84.62","12.64","93.34","11.11","57.17","86.62","75.72","75.48","11.11","90.45","9.75","58.68","92.18","82.49","13.06"
"2026-02-07","99.21","20.17","73.55","109.41","93.5","93.72","15.05","101.99","21.38","71.86","103.64","86.59","84.57","12.63","93.91","10.06","57.77","87.65","75.89","75.72","11.17","91.28","9.07","59.73","93.73","83.01","13.18"
"2026-02-08","100.11","19.54","74.52","110.73","93.79","93.94","15.09","102.63","20.39","72.38","104.45","86.54","84.51","12.61","94.46","9.04","58.35","88.66","76.07","75.96","11.24","92.1","8.42","60.77","95.25","83.53","13.29"
"2026-02-09","100.99","18.93","75.46","112.01","94.07","94.15","15.12","103.25","19.41","72.87","105.23","86.48","84.45","12.6","95.0","8.05","58.92","89.65","76.26","76.21","11.3","92.91","7.79","61.79","96.74","84.05","13.4"
"2026-02-10","101.85","18.34","76.38","113.26","94.33","94.35","15.14","103.84","18.45","73.34","105.97","86.41","84.38","12.58","95.53","7.08","59.49","90.62","76.44","76.46","11.37","93.7","7.19","62.8","98.21","84.56","13.51"
"2026-02-11","102.68","17.76","77.27","114.46","94.57","94.53","15.16","104.4","17.51","73.78","106.67","86.34","84.31","12.57","96.04","6.14","60.04","91.58","76.63","76.72","11.44","94.48","6.62","63.8","99.66","85.06","13.62"
"2026-02-12","103.49","17.2","78.12","115.61","94.8","94.69","15.18","104.95","16.58","74.19","107.35","86.26","84.23","12.55","96.53","5.23","60.57","92.51","76.83","76.98","11.51","95.24","6.07","64.77","101.07","85.56","13.73"
"2026-02-13","104.28","16.65","78.95","116.73","95.02","94.84","15.2","105.46","15.66","74.58","107.98","86.17","84.15","12.54","97.01","4.35","61.1","93.43","77.02","77.24","11.57","95.99","5.56","65.74","102.46","86.05","13.83"
"2026-02-14","105.05","16.12","79.75","117.8","95.22","94.98","15.21","105.96","14.77","74.95","108.59","86.07","84.06","12.52","97.47","3.49","61.62","94.33","77.22","77.5","11.64","96.73","5.07","66.69","103.82","86.54","13.94"
"2026-02-15","105.79","15.6","80.52","118.83","95.4","95.1","15.22","106.43","13.89","75.28","109.16","85.97","83.97","12.5","97.92","2.67","62.12","95.21","77.42","77.77","11.71","97.45","4.6","67.62","105.15","87.02","14.04"
"2026-02-16","106.51","15.1","81.25","119.81","95.57","95.2","15.23","106.87","13.03","75.6","109.69","85.87","83.88","12.48","98.35","1.87","62.62","96.07","77.63","78.04","11.78","98.16","4.17","68.53","106.45","87.49","14.14"
"2026-02-17","107.2","14.62","81.96","120.75","95.72","95.29","15.24","107.29","12.18","75.89","110.2","85.76","83.78","12.47","98.76","1.1","63.1","96.91","77.84","78.31","11.86","98.85","3.76","69.42","107.72","87.96","14.24"
"2026-02-18","107.88","14.15","82.63","121.65","95.86","95.36","15.24","107.69","11.36","76.15","110.66","85.64","83.68","12.45","99.16","0.37","63.57","97.73","78.05","78.58","11.93","99.52","3.37","70.3","108.96","88.41","14.33"
"2026-02-19","108.52","13.7","83.28","122.5","95.98","95.42","15.23","108.06","10.55","76.39","111.1","85.52","83.57","12.43","99.55","0","64.03","98.53","78.26","78.86","12.0","100.18","3.02","71.16","110.17","88.86","14.43"
"2026-02-20","109.14","13.26","83.89","123.3","96.08","95.46","15.23","108.4","9.77","76.6","111.5","85.39","83.47","12.41","99.91","0","64.47","99.31","78.48","79.14","12.07","100.82","2.69","72.0","111.35","89.31","14.52"
"2026-02-21","109.74","12.84","84.47","124.06","96.17","95.49","15.22","108.72","9.0","76.79","111.87","85.26","83.36","12.39","100.27","0","64.91","100.06","78.7","79.42","12.14","101.45","2.39","72.82","112.49","89.74","14.61"
"2026-02-22","110.31","12.44","85.01","124.77","96.24","95.5","15.21","109.02","8.25","76.95","112.2","85.12","83.24","12.37","100.6","0","65.33","100.8","78.92","79.7","12.22","102.05","2.12","73.62","113.6","90.16","14.69"
"2026-02-23","110.85","12.05","85.53","125.44","96.3","95.49","15.19","109.29","7.53","77.1","112.51","84.98","83.13","12.35","100.92","0","65.74","101.52","79.14","79.98","12.29","102.65","1.87","74.39","114.67","90.58","14.78"
"2026-02-24","111.37","11.68","86.01","126.06","96.34","95.48","15.18","109.54","6.82","77.21","112.78","84.84","83.01","12.33","101.23","0","66.14","102.22","79.37","80.27","12.36","103.22","1.65","75.15","115.71","90.98","14.86"
"2026-02-25","111.86","11.32","86.46","126.64","96.37","95.44","15.16","109.76","6.13","77.31","113.01","84.69","82.89","12.32","101.52","0","66.52","102.89","79.59","80.55","12.43","103.77","1.46","75.89","116.72","91.38","14.94"
"2026-02-26","112.32","10.98","86.87","127.17","96.38","95.4","15.13","109.96","5.47","77.38","113.22","84.54","82.77","12.3","101.79","0","66.9","103.55","79.82","80.84","12.51","104.31","1.29","76.6","117.68","91.76","15.01"
"2026-02-27","112.76","10.66","87.26","127.65","96.38","95.34","15.11","110.14","4.83","77.42","113.39","84.38","82.65","12.28","102.05","0","67.26","104.18","80.06","81.13","12.58","104.83","1.15","77.29","118.62","92.13","15.09"
"2026-02-28","113.17","10.35","87.6","128.09","96.35","95.26","15.08","110.29","4.21","77.45","113.53","84.22","82.53","12.26","102.29","0","67.61","104.79","80.29","81.42","12.65","105.33","1.03","77.96","119.51","92.5","15.16"
"2026-03-01","113.55","10.06","87.92","128.48","96.32","95.17","15.05","110.41","3.61","77.45","113.64","84.06","82.41","12.24","102.52","0","67.94","105.37","80.52","81.71","12.73","105.81","0.94","78.61","120.37","92.85","15.23"
"2026-03-02","113.91","9.79","88.2","128.82","96.27","95.07","15.01","110.51","3.04","77.42","113.72","83.9","82.28","12.22","102.73","0","68.27","105.94","80.76","81.99","12.8","106.27","0.88","79.23","121.18","93.19","15.29"
"2026-03-03","114.24","9.53","88.45","129.11","96.2","94.95","14.98","110.59","2.49","77.38","113.77","83.74","82.16","12.21","102.92","0","68.58","106.48","80.99","82.28","12.87","106.72","0.84","79.83","121.96","93.51","15.35"
"2026-03-04","114.54","9.29","88.67","129.36","96.12","94.82","14.94","110.65","1.97","77.31","113.79","83.57","82.03","12.19","103.1","0","68.88","107.0","81.23","82.57","12.94","107.14","0.83","80.4","122.7","93.83","15.41"
"2026-03-05","114.81","9.06","88.85","129.57","96.03","94.67","14.9","110.68","1.46","77.22","113.77","83.4","81.91","12.17","103.26","0","69.16","107.49","81.47","82.86","13.01","107.54","0.84","80.95","123.41","94.13","15.47"
"2026-03-06","115.06","8.85","89.0","129.72","95.92","94.51","14.85","110.68","0.99","77.11","113.73","83.23","81.78","12.16","103.41","0","69.43","107.96","81.71","83.14","13.08","107.92","0.88","81.47","124.07","94.42","15.52"
"2026-03-07","115.27","8.66","89.11","129.83","95.79","94.34","14.81","110.67","0.53","76.98","113.66","83.06","81.66","12.14","103.54","0","69.69","108.41","81.95","83.43","13.15","108.28","0.95","81.96","124.69","94.7","15.57"
"2026-03-08","115.46","8.49","89.19","129.89","95.65","94.16","14.76","110.63","0.11","76.83","113.55","82.89","81.53","12.12","103.65","0","69.94","108.83","82.19","83.71","13.22","108.62","1.03","82.43","125.26","94.97","15.62"
"2026-03-09","115.62","8.33","89.24","129.91","95.5","93.96","14.7","110.56","0","76.66","113.42","82.72","81.41","12.11","103.75","0","70.17","109.23","82.43","83.99","13.29","108.94","1.15","82.88","125.8","95.22","15.67"
"2026-03-10","115.75","8.19","89.25","129.88","95.33","93.75","14.65","110.48","0","76.46","113.26","82.54","81.29","12.09","103.83","0","70.39","109.6","82.67","84.27","13.36","109.24","1.28","83.29","126.3","95.45","15.71"
"2026-03-11","115.86","8.06","89.23","129.8","95.15","93.53","14.6","110.37","0","76.25","113.07","82.37","81.16","12.08","103.9","0","70.59","109.95","82.9","84.55","13.43","109.52","1.44","83.68","126.75","95.68","15.74"
"2026-03-12","115.93","7.95","89.18","129.68","94.96","93.3","14.54","110.23","0","76.02","112.85","82.19","81.04","12.07","103.95","0","70.78","110.28","83.14","84.82","13.49","109.77","1.63","84.04","127.16","95.89","15.78"
"2026-03-13","115.98","7.86","89.09","129.52","94.75","93.05","14.48","110.08","0","75.76","112.6","82.02","80.92","12.05","103.98","0","70.96","110.57","83.38","85.09","13.56","110.0","1.84","84.38","127.53","96.08","15.81"
"2026-03-14","116.0","7.79","88.97","129.3","94.53","92.8","14.42","109.9","0","75.49","112.33","81.84","80.8","12.04","104.0","0","71.12","110.85","83.61","85.36","13.62","110.21","2.07","84.68","127.85","96.26","15.84"
"2026-03-15","115.99","7.73","88.82","129.04","94.29","92.53","14.35","109.7","0","75.2","112.03","81.67","80.69","12.03","104.0","0","71.26","111.09","83.85","85.63","13.69","110.4","2.32","84.96","128.13","96.43","15.86"
"2026-03-16","115.95","7.69","88.63","128.74","94.05","92.25","14.29","109.48","0","74.89","111.7","81.5","80.57","12.02","103.99","0","71.4","111.31","84.08","85.89","13.75","110.57","2.6","85.21","128.36","96.58","15.88"
"2026-03-17","115.88","7.67","88.41","128.39","93.79","91.96","14.22","109.24","0","74.56","111.34","81.32","80.46","12.01","103.96","0","71.51","111.51","84.31","86.15","13.81","110.71","2.9","85.42","128.56","96.72","15.9"
"2026-03-18","115.79","7.66","88.16","128.0","93.52","91.67","14.15","108.98","0","74.21","110.96","81.15","80.34","11.99","103.92","0","71.62","111.67","84.54","86.4","13.87","110.83","3.22","85.61","128.7","96.84","15.91"
"2026-03-19","115.67","7.67","87.88","127.57","93.24","91.36","14.08","108.69","0","73.85","110.55","80.98","80.23","11.98","103.85","0","71.7","111.81","84.76","86.65","13.93","110.92","3.57","85.77","128.8","96.94","15.92"
"2026-03-20","115.51","7.7","87.56","127.09","92.94","91.04","14.01","108.38","0","73.47","110.11","80.81","80.12","11.98","103.78","0","71.78","111.92","84.98","86.9","13.98","111.0","3.93","85.9","128.86","97.03","15.93"
"2026-03-21","115.33","7.75","87.21","126.56","92.64","90.71","13.93","108.06","0","73.07","109.65","80.64","80.02","11.97","103.68","0","71.83","112.01","85.2","87.14","14.04","111.05","4.32","86.0","128.87","97.11","15.93"
"2026-03-22","115.13","7.81","86.83","126.0","92.32","90.38","13.86","107.71","0","72.65","109.16","80.47","79.91","11.96","103.57","0","71.87","112.06","85.42","87.37","14.09","111.07","4.73","86.07","128.84","97.17","15.93"
"2026-03-23","114.89","7.9","86.42","125.39","91.99","90.03","13.78","107.34","0","72.22","108.65","80.31","79.81","11.95","103.45","0","71.9","112.09","85.63","87.6","14.14","111.07","5.16","86.11","128.76","97.21","15.93"
"2026-03-24","114.62","8.0","85.98","124.74","91.65","89.68","13.7","106.95","0","71.77","108.11","80.15","79.71","11.94","103.31","0","71.91","112.09","85.84","87.82","14.19","111.05","5.61","86.12","128.64","97.24","15.92"
"2026-03-25","114.33","8.11","85.51","124.04","91.31","89.32","13.63","106.55","0","71.31","107.55","79.98","79.61","11.94","103.15","0","71.9","112.06","86.04","88.04","14.24","111.0","6.08","86.09","128.47","97.25","15.91"
"2026-03-26","114.01","8.25","85.01","123.31","90.95","88.95","13.55","106.12","0","70.83","106.97","79.82","79.52","11.93","102.98","0","71.88","112.01","86.24","88.25","14.29","110.93","6.57","86.04","128.25","97.24","15.9"
"2026-03-27","113.67","8.4","84.47","122.53","90.58","88.57","13.46","105.67","0","70.33","106.36","79.67","79.42","11.93","102.79","0","71.84","111.92","86.44","88.46","14.33","110.84","7.07","85.96","127.99","97.22","15.88"
"2026-03-28","113.29","8.57","83.91","121.72","90.21","88.19","13.38","105.2","0","69.82","105.73","79.51","79.33","11.92","102.58","0","71.78","111.81","86.63","88.65","14.38","110.72","7.6","85.84","127.68","97.18","15.86"
"2026-03-29","112.89","8.76","83.32","120.86","89.82","87.8","13.3","104.72","0","69.29","105.07","79.36","79.25","11.92","102.36","0","71.71","111.66","86.82","88.84","14.42","110.57","8.15","85.69","127.32","97.13","15.83"
"2026-03-30","112.46","8.97","82.7","119.97","89.43","87.4","13.21","104.22","0","68.75","104.39","79.21","79.16","11.92","102.12","0","71.62","111.49","87.0","89.02","14.46","110.41","8.72","85.51","126.92","97.06","15.81"
"2026-03-31","112.0","9.19","82.05","119.03","89.02","87.0","13.13","103.69","0","68.2","103.69","79.06","79.08","11.91","101.87","0","71.51","111.28","87.17","89.2","14.49","110.21","9.3","85.3","126.48","96.98","15.77"
"2026-04-01","111.52","9.44","81.37","118.06","88.61","86.59","13.04","103.15","0","67.63","102.97","78.91","79.0","11.91","101.6","0","71.39","111.05","87.34","89.36","14.53","109.99","9.91","85.06","125.98","96.88","15.74"
"2026-04-02","111.01","9.7","80.66","117.05","88.2","86.17","12.96","102.6","0","67.05","102.22","78.77","78.92","11.91","101.31","0","71.25","110.78","87.5","89.52","14.56","109.75","10.53","84.78","125.45","96.76","15.7"
"2026-04-03","110.48","9.98","79.93","116.01","87.77","85.75","12.87","102.02","0","66.45","101.45","78.63","78.84","11.91","101.01","0","71.09","110.48","87.66","89.67","14.59","109.48","11.16","84.48","124.86","96.63","15.66"
"2026-04-04","109.92","10.28","79.17","114.93","87.34","85.33","12.78","101.43","0","65.84","100.66","78.49","78.77","11.91","100.69","0.58","70.91","110.16","87.81","89.81","14.62","109.19","11.82","84.14","124.23","96.48","15.61"
"2026-04-05","109.33","10.6","78.38","113.81","86.9","84.9","12.7","100.82","0","65.22","99.86","78.35","78.7","11.91","100.36","1.31","70.71","109.8","87.95","89.94","14.65","108.87","12.49","83.77","123.56","96.31","15.56"
"2026-04-06","108.72","10.93","77.57","112.65","86.46","84.47","12.61","100.2","0","64.59","99.02","78.22","78.63","11.91","100.01","2.07","70.5","109.41","88.08","90.07","14.67","108.53","13.18","83.37","122.83","96.13","15.51"
"2026-04-07","108.08","11.29","76.73","111.46","86.01","84.03","12.52","99.56","0.21","63.94","98.17","78.09","78.56","11.91","99.64","2.86","70.27","108.99","88.21","90.18","14.69","108.16","13.89","82.93","122.07","95.93","15.45"
"2026-04-08","107.42","11.66","75.87","110.24","85.55","83.59","12.43","98.9","0.67","63.29","97.3","77.96","78.5","11.91","99.26","3.67","70.02","108.54","88.33","90.28","14.71","107.77","14.61","82.47","121.26","95.72","15.39"
"2026-04-09","106.73","12.05","74.98","108.98","85.09","83.15","12.34","98.23","1.16","62.62","96.41","77.84","78.44","11.91","98.86","4.52","69.75","108.06","88.44","90.37","14.72","107.35","15.35","81.97","120.4","95.49","15.33"
"2026-04-10","106.02","12.46","74.06","107.7","84.63","82.7","12.25","97.54","1.68","61.94","95.5","77.72","78.38","11.91","98.44","5.39","69.46","107.54","88.55","90.46","14.74","106.91","16.1","81.44","119.5","95.24","15.27"
"2026-04-11","105.29","12.89","73.13","106.38","84.16","82.26","12.16","96.83","2.23","61.24","94.57","77.6","78.32","11.91","98.01","6.28","69.15","107.0","88.64","90.53","14.75","106.45","16.86","80.88","118.55","94.98","15.2"
"2026-04-12","104.53","13.34","72.17","105.02","83.68","81.81","12.07","96.12","2.81","60.54","93.62","77.48","78.26","11.92","97.57","7.2","68.83","106.42","88.73","90.59","14.76","105.95","17.65","80.29","117.57","94.71","15.13"
"2026-04-13","103.75","13.81","71.18","103.64","83.21","81.35","11.98","95.38","3.42","59.83","92.65","77.37","78.21","11.92","97.1","8.15","68.48","105.81","88.8","90.64","14.76","105.44","18.44","79.67","116.53","94.42","15.05"
"2026-04-14","102.95","14.29","70.18","102.23","82.73","80.9","11.89","94.64","4.06","59.1","91.67","77.26","78.16","11.92","96.63","9.12","68.12","105.16","88.87","90.68","14.76","104.9","19.25","79.02","115.46","94.11","14.97"
"2026-04-15","102.12","14.8","69.15","100.78","82.24","80.45","11.81","93.87","4.73","58.37","90.66","77.15","78.11","11.93","96.13","10.12","67.74","104.49","88.93","90.71","14.76","104.33","20.08","78.33","114.34","93.79","14.89"
"2026-04-16","101.27","15.32","68.11","99.31","81.76","79.99","11.72","93.1","5.43","57.63","89.64","77.04","78.06","11.93","95.62","11.14","67.33","103.78","88.98","90.72","14.76","103.74","20.92","77.62","113.17","93.46","14.81"
"2026-04-17","100.4","15.86","67.04","97.81","81.27","79.54","11.63","92.31","6.16","56.87","88.6","76.94","78.01","11.93","95.09","12.18","66.91","103.04","89.02","90.73","14.75","103.13","21.77","76.87","111.97","93.11","14.72"
"2026-04-18","99.51","16.43","65.95","96.29","80.78","79.08","11.54","91.51","6.92","56.11","87.54","76.84","77.97","11.93","94.55","13.25","66.47","102.26","89.05","90.72","14.75","102.49","22.63","76.1","110.72","92.74","14.63"
"2026-04-19","98.6","17.01","64.84","94.74","80.28","78.62","11.45","90.7","7.71","55.34","86.46","76.74","77.92","11.94","93.99","14.34","66.0","101.46","89.07","90.7","14.73","101.83","23.51","75.29","109.44","92.36","14.54"
"2026-04-20","97.66","17.61","63.71","93.16","79.79","78.17","11.37","89.87","8.52","54.56","85.37","76.65","77.88","11.94","93.42","15.45","65.52","100.62","89.07","90.67","14.72","101.14","24.4","74.46","108.11","91.97","14.44"
"2026-04-21","96.71","18.23","62.57","91.56","79.29","77.71","11.28","89.04","9.37","53.77","84.26","76.55","77.84","11.94","92.83","16.58","65.02","99.75","89.07","90.63","14.7","100.43","25.3","73.59","106.74","91.57","14.35"
"2026-04-22","95.73","18.87","61.41","89.93","78.8","77.26","11.2","88.19","10.24","52.97","83.14","76.46","77.8","11.95","92.23","17.73","64.49","98.85","89.06","90.57","14.68","99.69","26.21","72.7","105.33","91.15","14.25"
"2026-04-23","94.74","19.52","60.23","88.28","78.3","76.81","11.11","87.32","11.14","52.17","81.99","76.37","77.76","11.95","91.6","18.9","63.95","97.91","89.03","90.5","14.66","98.94","27.13","71.78","103.88","90.72","14.14"
"2026-04-24","93.73","20.2","59.03","86.61","77.81","76.36","11.03","86.45","12.07","51.35","80.84","76.28","77.72","11.95","90.97","20.1","63.38","96.94","89.0","90.42","14.63","98.16","28.07","70.83","102.39","90.27","14.04"
"2026-04-25","92.7","20.9","57.82","84.91","77.31","75.91","10.94","85.57","13.03","50.53","79.66","76.2","77.68","11.96","90.32","21.31","62.8","95.94","88.95","90.33","14.6","97.35","29.02","69.85","100.87","89.81","13.93"
"2026-04-26","91.65","21.61","56.59","83.2","76.82","75.46","10.86","84.68","14.01","49.7","78.47","76.12","77.64","11.96","89.65","22.54","62.19","94.9","88.89","90.22","14.57","96.53","29.97","68.84","99.3","89.34","13.82"
"2026-04-27","90.59","22.34","55.35","81.46","76.32","75.02","10.78","83.77","15.02","48.86","77.27","76.03","77.6","11.96","88.97","23.79","61.57","93.84","88.82","90.1","14.53","95.68","30.94","67.81","97.7","88.86","13.71"
"2026-04-28","89.5","23.1","54.09","79.7","75.83","74.57","10.7","82.86","16.06","48.02","76.05","75.95","77.56","11.96","88.27","25.05","60.92","92.74","88.74","89.97","14.49","94.8","31.92","66.74","96.07","88.37","13.59"
"2026-04-29","88.4","23.87","52.82","77.93","75.34","74.14","10.62","81.93","17.12","47.16","74.81","75.88","77.52","11.96","87.55","26.34","60.25","91.61","88.65","89.82","14.45","93.91","32.9","65.66","94.39","87.86","13.47"
"2026-04-30","87.29","24.66","51.54","76.13","74.85","73.7","10.54","81.0","18.21","46.3","73.56","75.8","77.48","11.96","86.82","27.64","59.57","90.44","88.54","89.66","14.41","93.0","33.9","64.54","92.69","87.34","13.36"
"2026-05-01","86.16","25.47","50.24","74.32","74.36","73.27","10.46","80.06","19.33","45.44","72.29","75.72","77.44","11.96","86.08","28.95","58.86","89.25","88.43","89.49","14.36","92.06","34.91","63.4","90.94","86.82","13.23"
"2026-05-02","85.01","26.3","48.94","72.5","73.88","72.84","10.38","79.11","20.47","44.56","71.01","75.65","77.4","11.96","85.32","30.28","58.13","88.02","88.3","89.3","14.31","91.1","35.92","62.23","89.17","86.28","13.11"
"2026-05-03","83.85","27.15","47.62","70.66","73.4","72.41","10.3","78.15","21.63","43.68","69.72","75.57","77.35","11.96","84.54","31.63","57.38","86.76","88.15","89.1","14.25","90.12","36.95","61.04","87.36","85.73","12.99"
"2026-05-04","82.67","28.01","46.29","68.8","72.92","71.99","10.23","77.18","22.82","42.8","68.41","75.5","77.31","11.96","83.75","32.99","56.61","85.47","88.0","88.89","14.2","89.12","37.98","59.83","85.51","85.17","12.86"
"2026-05-05","81.48","28.9","44.95","66.93","72.44","71.57","10.15","76.2","24.04","41.9","67.09","75.42","77.27","11.96","82.95","34.36","55.82","84.14","87.83","88.66","14.14","88.1","39.02","58.59","83.64","84.6","12.73"
"2026-05-06","80.28","29.8","43.6","65.04","71.97","71.16","10.08","75.22","25.27","41.01","65.76","75.35","77.22","11.95","82.13","35.75","55.0","82.79","87.65","88.42","14.07","87.06","40.07","57.33","81.74","84.03","12.6"
"2026-05-07","79.06","30.72","42.25","63.14","71.5","70.75","10.01","74.23","26.53","40.1","64.41","75.28","77.17","11.95","81.3","37.14","54.17","81.4","87.46","88.17","14.01","85.99","41.12","56.04","79.8","83.44","12.47"
"2026-05-08","77.84","31.66","40.88","61.23","71.03","70.35","9.94","73.23","27.82","39.19","63.04","75.21","77.12","11.95","80.45","38.55","53.32","79.98","87.26","87.9","13.94","84.91","42.19","54.73","77.84","82.85","12.34"
"2026-05-09","76.6","32.62","39.51","59.31","70.57","69.95","9.87","72.22","29.12","38.27","61.67","75.13","77.07","11.94","79.58","39.98","52.44","78.54","87.04","87.62","13.87","83.81","43.26","53.4","75.84","82.24","12.21"
"2026-05-10","75.35","33.6","38.13","57.38","70.12","69.56","9.8","71.21","30.45","37.35","60.28","75.06","77.02","11.93","78.71","41.41","51.55","77.06","86.81","87.33","13.79","82.69","44.34","52.05","73.82","81.63","12.07"
"2026-05-11","74.08","34.6","36.75","55.44","69.67","69.17","9.73","70.19","31.8","36.42","58.88","74.99","76.96","11.93","77.81","42.85","50.64","75.55","86.57","87.03","13.71","81.56","45.43","50.68","71.78","81.02","11.94"
"2026-05-12","72.81","35.61","35.35","53.49","69.22","68.79","9.67","69.17","33.17","35.49","57.47","74.91","76.9","11.92","76.91","44.3","49.7","74.01","86.31","86.71","13.63","80.4","46.52","49.28","69.7","80.39","11.8"
"2026-05-13","71.53","36.64","33.96","51.53","68.78","68.41","9.6","68.13","34.56","34.55","56.04","74.84","76.84","11.91","75.99","45.76","48.75","72.44","86.04","86.37","13.55","79.23","47.62","47.87","67.61","79.76","11.66"
"2026-05-14","70.24","37.69","32.56","49.56","68.34","68.04","9.54","67.1","35.97","33.61","54.6","74.76","76.77","11.9","75.05","47.23","47.77","70.84","85.76","86.03","13.46","78.04","48.72","46.44","65.48","79.12","11.52"
"2026-05-15","68.94","38.75","31.15","47.59","67.91","67.67","9.48","66.06","37.4","32.66","53.15","74.69","76.7","11.89","74.11","48.7","46.78","69.22","85.47","85.67","13.37","76.83","49.83","44.99","63.34","78.48","11.39"
"2026-05-16","67.63","39.84","29.74","45.61","67.49","67.31","9.42","65.01","38.85","31.71","51.69","74.61","76.63","11.87","73.15","50.18","45.76","67.56","85.16","85.3","13.28","75.61","50.95","43.52","61.17","77.83","11.25"
"2026-05-17","66.32","40.94","28.33","43.63","67.07","66.96","9.36","63.96","40.32","30.75","50.22","74.53","76.55","11.86","72.17","51.67","44.73","65.88","84.84","84.91","13.19","74.37","52.07","42.03","58.98","77.18","11.1"
"2026-05-18","64.99","42.06","26.92","41.64","66.65","66.61","9.3","62.9","41.8","29.78","48.73","74.44","76.47","11.84","71.18","53.17","43.67","64.17","84.51","84.52","13.09","73.12","53.2","40.53","56.77","76.52","10.96"
"2026-05-19","63.67","43.19","25.5","39.64","66.25","66.27","9.25","61.84","43.3","28.82","47.23","74.36","76.39","11.83","70.18","54.67","42.6","62.43","84.17","84.11","12.99","71.85","54.33","39.01","54.54","75.86","10.82"
"2026-05-20","62.33","44.34","24.08","37.65","65.85","65.93","9.19","60.77","44.82","27.84","45.73","74.28","76.3","11.81","69.17","56.17","41.51","60.67","83.81","83.69","12.89","70.56","55.47","37.48","52.29","75.2","10.68"
"2026-05-21","60.99","45.51","22.67","35.65","65.45","65.6","9.14","59.7","46.35","26.87","44.21","74.19","76.21","11.79","68.14","57.68","40.4","58.87","83.44","83.25","12.78","69.26","56.62","35.93","50.02","74.53","10.54"
"2026-05-22","59.64","46.69","21.25","33.65","65.07","65.28","9.08","58.63","47.9","25.88","42.68","74.1","76.11","11.77","67.1","59.19","39.27","57.05","83.06","82.81","12.68","67.95","57.76","34.37","47.74","73.86","10.4"
"2026-05-23","58.29","47.89","19.83","31.64","64.68","64.96","9.03","57.55","49.47","24.9","41.14","74.0","76.01","11.75","66.05","60.71","38.12","55.21","82.67","82.35","12.57","66.63","58.92","32.8","45.44","73.18","10.25"
"2026-05-24","56.94","49.11","18.41","29.64","64.31","64.65","8.98","56.47","51.04","23.91","39.59","73.91","75.9","11.72","64.99","62.23","36.96","53.34","82.27","81.88","12.45","65.29","60.07","31.21","43.13","72.51","10.11"
"2026-05-25","55.58","50.34","17.0","27.64","63.94","64.35","8.93","55.39","52.63","22.91","38.03","73.81","75.79","11.7","63.92","63.75","35.78","51.45","81.85","81.4","12.34","63.94","61.23","29.61","40.8","71.83","9.97"
"2026-05-26","54.22","51.59","15.58","25.64","63.58","64.06","8.89","54.3","54.24","21.91","36.45","73.7","75.67","11.67","62.83","65.27","34.57","49.53","81.42","80.91","12.22","62.58","62.4","28.0","38.46","71.15","9.83"
"2026-05-27","52.86","52.85","14.17","23.64","63.23","63.77","8.84","53.21","55.86","20.91","34.87","73.6","75.55","11.64","61.73","66.79","33.36","47.59","80.98","80.41","12.1","61.2","63.57","26.38","36.1","70.47","9.69"
"2026-05-28","51.49","54.12","12.77","21.64","62.88","63.48","8.8","52.12","57.48","19.9","33.28","73.49","75.42","11.61","60.62","68.31","32.12","45.63","80.53","79.9","11.98","59.82","64.74","24.75","33.74","69.79","9.54"
"2026-05-29","50.12","55.41","11.36","19.64","62.54","63.21","8.75","51.03","59.12","18.89","31.68","73.37","75.28","11.58","59.5","69.83","30.87","43.64","80.07","79.37","11.86","58.43","65.91","23.11","31.36","69.11","9.4"
"2026-05-30","48.76","56.72","9.96","17.65","62.21","62.94","8.71","49.94","60.77","17.87","30.07","73.26","75.14","11.54","58.37","71.35","29.6","41.63","79.6","78.84","11.73","57.02","67.09","21.46","28.98","68.43","9.26"
"2026-05-31","47.39","58.04","8.56","15.66","61.89","62.67","8.67","48.84","62.43","16.85","28.45","73.13","75.0","11.51","57.23","72.87","28.32","39.6","79.12","78.3","11.61","55.61","68.27","19.8","26.59","67.75","9.12"
"2026-06-01","46.02","59.37","7.17","13.67","61.57","62.41","8.63","47.74","64.1","15.83","26.82","73.01","74.84","11.47","56.07","74.39","27.01","37.55","78.62","77.74","11.48","54.19","69.46","18.14","24.19","67.07","8.99"
"2026-06-02","44.65","60.71","5.79","11.69","61.26","62.16","8.59","46.64","65.77","14.8","25.19","72.88","74.68","11.43","54.91","75.9","25.7","35.48","78.12","77.18","11.35","52.76","70.64","16.47","21.78","66.4","8.85"
"2026-06-03","43.28","62.07","4.41","9.72","60.96","61.92","8.55","45.54","67.46","13.77","23.54","72.74","74.52","11.39","53.74","77.41","24.37","33.39","77.6","76.61","11.22","51.32","71.83","14.8","19.37","65.73","8.71"
"2026-06-04","41.92","63.44","3.03","7.75","60.66","61.68","8.52","44.44","69.15","12.74","21.89","72.6","74.34","11.35","52.56","78.92","23.02","31.28","77.08","76.03","11.08","49.88","73.02","13.12","16.96","65.05","8.57"
"2026-06-05","40.55","64.82","1.66","5.78","60.38","61.45","8.48","43.33","70.84","11.7","20.22","72.45","74.16","11.3","51.37","80.43","21.66","29.15","76.54","75.44","10.95","48.43","74.22","11.43","14.54","64.39","8.44"
"2026-06-06","39.19","66.22","0.3","3.83","60.1","61.23","8.45","42.23","72.54","10.66","18.55","72.3","73.98","11.26","50.17","81.93","20.29","27.01","76.0","74.84","10.81","46.97","75.41","9.75","12.12","63.72","8.31"
"2026-06-07","37.83","67.62","0","1.88","59.82","61.01","8.41","41.13","74.25","9.61","16.87","72.15","73.78","11.21","48.96","83.42","18.9","24.85","75.45","74.23","10.67","45.51","76.61","8.06","9.7","63.06","8.17"
"2026-06-08","36.48","69.04","0","0","59.56","60.79","8.38","40.02","75.96","8.56","15.19","71.99","73.58","11.16","47.74","84.91","17.5","22.67","74.89","73.62","10.53","44.04","77.81","6.37","7.28","62.4","8.04"
"2026-06-09","35.13","70.46","0","0","59.3","60.59","8.35","38.92","77.68","7.51","13.49","71.82","73.38","11.11","46.52","86.39","16.09","20.48","74.32","73.0","10.39","42.57","79.01","4.68","4.86","61.75","7.91"
"2026-06-10","33.78","71.9","0","0","59.05","60.39","8.32","37.82","79.39","6.46","11.79","71.65","73.16","11.05","45.29","87.87","14.67","18.28","73.74","72.37","10.25","41.1","80.21","2.98","2.44","61.1","7.78"
"2026-06-11","32.44","73.35","0","0","58.81","60.19","8.29","36.72","81.11","5.4","10.09","71.47","72.94","11.0","44.05","89.34","13.23","16.06","73.15","71.74","10.1","39.62","81.42","1.29","0.02","60.46","7.66"
"2026-06-12","31.1","74.81","0","0","58.57","60.0","8.26","35.61","82.83","4.34","8.37","71.28","72.71","10.94","42.8","90.8","11.78","13.82","72.56","71.1","9.96","38.14","82.62","0","0","59.82","7.53"
"2026-06-13","29.77","76.27","0","0","58.34","59.82","8.23","34.51","84.55","3.27","6.65","71.09","72.47","10.88","41.55","92.26","10.32","11.58","71.96","70.45","9.81","36.66","83.83","0","0","59.19","7.41"
"2026-06-14","29.08","77.01","0","0","58.12","59.64","8.21","34.06","85.54","2.9","5.96","70.9","72.22","10.82","40.93","92.98","9.54","10.36","71.35","69.8","9.67","35.83","84.3","0","0","58.56","7.28"
"2026-06-15","29.05","77.03","0","0","57.91","59.47","8.18","34.25","85.8","3.2","6.29","70.69","71.97","10.76","40.96","92.95","9.44","10.16","70.73","69.14","9.52","35.63","84.04","0","0","57.94","7.16"
"2026-06-16","29.03","77.06","0","0","57.7","59.3","8.16","34.44","86.06","3.51","6.62","70.49","71.71","10.69","40.98","92.92","9.33","9.95","70.11","68.48","9.37","35.44","83.79","0","0","57.33","7.04"
"2026-06-17","29.02","77.1","0","0","57.5","59.14","8.13","34.63","86.31","3.81","6.94","70.27","71.44","10.62","40.99","92.88","9.21","9.72","69.48","67.81","9.23","35.25","83.53","0","0","56.72","6.93"
"2026-06-18","29.0","77.14","0","0","57.3","58.98","8.11","34.83","86.57","4.1","7.25","70.05","71.16","10.55","41.0","92.83","9.08","9.49","68.85","67.14","9.08","35.05","83.28","0","0","56.13","6.81"
"2026-06-19","29.0","77.19","0","0","57.11","58.83","8.09","35.02","86.82","4.39","7.55","69.82","70.88","10.48","41.0","92.77","8.94","9.25","68.21","66.47","8.93","34.86","83.03","0","0","55.54","6.7"
"2026-06-20","29.0","77.25","0","0","56.93","58.68","8.06","35.21","87.07","4.68","7.85","69.58","70.59","10.41","40.99","92.71","8.79","9.0","67.56","65.79","8.78","34.67","82.78","0","0","54.95","6.59"
"2026-06-21","29.01","77.32","0","0","56.76","58.54","8.04","35.41","87.32","4.96","8.14","69.34","70.29","10.33","40.98","92.63","8.63","8.74","66.92","65.11","8.63","34.47","82.53","0","0","54.38","6.48"
"2026-06-22","29.02","77.4","0","0","56.59","58.4","8.02","35.6","87.56","5.24","8.42","69.09","69.98","10.26","40.96","92.55","8.46","8.47","66.26","64.43","8.48","34.28","82.29","0","0","53.82","6.37"
"2026-06-23","29.05","77.48","0","0","56.43","58.27","8.0","35.79","87.81","5.51","8.69","68.83","69.67","10.18","40.94","92.46","8.29","8.19","65.61","63.75","8.33","34.09","82.05","0","0","53.26","6.27"
"2026-06-24","29.07","77.57","0","0","56.27","58.14","7.98","35.98","88.05","5.78","8.95","68.57","69.34","10.1","40.91","92.37","8.1","7.9","64.95","63.06","8.18","33.9","81.81","0","0","52.72","6.17"
"2026-06-25","29.1","77.67","0","0","56.12","58.01","7.96","36.17","88.28","6.04","9.21","68.3","69.01","10.02","40.87","92.26","7.91","7.61","64.28","62.37","8.03","33.71","81.57","0","0","52.18","6.07"
"2026-06-26","29.14","77.78","0","0","55.98","57.89","7.94","36.36","88.52","6.29","9.45","68.02","68.67","9.93","40.83","92.15","7.71","7.3","63.61","61.69","7.89","33.52","81.34","0","0","51.65","5.97"
"2026-06-27","29.19","77.89","0","0","55.84","57.77","7.92","36.55","88.75","6.54","9.68","67.74","68.33","9.85","40.78","92.03","7.5","6.99","62.95","61.0","7.74","33.34","81.12","0","0","51.14","5.87"
"2026-06-28","29.24","78.02","0","0","55.7","57.66","7.9","36.74","88.97","6.78","9.91","67.45","67.97","9.76","40.73","91.9","7.28","6.67","62.28","60.31","7.59","33.15","80.89","0","0","50.63","5.78"
"2026-06-29","29.3","78.15","0","0","55.57","57.54","7.88","36.92","89.19","7.02","10.12","67.15","67.61","9.67","40.66","91.77","7.06","6.35","61.6","59.62","7.44","32.97","80.67","0","0","50.13","5.69"
"2026-06-30","29.36","78.28","0","0","55.45","57.44","7.86","37.1","89.41","7.24","10.32","66.85","67.24","9.58","40.6","91.63","6.82","6.02","60.93","58.94","7.3","32.79","80.46","0","0","49.65","5.6"
"2026-07-01","29.43","78.43","0","0","55.33","57.33","7.84","37.28","89.62","7.46","10.51","66.54","66.87","9.49","40.53","91.48","6.58","5.68","60.26","58.25","7.15","32.61","80.25","0","0","49.18","5.52"
"2026-07-02","29.5","78.58","0","0","55.22","57.23","7.83","37.46","89.83","7.67","10.7","66.22","66.48","9.39","40.45","91.33","6.34","5.34","59.58","57.57","7.0","32.43","80.04","0","0","48.71","5.43"
"2026-07-03","29.58","78.73","0","0","55.11","57.13","7.81","37.64","90.04","7.87","10.87","65.89","66.09","9.3","40.36","91.17","6.09","4.99","58.91","56.89","6.86","32.26","79.84","0","0","48.26","5.35"
"2026-07-04","29.67","78.9","0","0","55.0","57.03","7.79","37.81","90.23","8.07","11.02","65.56","65.7","9.2","40.27","91.0","5.83","4.63","58.23","56.21","6.72","32.09","79.65","0","0","47.82","5.28"
"2026-07-05","29.76","79.07","0","0","54.9","56.93","7.77","37.98","90.43","8.26","11.17","65.22","65.29","9.1","40.18","90.83","5.56","4.27","57.56","55.53","6.57","31.92","79.46","0","0","47.39","5.2"
"2026-07-06","29.86","79.24","0","0","54.81","56.84","7.75","38.15","90.61","8.43","11.31","64.87","64.88","9.0","40.08","90.65","5.29","3.91","56.89","54.86","6.43","31.75","79.28","0","0","46.98","5.13"
"2026-07-07","29.96","79.43","0","0","54.71","56.74","7.73","38.31","90.79","8.6","11.43","64.52","64.46","8.9","39.97","90.46","5.01","3.54","56.22","54.19","6.29","31.59","79.1","0","0","46.57","5.06"
"2026-07-08","30.07","79.61","0","0","54.63","56.65","7.71","38.47","90.97","8.76","11.54","64.16","64.04","8.8","39.86","90.27","4.73","3.17","55.55","53.53","6.16","31.44","78.93","0","0","46.18","4.99"
"2026-07-09","30.18","79.81","0","0","54.54","56.56","7.7","38.62","91.14","8.91","11.64","63.8","63.61","8.69","39.75","90.07","4.45","2.79","54.88","52.87","6.02","31.28","78.76","0","0","45.8","4.93"
"2026-07-10","30.3","80.01","0","0","54.46","56.47","7.68","38.78","91.3","9.05","11.73","63.43","63.17","8.59","39.62","89.87","4.15","2.42","54.22","52.21","5.88","31.13","78.6","0","0","45.43","4.86"
"2026-07-11","30.42","80.21","0","0","54.38","56.38","7.66","38.93","91.46","9.19","11.81","63.05","62.73","8.48","39.5","89.66","3.86","2.04","53.56","51.56","5.75","30.99","78.45","0","0","45.08","4.8"
"2026-07-12","30.55","80.42","0","0","54.3","56.3","7.64","39.07","91.6","9.31","11.87","62.66","62.28","8.37","39.37","89.45","3.56","1.65","52.9","50.92","5.62","30.84","78.31","0","0","44.73","4.75"
"2026-07-13","30.68","80.63","0","0","54.23","56.21","7.62","39.21","91.75","9.42","11.92","62.28","61.83","8.26","39.23","89.23","3.26","1.27","52.25","50.28","5.49","30.71","78.17","0","0","44.41","4.69"
"2026-07-14","30.82","80.85","0","0","54.16","56.13","7.6","39.35","91.88","9.53","11.96","61.88","61.37","8.15","39.09","89.01","2.95","0.88","51.61","49.65","5.36","30.57","78.04","0","0","44.09","4.64"
"2026-07-15","30.96","81.08","0","0","54.09","56.04","7.58","39.48","92.01","9.62","11.98","61.48","60.9","8.04","38.95","88.79","2.64","0.5","50.96","49.03","5.23","30.45","77.92","0","0","43.78","4.59"
"2026-07-16","31.11","81.3","0","0","54.02","55.96","7.55","39.6","92.13","9.7","12.0","61.07","60.43","7.93","38.8","88.56","2.33","0.11","50.33","48.41","5.11","30.32","77.8","0","0","43.49","4.55"
"2026-07-17","31.26","81.53","0","0.04","53.96","55.87","7.53","39.72","92.24","9.78","12.0","60.66","59.96","7.82","38.65","88.32","2.01","0","49.7","47.8","4.98","30.2","77.69","0","0","43.21","4.5"
"2026-07-18","31.41","81.77","0","0.43","53.9","55.78","7.51","39.84","92.35","9.84","11.99","60.24","59.48","7.7","38.5","88.09","1.7","0","49.07","47.2","4.86","30.09","77.59","0","0","42.95","4.46"
"2026-07-19","31.57","82.01","0","0.81","53.84","55.7","7.49","39.95","92.45","9.89","11.96","59.82","59.0","7.59","38.34","87.85","1.38","0","48.45","46.61","4.75","29.98","77.5","0","0","42.7","4.43"
"2026-07-20","31.73","82.25","0","1.2","53.78","55.61","7.46","40.06","92.54","9.93","11.93","59.39","58.51","7.47","38.17","87.61","1.06","0","47.84","46.03","4.63","29.88","77.41","0","0","42.46","4.39"
"2026-07-21","31.89","82.49","0","1.58","53.72","55.52","7.44","40.16","92.62","9.97","11.88","58.96","58.02","7.36","38.01","87.36","0.74","0","47.24","45.45","4.52","29.78","77.33","0","0","42.23","4.36"
"2026-07-22","32.06","82.74","0","1.97","53.66","55.44","7.42","40.26","92.69","9.99","11.82","58.52","57.53","7.24","37.84","87.11","0.41","0","46.64","44.89","4.41","29.69","77.26","0","0","42.02","4.33"
"2026-07-23","32.23","82.98","0","2.35","53.6","55.35","7.39","40.35","92.76","10.0","11.74","58.08","57.03","7.12","37.67","86.86","0.09","0","46.06","44.33","4.3","29.6","77.2","0","0","41.81","4.3"
"2026-07-24","32.4","83.24","0.03","2.73","53.55","55.26","7.36","40.43","92.82","10.0","11.66","57.64","56.53","7.01","37.49","86.61","0","0","45.48","43.79","4.19","29.52","77.15","0","0","41.63","4.27"
"2026-07-25","32.58","83.49","0.36","3.1","53.49","55.16","7.34","40.51","92.87","9.99","11.56","57.19","56.02","6.89","37.32","86.36","0","0","44.91","43.26","4.09","29.44","77.1","0","0","41.45","4.25"
"2026-07-26","32.75","83.74","0.68","3.47","53.43","55.07","7.31","40.59","92.91","9.97","11.45","56.73","55.52","6.77","37.14","86.1","0","0","44.34","42.73","3.99","29.37","77.07","0","0","41.29","4.23"
"2026-07-27","32.93","84.0","1.0","3.84","53.38","54.98","7.28","40.65","92.95","9.94","11.33","56.28","55.01","6.65","36.95","85.85","0","0","43.79","42.22","3.89","29.31","77.04","0","0","41.14","4.21"
"2026-07-28","33.12","84.25","1.32","4.21","53.32","54.88","7.25","40.72","92.97","9.9","11.2","55.82","54.5","6.54","36.77","85.59","0","0","43.25","41.72","3.79","29.25","77.02","0","0","41.0","4.2"
"2026-07-29","33.3","84.51","1.64","4.57","53.27","54.78","7.22","40.77","92.99","9.85","11.05","55.36","53.99","6.42","36.58","85.33","0","0","42.72","41.23","3.7","29.2","77.0","0","0","40.88","4.19"
"2026-07-30","33.49","84.77","1.96","4.92","53.21","54.68","7.19","40.82","93.0","9.79","10.89","54.89","53.48","6.3","36.4","85.07","0","0","42.2","40.76","3.61","29.15","77.0","0","0","40.77","4.17"
"2026-07-31","33.68","85.03","2.27","5.27","53.16","54.58","7.16","40.87","93.0","9.72","10.73","54.43","52.97","6.18","36.21","84.82","0","0","41.69","40.3","3.52","29.11","77.0","0","0","40.67","4.17"
"2026-08-01","33.87","85.29","2.59","5.62","53.1","54.47","7.13","40.9","92.99","9.63","10.55","53.96","52.45","6.07","36.02","84.56","0","0","41.19","39.85","3.44","29.08","77.02","0","0","40.58","4.16"
"2026-08-02","34.06","85.54","2.9","5.96","53.04","54.37","7.1","40.93","92.98","9.54","10.36","53.49","51.94","5.95","35.83","84.3","0","0","40.7","39.41","3.36","29.05","77.04","0","0","40.51","4.16"
"2026-08-03","34.25","85.8","3.2","6.29","52.98","54.26","7.07","40.96","92.95","9.44","10.16","53.02","51.43","5.83","35.63","84.04","0","0","40.23","38.98","3.28","29.03","77.07","0","0","40.44","4.16"
"2026-08-04","34.44","86.06","3.51","6.62","52.92","54.14","7.03","40.98","92.92","9.33","9.95","52.54","50.92","5.72","35.44","83.79","0","0","39.76","38.57","3.21","29.01","77.1","0","0","40.39","4.16"
"2026-08-05","34.63","86.31","3.81","6.94","52.86","54.03","7.0","40.99","92.88","9.21","9.72","52.07","50.4","5.6","35.25","83.53","0","0","39.31","38.17","3.14","29.0","77.15","0","0","40.35","4.16"
"2026-08-06","34.83","86.57","4.1","7.25","52.8","53.91","6.96","41.0","92.83","9.08","9.49","51.6","49.89","5.48","35.05","83.28","0","0","38.87","37.79","3.07","29.0","77.2","0","0","40.32","4.17"
"2026-08-07","35.02","86.82","4.39","7.55","52.73","53.79","6.92","41.0","92.77","8.94","9.25","51.12","49.38","5.37","34.86","83.03","0","0","38.45","37.42","3.0","29.0","77.27","0","0","40.31","4.17"
"2026-08-08","35.21","87.07","4.68","7.85","52.67","53.67","6.88","40.99","92.71","8.79","9.0","50.65","48.88","5.26","34.67","82.78","0","0","38.04","37.07","2.94","29.01","77.34","0","0","40.3","4.18"
"2026-08-09","35.41","87.32","4.96","8.14","52.6","53.55","6.85","40.98","92.63","8.63","8.74","50.17","48.37","5.14","34.47","82.53","0","0","37.64","36.73","2.88","29.03","77.41","0","0","40.31","4.19"
"2026-08-10","35.6","87.56","5.24","8.42","52.53","53.42","6.81","40.96","92.55","8.46","8.47","49.7","47.87","5.03","34.28","82.29","0","0","37.25","36.4","2.83","29.05","77.5","0","0","40.33","4.21"
"2026-08-11","35.79","87.81","5.51","8.69","52.46","53.29","6.77","40.94","92.46","8.29","8.19","49.23","47.37","4.92","34.09","82.05","0","0","36.88","36.09","2.78","29.08","77.59","0","0","40.36","4.22"
"2026-08-12","35.98","88.05","5.78","8.95","52.38","53.15","6.73","40.91","92.37","8.1","7.9","48.76","46.87","4.81","33.9","81.81","0","0","36.53","35.79","2.73","29.11","77.7","0","0","40.39","4.24"
"2026-08-13","36.17","88.28","6.04","9.21","52.31","53.02","6.68","40.87","92.26","7.91","7.61","48.29","46.38","4.7","33.71","81.57","0","0","36.18","35.51","2.68","29.15","77.8","0","0","40.44","4.26"
"2026-08-14","36.36","88.52","6.29","9.45","52.23","52.88","6.64","40.83","92.15","7.71","7.3","47.82","45.89","4.6","33.52","81.34","0","0","35.86","35.25","2.64","29.2","77.92","0","0","40.5","4.28"
"2026-08-15","36.55","88.75","6.54","9.68","52.15","52.73","6.6","40.78","92.03","7.5","6.99","47.35","45.41","4.49","33.34","81.12","0","0","35.54","35.0","2.6","29.25","78.04","0","0","40.57","4.3"
"2026-08-16","36.74","88.97","6.78","9.91","52.07","52.59","6.55","40.73","91.9","7.28","6.67","46.89","44.93","4.38","33.15","80.89","0","0","35.25","34.76","2.57","29.31","78.18","0","0","40.65","4.32"
"2026-08-17","36.92","89.19","7.02","10.12","51.98","52.44","6.51","40.66","91.77","7.06","6.35","46.43","44.45","4.28","32.97","80.67","0","0","34.96","34.54","2.54","29.38","78.31","0","0","40.74","4.35"
"2026-08-18","37.1","89.41","7.24","10.32","51.89","52.29","6.46","40.6","91.63","6.82","6.02","45.97","43.98","4.18","32.79","80.46","0","0","34.69","34.34","2.51","29.45","78.46","0","0","40.83","4.38"
"2026-08-19","37.28","89.62","7.46","10.51","51.8","52.13","6.42","40.53","91.48","6.58","5.68","45.52","43.52","4.08","32.61","80.25","0","0","34.44","34.15","2.48","29.52","78.61","0","0","40.94","4.4"
"2026-08-20","37.46","89.83","7.67","10.7","51.71","51.98","6.37","40.45","91.33","6.34","5.34","45.07","43.06","3.98","32.43","80.04","0","0","34.21","33.98","2.46","29.6","78.77","0","0","41.06","4.43"
"2026-08-21","37.64","90.04","7.87","10.87","51.61","51.82","6.32","40.36","91.17","6.09","4.99","44.63","42.61","3.89","32.26","79.84","0","0","33.98","33.82","2.45","29.69","78.94","0","0","41.18","4.46"
"2026-08-22","37.81","90.23","8.07","11.02","51.52","51.65","6.27","40.27","91.0","5.83","4.63","44.19","42.16","3.79","32.09","79.65","0","0","33.78","33.68","2.43","29.78","79.11","0","0","41.31","4.5"
"2026-08-23","37.98","90.43","8.26","11.17","51.42","51.49","6.22","40.18","90.83","5.56","4.27","43.75","41.73","3.7","31.92","79.46","0","0","33.59","33.56","2.42","29.88","79.28","0","0","41.45","4.53"
"2026-08-24","38.15","90.61","8.43","11.31","51.31","51.32","6.17","40.08","90.65","5.29","3.91","43.33","41.3","3.61","31.75","79.28","0","0","33.42","33.45","2.41","29.99","79.47","0","0","41.6","4.56"
"2026-08-25","38.31","90.79","8.6","11.43","51.21","51.15","6.12","39.97","90.46","5.01","3.54","42.9","40.88","3.52","31.59","79.1","0","0","33.26","33.36","2.41","30.09","79.66","0","0","41.75","4.6"
"2026-08-26","38.47","90.97","8.76","11.54","51.1","50.97","6.07","39.86","90.27","4.73","3.17","42.48","40.46","3.43","31.44","78.93","0","0","33.12","33.28","2.41","30.21","79.85","0","0","41.92","4.64"
"2026-08-27","38.62","91.14","8.91","11.64","50.99","50.8","6.02","39.75","90.07","4.45","2.79","42.07","40.06","3.35","31.28","78.76","0","0","32.99","33.22","2.41","30.33","80.05","0","0","42.09","4.67"
"2026-08-28","38.78","91.3","9.05","11.73","50.88","50.62","5.97","39.62","89.87","4.15","2.42","41.67","39.66","3.27","31.13","78.6","0","0","32.88","33.18","2.41","30.45","80.26","0","0","42.26","4.71"
"2026-08-29","38.93","91.46","9.19","11.81","50.76","50.44","5.92","39.5","89.66","3.86","2.04","41.27","39.27","3.19","30.99","78.45","0","0","32.79","33.15","2.42","30.58","80.47","0","0","42.44","4.75"
"2026-08-30","39.07","91.6","9.31","11.87","50.64","50.26","5.87","39.37","89.45","3.56","1.65","40.88","38.89","3.11","30.84","78.31","0","0","32.71","33.14","2.43","30.71","80.68","0","0","42.63","4.79"
"2026-08-31","39.21","91.75","9.42","11.92","50.52","50.07","5.81","39.23","89.23","3.26","1.27","40.5","38.53","3.04","30.71","78.17","0","0","32.65","33.14","2.45","30.85","80.9","0","0","42.83","4.83"
"2026-09-01","39.35","91.88","9.53","11.96","50.4","49.89","5.76","39.09","89.01","2.95","0.88","40.13","38.17","2.97","30.57","78.04","0","0","32.61","33.16","2.47","30.99","81.13","0","0","43.03","4.88"
"2026-09-02","39.48","92.01","9.62","11.98","50.27","49.7","5.71","38.95","88.79","2.64","0.5","39.76","37.82","2.9","30.45","77.92","0","0","32.58","33.19","2.49","31.14","81.35","0","0","43.23","4.92"
"2026-09-03","39.6","92.13","9.7","12.0","50.15","49.51","5.65","38.8","88.56","2.33","0.11","39.4","37.48","2.83","30.32","77.8","0","0","32.57","33.24","2.51","31.29","81.58","0","0.13","43.44","4.96"
"2026-09-04","39.72","92.24","9.78","12.0","50.02","49.32","5.6","38.65","88.32","2.01","0","39.05","37.16","2.77","30.2","77.69","0","0","32.57","33.31","2.54","31.44","81.82","0","0.51","43.66","5.01"
"2026-09-05","39.84","92.35","9.84","11.99","49.88","49.12","5.54","38.5","88.09","1.7","0","38.72","36.84","2.71","30.09","77.59","0","0","32.59","33.39","2.57","31.6","82.06","0","0.9","43.88","5.05"
"2026-09-06","39.95","92.45","9.89","11.96","49.75","48.93","5.49","38.34","87.85","1.38","0","38.39","36.54","2.65","29.98","77.5","0","0","32.63","33.48","2.6","31.76","82.3","0","1.29","44.1","5.09"
"2026-09-07","40.06","92.54","9.93","11.93","49.61","48.73","5.44","38.17","87.61","1.06","0","38.07","36.25","2.59","29.88","77.41","0","0","32.68","33.6","2.64","31.93","82.54","0","1.67","44.33","5.14"
"2026-09-08","40.16","92.62","9.97","11.88","49.48","48.54","5.38","38.01","87.36","0.74","0","37.76","35.97","2.54","29.78","77.33","0","0","32.75","33.72","2.68","32.09","82.79","0","2.05","44.57","5.18"
"2026-09-09","40.26","92.69","9.99","11.82","49.34","48.34","5.33","37.84","87.11","0.41","0","37.46","35.7","2.49","29.69","77.26","0","0","32.83","33.86","2.72","32.27","83.04","0","2.43","44.8","5.23"
"2026-09-10","40.35","92.76","10.0","11.74","49.2","48.15","5.27","37.67","86.86","0.09","0","37.17","35.45","2.45","29.6","77.2","0","0","32.93","34.02","2.77","32.44","83.29","0.11","2.81","45.04","5.28"
"2026-09-11","40.43","92.82","10.0","11.66","49.06","47.95","5.22","37.49","86.61","0","0","36.9","35.21","2.4","29.52","77.15","0","0","33.05","34.19","2.82","32.62","83.54","0.43","3.18","45.28","5.32"
"2026-09-12","40.51","92.87","9.99","11.56","48.91","47.75","5.17","37.32","86.36","0","0","36.63","34.98","2.36","29.44","77.1","0","0","33.18","34.37","2.87","32.79","83.8","0.75","3.56","45.53","5.37"
"2026-09-13","40.59","92.91","9.97","11.45","48.77","47.55","5.11","37.14","86.1","0","0","36.38","34.77","2.33","29.37","77.07","0","0","33.32","34.57","2.92","32.97","84.05","1.07","3.92","45.77","5.41"
"2026-09-14","40.65","92.95","9.94","11.33","48.62","47.36","5.06","36.95","85.85","0","0","36.14","34.57","2.29","29.31","77.04","0","0","33.48","34.78","2.98","33.16","84.31","1.39","4.29","46.02","5.46"
"2026-09-15","40.72","92.97","9.9","11.2","48.48","47.16","5.01","36.77","85.59","0","0","35.91","34.38","2.26","29.25","77.02","0","0","33.66","35.01","3.04","33.34","84.57","1.71","4.65","46.27","5.51"
"2026-09-16","40.77","92.99","9.85","11.05","48.33","46.96","4.95","36.58","85.33","0","0","35.69","34.21","2.24","29.2","77.0","0","0","33.85","35.25","3.1","33.53","84.83","2.03","5.0","46.53","5.55"
"2026-09-17","40.82","93.0","9.79","10.89","48.18","46.77","4.9","36.4","85.07","0","0","35.49","34.05","2.21","29.15","77.0","0","0","34.06","35.5","3.16","33.72","85.08","2.34","5.35","46.78","5.6"
"2026-09-18","40.87","93.0","9.72","10.73","48.04","46.58","4.85","36.21","84.82","0","0","35.3","33.9","2.19","29.11","77.0","0","0","34.28","35.76","3.23","33.91","85.34","2.65","5.69","47.03","5.64"
"2026-09-19","40.9","92.99","9.63","10.55","47.89","46.38","4.8","36.02","84.56","0","0","35.12","33.77","2.18","29.08","77.02","0","0","34.51","36.04","3.29","34.1","85.6","2.96","6.03","47.29","5.69"
"2026-09-20","40.93","92.98","9.54","10.36","47.74","46.19","4.75","35.83","84.3","0","0","34.95","33.66","2.16","29.05","77.04","0","0","34.76","36.33","3.36","34.29","85.86","3.27","6.36","47.55","5.73"
"2026-09-21","40.96","92.95","9.44","10.16","47.59","46.0","4.7","35.63","84.04","0","0","34.8","33.56","2.15","29.03","77.07","0","0","35.02","36.63","3.44","34.48","86.11","3.57","6.69","47.8","5.78"
"2026-09-22","40.98","92.92","9.33","9.95","47.45","45.82","4.65","35.44","83.79","0","0","34.66","33.47","2.15","29.01","77.1","0","0","35.29","36.94","3.51","34.68","86.37","3.87","7.01","48.06","5.82"
"2026-09-23","40.99","92.88","9.21","9.72","47.3","45.63","4.61","35.25","83.53","0","0","34.54","33.4","2.14","29.0","77.15","0","0","35.58","37.27","3.59","34.87","86.62","4.17","7.32","48.32","5.87"
"2026-09-24","41.0","92.83","9.08","9.49","47.15","45.45","4.56","35.05","83.28","0","0","34.43","33.35","2.14","29.0","77.2","0","0","35.88","37.61","3.67","35.06","86.87","4.46","7.62","48.58","5.91"
"2026-09-25","41.0","92.77","8.94","9.25","47.01","45.27","4.51","34.86","83.03","0","0","34.34","33.31","2.15","29.0","77.27","0","0","36.2","37.95","3.75","35.26","87.12","4.75","7.91","48.83","5.95"
"2026-09-26","40.99","92.71","8.79","9.0","46.87","45.1","4.47","34.67","82.78","0","0","34.26","33.29","2.16","29.01","77.34","0","0","36.52","38.31","3.83","35.45","87.37","5.03","8.2","49.09","6.0"
"2026-09-27","40.98","92.63","8.63","8.74","46.72","44.92","4.43","34.47","82.53","0","0","34.19","33.28","2.17","29.03","77.41","0","0","36.86","38.68","3.91","35.64","87.62","5.3","8.48","49.34","6.04"
"2026-09-28","40.96","92.55","8.46","8.47","46.58","44.75","4.38","34.28","82.29","0","0","34.14","33.28","2.18","29.05","77.5","0","0","37.21","39.06","4.0","35.83","87.86","5.57","8.75","49.6","6.08"
"2026-09-29","40.94","92.46","8.29","8.19","46.45","44.59","4.34","34.09","82.05","0","0","34.1","33.31","2.2","29.08","77.59","0","0","37.57","39.45","4.09","36.03","88.1","5.84","9.01","49.85","6.12"
"2026-09-30","40.91","92.37","8.1","7.9","46.31","44.43","4.3","33.9","81.81","0","0","34.08","33.35","2.22","29.11","77.7","0","0","37.95","39.85","4.18","36.22","88.33","6.1","9.26","50.1","6.16"
"2026-10-01","40.87","92.26","7.91","7.61","46.18","44.27","4.26","33.71","81.57","0","0","34.07","33.4","2.24","29.15","77.8","0","0","38.33","40.25","4.27","36.41","88.57","6.35","9.5","50.35","6.2"
"2026-10-02","40.83","92.15","7.71","7.3","46.05","44.12","4.23","33.52","81.34","0","0","34.08","33.47","2.27","29.2","77.92","0","0","38.73","40.67","4.36","36.59","88.8","6.6","9.73","50.6","6.24"
"2026-10-03","40.78","92.03","7.5","6.99","45.92","43.97","4.19","33.34","81.12","0","0","34.11","33.56","2.3","29.25","78.04","0","0","39.13","41.09","4.45","36.78","89.02","6.83","9.95","50.85","6.28"
"2026-10-04","40.73","91.9","7.28","6.67","45.79","43.83","4.16","33.15","80.89","0","0","34.15","33.66","2.34","29.31","78.18","0","0","39.55","41.52","4.55","36.96","89.24","7.07","10.17","51.09","6.32"
"2026-10-05","40.66","91.77","7.06","6.35","45.67","43.69","4.12","32.97","80.67","0","0","34.2","33.78","2.38","29.38","78.31","0","0","39.98","41.96","4.64","37.14","89.46","7.29","10.37","51.33","6.36"
"2026-10-06","40.6","91.63","6.82","6.02","45.55","43.56","4.09","32.79","80.46","0","0","34.27","33.91","2.42","29.45","78.46","0","0","40.41","42.41","4.74","37.32","89.67","7.51","10.56","51.57","6.39"
"2026-10-07","40.53","91.48","6.58","5.68","45.44","43.43","4.06","32.61","80.25","0","0","34.36","34.07","2.47","29.52","78.61","0","0","40.86","42.87","4.83","37.5","89.88","7.72","10.73","51.81","6.43"
"2026-10-08","40.45","91.33","6.34","5.34","45.33","43.31","4.03","32.43","80.04","0","0","34.46","34.23","2.52","29.6","78.77","0","0","41.31","43.33","4.93","37.68","90.08","7.92","10.9","52.04","6.46"
"2026-10-09","40.36","91.17","6.09","4.99","45.22","43.2","4.01","32.26","79.84","0","0","34.58","34.41","2.57","29.69","78.94","0","0","41.77","43.79","5.03","37.85","90.28","8.11","11.06","52.27","6.5"
"2026-10-10","40.27","91.0","5.83","4.63","45.12","43.09","3.99","32.09","79.65","0","0","34.71","34.61","2.62","29.78","79.11","0","0","42.24","44.27","5.13","38.02","90.47","8.3","11.2","52.5","6.53"
"2026-10-11","40.18","90.83","5.56","4.27","45.02","42.99","3.96","31.92","79.46","0","0","34.86","34.83","2.68","29.88","79.28","0","0","42.72","44.75","5.23","38.18","90.65","8.47","11.34","52.73","6.57"
"2026-10-12","40.08","90.65","5.29","3.91","44.93","42.9","3.94","31.75","79.28","0","0","35.02","35.05","2.75","29.99","79.47","0","0","43.2","45.23","5.34","38.34","90.83","8.64","11.46","52.95","6.6"
"2026-10-13","39.97","90.46","5.01","3.54","44.84","42.82","3.92","31.59","79.1","0","0","35.2","35.3","2.81","30.09","79.66","0","0","43.7","45.72","5.44","38.5","91.01","8.8","11.57","53.17","6.63"
"2026-10-14","39.86","90.27","4.73","3.17","44.76","42.74","3.91","31.44","78.93","0","0","35.39","35.56","2.88","30.21","79.85","0","0","44.19","46.21","5.54","38.66","91.17","8.95","11.66","53.39","6.66"
"2026-10-15","39.75","90.07","4.45","2.79","44.69","42.67","3.89","31.28","78.76","0","0","35.6","35.83","2.95","30.33","80.05","0","0","44.7","46.71","5.64","38.81","91.33","9.08","11.75","53.6","6.69"
"2026-10-16","39.62","89.87","4.15","2.42","44.62","42.61","3.88","31.13","78.6","0","0","35.83","36.12","3.03","30.45","80.26","0","0","45.21","47.21","5.75","38.96","91.49","9.21","11.82","53.81","6.72"
"2026-10-17","39.5","89.66","3.86","2.04","44.55","42.55","3.87","30.99","78.45","0","0","36.07","36.43","3.11","30.58","80.47","0","0","45.73","47.72","5.85","39.1","91.64","9.34","11.88","54.02","6.75"
"2026-10-18","39.37","89.45","3.56","1.65","44.5","42.51","3.87","30.84","78.31","0","0","36.33","36.75","3.19","30.71","80.68","0","0","46.25","48.23","5.95","39.24","91.78","9.45","11.93","54.22","6.78"
"2026-10-19","39.23","89.23","3.26","1.27","44.45","42.47","3.86","30.71","78.17","0","0","36.6","37.09","3.27","30.85","80.9","0","0","46.78","48.74","6.06","39.37","91.91","9.55","11.97","54.42","6.8"
"2026-10-20","39.09","89.01","2.95","0.88","44.4","42.45","3.86","30.57","78.04","0","0","36.89","37.44","3.36","30.99","81.13","0","0","47.31","49.25","6.16","39.5","92.04","9.64","11.99","54.62","6.83"
"2026-10-21","38.95","88.79","2.64","0.5","44.37","42.43","3.86","30.45","77.92","0","0","37.19","37.8","3.45","31.14","81.35","0","0","47.84","49.77","6.26","39.63","92.16","9.72","12.0","54.81","6.85"
"2026-10-22","38.8","88.56","2.33","0.11","44.34","42.42","3.86","30.32","77.8","0","0","37.5","38.18","3.54","31.29","81.58","0","0.13","48.38","50.29","6.37","39.75","92.27","9.79","12.0","55.0","6.88"
"2026-10-23","38.65","88.32","2.01","0","44.32","42.42","3.86","30.2","77.69","0","0","37.83","38.57","3.64","31.44","81.82","0","0.51","48.92","50.8","6.47","39.87","92.37","9.85","11.98","55.19","6.9"
"2026-10-24","38.5","88.09","1.7","0","44.3","42.43","3.87","30.09","77.59","0","0","38.18","38.98","3.74","31.6","82.06","0","0.9","49.47","51.32","6.58","39.98","92.47","9.9","11.96","55.37","6.93"
"2026-10-25","38.34","87.85","1.38","0","44.3","42.45","3.88","29.98","77.5","0","0","38.54","39.4","3.84","31.76","82.3","0","1.29","50.02","51.85","6.68","40.08","92.56","9.94","11.92","55.55","6.95"
"2026-10-26","38.17","87.61","1.06","0","44.3","42.48","3.89","29.88","77.41","0","0","38.91","39.83","3.94","31.93","82.54","0","1.67","50.57","52.37","6.78","40.18","92.64","9.97","11.87","55.72","6.97"
"2026-10-27","38.01","87.36","0.74","0","44.31","42.52","3.91","29.78","77.33","0","0","39.3","40.27","4.05","32.09","82.79","0","2.05","51.12","52.89","6.88","40.28","92.71","9.99","11.8","55.9","6.99"
"2026-10-28","37.84","87.11","0.41","0","44.33","42.57","3.92","29.69","77.26","0","0","39.7","40.73","4.15","32.27","83.04","0","2.43","51.67","53.41","6.99","40.37","92.78","10.0","11.73","56.06","7.01"
"2026-10-29","37.67","86.86","0.09","0","44.36","42.64","3.94","29.6","77.2","0","0","40.12","41.2","4.27","32.44","83.29","0.11","2.81","52.23","53.93","7.09","40.45","92.83","10.0","11.64","56.23","7.04"
"2026-10-30","37.49","86.61","0","0","44.4","42.71","3.97","29.52","77.15","0","0","40.55","41.69","4.38","32.62","83.54","0.43","3.18","52.78","54.45","7.19","40.53","92.88","9.99","11.54","56.39","7.05"
"2026-10-31","37.32","86.36","0","0","44.44","42.79","3.99","29.44","77.1","0","0","40.99","42.18","4.49","32.79","83.8","0.75","3.56","53.34","54.96","7.29","40.6","92.92","9.96","11.43","56.55","7.07"
"2026-11-01","37.14","86.1","0","0","44.5","42.89","4.02","29.37","77.07","0","0","41.44","42.69","4.61","32.97","84.05","1.07","3.92","53.89","55.48","7.39","40.67","92.95","9.93","11.3","56.7","7.09"
"2026-11-02","36.95","85.85","0","0","44.56","42.99","4.05","29.31","77.04","0","0","41.91","43.21","4.73","33.16","84.31","1.39","4.29","54.45","55.99","7.48","40.73","92.98","9.89","11.16","56.86","7.11"
"2026-11-03","36.77","85.59","0","0","44.64","43.11","4.08","29.25","77.02","0","0","42.39","43.74","4.85","33.34","84.57","1.71","4.65","55.0","56.51","7.58","40.78","92.99","9.84","11.02","57.0","7.13"
"2026-11-04","36.58","85.33","0","0","44.72","43.24","4.12","29.2","77.0","0","0","42.88","44.28","4.98","33.53","84.83","2.03","5.0","55.56","57.02","7.68","40.83","93.0","9.77","10.86","57.15","7.15"
"2026-11-05","36.4","85.07","0","0","44.82","43.38","4.16","29.15","77.0","0","0","43.39","44.83","5.1","33.72","85.08","2.34","5.35","56.11","57.52","7.77","40.87","93.0","9.7","10.69","57.29","7.16"
"2026-11-06","36.21","84.82","0","0","44.92","43.53","4.2","29.11","77.0","0","0","43.9","45.39","5.23","33.91","85.34","2.65","5.69","56.66","58.03","7.87","40.91","92.99","9.61","10.51","57.43","7.18"
"2026-11-07","36.02","84.56","0","0","45.04","43.7","4.24","29.08","77.02","0","0","44.43","45.96","5.36","34.1","85.6","2.96","6.03","57.21","58.53","7.96","40.94","92.97","9.52","10.31","57.57","7.2"
"2026-11-08","35.83","84.3","0","0","45.17","43.87","4.29","29.05","77.04","0","0","44.97","46.54","5.49","34.29","85.86","3.27","6.36","57.76","59.02","8.06","40.96","92.95","9.42","10.11","57.7","7.21"
"2026-11-09","35.63","84.04","0","0","45.3","44.06","4.34","29.03","77.07","0","0","45.52","47.13","5.62","34.48","86.11","3.57","6.69","58.3","59.52","8.15","40.98","92.91","9.3","9.9","57.84","7.23"
"2026-11-10","35.44","83.79","0","0","45.45","44.26","4.39","29.01","77.1","0","0","46.08","47.73","5.76","34.68","86.37","3.87","7.01","58.85","60.0","8.24","40.99","92.87","9.18","9.67","57.97","7.24"
"2026-11-11","35.25","83.53","0","0","45.61","44.47","4.45","29.0","77.15","0","0","46.65","48.34","5.89","34.87","86.62","4.17","7.32","59.38","60.49","8.33","41.0","92.82","9.05","9.44","58.09","7.26"
"2026-11-12","35.05","83.28","0","0","45.78","44.69","4.51","29.0","77.2","0","0","47.23","48.95","6.03","35.06","86.87","4.46","7.62","59.92","60.97","8.41","41.0","92.76","8.91","9.19","58.22","7.27"
"2026-11-13","34.86","83.03","0","0","45.95","44.93","4.57","29.0","77.27","0","0","47.81","49.57","6.17","35.26","87.12","4.75","7.91","60.45","61.44","8.5","40.99","92.69","8.76","8.94","58.34","7.29"
"2026-11-14","34.67","82.78","0","0","46.14","45.17","4.63","29.01","77.34","0","0","48.41","50.2","6.31","35.45","87.37","5.03","8.2","60.98","61.91","8.59","40.98","92.62","8.59","8.68","58.46","7.3"
"2026-11-15","34.47","82.53","0","0","46.35","45.43","4.7","29.03","77.41","0","0","49.02","50.84","6.45","35.64","87.62","5.3","8.48","61.5","62.38","8.67","40.96","92.53","8.43","8.41","58.58","7.32"
"2026-11-16","34.28","82.29","0","0","46.56","45.7","4.77","29.05","77.5","0","0","49.63","51.48","6.59","35.83","87.86","5.57","8.75","62.02","62.83","8.75","40.93","92.44","8.25","8.13","58.7","7.34"
"2026-11-17","34.09","82.05","0","0","46.78","45.99","4.84","29.08","77.59","0","0","50.25","52.13","6.73","36.03","88.1","5.84","9.01","62.53","63.29","8.83","40.9","92.34","8.06","7.84","58.82","7.35"
"2026-11-18","33.9","81.81","0","0","47.02","46.28","4.92","29.11","77.7","0","0","50.88","52.78","6.87","36.22","88.33","6.1","9.26","63.04","63.73","8.91","40.86","92.24","7.87","7.54","58.93","7.37"
"2026-11-19","33.71","81.57","0","0","47.26","46.59","4.99","29.15","77.8","0","0","51.52","53.44","7.01","36.41","88.57","6.35","9.5","63.54","64.18","8.99","40.82","92.13","7.66","7.24","59.05","7.38"
"2026-11-20","33.52","81.34","0","0","47.52","46.91","5.07","29.2","77.92","0","0","52.17","54.11","7.16","36.59","88.8","6.6","9.73","64.04","64.61","9.07","40.77","92.0","7.45","6.92","59.16","7.4"
"2026-11-21","33.34","81.12","0","0","47.79","47.24","5.16","29.25","78.04","0","0","52.82","54.78","7.3","36.78","89.02","6.83","9.95","64.53","65.04","9.14","40.71","91.88","7.23","6.6","59.27","7.41"
"2026-11-22","33.15","80.89","0","0","48.07","47.59","5.24","29.31","78.18","0","0","53.47","55.45","7.45","36.96","89.24","7.07","10.17","65.01","65.46","9.22","40.65","91.74","7.01","6.28","59.38","7.43"
"2026-11-23","32.97","80.67","0","0","48.36","47.94","5.33","29.38","78.31","0","0","54.14","56.12","7.59","37.14","89.46","7.29","10.37","65.49","65.87","9.29","40.58","91.6","6.77","5.94","59.49","7.45"
"2026-11-24","32.79","80.46","0","0","48.66","48.31","5.42","29.45","78.46","0","0","54.8","56.8","7.74","37.32","89.67","7.51","10.56","65.96","66.28","9.36","40.51","91.45","6.53","5.6","59.6","7.46"
"2026-11-25","32.61","80.25","0","0","48.98","48.69","5.51","29.52","78.61","0","0","55.48","57.49","7.88","37.5","89.88","7.72","10.73","66.43","66.68","9.43","40.43","91.29","6.28","5.26","59.71","7.48"
"2026-11-26","32.43","80.04","0","0","49.3","49.08","5.61","29.6","78.77","0","0","56.15","58.17","8.03","37.68","90.08","7.92","10.9","66.89","67.07","9.5","40.34","91.13","6.03","4.91","59.83","7.5"
"2026-11-27","32.26","79.84","0","0","49.64","49.48","5.71","29.69","78.94","0","0","56.84","58.86","8.17","37.85","90.28","8.11","11.06","67.34","67.46","9.56","40.25","90.96","5.77","4.55","59.94","7.52"
"2026-11-28","32.09","79.65","0","0","49.99","49.89","5.81","29.78","79.11","0","0","57.52","59.55","8.32","38.02","90.47","8.3","11.2","67.78","67.84","9.63","40.16","90.79","5.5","4.19","60.05","7.53"
"2026-11-29","31.92","79.46","0","0","50.35","50.31","5.91","29.88","79.28","0","0","58.21","60.24","8.46","38.18","90.65","8.47","11.34","68.22","68.21","9.69","40.06","90.6","5.23","3.83","60.16","7.55"
"2026-11-30","31.75","79.28","0","0","50.72","50.75","6.02","29.99","79.47","0","0","58.9","60.93","8.61","38.34","90.83","8.64","11.46","68.65","68.57","9.75","39.95","90.42","4.95","3.46","60.27","7.57"
"2026-12-01","31.59","79.1","0","0","51.1","51.2","6.12","30.09","79.66","0","0","59.59","61.62","8.75","38.5","91.01","8.8","11.57","69.07","68.93","9.81","39.84","90.22","4.67","3.09","60.39","7.59"
"2026-12-02","31.44","78.93","0","0","51.49","51.65","6.23","30.21","79.85","0","0","60.29","62.31","8.89","38.66","91.17","8.95","11.66","69.48","69.28","9.87","39.72","90.03","4.38","2.71","60.5","7.61"
"2026-12-03","31.28","78.76","0","0","51.89","52.12","6.34","30.33","80.05","0","0","60.98","63.0","9.04","38.81","91.33","9.08","11.75","69.89","69.62","9.92","39.6","89.82","4.09","2.33","60.62","7.64"
"2026-12-04","31.13","78.6","0","0","52.3","52.6","6.46","30.45","80.26","0","0","61.68","63.69","9.18","38.96","91.49","9.21","11.82","70.28","69.95","9.98","39.47","89.62","3.79","1.95","60.73","7.66"
"2026-12-05","30.99","78.45","0","0","52.72","53.08","6.57","30.58","80.47","0","0","62.38","64.37","9.32","39.1","91.64","9.34","11.88","70.67","70.27","10.03","39.34","89.4","3.49","1.57","60.85","7.68"
"2026-12-06","30.84","78.31","0","0","53.16","53.58","6.69","30.71","80.68","0","0","63.08","65.06","9.46","39.24","91.78","9.45","11.93","71.05","70.59","10.08","39.2","89.18","3.19","1.18","60.97","7.71"
"2026-12-07","30.71","78.17","0","0","53.6","54.09","6.81","30.85","80.9","0","0","63.78","65.74","9.6","39.37","91.91","9.55","11.97","71.43","70.9","10.13","39.06","88.96","2.88","0.8","61.1","7.73"
"2026-12-08","30.57","78.04","0","0","54.05","54.61","6.94","30.99","81.13","0","0","64.48","66.42","9.74","39.5","92.04","9.64","11.99","71.79","71.2","10.18","38.92","88.74","2.57","0.41","61.22","7.76"
"2026-12-09","30.45","77.92","0","0","54.52","55.13","7.06","31.14","81.35","0","0","65.17","67.1","9.88","39.63","92.16","9.72","12.0","72.14","71.49","10.23","38.77","88.51","2.26","0.02","61.35","7.79"
"2026-12-10","30.32","77.8","0","0","54.99","55.67","7.18","31.29","81.58","0","0.13","65.87","67.77","10.01","39.75","92.27","9.79","12.0","72.49","71.78","10.27","38.62","88.27","1.94","0","61.48","7.82"
"2026-12-11","30.2","77.69","0","0","55.47","56.21","7.31","31.44","81.82","0","0.51","66.56","68.44","10.15","39.87","92.37","9.85","11.98","72.83","72.05","10.32","38.46","88.03","1.63","0","61.61","7.84"
"2026-12-12","30.09","77.59","0","0","55.97","56.76","7.44","31.6","82.06","0","0.9","67.25","69.11","10.28","39.98","92.47","9.9","11.96","73.16","72.32","10.36","38.3","87.79","1.31","0","61.75","7.87"
"2026-12-13","29.98","77.5","0","0","56.47","57.32","7.57","31.76","82.3","0","1.29","67.94","69.77","10.41","40.08","92.56","9.94","11.92","73.48","72.58","10.4","38.14","87.55","0.99","0","61.89","7.91"
"2026-12-14","31.17","75.95","0","0","56.98","57.89","7.7","33.22","81.08","0.52","3.74","68.63","70.43","10.54","41.47","91.17","11.35","13.93","73.79","72.84","10.44","39.26","85.84","2.04","0.16","62.03","7.94"
"2026-12-15","32.36","74.41","0","0","57.49","58.47","7.84","34.68","79.87","2.21","6.18","69.31","71.08","10.67","42.86","89.78","12.74","15.93","74.09","73.08","10.48","40.38","84.13","3.1","1.85","62.18","7.97"
"2026-12-16","33.56","72.88","0","0","58.02","59.05","7.97","36.14","78.65","3.91","8.63","69.99","71.73","10.8","44.24","88.39","14.13","17.92","74.38","73.32","10.51","41.5","82.42","4.15","3.53","62.33","8.01"
"2026-12-17","34.76","71.35","0","0","58.56","59.64","8.11","37.6","77.44","5.61","11.07","70.66","72.37","10.93","45.61","86.98","15.5","19.89","74.67","73.55","10.55","42.61","80.71","5.2","5.22","62.48","8.04"
"2026-12-18","35.97","69.84","0","0","59.1","60.24","8.24","39.06","76.24","7.31","13.5","71.33","73.0","11.05","46.98","85.57","16.86","21.85","74.94","73.77","10.58","43.72","78.99","6.25","6.9","62.64","8.08"
"2026-12-19","37.17","68.34","0","0.88","59.65","60.84","8.38","40.53","75.04","9.0","15.93","72.0","73.63","11.17","48.33","84.16","18.21","23.8","75.21","73.98","10.62","44.83","77.28","7.3","8.59","62.8","8.12"
"2026-12-20","38.39","66.85","0","3.05","60.21","61.45","8.52","41.99","73.84","10.69","18.35","72.66","74.24","11.3","49.68","82.74","19.55","25.73","75.47","74.19","10.65","45.93","75.57","8.35","10.28","62.96","8.16"
"2026-12-21","39.6","65.37","1.07","5.22","60.77","62.07","8.66","43.45","72.64","12.37","20.76","73.31","74.86","11.41","51.02","81.31","20.87","27.64","75.72","74.39","10.68","47.02","73.86","9.4","11.97","63.13","8.2"
"2026-12-22","40.82","63.9","2.48","7.41","61.35","62.69","8.8","44.92","71.45","14.05","23.16","73.96","75.46","11.53","52.36","79.88","22.18","29.53","75.96","74.58","10.71","48.12","72.16","10.44","13.65","63.31","8.24"
"2026-12-23","42.04","62.44","3.89","9.6","61.92","63.32","8.94","46.38","70.27","15.73","25.56","74.6","76.06","11.65","53.68","78.44","23.48","31.41","76.19","74.77","10.73","49.2","70.46","11.48","15.34","63.48","8.29"
"2026-12-24","43.27","61.0","5.31","11.79","62.51","63.95","9.09","47.84","69.09","17.4","27.94","75.23","76.64","11.76","54.99","77.0","24.76","33.27","76.41","74.94","10.76","50.28","68.76","12.53","17.03","63.67","8.33"
"2026-12-25","44.49","59.57","6.74","13.99","63.1","64.59","9.23","49.29","67.91","19.06","30.31","75.86","77.22","11.87","56.29","75.56","26.02","35.12","76.63","75.11","10.78","51.36","67.07","13.56","18.71","63.85","8.38"
"2026-12-26","45.72","58.15","8.17","16.2","63.7","65.23","9.37","50.74","66.74","20.72","32.66","76.48","77.79","11.98","57.58","74.11","27.27","36.94","76.84","75.28","10.81","52.43","65.38","14.6","20.4","64.05","8.43"
"2026-12-27","46.95","56.75","9.61","18.4","64.3","65.87","9.52","52.19","65.57","22.36","35.0","77.09","78.35","12.08","58.87","72.66","28.51","38.75","77.03","75.44","10.83","53.49","63.7","15.64","22.08","64.24","8.48"
"2026-12-28","48.18","55.36","11.05","20.61","64.9","66.52","9.66","53.63","64.41","24.0","37.33","77.69","78.9","12.19","60.13","71.21","29.73","40.54","77.22","75.59","10.85","54.55","62.03","16.67","23.76","64.45","8.53"
"2026-12-29","49.41","53.99","12.5","22.82","65.52","67.17","9.81","55.07","63.25","25.63","39.64","78.28","79.44","12.29","61.39","69.75","30.94","42.31","77.4","75.73","10.87","55.6","60.36","17.7","25.44","64.65","8.58"
"2026-12-30","50.64","52.63","13.95","25.04","66.13","67.82","9.95","56.51","62.1","27.25","41.93","78.87","79.97","12.39","62.64","68.3","32.13","44.06","77.58","75.87","10.89","56.65","58.7","18.73","27.12","64.87","8.64"
"2026-12-31","51.87","51.29","15.4","27.25","66.75","68.48","10.1","57.93","60.96","28.85","44.21","79.44","80.49","12.48","63.87","66.84","33.3","45.79","77.74","76.0","10.91","57.69","57.06","19.76","28.79","65.08","8.69"
