"date","mean_thaw_depth","mean_frost_depth","mean_snow_depth","mean_swe","mean_lz_volume","mean_uz_volume","mean_runoff","open_thaw_depth","open_frost_depth","open_snow_depth","open_swe","open_lz_volume","open_uz_volume","open_runoff","forest_thaw_depth","forest_frost_depth","forest_snow_depth","forest_swe","forest_lz_volume","forest_uz_volume","forest_runoff","bog_thaw_depth","bog_frost_depth","bog_snow_depth","bog_swe","bog_sm_volume","bog_runoff"
"2024-01-01","111.65","11.54","82.95","120.18","90.93","88.96","13.56","104.09","0.54","68.75","103.46","79.26","78.77","11.74","100.22","0","68.48","106.96","84.63","86.6","13.94","107.86","8.84","82.69","123.62","96.19","15.72"
"2024-01-02","112.0","10.95","83.17","120.51","90.79","88.81","13.52","104.32","0","68.95","103.9","79.3","78.87","11.77","100.7","0","69.14","107.94","85.03","87.02","14.03","108.45","8.6","83.35","124.47","96.41","15.75"
"2024-01-03","112.32","10.37","83.35","120.8","90.63","88.64","13.48","104.52","0","69.15","104.33","79.33","78.97","11.81","101.16","0","69.79","108.9","85.43","87.43","14.12","109.02","8.37","83.98","125.28","96.62","15.78"
"2024-01-04","112.62","9.8","83.5","121.05","90.47","88.47","13.45","104.71","0","69.32","104.73","79.37","79.07","11.84","101.6","0","70.43","109.83","85.83","87.84","14.2","109.57","8.16","84.59","126.05","96.81","15.81"
"2024-01-05","112.89","9.26","83.62","121.26","90.3","88.29","13.41","104.88","0","69.48","105.11","79.41","79.18","11.88","102.02","0","71.05","110.73","86.23","88.24","14.29","110.09","7.97","85.16","126.77","96.98","15.83"
"2024-01-06","113.13","8.73","83.72","121.43","90.12","88.1","13.36","105.03","0","69.63","105.46","79.45","79.29","11.92","102.44","0","71.65","111.6","86.61","88.64","14.37","110.58","7.8","85.7","127.45","97.14","15.85"
"2024-01-07","113.34","8.22","83.78","121.56","89.94","87.91","13.32","105.16","0","69.76","105.79","79.5","79.4","11.95","102.83","0","72.23","112.44","87.0","89.02","14.46","111.06","7.65","86.2","128.08","97.28","15.86"
"2024-01-08","113.53","7.73","83.82","121.65","89.74","87.71","13.28","105.28","0","69.88","106.1","79.55","79.51","11.99","103.21","0","72.8","113.25","87.37","89.4","14.54","111.5","7.52","86.68","128.66","97.41","15.88"
"2024-01-09","113.69","7.25","83.82","121.7","89.53","87.51","13.24","105.37","0","69.99","106.39","79.6","79.62","12.03","103.57","0","73.35","114.03","87.75","89.77","14.61","111.93","7.4","87.13","129.2","97.52","15.89"
"2024-01-10","113.82","6.8","83.8","121.72","89.32","87.29","13.19","105.45","0","70.07","106.65","79.65","79.74","12.07","103.92","0","73.88","114.78","88.11","90.14","14.69","112.32","7.31","87.54","129.69","97.62","15.89"
"2024-01-11","113.92","6.36","83.75","121.69","89.1","87.08","13.15","105.5","0","70.15","106.89","79.7","79.86","12.11","104.25","0","74.4","115.5","88.47","90.49","14.76","112.69","7.23","87.92","130.13","97.7","15.89"
"2024-01-12","114.0","5.95","83.67","121.63","88.87","86.85","13.1","105.54","0","70.21","107.1","79.76","79.98","12.15","104.56","0","74.89","116.19","88.82","90.84","14.84","113.04","7.17","88.26","130.53","97.76","15.89"
"2024-01-13","114.05","5.55","83.56","121.52","88.64","86.63","13.05","105.56","0","70.26","107.3","79.82","80.11","12.19","104.85","0","75.37","116.84","89.17","91.17","14.9","113.36","7.13","88.58","130.88","97.8","15.89"
"2024-01-14","114.08","5.18","83.43","121.38","88.39","86.39","13.01","105.57","0","70.29","107.47","79.88","80.23","12.23","105.13","0","75.83","117.46","89.51","91.5","14.97","113.65","7.11","88.86","131.18","97.83","15.88"
"2024-01-15","114.08","4.82","83.27","121.2","88.15","86.16","12.96","105.55","0","70.31","107.61","79.94","80.36","12.27","105.39","0","76.27","118.05","89.84","91.82","15.03","113.92","7.11","89.11","131.44","97.84","15.87"
"2024-01-16","114.05","4.48","83.08","120.99","87.89","85.92","12.91","105.52","0","70.31","107.74","80.01","80.49","12.31","105.64","0","76.68","118.6","90.16","92.12","15.1","114.16","7.12","89.32","131.64","97.84","15.85"
"2024-01-17","113.99","4.17","82.86","120.74","87.63","85.67","12.86","105.47","0","70.3","107.84","80.08","80.62","12.35","105.86","0","77.08","119.12","90.47","92.42","15.15","114.37","7.16","89.5","131.8","97.82","15.83"
"2024-01-18","113.91","3.87","82.61","120.45","87.36","85.42","12.81","105.4","0","70.28","107.92","80.15","80.75","12.39","106.07","0","77.46","119.61","90.78","92.71","15.21","114.56","7.21","89.65","131.91","97.78","15.81"
"2024-01-19","113.8","3.6","82.34","120.12","87.09","85.17","12.76","105.32","0","70.24","107.97","80.22","80.89","12.44","106.26","0","77.81","120.06","91.07","92.98","15.26","114.72","7.28","89.76","131.97","97.73","15.78"
"2024-01-20","113.67","3.35","82.05","119.76","86.81","84.91","12.72","105.22","0","70.19","108.0","80.29","81.02","12.48","106.43","0","78.15","120.47","91.36","93.24","15.31","114.85","7.36","89.84","131.98","97.66","15.75"
"2024-01-21","113.51","3.12","81.72","119.37","86.53","84.66","12.67","105.1","0","70.13","108.01","80.37","81.16","12.52","106.58","0","78.46","120.85","91.64","93.5","15.36","114.96","7.47","89.89","131.95","97.58","15.72"
"2024-01-22","113.32","2.91","81.37","118.94","86.24","84.39","12.62","104.96","0","70.05","108.0","80.45","81.3","12.56","106.71","0","78.75","121.19","91.9","93.74","15.41","115.04","7.59","89.9","131.87","97.48","15.69"
"2024-01-23","113.11","2.73","81.0","118.47","85.95","84.13","12.57","104.8","0","69.96","107.96","80.53","81.43","12.61","106.82","0","79.02","121.49","92.16","93.96","15.45","115.09","7.72","89.88","131.74","97.36","15.65"
"2024-01-24","112.87","2.56","80.6","117.97","85.66","83.87","12.52","104.63","0","69.86","107.9","80.61","81.57","12.65","106.92","0","79.26","121.76","92.41","94.18","15.49","115.11","7.88","89.82","131.56","97.23","15.61"
"2024-01-25","112.61","2.42","80.18","117.44","85.36","83.6","12.47","104.45","0","69.74","107.82","80.69","81.71","12.69","107.0","0","79.48","121.99","92.64","94.38","15.52","115.11","8.05","89.73","131.33","97.08","15.56"
"2024-01-26","112.32","2.3","79.73","116.87","85.06","83.33","12.42","104.24","0","69.61","107.71","80.77","81.85","12.73","107.05","0","79.68","122.18","92.87","94.57","15.55","115.08","8.24","89.61","131.06","96.91","15.51"
"2024-01-27","112.01","2.21","79.26","116.27","84.75","83.06","12.37","104.02","0","69.46","107.58","80.86","82.0","12.78","107.09","0","79.85","122.34","93.08","94.75","15.58","115.02","8.45","89.45","130.74","96.73","15.46"
"2024-01-28","111.67","2.14","78.77","115.64","84.44","82.79","12.32","103.78","0","69.31","107.43","80.95","82.14","12.82","107.11","0","80.01","122.45","93.28","94.92","15.61","114.93","8.67","89.26","130.37","96.54","15.41"
"2024-01-29","111.31","2.09","78.25","114.98","84.13","82.52","12.27","103.53","0","69.14","107.25","81.04","82.28","12.86","107.11","0","80.13","122.53","93.47","95.07","15.63","114.81","8.91","89.03","129.96","96.33","15.35"
"2024-01-30","110.92","2.07","77.71","114.29","83.82","82.24","12.23","103.26","0","68.96","107.05","81.12","82.42","12.9","107.08","0.48","80.23","122.56","93.65","95.2","15.65","114.67","9.17","88.77","129.49","96.1","15.29"
"2024-01-31","110.51","2.07","77.15","113.56","83.51","81.97","12.18","102.98","0","68.76","106.83","81.21","82.56","12.94","107.04","0.99","80.31","122.56","93.82","95.33","15.67","114.5","9.44","88.48","128.98","95.86","15.23"
"2024-02-01","110.08","2.09","76.57","112.81","83.19","81.7","12.13","102.67","0","68.55","106.58","81.31","82.7","12.98","106.98","1.53","80.36","122.52","93.97","95.44","15.68","114.3","9.73","88.15","128.43","95.61","15.16"
"2024-02-02","109.62","2.14","75.96","112.02","82.87","81.43","12.08","102.36","0","68.33","106.31","81.4","82.83","13.02","106.9","2.1","80.39","122.44","94.12","95.53","15.69","114.07","10.04","87.79","127.83","95.34","15.09"
"2024-02-03","109.14","2.21","75.34","111.21","82.55","81.15","12.04","102.02","0","68.09","106.02","81.49","82.97","13.06","106.8","2.69","80.39","122.31","94.24","95.61","15.7","113.82","10.36","87.39","127.18","95.06","15.02"
"2024-02-04","108.63","2.31","74.69","110.36","82.23","80.88","11.99","101.68","0","67.85","105.7","81.58","83.11","13.1","106.67","3.3","80.37","122.15","94.36","95.68","15.7","113.53","10.7","86.97","126.49","94.76","14.95"
"2024-02-05","108.11","2.43","74.03","109.49","81.91","80.61","11.94","101.31","0","67.58","105.36","81.67","83.24","13.14","106.53","3.93","80.32","121.95","94.46","95.73","15.7","113.22","11.05","86.51","125.75","94.45","14.87"
"2024-02-06","107.56","2.58","73.34","108.59","81.59","80.34","11.9","100.93","0","67.31","105.0","81.76","83.37","13.17","106.37","4.59","80.24","121.7","94.55","95.77","15.7","112.88","11.42","86.01","124.97","94.13","14.79"
"2024-02-07","106.99","2.75","72.64","107.66","81.27","80.07","11.85","100.54","0","67.02","104.61","81.85","83.5","13.21","106.18","5.28","80.14","121.41","94.63","95.79","15.69","112.52","11.81","85.49","124.14","93.79","14.71"
"2024-02-08","106.4","2.95","71.91","106.71","80.95","79.81","11.81","100.13","0","66.72","104.2","81.95","83.63","13.25","105.98","5.98","80.01","121.09","94.69","95.8","15.68","112.13","12.21","84.93","123.27","93.44","14.62"
"2024-02-09","105.78","3.17","71.17","105.73","80.63","79.54","11.77","99.71","0","66.41","103.76","82.04","83.76","13.28","105.75","6.71","79.85","120.72","94.73","95.79","15.67","111.71","12.63","84.34","122.35","93.08","14.54"
"2024-02-10","105.15","3.42","70.41","104.72","80.31","79.27","11.72","99.27","0","66.09","103.3","82.12","83.88","13.31","105.5","7.46","79.67","120.31","94.77","95.77","15.65","111.26","13.06","83.72","121.39","92.7","14.45"
"2024-02-11","104.49","3.69","69.63","103.69","79.99","79.01","11.68","98.82","0","65.75","102.82","82.21","84.0","13.35","105.23","8.23","79.46","119.86","94.79","95.73","15.63","110.78","13.51","83.07","120.39","92.32","14.36"
"2024-02-12","103.82","3.99","68.84","102.63","79.67","78.75","11.64","98.35","0","65.4","102.31","82.3","84.12","13.38","104.94","9.03","79.22","119.37","94.79","95.67","15.61","110.28","13.98","82.39","119.35","91.92","14.27"
"2024-02-13","103.12","4.32","68.03","101.55","79.35","78.49","11.6","97.87","0","65.03","101.78","82.39","84.23","13.41","104.63","9.84","78.95","118.83","94.78","95.61","15.58","109.75","14.46","81.67","118.27","91.51","14.17"
"2024-02-14","102.41","4.67","67.2","100.45","79.04","78.24","11.56","97.37","0.18","64.65","101.23","82.47","84.34","13.44","104.3","10.67","78.66","118.25","94.76","95.52","15.55","109.2","14.95","80.93","117.14","91.08","14.07"
"2024-02-15","101.67","5.05","66.36","99.32","78.73","77.98","11.52","96.86","0.9","64.26","100.65","82.55","84.45","13.47","103.95","11.52","78.34","117.64","94.72","95.42","15.52","108.62","15.47","80.16","115.97","90.65","13.98"
"2024-02-16","100.92","5.45","65.5","98.17","78.41","77.73","11.48","96.34","1.65","63.86","100.05","82.63","84.55","13.49","103.57","12.4","77.99","116.98","94.66","95.3","15.48","108.01","15.99","79.35","114.77","90.21","13.87"
"2024-02-17","100.15","5.88","64.62","97.0","78.1","77.49","11.44","95.8","2.42","63.44","99.42","82.71","84.65","13.52","103.18","13.29","77.61","116.28","94.59","95.17","15.44","107.38","16.53","78.52","113.52","89.76","13.77"
"2024-02-18","99.36","6.34","63.74","95.8","77.8","77.24","11.4","95.25","3.23","63.01","98.77","82.78","84.74","13.54","102.76","14.2","77.21","115.53","94.51","95.03","15.39","106.72","17.09","77.66","112.24","89.29","13.67"
"2024-02-19","98.55","6.82","62.84","94.59","77.49","77.0","11.37","94.68","4.07","62.57","98.09","82.85","84.83","13.57","102.32","15.12","76.78","114.75","94.41","94.86","15.35","106.04","17.66","76.77","110.92","88.82","13.56"
"2024-02-20","97.72","7.33","61.92","93.35","77.19","76.76","11.33","94.1","4.93","62.11","97.39","82.92","84.91","13.59","101.86","16.07","76.32","113.92","94.3","94.69","15.29","105.33","18.25","75.85","109.56","88.34","13.46"
"2024-02-21","96.88","7.86","60.99","92.1","76.89","76.52","11.3","93.51","5.83","61.64","96.67","82.99","84.99","13.61","101.38","17.03","75.83","113.05","94.17","94.49","15.24","104.59","18.85","74.9","108.16","87.85","13.35"
"2024-02-22","96.02","8.42","60.05","90.82","76.59","76.29","11.26","92.91","6.75","61.16","95.92","83.05","85.06","13.62","100.88","18.01","75.32","112.15","94.03","94.28","15.18","103.83","19.46","73.93","106.73","87.35","13.24"
"2024-02-23","95.14","9.01","59.1","89.53","76.3","76.06","11.23","92.29","7.7","60.66","95.15","83.11","85.13","13.64","100.35","19.0","74.77","111.2","93.87","94.06","15.12","103.05","20.09","72.93","105.26","86.84","13.13"
"2024-02-24","94.25","9.62","58.13","88.22","76.01","75.84","11.2","91.66","8.68","60.15","94.35","83.16","85.19","13.66","99.81","20.02","74.2","110.2","93.69","93.82","15.06","102.24","20.74","71.91","103.75","86.33","13.01"
"2024-02-25","93.35","10.26","57.16","86.88","75.72","75.61","11.16","91.01","9.68","59.63","93.53","83.22","85.24","13.67","99.24","21.04","73.6","109.17","93.5","93.57","14.99","101.41","21.4","70.85","102.21","85.8","12.9"
"2024-02-26","92.42","10.93","56.17","85.54","75.43","75.4","11.13","90.36","10.71","59.09","92.69","83.26","85.29","13.68","98.65","22.08","72.97","108.1","93.3","93.3","14.92","100.55","22.07","69.78","100.64","85.27","12.79"
"2024-02-27","91.49","11.62","55.18","84.17","75.15","75.18","11.1","89.69","11.77","58.54","91.82","83.3","85.33","13.69","98.04","23.14","72.32","106.99","93.08","93.01","14.84","99.67","22.76","68.68","99.04","84.74","12.67"
"2024-02-28","90.53","12.34","54.17","82.79","74.88","74.97","11.07","89.01","12.86","57.98","90.92","83.34","85.36","13.7","97.41","24.21","71.63","105.83","92.85","92.71","14.77","98.77","23.47","67.55","97.4","84.19","12.55"
"2024-02-29","89.57","13.08","53.15","81.39","74.6","74.76","11.05","88.31","13.97","57.4","90.01","83.37","85.39","13.7","96.76","25.29","70.92","104.64","92.6","92.4","14.69","97.85","24.18","66.4","95.74","83.65","12.44"
"2024-03-01","88.59","13.85","52.13","79.98","74.33","74.56","11.02","87.61","15.1","56.81","89.06","83.4","85.41","13.71","96.09","26.39","70.18","103.41","92.33","92.07","14.6","96.9","24.91","65.23","94.04","83.09","12.32"
"2024-03-02","87.6","14.64","51.09","78.55","74.07","74.36","10.99","86.89","16.26","56.21","88.1","83.42","85.42","13.71","95.39","27.5","69.41","102.13","92.05","91.73","14.52","95.93","25.66","64.04","92.31","82.53","12.2"
"2024-03-03","86.59","15.46","50.05","77.11","73.81","74.16","10.96","86.16","17.44","55.59","87.1","83.43","85.43","13.71","94.68","28.62","68.62","100.82","91.76","91.37","14.43","94.95","26.42","62.82","90.56","81.97","12.08"
"2024-03-04","85.58","16.31","49.0","75.65","73.55","73.97","10.94","85.42","18.65","54.96","86.09","83.44","85.42","13.7","93.94","29.75","67.8","99.47","91.45","91.0","14.34","93.93","27.2","61.59","88.77","81.4","11.96"
"2024-03-05","84.55","17.18","47.94","74.18","73.3","73.78","10.91","84.66","19.88","54.31","85.05","83.45","85.41","13.7","93.19","30.89","66.95","98.08","91.13","90.61","14.24","92.9","27.98","60.33","86.96","80.83","11.84"
"2024-03-06","83.51","18.08","46.87","72.7","73.05","73.59","10.89","83.9","21.13","53.65","83.98","83.44","85.39","13.69","92.41","32.05","66.08","96.66","90.79","90.21","14.14","91.85","28.79","59.05","85.12","80.25","11.72"
"2024-03-07","82.46","19.0","45.8","71.2","72.8","73.41","10.87","83.12","22.4","52.98","82.89","83.43","85.36","13.68","91.61","33.21","65.17","95.19","90.44","89.8","14.04","90.78","29.6","57.75","83.26","79.67","11.6"
"2024-03-08","81.39","19.95","44.72","69.69","72.56","73.23","10.84","82.33","23.69","52.29","81.78","83.42","85.32","13.67","90.8","34.39","64.24","93.69","90.07","89.37","13.94","89.69","30.43","56.44","81.37","79.09","11.48"
"2024-03-09","80.32","20.92","43.64","68.17","72.33","73.06","10.82","81.53","25.01","51.59","80.64","83.39","85.28","13.65","89.96","35.58","63.29","92.15","89.7","88.93","13.84","88.58","31.27","55.1","79.46","78.5","11.36"
"2024-03-10","79.24","21.91","42.55","66.64","72.09","72.88","10.8","80.72","26.34","50.88","79.48","83.36","85.22","13.64","89.1","36.77","62.31","90.58","89.3","88.47","13.73","87.46","32.13","53.75","77.52","77.92","11.24"
"2024-03-11","78.15","22.93","41.45","65.1","71.87","72.72","10.78","79.9","27.7","50.15","78.29","83.32","85.16","13.62","88.23","37.97","61.3","88.97","88.9","88.01","13.62","86.31","33.0","52.38","75.57","77.33","11.12"
"2024-03-12","77.05","23.97","40.35","63.55","71.64","72.55","10.76","79.07","29.07","49.41","77.08","83.28","85.08","13.6","87.33","39.18","60.27","87.32","88.48","87.53","13.5","85.15","33.89","51.0","73.59","76.74","11.0"
"2024-03-13","75.94","25.04","39.25","61.98","71.42","72.39","10.74","78.22","30.47","48.65","75.85","83.22","85.0","13.57","86.41","40.4","59.21","85.64","88.04","87.04","13.39","83.97","34.78","49.6","71.59","76.15","10.88"
"2024-03-14","74.82","26.13","38.14","60.41","71.21","72.23","10.72","77.37","31.88","47.88","74.59","83.16","84.9","13.55","85.48","41.63","58.13","83.93","87.6","86.54","13.27","82.77","35.7","48.18","69.57","75.56","10.76"
"2024-03-15","73.69","27.25","37.02","58.83","71.0","72.08","10.7","76.5","33.3","47.09","73.3","83.09","84.8","13.52","84.53","42.86","57.02","82.18","87.14","86.02","13.15","81.56","36.62","46.75","67.53","74.96","10.64"
"2024-03-16","72.56","28.38","35.91","57.24","70.79","71.93","10.68","75.63","34.75","46.3","72.0","83.01","84.68","13.49","83.55","44.1","55.89","80.4","86.67","85.5","13.03","80.33","37.56","45.31","65.48","74.37","10.53"
"2024-03-17","71.42","29.54","34.79","55.64","70.59","71.78","10.66","74.74","36.21","45.48","70.67","82.93","84.56","13.45","82.56","45.35","54.73","78.59","86.18","84.96","12.9","79.08","38.51","43.85","63.41","73.78","10.41"
"2024-03-18","70.27","30.72","33.66","54.04","70.39","71.63","10.64","73.85","37.68","44.66","69.31","82.83","84.42","13.42","81.55","46.6","53.55","76.74","85.69","84.41","12.78","77.83","39.47","42.39","61.32","73.19","10.29"
"2024-03-19","69.12","31.93","32.54","52.42","70.2","71.49","10.62","72.94","39.17","43.82","67.94","82.73","84.28","13.38","80.53","47.86","52.35","74.87","85.18","83.85","12.65","76.55","40.45","40.91","59.22","72.6","10.17"
"2024-03-20","67.96","33.15","31.41","50.8","70.01","71.35","10.61","72.03","40.68","42.96","66.54","82.62","84.12","13.34","79.48","49.13","51.13","72.96","84.66","83.29","12.52","75.27","41.44","39.41","57.1","72.01","10.06"
"2024-03-21","66.8","34.4","30.28","49.18","69.82","71.21","10.59","71.1","42.19","42.09","65.11","82.49","83.96","13.29","78.42","50.39","49.88","71.02","84.13","82.71","12.39","73.97","42.44","37.91","54.97","71.43","9.94"
"2024-03-22","65.63","35.67","29.15","47.54","69.64","71.08","10.57","70.17","43.72","41.21","63.67","82.36","83.78","13.25","77.34","51.67","48.61","69.06","83.59","82.12","12.26","72.66","43.45","36.4","52.83","70.84","9.83"
"2024-03-23","64.45","36.95","28.02","45.9","69.46","70.95","10.55","69.22","45.27","40.31","62.2","82.22","83.59","13.2","76.24","52.94","47.32","67.07","83.03","81.52","12.12","71.33","44.48","34.88","50.67","70.26","9.71"
"2024-03-24","63.27","38.26","26.88","44.26","69.29","70.82","10.54","68.27","46.82","39.4","60.71","82.07","83.39","13.14","75.13","54.22","46.0","65.04","82.47","80.92","11.98","70.0","45.52","33.35","48.51","69.68","9.6"
"2024-03-25","62.09","39.59","25.75","42.6","69.12","70.69","10.52","67.31","48.39","38.48","59.19","81.91","83.18","13.09","74.0","55.5","44.67","62.99","81.9","80.31","11.85","68.65","46.57","31.82","46.33","69.11","9.49"
"2024-03-26","60.9","40.94","24.61","40.95","68.95","70.56","10.5","66.34","49.96","37.54","57.65","81.74","82.96","13.03","72.86","56.79","43.32","60.92","81.32","79.68","11.71","67.29","47.63","30.28","44.15","68.54","9.38"
"2024-03-27","59.72","42.31","23.48","39.29","68.79","70.44","10.49","65.36","51.55","36.59","56.1","81.56","82.73","12.97","71.69","58.08","41.94","58.82","80.73","79.05","11.57","65.93","48.71","28.73","41.96","67.97","9.27"
"2024-03-28","58.52","43.69","22.34","37.62","68.63","70.32","10.47","64.37","53.14","35.62","54.52","81.37","82.48","12.91","70.52","59.37","40.55","56.69","80.13","78.42","11.43","64.55","49.8","27.17","39.76","67.41","9.16"
"2024-03-29","57.33","45.09","21.21","35.95","68.47","70.2","10.45","63.37","54.74","34.64","52.91","81.17","82.23","12.85","69.33","60.66","39.14","54.55","79.52","77.77","11.28","63.17","50.9","25.61","37.56","66.85","9.06"
"2024-03-30","56.13","46.51","20.07","34.28","68.32","70.08","10.44","62.36","56.35","33.65","51.29","80.96","81.96","12.78","68.12","61.95","37.71","52.37","78.9","77.12","11.14","61.77","52.01","24.05","35.35","66.3","8.95"
"2024-03-31","54.93","47.95","18.94","32.61","68.17","69.96","10.42","61.35","57.97","32.65","49.64","80.74","81.69","12.71","66.9","63.25","36.26","50.18","78.27","76.47","11.0","60.37","53.13","22.48","33.13","65.75","8.85"
"2024-04-01","53.73","49.41","17.8","30.93","68.02","69.84","10.4","60.33","59.59","31.63","47.98","80.51","81.4","12.63","65.67","64.54","34.8","47.97","77.64","75.81","10.85","58.97","54.26","20.91","30.91","65.2","8.75"
"2024-04-02","52.53","50.88","16.67","29.24","67.88","69.72","10.39","59.3","61.22","30.59","46.29","80.27","81.1","12.56","64.42","65.84","33.32","45.73","77.0","75.14","10.71","57.55","55.41","19.34","28.69","64.67","8.65"
"2024-04-03","51.33","52.36","15.54","27.56","67.74","69.61","10.37","58.26","62.85","29.55","44.59","80.02","80.79","12.48","63.16","67.14","31.82","43.47","76.35","74.47","10.56","56.13","56.56","17.77","26.47","64.14","8.55"
"2024-04-04","50.13","53.86","14.41","25.87","67.6","69.49","10.35","57.21","64.49","28.49","42.86","79.76","80.47","12.4","61.88","68.43","30.31","41.2","75.7","73.79","10.41","54.71","57.73","16.19","24.24","63.61","8.45"
"2024-04-05","48.92","55.38","13.28","24.19","67.46","69.38","10.33","56.16","66.13","27.42","41.12","79.49","80.13","12.32","60.6","69.73","28.78","38.91","75.04","73.11","10.26","53.28","58.91","14.62","22.02","63.09","8.35"
"2024-04-06","47.72","56.91","12.16","22.5","67.32","69.26","10.31","55.1","67.78","26.33","39.35","79.21","79.79","12.23","59.3","71.02","27.24","36.6","74.37","72.42","10.12","51.84","60.09","13.04","19.8","62.58","8.26"
"2024-04-07","46.52","58.46","11.03","20.8","67.19","69.15","10.29","54.03","69.42","25.23","37.57","78.92","79.43","12.14","57.99","72.31","25.68","34.27","73.7","71.73","9.97","50.4","61.29","11.47","17.57","62.07","8.17"
"2024-04-08","45.32","60.01","9.91","19.11","67.06","69.03","10.28","52.96","71.07","24.12","35.77","78.62","79.07","12.05","56.67","73.61","24.11","31.93","73.02","71.04","9.82","48.96","62.5","9.9","15.35","61.58","8.08"
"2024-04-09","44.12","61.58","8.79","17.42","66.93","68.91","10.25","51.88","72.72","23.0","33.95","78.3","78.69","11.96","55.34","74.9","22.53","29.58","72.34","70.35","9.67","47.52","63.72","8.33","13.14","61.09","7.99"
"2024-04-10","42.92","63.16","7.68","15.72","66.8","68.8","10.23","50.79","74.37","21.87","32.11","77.98","78.3","11.87","54.0","76.18","20.94","27.21","71.66","69.65","9.52","46.07","64.94","6.77","10.92","60.6","7.9"
"2024-04-11","41.72","64.76","6.56","14.03","66.67","68.68","10.21","49.69","76.02","20.72","30.25","77.65","77.91","11.77","52.65","77.47","19.33","24.83","70.97","68.96","9.38","44.62","66.18","5.2","8.72","60.13","7.81"
"2024-04-12","40.53","66.36","5.45","12.34","66.55","68.56","10.19","48.59","77.67","19.56","28.38","77.3","77.5","11.67","51.29","78.75","17.72","22.44","70.28","68.26","9.23","43.17","67.43","3.65","6.51","59.66","7.73"
"2024-04-13","39.34","67.97","4.34","10.64","66.42","68.44","10.17","47.49","79.31","18.39","26.49","76.95","77.08","11.57","49.92","80.04","16.1","20.04","69.58","67.56","9.08","41.72","68.68","2.09","4.32","59.2","7.65"
"2024-04-14","38.15","69.6","3.24","8.95","66.3","68.32","10.14","46.37","80.96","17.21","24.59","76.59","76.65","11.46","48.54","81.31","14.46","17.63","68.89","66.86","8.93","40.27","69.95","0.55","2.13","58.75","7.57"
"2024-04-15","36.96","71.23","2.14","7.26","66.17","68.2","10.12","45.25","82.6","16.02","22.67","76.21","76.21","11.36","47.16","82.59","12.82","15.21","68.19","66.16","8.79","38.83","71.22","0","0","58.31","7.49"
"2024-04-16","35.78","72.87","1.04","5.56","66.05","68.08","10.1","44.13","84.24","14.81","20.73","75.83","75.76","11.25","45.76","83.86","11.17","12.78","67.49","65.46","8.64","37.38","72.5","0","0","57.87","7.41"
"2024-04-17","34.6","74.52","0","3.87","65.93","67.95","10.07","43.0","85.87","13.6","18.78","75.43","75.3","11.14","44.36","85.13","9.52","10.35","66.78","64.76","8.5","35.93","73.79","0","0","57.45","7.34"
"2024-04-18","33.42","76.17","0","2.18","65.81","67.83","10.04","41.87","87.5","12.37","16.82","75.03","74.83","11.03","42.96","86.39","7.85","7.91","66.08","64.07","8.35","34.49","75.09","0","0","57.03","7.27"
"2024-04-19","32.25","77.84","0","0.5","65.68","67.7","10.01","40.73","89.12","11.14","14.84","74.62","74.36","10.91","41.55","87.65","6.19","5.47","65.38","63.37","8.21","33.05","76.39","0","0","56.63","7.2"
"2024-04-20","31.08","79.5","0","0","65.56","67.57","9.99","39.59","90.74","9.89","12.85","74.2","73.87","10.8","40.13","88.91","4.51","3.02","64.68","62.68","8.07","31.62","77.7","0","0","56.23","7.13"
"2024-04-21","30.57","80.44","0","0","65.44","67.43","9.96","39.09","91.62","9.32","11.88","73.76","73.37","10.68","39.35","89.42","3.53","1.61","63.97","61.99","7.92","30.83","78.29","0","0","55.84","7.06"
"2024-04-22","30.7","80.66","0","0","65.31","67.29","9.93","39.23","91.76","9.43","11.92","73.32","72.87","10.56","39.22","89.21","3.22","1.22","63.27","61.3","7.78","30.69","78.15","0","0","55.46","7.0"
"2024-04-23","30.84","80.88","0","0","65.19","67.15","9.89","39.36","91.9","9.54","11.96","72.87","72.35","10.44","39.08","88.99","2.91","0.84","62.57","60.62","7.64","30.56","78.02","0","0","55.09","6.94"
"2024-04-24","30.98","81.1","0","0","65.06","67.01","9.86","39.49","92.02","9.63","11.99","72.41","71.83","10.32","38.93","88.76","2.6","0.45","61.87","59.93","7.5","30.43","77.9","0","0","54.73","6.88"
"2024-04-25","31.12","81.33","0","0","64.94","66.87","9.83","39.62","92.14","9.71","12.0","71.94","71.3","10.19","38.79","88.53","2.29","0.07","61.18","59.26","7.37","30.31","77.79","0","0","54.38","6.82"
"2024-04-26","31.27","81.56","0","0.09","64.81","66.72","9.79","39.74","92.26","9.78","12.0","71.47","70.76","10.06","38.63","88.3","1.98","0","60.48","58.59","7.23","30.19","77.68","0","0","54.04","6.76"
"2024-04-27","31.43","81.79","0","0.47","64.68","66.56","9.76","39.85","92.36","9.84","11.99","70.98","70.21","9.94","38.48","88.06","1.66","0","59.79","57.92","7.1","30.08","77.58","0","0","53.71","6.71"
"2024-04-28","31.58","82.03","0","0.86","64.55","66.41","9.72","39.97","92.46","9.9","11.96","70.49","69.66","9.81","38.32","87.82","1.34","0","59.1","57.26","6.97","29.97","77.49","0","0","53.39","6.65"
"2024-04-29","31.74","82.27","0","1.24","64.41","66.25","9.68","40.07","92.55","9.94","11.92","69.99","69.1","9.68","38.16","87.58","1.02","0","58.42","56.6","6.83","29.87","77.4","0","0","53.08","6.6"
"2024-04-30","31.91","82.52","0","1.63","64.28","66.08","9.64","40.17","92.63","9.97","11.87","69.48","68.53","9.55","37.99","87.33","0.7","0","57.74","55.96","6.71","29.77","77.32","0","0","52.77","6.56"
"2024-05-01","32.08","82.76","0","2.01","64.14","65.92","9.6","40.27","92.7","9.99","11.81","68.96","67.96","9.41","37.82","87.08","0.38","0","57.07","55.31","6.58","29.68","77.26","0","0","52.48","6.51"
"2024-05-02","32.25","83.01","0","2.39","64.0","65.74","9.56","40.36","92.77","10.0","11.74","68.44","67.38","9.28","37.65","86.83","0.05","0","56.4","54.68","6.45","29.59","77.2","0","0","52.2","6.46"
"2024-05-03","32.42","83.26","0.07","2.77","63.86","65.57","9.51","40.44","92.83","10.0","11.65","67.91","66.79","9.14","37.47","86.58","0","0","55.73","54.05","6.33","29.51","77.14","0","0","51.93","6.42"
"2024-05-04","32.6","83.52","0.39","3.15","63.72","65.39","9.47","40.52","92.88","9.99","11.55","67.37","66.2","9.01","37.3","86.33","0","0","55.07","53.43","6.21","29.43","77.1","0","0","51.66","6.38"
"2024-05-05","32.77","83.77","0.72","3.52","63.57","65.2","9.42","40.59","92.92","9.97","11.44","66.82","65.6","8.87","37.12","86.07","0","0","54.42","52.81","6.09","29.36","77.06","0","0","51.41","6.34"
"2024-05-06","32.96","84.03","1.04","3.89","63.42","65.01","9.37","40.66","92.95","9.94","11.31","66.27","65.0","8.73","36.93","85.82","0","0","53.78","52.21","5.97","29.3","77.03","0","0","51.17","6.3"
"2024-05-07","33.14","84.28","1.36","4.25","63.27","64.82","9.32","40.72","92.97","9.89","11.18","65.71","64.39","8.6","36.75","85.56","0","0","53.14","51.61","5.86","29.24","77.01","0","0","50.94","6.27"
"2024-05-08","33.32","84.54","1.68","4.61","63.11","64.62","9.27","40.78","92.99","9.84","11.03","65.15","63.78","8.46","36.56","85.3","0","0","52.51","51.03","5.74","29.19","77.0","0","0","50.71","6.24"
"2024-05-09","33.51","84.8","1.99","4.96","62.95","64.41","9.22","40.83","93.0","9.78","10.88","64.58","63.16","8.32","36.38","85.04","0","0","51.88","50.45","5.63","29.15","77.0","0","0","50.5","6.2"
"2024-05-10","33.7","85.06","2.31","5.31","62.79","64.2","9.17","40.87","93.0","9.71","10.71","64.01","62.55","8.18","36.19","84.79","0","0","51.27","49.88","5.52","29.11","77.01","0","0","50.29","6.17"
"2024-05-11","33.89","85.32","2.62","5.66","62.62","63.99","9.11","40.91","92.99","9.62","10.53","63.43","61.92","8.04","36.0","84.53","0","0","50.66","49.32","5.42","29.07","77.02","0","0","50.1","6.14"
"2024-05-12","34.08","85.57","2.93","6.0","62.45","63.77","9.06","40.94","92.97","9.53","10.33","62.85","61.3","7.9","35.8","84.27","0","0","50.06","48.77","5.31","29.05","77.04","0","0","49.91","6.12"
"2024-05-13","34.27","85.83","3.24","6.33","62.27","63.54","9.0","40.96","92.95","9.43","10.13","62.26","60.67","7.76","35.61","84.01","0","0","49.47","48.23","5.21","29.03","77.07","0","0","49.74","6.09"
"2024-05-14","34.46","86.09","3.54","6.65","62.09","63.31","8.94","40.98","92.91","9.32","9.92","61.67","60.04","7.61","35.42","83.76","0","0","48.89","47.71","5.11","29.01","77.11","0","0","49.57","6.07"
"2024-05-15","34.66","86.34","3.84","6.97","61.91","63.08","8.88","40.99","92.87","9.19","9.7","61.08","59.41","7.47","35.23","83.5","0","0","48.32","47.19","5.02","29.0","77.16","0","0","49.41","6.05"
"2024-05-16","34.85","86.59","4.14","7.28","61.73","62.84","8.82","41.0","92.82","9.06","9.46","60.48","58.77","7.33","35.03","83.25","0","0","47.76","46.68","4.92","29.0","77.21","0","0","49.26","6.03"
"2024-05-17","35.04","86.85","4.43","7.59","61.54","62.59","8.75","41.0","92.77","8.92","9.22","59.88","58.14","7.19","34.84","83.0","0","0","47.21","46.19","4.83","29.0","77.27","0","0","49.12","6.01"
"2024-05-18","35.24","87.1","4.72","7.88","61.34","62.34","8.69","40.99","92.7","8.77","8.97","59.28","57.5","7.05","34.65","82.75","0","0","46.67","45.71","4.75","29.01","77.34","0","0","48.99","5.99"
"2024-05-19","35.43","87.34","5.0","8.17","61.14","62.08","8.62","40.98","92.63","8.61","8.71","58.67","56.86","6.91","34.45","82.51","0","0","46.15","45.24","4.66","29.03","77.42","0","0","48.86","5.98"
"2024-05-20","35.62","87.59","5.27","8.45","60.94","61.82","8.56","40.96","92.54","8.44","8.44","58.06","56.23","6.77","34.26","82.26","0","0","45.63","44.78","4.58","29.05","77.51","0","0","48.75","5.96"
"2024-05-21","35.81","87.83","5.55","8.72","60.73","61.55","8.49","40.94","92.45","8.27","8.16","57.45","55.59","6.63","34.07","82.02","0","0","45.12","44.34","4.5","29.08","77.61","0","0","48.64","5.95"
"2024-05-22","36.01","88.07","5.81","8.98","60.52","61.28","8.42","40.9","92.36","8.08","7.87","56.84","54.96","6.5","33.88","81.78","0","0","44.63","43.9","4.42","29.12","77.71","0","0","48.54","5.94"
"2024-05-23","36.2","88.31","6.07","9.23","60.3","61.0","8.35","40.87","92.25","7.89","7.57","56.23","54.33","6.36","33.69","81.55","0","0","44.15","43.48","4.35","29.16","77.82","0","0","48.45","5.93"
"2024-05-24","36.39","88.54","6.32","9.48","60.08","60.72","8.27","40.82","92.14","7.68","7.27","55.62","53.69","6.22","33.5","81.32","0","0","43.68","43.07","4.28","29.21","77.93","0","0","48.37","5.92"
"2024-05-25","36.57","88.77","6.57","9.71","59.85","60.43","8.2","40.77","92.02","7.47","6.96","55.01","53.06","6.08","33.31","81.09","0","0","43.22","42.68","4.21","29.26","78.06","0","0","48.29","5.91"
"2024-05-26","36.76","89.0","6.81","9.93","59.62","60.14","8.12","40.72","91.89","7.26","6.64","54.4","52.44","5.95","33.13","80.87","0","0","42.78","42.3","4.14","29.32","78.19","0","0","48.22","5.9"
"2024-05-27","36.94","89.22","7.04","10.14","59.38","59.84","8.05","40.66","91.76","7.03","6.31","53.79","51.81","5.81","32.95","80.65","0","0","42.34","41.93","4.08","29.38","78.33","0","0","48.16","5.9"
"2024-05-28","37.12","89.44","7.27","10.35","59.14","59.53","7.97","40.59","91.61","6.8","5.98","53.18","51.19","5.68","32.77","80.43","0","0","41.93","41.58","4.02","29.45","78.48","0","0","48.11","5.89"
"2024-05-29","37.3","89.65","7.49","10.54","58.9","59.22","7.89","40.52","91.46","6.56","5.64","52.58","50.57","5.55","32.59","80.22","0","0","41.52","41.24","3.96","29.53","78.63","0","0","48.06","5.89"
"2024-05-30","37.48","89.86","7.7","10.72","58.65","58.91","7.81","40.44","91.31","6.31","5.3","51.97","49.96","5.42","32.41","80.02","0","0","41.13","40.91","3.91","29.61","78.79","0","0","48.02","5.88"
"2024-05-31","37.66","90.06","7.9","10.88","58.4","58.59","7.73","40.35","91.15","6.06","4.95","51.37","49.35","5.29","32.24","79.82","0","0","40.75","40.6","3.86","29.7","78.95","0","0","47.99","5.88"
"2024-06-01","37.83","90.26","8.09","11.04","58.14","58.27","7.65","40.26","90.98","5.8","4.59","50.77","48.74","5.16","32.07","79.63","0","0","40.39","40.3","3.81","29.79","79.13","0","0","47.96","5.88"
"2024-06-02","38.0","90.45","8.28","11.19","57.87","57.94","7.57","40.17","90.8","5.53","4.23","50.17","48.15","5.04","31.9","79.44","0","0","40.04","40.01","3.77","29.89","79.3","0","0","47.94","5.88"
"2024-06-03","38.16","90.63","8.45","11.32","57.61","57.6","7.48","40.07","90.62","5.26","3.87","49.58","47.55","4.91","31.74","79.26","0","0","39.7","39.74","3.72","30.0","79.49","0","0","47.92","5.88"
"2024-06-04","38.33","90.81","8.62","11.44","57.33","57.27","7.4","39.96","90.44","4.98","3.5","48.99","46.96","4.79","31.58","79.08","0","0","39.38","39.48","3.68","30.11","79.68","0","0","47.91","5.88"
"2024-06-05","38.49","90.99","8.78","11.55","57.06","56.92","7.31","39.85","90.25","4.7","3.13","48.41","46.38","4.67","31.42","78.91","0","0","39.07","39.24","3.65","30.22","79.87","0","0","47.9","5.88"
"2024-06-06","38.64","91.16","8.93","11.65","56.77","56.58","7.22","39.73","90.05","4.41","2.75","47.82","45.81","4.55","31.26","78.74","0","0","38.78","39.01","3.62","30.34","80.08","0","0","47.9","5.89"
"2024-06-07","38.79","91.32","9.07","11.74","56.49","56.23","7.14","39.61","89.85","4.12","2.37","47.25","45.24","4.43","31.12","78.59","0","0","38.5","38.8","3.59","30.47","80.28","0","0","47.91","5.89"
"2024-06-08","38.94","91.47","9.2","11.81","56.2","55.87","7.05","39.48","89.64","3.83","1.99","46.68","44.68","4.32","30.97","78.44","0","0","38.23","38.6","3.56","30.6","80.49","0","0","47.92","5.89"
"2024-06-09","39.09","91.62","9.32","11.88","55.91","55.51","6.96","39.35","89.42","3.53","1.61","46.11","44.13","4.2","30.83","78.29","0","0","37.98","38.41","3.53","30.73","80.71","0","0","47.93","5.9"
"2024-06-10","39.23","91.76","9.43","11.92","55.61","55.15","6.87","39.22","89.21","3.22","1.22","45.56","43.59","4.09","30.69","78.15","0","0","37.75","38.24","3.51","30.87","80.93","0","0","47.95","5.9"
"2024-06-11","39.36","91.9","9.54","11.96","55.31","54.79","6.78","39.08","88.99","2.91","0.84","45.01","43.05","3.98","30.56","78.02","0","0","37.53","38.08","3.49","31.01","81.15","0","0","47.97","5.91"
"2024-06-12","39.49","92.02","9.63","11.99","55.0","54.42","6.69","38.93","88.76","2.6","0.45","44.46","42.52","3.88","30.43","77.9","0","0","37.32","37.94","3.48","31.16","81.38","0","0","48.0","5.91"
"2024-06-13","39.62","92.14","9.71","12.0","54.69","54.05","6.6","38.79","88.53","2.29","0.07","43.92","42.01","3.77","30.31","77.79","0","0","37.13","37.81","3.47","31.31","81.61","0","0.17","48.03","5.92"
"2024-06-14","39.74","92.26","9.78","12.0","54.38","53.67","6.5","38.63","88.3","1.98","0","43.39","41.5","3.67","30.19","77.68","0","0","36.95","37.7","3.46","31.46","81.85","0","0.56","48.07","5.92"
"2024-06-15","39.85","92.36","9.84","11.99","54.06","53.3","6.41","38.48","88.06","1.66","0","42.87","41.0","3.57","30.08","77.58","0","0","36.79","37.6","3.45","31.62","82.09","0","0.94","48.1","5.93"
"2024-06-16","39.97","92.46","9.9","11.96","53.75","52.92","6.32","38.32","87.82","1.34","0","42.36","40.52","3.48","29.97","77.49","0","0","36.64","37.51","3.44","31.78","82.33","0","1.33","48.14","5.94"
"2024-06-17","40.07","92.55","9.94","11.92","53.42","52.54","6.23","38.16","87.58","1.02","0","41.86","40.04","3.38","29.87","77.4","0","0","36.51","37.43","3.44","31.95","82.57","0","1.71","48.18","5.94"
"2024-06-18","40.17","92.63","9.97","11.87","53.1","52.15","6.13","37.99","87.33","0.7","0","41.36","39.58","3.29","29.77","77.32","0","0","36.4","37.38","3.44","32.11","82.82","0","2.1","48.23","5.95"
"2024-06-19","40.27","92.7","9.99","11.81","52.77","51.77","6.04","37.82","87.08","0.38","0","40.88","39.12","3.21","29.68","77.26","0","0","36.29","37.33","3.45","32.28","83.07","0","2.48","48.28","5.95"
"2024-06-20","40.36","92.77","10.0","11.74","52.44","51.38","5.95","37.65","86.83","0.05","0","40.4","38.68","3.12","29.59","77.2","0","0","36.2","37.3","3.45","32.46","83.32","0.14","2.85","48.33","5.96"
"2024-06-21","40.44","92.83","10.0","11.65","52.11","50.99","5.85","37.47","86.58","0","0","39.94","38.25","3.04","29.51","77.14","0","0","36.13","37.28","3.46","32.64","83.57","0.47","3.23","48.38","5.97"
"2024-06-22","40.52","92.88","9.99","11.55","51.77","50.61","5.76","37.3","86.33","0","0","39.48","37.83","2.96","29.43","77.1","0","0","36.07","37.27","3.47","32.81","83.83","0.79","3.6","48.43","5.97"
"2024-06-23","40.59","92.92","9.97","11.44","51.44","50.22","5.67","37.12","86.07","0","0","39.04","37.43","2.88","29.36","77.06","0","0","36.03","37.28","3.49","33.0","84.08","1.11","3.97","48.49","5.98"
"2024-06-24","40.66","92.95","9.94","11.31","51.1","49.83","5.57","36.93","85.82","0","0","38.6","37.04","2.81","29.3","77.03","0","0","36.0","37.3","3.5","33.18","84.34","1.43","4.33","48.54","5.98"
"2024-06-25","40.72","92.97","9.89","11.18","50.76","49.44","5.48","36.75","85.56","0","0","38.18","36.66","2.74","29.24","77.01","0","0","35.98","37.33","3.52","33.36","84.6","1.75","4.69","48.6","5.99"
"2024-06-26","40.78","92.99","9.84","11.03","50.42","49.05","5.39","36.56","85.3","0","0","37.77","36.29","2.67","29.19","77.0","0","0","35.98","37.38","3.54","33.55","84.86","2.06","5.04","48.66","6.0"
"2024-06-27","40.83","93.0","9.78","10.88","50.08","48.66","5.29","36.38","85.04","0","0","37.38","35.94","2.61","29.15","77.0","0","0","35.99","37.44","3.57","33.74","85.11","2.38","5.39","48.72","6.0"
"2024-06-28","40.87","93.0","9.71","10.71","49.73","48.27","5.2","36.19","84.79","0","0","36.99","35.6","2.55","29.11","77.01","0","0","36.02","37.51","3.59","33.93","85.37","2.69","5.73","48.78","6.01"
"2024-06-29","40.91","92.99","9.62","10.53","49.39","47.88","5.11","36.0","84.53","0","0","36.62","35.28","2.49","29.07","77.02","0","0","36.06","37.59","3.62","34.12","85.63","3.0","6.07","48.84","6.01"
"2024-06-30","40.94","92.97","9.53","10.33","49.05","47.49","5.02","35.8","84.27","0","0","36.26","34.97","2.44","29.05","77.04","0","0","36.11","37.69","3.65","34.31","85.89","3.31","6.4","48.9","6.01"
"2024-07-01","40.96","92.95","9.43","10.13","48.7","47.11","4.93","35.61","84.01","0","0","35.91","34.67","2.39","29.03","77.07","0","0","36.17","37.79","3.68","34.51","86.14","3.61","6.73","48.96","6.02"
"2024-07-02","40.98","92.91","9.32","9.92","48.36","46.72","4.84","35.42","83.76","0","0","35.58","34.39","2.34","29.01","77.11","0","0","36.25","37.91","3.71","34.7","86.4","3.91","7.04","49.02","6.02"
"2024-07-03","40.99","92.87","9.19","9.7","48.01","46.34","4.75","35.23","83.5","0","0","35.26","34.13","2.3","29.0","77.16","0","0","36.35","38.04","3.75","34.89","86.65","4.2","7.35","49.08","6.02"
"2024-07-04","41.0","92.82","9.06","9.46","47.67","45.96","4.66","35.03","83.25","0","0","34.95","33.88","2.26","29.0","77.21","0","0","36.45","38.18","3.79","35.09","86.9","4.49","7.65","49.14","6.03"
"2024-07-05","41.0","92.77","8.92","9.22","47.33","45.59","4.58","34.84","83.0","0","0","34.66","33.64","2.22","29.0","77.27","0","0","36.57","38.33","3.83","35.28","87.15","4.78","7.95","49.2","6.03"
"2024-07-06","40.99","92.7","8.77","8.97","46.99","45.21","4.49","34.65","82.75","0","0","34.38","33.42","2.18","29.01","77.34","0","0","36.7","38.49","3.87","35.47","87.4","5.06","8.23","49.25","6.03"
"2024-07-07","40.98","92.63","8.61","8.71","46.65","44.84","4.41","34.45","82.51","0","0","34.12","33.22","2.15","29.03","77.42","0","0","36.84","38.66","3.91","35.66","87.64","5.33","8.51","49.31","6.03"
"2024-07-08","40.96","92.54","8.44","8.44","46.31","44.48","4.32","34.26","82.26","0","0","33.87","33.03","2.13","29.05","77.51","0","0","36.99","38.84","3.96","35.86","87.89","5.6","8.78","49.37","6.03"
"2024-07-09","40.94","92.45","8.27","8.16","45.97","44.11","4.24","34.07","82.02","0","0","33.64","32.85","2.11","29.08","77.61","0","0","37.16","39.04","4.0","36.05","88.13","5.87","9.04","49.42","6.03"
"2024-07-10","40.9","92.36","8.08","7.87","45.64","43.75","4.16","33.88","81.78","0","0","33.42","32.7","2.09","29.12","77.71","0","0","37.34","39.24","4.05","36.24","88.36","6.13","9.29","49.48","6.03"
"2024-07-11","40.87","92.25","7.89","7.57","45.31","43.4","4.08","33.69","81.55","0","0","33.22","32.56","2.07","29.16","77.82","0","0","37.53","39.45","4.1","36.43","88.59","6.38","9.53","49.53","6.03"
"2024-07-12","40.82","92.14","7.68","7.27","44.98","43.05","4.0","33.5","81.32","0","0","33.04","32.43","2.06","29.21","77.93","0","0","37.72","39.67","4.15","36.61","88.82","6.62","9.76","49.58","6.03"
"2024-07-13","40.77","92.02","7.47","6.96","44.66","42.71","3.93","33.31","81.09","0","0","32.86","32.32","2.05","29.26","78.06","0","0","37.94","39.89","4.2","36.8","89.05","6.86","9.98","49.63","6.03"
"2024-07-14","40.72","91.89","7.26","6.64","44.33","42.37","3.85","33.13","80.87","0","0","32.71","32.23","2.04","29.32","78.19","0","0","38.16","40.13","4.26","36.98","89.27","7.09","10.19","49.67","6.02"
"2024-07-15","40.66","91.76","7.03","6.31","44.02","42.04","3.78","32.95","80.65","0","0","32.57","32.16","2.04","29.38","78.33","0","0","38.39","40.38","4.31","37.16","89.48","7.32","10.39","49.72","6.02"
"2024-07-16","40.59","91.61","6.8","5.98","43.7","41.71","3.71","32.77","80.43","0","0","32.45","32.1","2.04","29.45","78.48","0","0","38.63","40.63","4.37","37.34","89.69","7.53","10.58","49.76","6.02"
"2024-07-17","40.52","91.46","6.56","5.64","43.39","41.39","3.64","32.59","80.22","0","0","32.34","32.05","2.05","29.53","78.63","0","0","38.88","40.89","4.42","37.52","89.9","7.74","10.75","49.8","6.01"
"2024-07-18","40.44","91.31","6.31","5.3","43.09","41.08","3.57","32.41","80.02","0","0","32.25","32.03","2.06","29.61","78.79","0","0","39.14","41.16","4.48","37.7","90.1","7.94","10.92","49.84","6.01"
"2024-07-19","40.35","91.15","6.06","4.95","42.79","40.77","3.5","32.24","79.82","0","0","32.17","32.02","2.07","29.7","78.95","0","0","39.41","41.43","4.54","37.87","90.3","8.13","11.07","49.88","6.0"
"2024-07-20","40.26","90.98","5.8","4.59","42.5","40.47","3.44","32.07","79.63","0","0","32.11","32.02","2.09","29.79","79.13","0","0","39.68","41.71","4.6","38.04","90.49","8.32","11.22","49.92","5.99"
"2024-07-21","40.17","90.8","5.53","4.23","42.21","40.18","3.38","31.9","79.44","0","0","32.07","32.05","2.11","29.89","79.3","0","0","39.97","42.0","4.66","38.2","90.67","8.49","11.35","49.95","5.99"
"2024-07-22","40.07","90.62","5.26","3.87","41.92","39.9","3.32","31.74","79.26","0","0","32.04","32.09","2.13","30.0","79.49","0","0","40.26","42.29","4.72","38.36","90.85","8.66","11.47","49.98","5.98"
"2024-07-23","39.96","90.44","4.98","3.5","41.65","39.62","3.26","31.58","79.08","0","0","32.03","32.14","2.16","30.11","79.68","0","0","40.57","42.59","4.79","38.52","91.03","8.81","11.58","50.01","5.97"
"2024-07-24","39.85","90.25","4.7","3.13","41.38","39.35","3.2","31.42","78.91","0","0","32.04","32.21","2.18","30.22","79.87","0","0","40.88","42.89","4.85","38.68","91.19","8.96","11.67","50.04","5.96"
"2024-07-25","39.73","90.05","4.41","2.75","41.11","39.1","3.15","31.26","78.74","0","0","32.06","32.3","2.22","30.34","80.08","0","0","41.19","43.2","4.91","38.83","91.35","9.1","11.76","50.06","5.95"
"2024-07-26","39.61","89.85","4.12","2.37","40.86","38.85","3.1","31.12","78.59","0","0","32.1","32.41","2.25","30.47","80.28","0","0","41.52","43.52","4.98","38.97","91.51","9.23","11.83","50.08","5.94"
"2024-07-27","39.48","89.64","3.83","1.99","40.61","38.61","3.05","30.97","78.44","0","0","32.16","32.53","2.29","30.6","80.49","0","0","41.85","43.84","5.04","39.12","91.65","9.35","11.89","50.1","5.93"
"2024-07-28","39.35","89.42","3.53","1.61","40.37","38.38","3.01","30.83","78.29","0","0","32.23","32.66","2.34","30.73","80.71","0","0","42.18","44.16","5.11","39.26","91.79","9.46","11.93","50.12","5.92"
"2024-07-29","39.22","89.21","3.22","1.22","40.13","38.16","2.96","30.69","78.15","0","0","32.32","32.82","2.38","30.87","80.93","0","0","42.53","44.49","5.17","39.39","91.93","9.56","11.97","50.14","5.91"
"2024-07-30","39.08","88.99","2.91","0.84","39.91","37.95","2.92","30.56","78.02","0","0","32.43","32.98","2.43","31.01","81.15","0","0","42.88","44.82","5.24","39.52","92.05","9.65","11.99","50.15","5.9"
"2024-07-31","38.93","88.76","2.6","0.45","39.69","37.75","2.88","30.43","77.9","0","0","32.55","33.17","2.48","31.16","81.38","0","0","43.23","45.15","5.3","39.64","92.17","9.73","12.0","50.16","5.88"
"2024-08-01","38.79","88.53","2.29","0.07","39.48","37.56","2.85","30.31","77.79","0","0","32.69","33.37","2.54","31.31","81.61","0","0.17","43.59","45.49","5.37","39.76","92.28","9.8","12.0","50.17","5.87"
"2024-08-02","38.63","88.3","1.98","0","39.28","37.39","2.82","30.19","77.68","0","0","32.84","33.58","2.6","31.46","81.85","0","0.56","43.95","45.83","5.44","39.88","92.38","9.86","11.98","50.18","5.86"
"2024-08-03","38.48","88.06","1.66","0","39.09","37.22","2.79","30.08","77.58","0","0","33.01","33.81","2.66","31.62","82.09","0","0.94","44.32","46.17","5.5","39.99","92.48","9.91","11.95","50.18","5.84"
"2024-08-04","38.32","87.82","1.34","0","38.91","37.07","2.76","29.97","77.49","0","0","33.2","34.06","2.73","31.78","82.33","0","1.33","44.69","46.52","5.57","40.09","92.57","9.95","11.91","50.18","5.83"
"2024-08-05","38.16","87.58","1.02","0","38.74","36.93","2.74","29.87","77.4","0","0","33.4","34.32","2.79","31.95","82.57","0","1.71","45.07","46.87","5.63","40.19","92.65","9.97","11.86","50.18","5.82"
"2024-08-06","37.99","87.33","0.7","0","38.58","36.8","2.71","29.77","77.32","0","0","33.61","34.59","2.86","32.11","82.82","0","2.1","45.45","47.21","5.7","40.29","92.72","9.99","11.79","50.18","5.8"
"2024-08-07","37.82","87.08","0.38","0","38.43","36.68","2.7","29.68","77.26","0","0","33.85","34.88","2.94","32.28","83.07","0","2.48","45.83","47.56","5.77","40.38","92.78","10.0","11.72","50.18","5.79"
"2024-08-08","37.65","86.83","0.05","0","38.29","36.57","2.68","29.59","77.2","0","0","34.09","35.19","3.01","32.46","83.32","0.14","2.85","46.22","47.92","5.83","40.46","92.84","10.0","11.63","50.18","5.77"
"2024-08-09","37.47","86.58","0","0","38.16","36.48","2.67","29.51","77.14","0","0","34.36","35.5","3.09","32.64","83.57","0.47","3.23","46.61","48.27","5.9","40.54","92.89","9.98","11.53","50.17","5.76"
"2024-08-10","37.3","86.33","0","0","38.04","36.4","2.66","29.43","77.1","0","0","34.64","35.84","3.17","32.81","83.83","0.79","3.6","47.0","48.62","5.96","40.61","92.92","9.96","11.41","50.16","5.74"
"2024-08-11","37.12","86.07","0","0","37.94","36.33","2.65","29.36","77.06","0","0","34.93","36.18","3.26","33.0","84.08","1.11","3.97","47.39","48.97","6.03","40.67","92.96","9.93","11.29","50.15","5.73"
"2024-08-12","36.93","85.82","0","0","37.84","36.28","2.65","29.3","77.03","0","0","35.24","36.54","3.34","33.18","84.34","1.43","4.33","47.78","49.32","6.09","40.73","92.98","9.88","11.15","50.14","5.71"
"2024-08-13","36.75","85.56","0","0","37.76","36.24","2.65","29.24","77.01","0","0","35.56","36.91","3.43","33.36","84.6","1.75","4.69","48.18","49.68","6.16","40.79","92.99","9.83","11.0","50.13","5.7"
"2024-08-14","36.56","85.3","0","0","37.69","36.21","2.65","29.19","77.0","0","0","35.89","37.29","3.52","33.55","84.86","2.06","5.04","48.57","50.03","6.22","40.84","93.0","9.76","10.84","50.12","5.68"
"2024-08-15","36.38","85.04","0","0","37.63","36.19","2.66","29.15","77.0","0","0","36.24","37.69","3.62","33.74","85.11","2.38","5.39","48.97","50.38","6.28","40.88","93.0","9.69","10.67","50.11","5.66"
"2024-08-16","36.19","84.79","0","0","37.58","36.19","2.67","29.11","77.01","0","0","36.61","38.1","3.71","33.93","85.37","2.69","5.73","49.37","50.73","6.35","40.91","92.99","9.6","10.48","50.09","5.65"
"2024-08-17","36.0","84.53","0","0","37.55","36.21","2.68","29.07","77.02","0","0","36.98","38.52","3.81","34.12","85.63","3.0","6.07","49.77","51.08","6.41","40.94","92.97","9.51","10.29","50.08","5.63"
"2024-08-18","35.8","84.27","0","0","37.53","36.24","2.7","29.05","77.04","0","0","37.38","38.95","3.91","34.31","85.89","3.31","6.4","50.17","51.42","6.47","40.97","92.94","9.4","10.09","50.06","5.62"
"2024-08-19","35.61","84.01","0","0","37.52","36.28","2.72","29.03","77.07","0","0","37.78","39.4","4.01","34.51","86.14","3.61","6.73","50.56","51.77","6.53","40.98","92.91","9.29","9.87","50.05","5.6"
"2024-08-20","35.42","83.76","0","0","37.52","36.33","2.74","29.01","77.11","0","0","38.19","39.85","4.12","34.7","86.4","3.91","7.04","50.96","52.11","6.59","41.0","92.86","9.17","9.65","50.03","5.59"
"2024-08-21","35.23","83.5","0","0","37.54","36.4","2.77","29.0","77.16","0","0","38.62","40.32","4.22","34.89","86.65","4.2","7.35","51.36","52.46","6.65","41.0","92.81","9.03","9.41","50.02","5.58"
"2024-08-22","35.03","83.25","0","0","37.57","36.49","2.8","29.0","77.21","0","0","39.06","40.79","4.33","35.09","86.9","4.49","7.65","51.75","52.79","6.71","41.0","92.75","8.89","9.17","50.0","5.56"
"2024-08-23","34.84","83.0","0","0","37.61","36.59","2.83","29.0","77.27","0","0","39.52","41.28","4.44","35.28","87.15","4.78","7.95","52.14","53.13","6.77","40.99","92.68","8.74","8.91","49.99","5.55"
"2024-08-24","34.65","82.75","0","0","37.67","36.7","2.87","29.01","77.34","0","0","39.98","41.77","4.55","35.47","87.4","5.06","8.23","52.54","53.47","6.83","40.98","92.61","8.58","8.65","49.98","5.54"
"2024-08-25","34.45","82.51","0","0","37.74","36.83","2.91","29.03","77.42","0","0","40.46","42.28","4.66","35.66","87.64","5.33","8.51","52.93","53.8","6.88","40.96","92.52","8.41","8.37","49.96","5.52"
"2024-08-26","34.26","82.26","0","0","37.82","36.97","2.95","29.05","77.51","0","0","40.94","42.79","4.78","35.86","87.89","5.6","8.78","53.31","54.13","6.94","40.93","92.43","8.23","8.09","49.95","5.51"
"2024-08-27","34.07","82.02","0","0","37.92","37.13","3.0","29.08","77.61","0","0","41.44","43.31","4.89","36.05","88.13","5.87","9.04","53.7","54.45","6.99","40.9","92.33","8.04","7.8","49.94","5.5"
"2024-08-28","33.88","81.78","0","0","38.03","37.31","3.05","29.12","77.71","0","0","41.94","43.84","5.01","36.24","88.36","6.13","9.29","54.08","54.77","7.05","40.86","92.23","7.84","7.51","49.93","5.49"
"2024-08-29","33.69","81.55","0","0","38.16","37.49","3.1","29.16","77.82","0","0","42.46","44.38","5.13","36.43","88.59","6.38","9.53","54.46","55.09","7.1","40.81","92.11","7.64","7.2","49.92","5.48"
"2024-08-30","33.5","81.32","0","0","38.3","37.69","3.15","29.21","77.93","0","0","42.99","44.93","5.25","36.61","88.82","6.62","9.76","54.84","55.41","7.15","40.76","91.99","7.43","6.89","49.92","5.47"
"2024-08-31","33.31","81.09","0","0","38.45","37.91","3.21","29.26","78.06","0","0","43.52","45.48","5.37","36.8","89.05","6.86","9.98","55.21","55.72","7.2","40.71","91.86","7.21","6.57","49.91","5.46"
"2024-09-01","33.13","80.87","0","0","38.62","38.14","3.28","29.32","78.19","0","0","44.07","46.04","5.49","36.98","89.27","7.09","10.19","55.58","56.02","7.25","40.64","91.72","6.98","6.24","49.91","5.45"
"2024-09-02","32.95","80.65","0","0","38.8","38.39","3.34","29.38","78.33","0","0","44.62","46.61","5.61","37.16","89.48","7.32","10.39","55.95","56.33","7.3","40.57","91.58","6.74","5.9","49.91","5.45"
"2024-09-03","32.77","80.43","0","0","39.0","38.65","3.41","29.45","78.48","0","0","45.18","47.18","5.73","37.34","89.69","7.53","10.58","56.32","56.63","7.35","40.5","91.43","6.5","5.56","49.91","5.44"
"2024-09-04","32.59","80.22","0","0","39.21","38.92","3.48","29.53","78.63","0","0","45.75","47.76","5.85","37.52","89.9","7.74","10.75","56.68","56.92","7.39","40.42","91.27","6.25","5.22","49.92","5.44"
"2024-09-05","32.41","80.02","0","0","39.43","39.21","3.56","29.61","78.79","0","0","46.32","48.34","5.98","37.7","90.1","7.94","10.92","57.03","57.21","7.44","40.33","91.11","6.0","4.87","49.93","5.43"
"2024-09-06","32.24","79.82","0","0","39.67","39.52","3.63","29.7","78.95","0","0","46.91","48.93","6.1","37.87","90.3","8.13","11.07","57.38","57.5","7.49","40.24","90.94","5.74","4.51","49.94","5.43"
"2024-09-07","32.07","79.63","0","0","39.92","39.83","3.71","29.79","79.13","0","0","47.49","49.52","6.23","38.04","90.49","8.32","11.22","57.73","57.78","7.53","40.15","90.77","5.47","4.15","49.96","5.43"
"2024-09-08","31.9","79.44","0","0","40.19","40.17","3.8","29.89","79.3","0","0","48.09","50.12","6.35","38.2","90.67","8.49","11.35","58.07","58.06","7.57","40.04","90.58","5.2","3.78","49.98","5.43"
"2024-09-09","31.74","79.26","0","0","40.47","40.51","3.88","30.0","79.49","0","0","48.69","50.72","6.48","38.36","90.85","8.66","11.47","58.41","58.33","7.61","39.94","90.4","4.92","3.42","50.0","5.43"
"2024-09-10","31.58","79.08","0","0","40.77","40.87","3.97","30.11","79.68","0","0","49.3","51.32","6.6","38.52","91.03","8.81","11.58","58.74","58.6","7.66","39.82","90.2","4.64","3.04","50.02","5.43"
"2024-09-11","31.42","78.91","0","0","41.07","41.25","4.07","30.22","79.87","0","0","49.91","51.93","6.73","38.68","91.19","8.96","11.67","59.07","58.86","7.7","39.71","90.0","4.35","2.67","50.06","5.44"
"2024-09-12","31.26","78.74","0","0","41.4","41.63","4.16","30.34","80.08","0","0","50.53","52.54","6.86","38.83","91.35","9.1","11.76","59.39","59.12","7.74","39.58","89.8","4.06","2.29","50.09","5.44"
"2024-09-13","31.12","78.59","0","0","41.73","42.03","4.26","30.47","80.28","0","0","51.15","53.15","6.98","38.97","91.51","9.23","11.83","59.71","59.37","7.77","39.46","89.59","3.76","1.91","50.13","5.45"
"2024-09-14","30.97","78.44","0","0","42.08","42.45","4.36","30.6","80.49","0","0","51.77","53.76","7.11","39.12","91.65","9.35","11.89","60.03","59.62","7.81","39.32","89.38","3.46","1.52","50.18","5.46"
"2024-09-15","30.83","78.29","0","0","42.45","42.88","4.46","30.73","80.71","0","0","52.4","54.37","7.23","39.26","91.79","9.46","11.93","60.33","59.86","7.85","39.19","89.16","3.15","1.14","50.23","5.47"
"2024-09-16","30.69","78.15","0","0","42.82","43.32","4.57","30.87","80.93","0","0","53.03","54.99","7.36","39.39","91.93","9.56","11.97","60.64","60.1","7.88","39.05","88.94","2.85","0.75","50.28","5.48"
"2024-09-17","30.56","78.02","0","0","43.21","43.77","4.68","31.01","81.15","0","0","53.66","55.6","7.48","39.52","92.05","9.65","11.99","60.93","60.34","7.92","38.9","88.71","2.54","0.37","50.34","5.49"
"2024-09-18","30.43","77.9","0","0","43.61","44.23","4.79","31.16","81.38","0","0","54.29","56.22","7.61","39.64","92.17","9.73","12.0","61.23","60.57","7.95","38.75","88.48","2.22","0","50.41","5.51"
"2024-09-19","30.31","77.79","0","0","44.03","44.71","4.9","31.31","81.61","0","0.17","54.93","56.83","7.73","39.76","92.28","9.8","12.0","61.51","60.79","7.98","38.6","88.24","1.91","0","50.48","5.52"
"2024-09-20","30.19","77.68","0","0","44.46","45.2","5.02","31.46","81.85","0","0.56","55.57","57.45","7.86","39.88","92.38","9.86","11.98","61.79","61.01","8.02","38.44","88.01","1.59","0","50.56","5.54"
"2024-09-21","30.08","77.58","0","0","44.9","45.7","5.14","31.62","82.09","0","0.94","56.21","58.06","7.98","39.99","92.48","9.91","11.95","62.07","61.23","8.05","38.28","87.77","1.27","0","50.64","5.56"
"2024-09-22","29.97","77.49","0","0","45.35","46.22","5.26","31.78","82.33","0","1.33","56.85","58.68","8.1","40.09","92.57","9.95","11.91","62.34","61.44","8.08","38.12","87.52","0.95","0","50.73","5.58"
"2024-09-23","29.87","77.4","0","0","45.82","46.74","5.38","31.95","82.57","0","1.71","57.49","59.29","8.22","40.19","92.65","9.97","11.86","62.6","61.65","8.11","37.95","87.28","0.63","0","50.83","5.61"
"2024-09-24","29.77","77.32","0","0","46.29","47.27","5.51","32.11","82.82","0","2.1","58.13","59.9","8.34","40.29","92.72","9.99","11.79","62.86","61.85","8.14","37.78","87.03","0.31","0","50.93","5.63"
"2024-09-25","29.68","77.26","0","0","46.78","47.82","5.63","32.28","83.07","0","2.48","58.77","60.5","8.46","40.38","92.78","10.0","11.72","63.12","62.05","8.16","37.61","86.78","0","0","51.05","5.66"
"2024-09-26","29.59","77.2","0","0","47.28","48.38","5.76","32.46","83.32","0.14","2.85","59.41","61.1","8.58","40.46","92.84","10.0","11.63","63.36","62.24","8.19","37.43","86.53","0","0","51.16","5.69"
"2024-09-27","29.51","77.14","0","0","47.8","48.94","5.89","32.64","83.57","0.47","3.23","60.04","61.71","8.7","40.54","92.89","9.98","11.53","63.61","62.43","8.22","37.26","86.27","0","0","51.29","5.72"
"2024-09-28","29.43","77.1","0","0","48.32","49.52","6.02","32.81","83.83","0.79","3.6","60.68","62.3","8.81","40.61","92.92","9.96","11.41","63.84","62.61","8.25","37.07","86.02","0","0","51.42","5.75"
"2024-09-29","29.36","77.06","0","0","48.85","50.1","6.16","33.0","84.08","1.11","3.97","61.31","62.9","8.93","40.67","92.96","9.93","11.29","64.08","62.79","8.27","36.89","85.76","0","0","51.56","5.79"
"2024-09-30","29.3","77.03","0","0","49.4","50.7","6.29","33.18","84.34","1.43","4.33","61.94","63.48","9.04","40.73","92.98","9.88","11.15","64.3","62.97","8.3","36.71","85.5","0","0","51.71","5.82"
"2024-10-01","29.24","77.01","0","0","49.95","51.3","6.43","33.36","84.6","1.75","4.69","62.57","64.07","9.16","40.79","92.99","9.83","11.0","64.52","63.14","8.32","36.52","85.24","0","0","51.87","5.86"
"2024-10-02","29.19","77.0","0","0","50.51","51.92","6.57","33.55","84.86","2.06","5.04","63.2","64.65","9.27","40.84","93.0","9.76","10.84","64.74","63.31","8.35","36.33","84.99","0","0","52.03","5.9"
"2024-10-03","29.15","77.0","0","0","51.09","52.54","6.71","33.74","85.11","2.38","5.39","63.82","65.22","9.38","40.88","93.0","9.69","10.67","64.95","63.48","8.37","36.14","84.73","0","0","52.2","5.95"
"2024-10-04","29.11","77.01","0","0","51.67","53.16","6.85","33.93","85.37","2.69","5.73","64.43","65.79","9.49","40.91","92.99","9.6","10.48","65.16","63.64","8.39","35.95","84.47","0","0","52.38","5.99"
"2024-10-05","29.07","77.02","0","0","52.26","53.8","6.99","34.12","85.63","3.0","6.07","65.05","66.36","9.59","40.94","92.97","9.51","10.29","65.36","63.8","8.41","35.76","84.21","0","0","52.57","6.04"
"2024-10-06","29.05","77.04","0","0","52.86","54.44","7.14","34.31","85.89","3.31","6.4","65.66","66.91","9.7","40.97","92.94","9.4","10.09","65.55","63.95","8.44","35.57","83.96","0","0","52.76","6.09"
"2024-10-07","29.03","77.07","0","0","53.47","55.09","7.28","34.51","86.14","3.61","6.73","66.26","67.47","9.8","40.98","92.91","9.29","9.87","65.74","64.1","8.46","35.38","83.7","0","0","52.97","6.14"
"2024-10-08","29.01","77.11","0","0","54.09","55.75","7.43","34.7","86.4","3.91","7.04","66.86","68.01","9.9","41.0","92.86","9.17","9.65","65.93","64.25","8.48","35.18","83.45","0","0","53.18","6.19"
"2024-10-09","29.0","77.16","0","0","54.72","56.41","7.58","34.89","86.65","4.2","7.35","67.45","68.55","10.0","41.0","92.81","9.03","9.41","66.11","64.4","8.5","34.99","83.2","0","0","53.41","6.25"
"2024-10-10","29.0","77.21","0","0","55.35","57.08","7.72","35.09","86.9","4.49","7.65","68.04","69.08","10.1","41.0","92.75","8.89","9.17","66.29","64.54","8.52","34.8","82.95","0","0","53.64","6.31"
"2024-10-11","29.0","77.27","0","0","55.99","57.75","7.87","35.28","87.15","4.78","7.95","68.62","69.6","10.2","40.99","92.68","8.74","8.91","66.46","64.68","8.55","34.6","82.7","0","0","53.88","6.37"
"2024-10-12","29.01","77.34","0","0","56.63","58.43","8.02","35.47","87.4","5.06","8.23","69.19","70.12","10.29","40.98","92.61","8.58","8.65","66.63","64.82","8.57","34.41","82.45","0","0","54.12","6.43"
"2024-10-13","29.03","77.42","0","0","57.29","59.11","8.17","35.66","87.64","5.33","8.51","69.76","70.63","10.39","40.96","92.52","8.41","8.37","66.79","64.95","8.59","34.22","82.21","0","0","54.38","6.49"
"2024-10-14","29.05","77.51","0","0","57.94","59.79","8.32","35.86","87.89","5.6","8.78","70.32","71.13","10.48","40.93","92.43","8.23","8.09","66.95","65.09","8.61","34.03","81.97","0","0","54.65","6.56"
"2024-10-15","29.08","77.61","0","0","58.61","60.48","8.47","36.05","88.13","5.87","9.04","70.87","71.62","10.57","40.9","92.33","8.04","7.8","67.11","65.22","8.63","33.84","81.73","0","0","54.92","6.63"
"2024-10-16","29.12","77.71","0","0","59.28","61.18","8.62","36.24","88.36","6.13","9.29","71.41","72.1","10.66","40.86","92.23","7.84","7.51","67.26","65.35","8.65","33.65","81.5","0","0","55.21","6.7"
"2024-10-17","29.16","77.82","0","0","59.95","61.87","8.77","36.43","88.59","6.38","9.53","71.95","72.58","10.74","40.81","92.11","7.64","7.2","67.41","65.48","8.67","33.46","81.27","0","0","55.5","6.77"
"2024-10-18","29.21","77.93","0","0","60.63","62.57","8.92","36.61","88.82","6.62","9.76","72.48","73.05","10.82","40.76","91.99","7.43","6.89","67.56","65.6","8.7","33.27","81.04","0","0","55.8","6.85"
"2024-10-19","29.26","78.06","0","0","61.31","63.27","9.07","36.8","89.05","6.86","9.98","73.0","73.5","10.91","40.71","91.86","7.21","6.57","67.7","65.73","8.72","33.09","80.82","0","0","56.11","6.93"
"2024-10-20","29.32","78.19","0","0","61.99","63.97","9.22","36.98","89.27","7.09","10.19","73.51","73.95","10.99","40.64","91.72","6.98","6.24","67.84","65.85","8.74","32.91","80.6","0","0","56.43","7.01"
"2024-10-21","30.67","76.87","0","0","62.68","64.67","9.37","38.46","88.02","8.69","12.45","74.02","74.39","11.06","41.87","90.12","8.12","7.97","67.97","65.98","8.76","34.02","78.92","0","0","56.76","7.09"
"2024-10-22","32.04","75.55","0","0","63.37","65.37","9.52","39.93","86.77","10.29","14.71","74.51","74.82","11.14","43.08","88.51","9.26","9.69","68.11","66.1","8.78","35.13","77.25","0","0","57.1","7.17"
"2024-10-23","33.4","74.24","0","0.76","64.07","66.08","9.67","41.39","85.51","11.87","16.95","74.99","75.24","11.21","44.29","86.89","10.38","11.41","68.24","66.22","8.81","36.24","75.59","0","0","57.44","7.26"
"2024-10-24","34.77","72.94","0","3.17","64.76","66.78","9.82","42.86","84.25","13.45","19.18","75.47","75.65","11.28","45.49","85.26","11.5","13.12","68.37","66.35","8.83","37.36","73.93","0","0","57.8","7.35"
"2024-10-25","36.15","71.65","0.98","5.59","65.46","67.48","9.97","44.31","82.99","15.01","21.39","75.93","76.05","11.35","46.69","83.63","12.62","14.83","68.49","66.47","8.85","38.48","72.28","0","0","58.16","7.44"
"2024-10-26","37.53","70.36","2.61","8.0","66.16","68.18","10.12","45.77","81.73","16.56","23.59","76.39","76.44","11.42","47.88","82.0","13.72","16.52","68.62","66.59","8.88","39.6","70.63","0","1.07","58.54","7.53"
"2024-10-27","38.91","69.09","4.25","10.42","66.85","68.88","10.26","47.22","80.46","18.11","25.77","76.84","76.82","11.48","49.06","80.37","14.82","18.21","68.74","66.71","8.9","40.72","69.0","1.02","3.0","58.92","7.62"
"2024-10-28","40.29","67.82","5.89","12.83","67.55","69.58","10.41","48.66","79.18","19.64","27.94","77.27","77.19","11.54","50.23","78.73","15.9","19.89","68.86","66.83","8.93","41.84","67.37","2.23","4.94","59.31","7.72"
"2024-10-29","41.68","66.56","7.53","15.25","68.25","70.28","10.55","50.09","77.91","21.16","30.09","77.7","77.55","11.6","51.4","77.09","16.98","21.56","68.98","66.96","8.95","42.96","65.76","3.44","6.88","59.71","7.81"
"2024-10-30","43.07","65.31","9.18","17.66","68.95","70.97","10.7","51.52","76.63","22.67","32.23","78.11","77.9","11.66","52.55","75.44","18.05","23.22","69.1","67.08","8.98","44.08","64.15","4.66","8.83","60.11","7.91"
"2024-10-31","44.46","64.08","10.82","20.07","69.65","71.66","10.84","52.94","75.35","24.16","34.34","78.51","78.24","11.72","53.7","73.8","19.11","24.88","69.21","67.21","9.01","45.2","62.55","5.88","10.79","60.53","8.01"
"2024-11-01","45.85","62.85","12.47","22.47","70.34","72.34","10.98","54.36","74.07","25.64","36.44","78.91","78.57","11.77","54.84","72.16","20.17","26.52","69.33","67.33","9.04","46.32","60.97","7.11","12.75","60.95","8.12"
"2024-11-02","47.24","61.63","14.11","24.87","71.03","73.03","11.12","55.76","72.79","27.1","38.52","79.29","78.88","11.82","55.97","70.51","21.21","28.15","69.44","67.46","9.06","47.44","59.4","8.34","14.71","61.38","8.22"
"2024-11-03","48.63","60.42","15.75","27.27","71.73","73.7","11.26","57.16","71.51","28.55","40.57","79.66","79.19","11.87","57.09","68.87","22.25","29.78","69.55","67.59","9.09","48.56","57.84","9.57","16.68","61.82","8.33"
"2024-11-04","50.02","59.22","17.39","29.65","72.41","74.38","11.4","58.54","70.22","29.99","42.61","80.02","79.49","11.92","58.2","67.23","23.27","31.4","69.67","67.72","9.12","49.68","56.29","10.81","18.66","62.26","8.43"
"2024-11-05","51.41","58.04","19.03","32.03","73.1","75.04","11.53","59.92","68.93","31.4","44.63","80.37","79.78","11.97","59.3","65.59","24.29","33.0","69.78","67.85","9.15","50.8","54.76","12.06","20.64","62.72","8.54"
"2024-11-06","52.79","56.86","20.66","34.4","73.78","75.71","11.67","61.28","67.65","32.81","46.62","80.71","80.05","12.01","60.39","63.96","25.3","34.6","69.89","67.98","9.19","51.92","53.24","13.31","22.62","63.18","8.65"
"2024-11-07","54.18","55.69","22.29","36.76","74.46","76.36","11.8","62.63","66.36","34.19","48.59","81.04","80.32","12.05","61.47","62.33","26.3","36.18","70.01","68.12","9.22","53.03","51.74","14.56","24.6","63.64","8.77"
"2024-11-08","55.56","54.54","23.92","39.11","75.13","77.01","11.93","63.97","65.08","35.56","50.53","81.35","80.57","12.09","62.54","60.7","27.29","37.76","70.12","68.26","9.25","54.15","50.25","15.81","26.59","64.12","8.88"
"2024-11-09","56.93","53.4","25.54","41.45","75.8","77.65","12.06","65.3","63.79","36.91","52.46","81.66","80.82","12.13","63.6","59.08","28.27","39.32","70.23","68.4","9.29","55.26","48.78","17.07","28.57","64.6","8.99"
"2024-11-10","58.31","52.27","27.15","43.77","76.46","78.29","12.19","66.62","62.5","38.24","54.35","81.95","81.05","12.16","64.64","57.46","29.24","40.88","70.35","68.54","9.32","56.37","47.32","18.33","30.56","65.09","9.11"
"2024-11-11","59.67","51.15","28.75","46.08","77.12","78.92","12.31","67.92","61.22","39.55","56.23","82.23","81.28","12.2","65.68","55.85","30.21","42.42","70.46","68.68","9.36","57.48","45.88","19.59","32.55","65.58","9.23"
"2024-11-12","61.04","50.04","30.35","48.38","77.77","79.54","12.43","69.21","59.94","40.84","58.07","82.51","81.49","12.23","66.71","54.25","31.16","43.95","70.58","68.83","9.4","58.58","44.46","20.86","34.53","66.08","9.34"
"2024-11-13","62.4","48.94","31.94","50.65","78.42","80.15","12.56","70.49","58.66","42.12","59.9","82.77","81.69","12.26","67.72","52.65","32.1","45.47","70.69","68.98","9.43","59.68","43.06","22.12","36.52","66.58","9.46"
"2024-11-14","63.75","47.86","33.52","52.92","79.06","80.75","12.67","71.75","57.38","43.37","61.69","83.01","81.89","12.29","68.72","51.06","33.04","46.98","70.81","69.14","9.47","60.78","41.67","23.39","38.5","67.09","9.58"
"2024-11-15","65.09","46.79","35.09","55.16","79.69","81.35","12.79","73.0","56.1","44.61","63.46","83.25","82.07","12.31","69.71","49.49","33.96","48.48","70.93","69.29","9.51","61.88","40.3","24.65","40.48","67.61","9.71"
"2024-11-16","66.43","45.73","36.65","57.39","80.31","81.93","12.9","74.23","54.83","45.82","65.2","83.48","82.24","12.34","70.69","47.92","34.88","49.96","71.05","69.45","9.56","62.97","38.96","25.92","42.45","68.13","9.83"
"2024-11-17","67.76","44.68","38.19","59.59","80.93","82.51","13.02","75.44","53.55","47.01","66.91","83.69","82.41","12.36","71.66","46.36","35.78","51.44","71.18","69.62","9.6","64.05","37.63","27.18","44.42","68.66","9.95"
"2024-11-18","69.08","43.65","39.73","61.78","81.53","83.07","13.13","76.64","52.29","48.18","68.6","83.89","82.56","12.38","72.61","44.81","36.68","52.9","71.3","69.79","9.64","65.14","36.32","28.45","46.39","69.19","10.07"
"2024-11-19","70.4","42.63","41.25","63.94","82.13","83.63","13.23","77.82","51.02","49.33","70.25","84.09","82.7","12.4","73.55","43.27","37.56","54.35","71.43","69.96","9.69","66.21","35.03","29.71","48.35","69.72","10.2"
"2024-11-20","71.7","41.62","42.76","66.08","82.72","84.17","13.34","78.99","49.76","50.46","71.88","84.27","82.84","12.41","74.48","41.75","38.44","55.79","71.56","70.13","9.73","67.29","33.76","30.97","50.3","70.26","10.32"
"2024-11-21","73.0","40.62","44.25","68.2","83.3","84.71","13.44","80.13","48.51","51.56","73.48","84.44","82.96","12.43","75.4","40.24","39.3","57.21","71.69","70.31","9.78","68.36","32.52","32.23","52.25","70.8","10.45"
"2024-11-22","74.28","39.64","45.73","70.29","83.87","85.23","13.54","81.26","47.26","52.64","75.05","84.6","83.08","12.44","76.3","38.74","40.16","58.62","71.82","70.49","9.83","69.42","31.29","33.49","54.19","71.35","10.57"
"2024-11-23","75.55","38.67","47.19","72.36","84.43","85.74","13.63","82.38","46.01","53.7","76.58","84.74","83.18","12.45","77.19","37.26","41.01","60.02","71.96","70.68","9.88","70.47","30.09","34.75","56.12","71.9","10.7"
"2024-11-24","76.82","37.72","48.64","74.41","84.98","86.24","13.73","83.47","44.77","54.74","78.09","84.88","83.28","12.46","78.07","35.79","41.85","61.4","72.09","70.87","9.93","71.52","28.91","36.0","58.05","72.45","10.83"
"2024-11-25","78.07","36.77","50.07","76.42","85.52","86.73","13.82","84.54","43.54","55.75","79.57","85.01","83.37","12.47","78.94","34.33","42.67","62.78","72.23","71.06","9.98","72.57","27.75","37.25","59.96","73.0","10.95"
"2024-11-26","79.3","35.85","51.48","78.41","86.05","87.21","13.9","85.6","42.31","56.74","81.01","85.13","83.45","12.48","79.79","32.9","43.49","64.13","72.38","71.26","10.03","73.61","26.62","38.49","61.86","73.56","11.08"
"2024-11-27","80.53","34.93","52.88","80.37","86.57","87.67","13.99","86.64","41.09","57.71","82.43","85.23","83.52","12.49","80.63","31.47","44.3","65.48","72.53","71.46","10.09","74.64","25.5","39.73","63.75","74.11","11.21"
"2024-11-28","81.74","34.03","54.26","82.3","87.08","88.12","14.07","87.65","39.88","58.65","83.81","85.33","83.58","12.49","81.45","30.07","45.1","66.81","72.68","71.67","10.14","75.66","24.42","40.97","65.63","74.67","11.34"
"2024-11-29","82.94","33.14","55.61","84.2","87.57","88.56","14.15","88.65","38.67","59.57","85.16","85.41","83.63","12.49","82.26","28.69","45.88","68.13","72.83","71.88","10.2","76.67","23.35","42.19","67.5","75.23","11.46"
"2024-11-30","84.12","32.27","56.95","86.07","88.05","88.98","14.22","89.62","37.47","60.47","86.48","85.49","83.68","12.5","83.06","27.32","46.66","69.43","72.99","72.09","10.26","77.68","22.31","43.42","69.35","75.79","11.59"
"2024-12-01","85.29","31.41","58.27","87.91","88.52","89.39","14.3","90.58","36.29","61.34","87.77","85.56","83.72","12.5","83.84","25.97","47.43","70.72","73.15","72.31","10.32","78.68","21.29","44.63","71.19","76.35","11.71"
"2024-12-02","86.44","30.56","59.56","89.71","88.98","89.79","14.37","91.51","35.1","62.18","89.03","85.61","83.75","12.5","84.61","24.64","48.19","71.99","73.31","72.53","10.38","79.67","20.3","45.84","73.02","76.91","11.84"
"2024-12-03","87.58","29.73","60.83","91.49","89.42","90.17","14.43","92.43","33.93","63.0","90.25","85.66","83.77","12.5","85.36","23.33","48.94","73.25","73.47","72.76","10.44","80.65","19.33","47.04","74.82","77.47","11.97"
"2024-12-04","88.7","28.91","62.08","93.22","89.85","90.54","14.5","93.32","32.77","63.8","91.44","85.7","83.79","12.49","86.11","22.04","49.68","74.5","73.64","72.99","10.5","81.63","18.39","48.24","76.62","78.03","12.09"
"2024-12-05","89.8","28.1","63.31","94.93","90.27","90.9","14.56","94.19","31.62","64.57","92.6","85.73","83.8","12.49","86.83","20.78","50.4","75.73","73.82","73.23","10.56","82.59","17.47","49.42","78.39","78.59","12.22"
"2024-12-06","90.89","27.31","64.52","96.6","90.67","91.24","14.62","95.04","30.48","65.32","93.72","85.75","83.8","12.49","87.55","19.53","51.12","76.94","73.99","73.47","10.62","83.54","16.58","50.6","80.15","79.15","12.34"
"2024-12-07","91.96","26.54","65.7","98.23","91.06","91.57","14.67","95.86","29.35","66.04","94.82","85.76","83.79","12.48","88.24","18.31","51.83","78.14","74.18","73.71","10.69","84.49","15.71","51.76","81.88","79.7","12.46"
"2024-12-08","93.01","25.77","66.85","99.83","91.44","91.88","14.72","96.67","28.23","66.74","95.87","85.77","83.78","12.47","88.93","17.11","52.53","79.32","74.36","73.96","10.75","85.42","14.87","52.92","83.6","80.26","12.58"
"2024-12-09","94.04","25.03","67.98","101.39","91.8","92.18","14.77","97.45","27.13","67.41","96.9","85.76","83.76","12.47","89.6","15.93","53.22","80.49","74.55","74.21","10.82","86.34","14.05","54.07","85.3","80.81","12.71"
"2024-12-10","95.05","24.29","69.09","102.91","92.15","92.46","14.81","98.21","26.03","68.06","97.89","85.75","83.74","12.46","90.25","14.78","53.89","81.64","74.74","74.47","10.89","87.25","13.26","55.2","86.98","81.36","12.83"
"2024-12-11","96.04","23.58","70.16","104.39","92.48","92.73","14.85","98.94","24.95","68.68","98.85","85.73","83.71","12.45","90.89","13.65","54.56","82.78","74.93","74.73","10.96","88.15","12.5","56.32","88.63","81.9","12.94"
"2024-12-12","97.02","22.87","71.22","105.83","92.8","92.98","14.89","99.65","23.88","69.28","99.78","85.7","83.68","12.44","91.52","12.55","55.22","83.9","75.13","74.99","11.03","89.04","11.76","57.43","90.26","82.44","13.06"
"2024-12-13","97.97","22.18","72.24","107.24","93.1","93.22","14.93","100.34","22.83","69.85","100.67","85.66","83.64","12.43","92.13","11.47","55.86","85.0","75.33","75.26","11.1","89.92","11.05","58.53","91.87","82.98","13.18"
"2024-12-14","98.9","21.51","73.24","108.6","93.39","93.44","14.96","101.01","21.78","70.39","101.53","85.62","83.59","12.42","92.73","10.42","56.5","86.08","75.54","75.53","11.17","90.78","10.36","59.62","93.46","83.51","13.29"
"2024-12-15","99.81","20.85","74.21","109.93","93.67","93.65","14.99","101.65","20.76","70.92","102.36","85.57","83.54","12.41","93.31","9.39","57.12","87.15","75.75","75.8","11.24","91.63","9.71","60.69","95.02","84.04","13.41"
"2024-12-16","100.7","20.2","75.15","111.21","93.92","93.84","15.01","102.27","19.75","71.41","103.16","85.51","83.49","12.4","93.88","8.39","57.74","88.2","75.96","76.08","11.31","92.47","9.07","61.75","96.55","84.56","13.52"
"2024-12-17","101.57","19.57","76.06","112.45","94.17","94.02","15.04","102.87","18.75","71.89","103.92","85.45","83.43","12.39","94.43","7.42","58.34","89.24","76.18","76.36","11.39","93.29","8.47","62.79","98.06","85.08","13.63"
"2024-12-18","102.41","18.96","76.95","113.65","94.4","94.18","15.06","103.44","17.77","72.33","104.64","85.38","83.37","12.37","94.97","6.47","58.94","90.25","76.4","76.65","11.46","94.1","7.89","63.81","99.54","85.59","13.74"
"2024-12-19","103.23","18.36","77.8","114.81","94.61","94.33","15.07","103.99","16.8","72.76","105.34","85.3","83.3","12.36","95.49","5.56","59.52","91.25","76.62","76.94","11.53","94.9","7.33","64.83","101.0","86.09","13.85"
"2024-12-20","104.03","17.77","78.63","115.92","94.8","94.46","15.08","104.52","15.86","73.16","106.0","85.22","83.23","12.35","96.0","4.67","60.09","92.23","76.84","77.23","11.61","95.68","6.81","65.82","102.42","86.59","13.95"
"2024-12-21","104.81","17.2","79.42","116.99","94.99","94.58","15.09","105.02","14.93","73.53","106.63","85.14","83.15","12.33","96.49","3.81","60.65","93.19","77.07","77.52","11.68","96.45","6.3","66.8","103.82","87.08","14.05"
"2024-12-22","105.56","16.65","80.18","118.02","95.15","94.68","15.1","105.49","14.01","73.88","107.23","85.04","83.08","12.32","96.97","2.98","61.21","94.13","77.31","77.82","11.76","97.2","5.83","67.76","105.18","87.57","14.16"
"2024-12-23","106.29","16.11","80.92","119.01","95.3","94.77","15.11","105.95","13.12","74.2","107.79","84.95","83.0","12.31","97.43","2.18","61.74","95.05","77.54","78.11","11.84","97.94","5.38","68.7","106.52","88.04","14.25"
"2024-12-24","106.99","15.58","81.62","119.95","95.44","94.84","15.11","106.37","12.24","74.51","108.32","84.84","82.91","12.29","97.88","1.41","62.27","95.96","77.78","78.41","11.91","98.66","4.96","69.63","107.83","88.51","14.35"
"2024-12-25","107.67","15.07","82.29","120.84","95.56","94.9","15.1","106.78","11.38","74.78","108.82","84.74","82.83","12.28","98.31","0.67","62.79","96.84","78.02","78.72","11.99","99.37","4.57","70.53","109.1","88.97","14.45"
"2024-12-26","108.32","14.58","82.93","121.69","95.66","94.94","15.1","107.16","10.54","75.04","109.29","84.63","82.74","12.26","98.72","0","63.3","97.71","78.26","79.02","12.07","100.06","4.2","71.42","110.34","89.42","14.54"
"2024-12-27","108.95","14.1","83.53","122.5","95.75","94.97","15.09","107.52","9.72","75.27","109.72","84.51","82.65","12.25","99.13","0","63.79","98.55","78.51","79.33","12.15","100.73","3.86","72.28","111.55","89.86","14.63"
"2024-12-28","109.56","13.64","84.11","123.26","95.82","94.98","15.08","107.85","8.93","75.47","110.13","84.39","82.56","12.24","99.51","0","64.27","99.38","78.76","79.64","12.22","101.38","3.54","73.13","112.72","90.3","14.72"
"2024-12-29","110.13","13.19","84.65","123.97","95.88","94.98","15.07","108.16","8.15","75.66","110.5","84.27","82.46","12.22","99.88","0","64.74","100.18","79.01","79.94","12.3","102.02","3.25","73.95","113.86","90.72","14.8"
"2024-12-30","110.68","12.76","85.16","124.64","95.92","94.96","15.05","108.44","7.39","75.82","110.84","84.14","82.37","12.21","100.24","0","65.2","100.96","79.26","80.26","12.38","102.64","2.99","74.76","114.96","91.13","14.88"
"2024-12-31","111.21","12.34","85.64","125.27","95.94","94.93","15.03","108.7","6.65","75.95","111.14","84.02","82.27","12.2","100.58","0","65.65","101.72","79.52","80.57","12.46","103.24","2.75","75.54","116.03","91.53","14.96"
"2025-01-01","111.71","11.94","86.08","125.84","95.95","94.88","15.01","108.94","5.94","76.07","111.42","83.88","82.17","12.18","100.9","0","66.09","102.46","79.77","80.88","12.54","103.83","2.54","76.3","117.06","91.93","15.04"
"2025-01-02","112.18","11.56","86.5","126.38","95.95","94.82","14.98","109.15","5.25","76.16","111.67","83.75","82.07","12.17","101.21","0","66.51","103.18","80.03","81.19","12.61","104.39","2.35","77.04","118.06","92.31","15.12"
"2025-01-03","112.62","11.19","86.87","126.86","95.93","94.75","14.95","109.34","4.58","76.23","111.88","83.61","81.97","12.16","101.5","0","66.92","103.88","80.29","81.5","12.69","104.94","2.19","77.75","119.02","92.68","15.19"
"2025-01-04","113.04","10.84","87.22","127.3","95.9","94.66","14.92","109.51","3.93","76.28","112.07","83.47","81.87","12.14","101.78","0","67.32","104.55","80.55","81.82","12.77","105.47","2.05","78.44","119.94","93.03","15.26"
"2025-01-05","113.43","10.5","87.53","127.69","95.85","94.56","14.89","109.65","3.3","76.3","112.22","83.33","81.77","12.13","102.04","0","67.7","105.2","80.81","82.13","12.84","105.97","1.94","79.1","120.82","93.38","15.32"
"2025-01-06","113.79","10.18","87.81","128.04","95.78","94.45","14.85","109.77","2.7","76.31","112.34","83.19","81.67","12.12","102.29","0","68.08","105.83","81.08","82.44","12.92","106.46","1.86","79.74","121.66","93.71","15.39"
"2025-01-07","114.13","9.88","88.06","128.34","95.7","94.32","14.82","109.86","2.13","76.29","112.44","83.04","81.57","12.11","102.52","0","68.44","106.44","81.34","82.75","13.0","106.93","1.8","80.36","122.46","94.03","15.45"
"2025-01-08","114.43","9.59","88.27","128.6","95.61","94.18","14.78","109.93","1.58","76.25","112.5","82.9","81.47","12.1","102.74","0","68.78","107.02","81.6","83.06","13.07","107.38","1.76","80.95","123.22","94.34","15.5"
"2025-01-09","114.71","9.32","88.45","128.8","95.5","94.03","14.73","109.98","1.05","76.19","112.54","82.75","81.37","12.09","102.93","0","69.12","107.58","81.87","83.37","13.15","107.81","1.75","81.52","123.95","94.64","15.56"
"2025-01-10","114.97","9.06","88.59","128.97","95.38","93.86","14.69","110.0","0.55","76.11","112.54","82.6","81.28","12.08","103.12","0","69.44","108.11","82.13","83.68","13.22","108.21","1.76","82.06","124.63","94.92","15.61"
"2025-01-11","115.19","8.82","88.7","129.08","95.24","93.68","14.64","110.01","0.07","76.01","112.52","82.46","81.18","12.07","103.29","0","69.75","108.62","82.4","83.98","13.3","108.6","1.8","82.57","125.27","95.19","15.66"
"2025-01-12","115.38","8.6","88.78","129.15","95.09","93.49","14.59","109.99","0","75.89","112.47","82.31","81.08","12.06","103.44","0","70.04","109.11","82.66","84.29","13.37","108.96","1.86","83.05","125.86","95.44","15.7"
"2025-01-13","115.55","8.4","88.83","129.18","94.93","93.29","14.54","109.94","0","75.75","112.39","82.16","80.98","12.05","103.57","0","70.32","109.57","82.92","84.59","13.44","109.31","1.94","83.51","126.42","95.68","15.74"
"2025-01-14","115.69","8.21","88.84","129.16","94.75","93.08","14.49","109.88","0","75.59","112.28","82.01","80.89","12.04","103.7","0","70.59","110.01","83.19","84.89","13.51","109.63","2.05","83.94","126.93","95.91","15.78"
"2025-01-15","115.8","8.04","88.82","129.09","94.56","92.85","14.43","109.79","0","75.41","112.14","81.86","80.79","12.03","103.8","0","70.84","110.42","83.45","85.18","13.58","109.93","2.19","84.34","127.4","96.12","15.81"
"2025-01-16","115.88","7.88","88.76","128.98","94.36","92.61","14.37","109.68","0","75.21","111.98","81.71","80.7","12.03","103.89","0","71.08","110.8","83.71","85.47","13.65","110.2","2.34","84.72","127.82","96.32","15.84"
"2025-01-17","115.93","7.75","88.68","128.82","94.15","92.37","14.31","109.55","0","74.99","111.79","81.56","80.61","12.02","103.96","0","71.3","111.16","83.96","85.76","13.72","110.46","2.52","85.06","128.21","96.5","15.87"
"2025-01-18","115.96","7.63","88.56","128.62","93.92","92.11","14.25","109.39","0","74.75","111.57","81.41","80.52","12.01","104.02","0","71.51","111.49","84.22","86.05","13.78","110.69","2.72","85.38","128.54","96.67","15.9"
"2025-01-19","115.96","7.52","88.4","128.37","93.68","91.84","14.19","109.22","0","74.5","111.32","81.27","80.43","12.01","104.06","0","71.7","111.79","84.47","86.33","13.85","110.9","2.94","85.66","128.84","96.82","15.92"
"2025-01-20","115.92","7.44","88.22","128.08","93.43","91.56","14.13","109.02","0","74.23","111.05","81.12","80.35","12.0","104.08","0","71.88","112.07","84.72","86.61","13.91","111.08","3.19","85.92","129.09","96.96","15.93"
"2025-01-21","115.86","7.37","88.0","127.75","93.16","91.27","14.06","108.8","0","73.94","110.75","80.97","80.26","12.0","104.09","0","72.04","112.32","84.97","86.88","13.98","111.25","3.45","86.15","129.29","97.08","15.95"
"2025-01-22","115.77","7.32","87.75","127.37","92.89","90.97","13.99","108.56","0","73.63","110.43","80.83","80.18","11.99","104.08","0","72.19","112.55","85.22","87.15","14.04","111.38","3.74","86.34","129.45","97.19","15.96"
"2025-01-23","115.66","7.29","87.47","126.95","92.6","90.67","13.92","108.3","0","73.3","110.08","80.69","80.1","11.99","104.06","0","72.32","112.74","85.46","87.41","14.1","111.5","4.05","86.51","129.56","97.28","15.96"
"2025-01-24","115.51","7.27","87.16","126.49","92.3","90.35","13.85","108.02","0","72.96","109.7","80.55","80.02","11.99","104.02","0","72.44","112.91","85.7","87.67","14.15","111.59","4.38","86.65","129.63","97.36","15.97"
"2025-01-25","115.34","7.28","86.81","125.98","92.0","90.03","13.78","107.72","0","72.6","109.3","80.41","79.94","11.99","103.96","0","72.54","113.05","85.94","87.92","14.21","111.66","4.73","86.75","129.65","97.42","15.97"
"2025-01-26","115.14","7.3","86.44","125.43","91.68","89.69","13.71","107.4","0","72.23","108.88","80.27","79.87","11.99","103.89","0","72.62","113.16","86.17","88.16","14.27","111.7","5.1","86.83","129.62","97.46","15.96"
"2025-01-27","114.91","7.34","86.03","124.84","91.35","89.35","13.63","107.06","0","71.84","108.43","80.13","79.8","11.99","103.8","0","72.69","113.24","86.4","88.4","14.32","111.72","5.5","86.87","129.55","97.49","15.95"
"2025-01-28","114.65","7.39","85.6","124.21","91.01","89.0","13.56","106.7","0","71.43","107.96","80.0","79.73","11.99","103.7","0","72.74","113.29","86.62","88.63","14.37","111.71","5.91","86.88","129.43","97.5","15.94"
"2025-01-29","114.37","7.47","85.13","123.53","90.66","88.65","13.48","106.32","0","71.01","107.46","79.87","79.66","11.99","103.58","0","72.78","113.31","86.84","88.86","14.42","111.68","6.34","86.86","129.27","97.49","15.93"
"2025-01-30","114.05","7.56","84.63","122.82","90.31","88.28","13.4","105.92","0","70.58","106.94","79.74","79.6","11.99","103.44","0","72.79","113.3","87.05","89.07","14.47","111.62","6.79","86.81","129.06","97.47","15.91"
"2025-01-31","113.71","7.67","84.11","122.06","89.94","87.92","13.32","105.5","0","70.12","106.39","79.61","79.54","11.99","103.29","0","72.79","113.26","87.26","89.28","14.51","111.54","7.26","86.72","128.8","97.43","15.89"
"2025-02-01","113.35","7.8","83.55","121.27","89.57","87.54","13.24","105.06","0","69.66","105.82","79.49","79.48","11.99","103.12","0","72.78","113.19","87.46","89.49","14.55","111.44","7.75","86.61","128.5","97.38","15.86"
"2025-02-02","112.95","7.95","82.97","120.44","89.19","87.16","13.16","104.61","0","69.18","105.23","79.36","79.42","11.99","102.93","0","72.74","113.09","87.65","89.68","14.6","111.31","8.26","86.46","128.15","97.31","15.83"
"2025-02-03","112.53","8.12","82.36","119.57","88.8","86.77","13.08","104.14","0","68.68","104.62","79.24","79.36","12.0","102.73","0","72.69","112.96","87.84","89.87","14.63","111.15","8.79","86.28","127.75","97.23","15.8"
"2025-02-04","112.08","8.31","81.71","118.66","88.4","86.38","13.0","103.64","0","68.17","103.98","79.13","79.31","12.0","102.51","0","72.62","112.8","88.03","90.04","14.67","110.97","9.33","86.07","127.31","97.12","15.77"
"2025-02-05","111.61","8.51","81.05","117.71","87.99","85.98","12.92","103.14","0","67.65","103.32","79.01","79.26","12.0","102.27","0","72.53","112.61","88.2","90.21","14.7","110.76","9.9","85.83","126.82","97.0","15.73"
"2025-02-06","111.11","8.74","80.35","116.73","87.58","85.58","12.83","102.61","0","67.11","102.64","78.9","79.21","12.01","102.02","0","72.42","112.39","88.37","90.37","14.74","110.53","10.48","85.55","126.28","96.87","15.69"
"2025-02-07","110.58","8.98","79.63","115.71","87.17","85.17","12.75","102.07","0","66.57","101.94","78.79","79.17","12.01","101.75","0","72.29","112.13","88.53","90.52","14.77","110.28","11.07","85.24","125.7","96.72","15.64"
"2025-02-08","110.03","9.24","78.88","114.66","86.74","84.76","12.67","101.5","0","66.0","101.21","78.68","79.12","12.02","101.47","0.62","72.15","111.84","88.69","90.66","14.79","109.99","11.69","84.9","125.07","96.55","15.59"
"2025-02-09","109.45","9.52","78.1","113.56","86.31","84.34","12.58","100.93","0","65.43","100.47","78.57","79.08","12.02","101.16","1.34","71.98","111.52","88.83","90.79","14.82","109.69","12.32","84.53","124.4","96.37","15.54"
"2025-02-10","108.85","9.82","77.3","112.44","85.88","83.93","12.5","100.33","0","64.84","99.7","78.47","79.04","12.03","100.85","2.09","71.8","111.17","88.97","90.91","14.84","109.35","12.97","84.12","123.68","96.17","15.48"
"2025-02-11","108.22","10.14","76.48","111.28","85.44","83.5","12.42","99.73","0","64.25","98.92","78.37","79.01","12.04","100.51","2.87","71.6","110.78","89.1","91.02","14.86","108.99","13.63","83.69","122.91","95.96","15.42"
"2025-02-12","107.57","10.48","75.63","110.09","84.99","83.08","12.33","99.1","0","63.64","98.11","78.27","78.97","12.04","100.16","3.67","71.38","110.37","89.22","91.12","14.87","108.61","14.31","83.22","122.1","95.73","15.36"
"2025-02-13","106.9","10.84","74.75","108.86","84.54","82.65","12.25","98.46","0.25","63.01","97.28","78.18","78.94","12.05","99.79","4.5","71.14","109.92","89.34","91.21","14.89","108.2","15.0","82.72","121.25","95.48","15.29"
"2025-02-14","106.19","11.22","73.86","107.61","84.09","82.23","12.16","97.8","0.77","62.38","96.44","78.09","78.9","12.06","99.41","5.35","70.87","109.43","89.44","91.29","14.9","107.77","15.71","82.18","120.35","95.22","15.22"
"2025-02-15","105.47","11.62","72.94","106.32","83.63","81.8","12.08","97.13","1.32","61.74","95.57","78.0","78.87","12.07","99.0","6.24","70.59","108.92","89.54","91.36","14.91","107.31","16.44","81.62","119.4","94.94","15.15"
"2025-02-16","104.72","12.04","71.99","105.0","83.17","81.36","11.99","96.45","1.9","61.08","94.69","77.91","78.85","12.07","98.59","7.14","70.29","108.37","89.62","91.41","14.91","106.82","17.18","81.02","118.41","94.65","15.08"
"2025-02-17","103.95","12.48","71.03","103.65","82.71","80.93","11.91","95.75","2.51","60.41","93.78","77.83","78.82","12.08","98.15","8.07","69.97","107.78","89.7","91.45","14.92","106.31","17.93","80.4","117.38","94.34","15.0"
"2025-02-18","103.16","12.93","70.04","102.28","82.24","80.5","11.83","95.03","3.15","59.74","92.86","77.74","78.79","12.09","97.7","9.03","69.63","107.16","89.76","91.49","14.92","105.77","18.7","79.74","116.3","94.02","14.92"
"2025-02-19","102.34","13.41","69.03","100.87","81.77","80.06","11.74","94.31","3.82","59.05","91.91","77.66","78.77","12.1","97.23","10.01","69.27","106.51","89.82","91.51","14.91","105.21","19.48","79.05","115.18","93.69","14.83"
"2025-02-20","101.51","13.91","68.01","99.44","81.3","79.63","11.66","93.57","4.51","58.36","90.95","77.59","78.74","12.1","96.75","11.01","68.88","105.83","89.86","91.51","14.91","104.63","20.28","78.33","114.02","93.34","14.75"
"2025-02-21","100.65","14.43","66.96","97.98","80.83","79.19","11.58","92.81","5.24","57.65","89.97","77.51","78.72","12.11","96.25","12.04","68.48","105.11","89.89","91.51","14.9","104.02","21.09","77.57","112.81","92.97","14.66"
"2025-02-22","99.77","14.96","65.89","96.49","80.36","78.76","11.49","92.04","6.0","56.93","88.97","77.44","78.7","12.12","95.73","13.09","68.05","104.36","89.92","91.49","14.89","103.38","21.91","76.79","111.57","92.59","14.57"
"2025-02-23","98.87","15.52","64.8","94.97","79.88","78.33","11.41","91.26","6.79","56.21","87.96","77.37","78.68","12.13","95.2","14.16","67.61","103.57","89.93","91.46","14.87","102.72","22.74","75.98","110.28","92.2","14.47"
"2025-02-24","97.95","16.1","63.7","93.44","79.41","77.89","11.33","90.47","7.61","55.47","86.93","77.3","78.66","12.13","94.65","15.25","67.14","102.75","89.93","91.42","14.85","102.04","23.59","75.14","108.95","91.79","14.37"
"2025-02-25","97.01","16.69","62.58","91.87","78.93","77.46","11.25","89.67","8.45","54.73","85.87","77.23","78.64","12.14","94.08","16.36","66.65","101.9","89.92","91.36","14.83","101.33","24.45","74.27","107.58","91.37","14.27"
"2025-02-26","96.05","17.31","61.44","90.29","78.46","77.03","11.17","88.85","9.32","53.98","84.81","77.16","78.62","12.15","93.5","17.5","66.14","101.01","89.9","91.29","14.81","100.6","25.32","73.37","106.17","90.94","14.17"
"2025-02-27","95.07","17.95","60.28","88.68","77.98","76.6","11.09","88.02","10.23","53.21","83.72","77.1","78.6","12.15","92.9","18.65","65.61","100.09","89.86","91.21","14.78","99.84","26.2","72.44","104.72","90.5","14.06"
"2025-02-28","94.07","18.61","59.11","87.05","77.5","76.18","11.01","87.18","11.16","52.44","82.62","77.03","78.58","12.16","92.28","19.82","65.06","99.13","89.82","91.12","14.75","99.07","27.1","71.48","103.23","90.04","13.96"
"2025-03-01","93.05","19.28","57.92","85.39","77.03","75.75","10.94","86.33","12.12","51.66","81.5","76.97","78.56","12.16","91.65","21.01","64.48","98.14","89.76","91.01","14.72","98.26","28.0","70.49","101.71","89.57","13.85"
"2025-03-02","92.02","19.98","56.72","83.72","76.56","75.33","10.86","85.47","13.1","50.88","80.36","76.91","78.54","12.17","91.0","22.22","63.89","97.12","89.69","90.89","14.68","97.44","28.92","69.48","100.14","89.09","13.73"
"2025-03-03","90.97","20.7","55.51","82.03","76.08","74.91","10.78","84.6","14.12","50.08","79.21","76.85","78.52","12.17","90.33","23.45","63.27","96.06","89.61","90.75","14.64","96.59","29.85","68.44","98.54","88.59","13.62"
"2025-03-04","89.9","21.44","54.28","80.31","75.61","74.49","10.71","83.72","15.16","49.28","78.04","76.79","78.49","12.18","89.65","24.69","62.63","94.97","89.52","90.6","14.6","95.72","30.79","67.37","96.9","88.09","13.5"
"2025-03-05","88.82","22.19","53.03","78.58","75.15","74.08","10.63","82.83","16.22","48.47","76.86","76.73","78.47","12.18","88.95","25.96","61.97","93.84","89.41","90.44","14.55","94.82","31.73","66.27","95.23","87.57","13.39"
"2025-03-06","87.71","22.97","51.78","76.84","74.68","73.67","10.56","81.92","17.31","47.65","75.66","76.68","78.45","12.19","88.24","27.23","61.29","92.68","89.29","90.26","14.5","93.91","32.69","65.15","93.52","87.05","13.27"
"2025-03-07","86.6","23.77","50.51","75.07","74.22","73.27","10.49","81.01","18.43","46.82","74.44","76.62","78.42","12.19","87.51","28.52","60.58","91.49","89.16","90.07","14.45","92.97","33.66","64.0","91.78","86.51","13.14"
"2025-03-08","85.47","24.59","49.23","73.29","73.76","72.86","10.42","80.09","19.58","45.99","73.21","76.56","78.39","12.19","86.77","29.83","59.86","90.26","89.01","89.87","14.39","92.01","34.64","62.83","90.01","85.96","13.02"
"2025-03-09","84.32","25.42","47.95","71.49","73.3","72.47","10.35","79.16","20.75","45.15","71.96","76.51","78.36","12.19","86.0","31.15","59.11","89.01","88.86","89.65","14.34","91.03","35.63","61.63","88.2","85.41","12.9"
"2025-03-10","83.16","26.28","46.65","69.68","72.85","72.07","10.28","78.23","21.94","44.3","70.7","76.45","78.33","12.19","85.23","32.49","58.34","87.71","88.69","89.42","14.27","90.03","36.62","60.41","86.36","84.84","12.77"
"2025-03-11","81.99","27.16","45.34","67.85","72.39","71.68","10.21","77.28","23.16","43.44","69.42","76.39","78.3","12.19","84.43","33.84","57.55","86.39","88.5","89.18","14.21","89.0","37.63","59.16","84.48","84.27","12.64"
"2025-03-12","80.8","28.05","44.02","66.01","71.95","71.3","10.14","76.33","24.4","42.58","68.13","76.34","78.26","12.19","83.63","35.2","56.73","85.03","88.31","88.92","14.14","87.96","38.64","57.89","82.58","83.68","12.51"
"2025-03-13","79.61","28.97","42.69","64.16","71.5","70.92","10.08","75.36","25.66","41.71","66.83","76.28","78.23","12.18","82.8","36.57","55.9","83.64","88.1","88.65","14.07","86.9","39.66","56.6","80.65","83.09","12.38"
"2025-03-14","78.39","29.9","41.36","62.3","71.07","70.54","10.01","74.39","26.95","40.84","65.5","76.22","78.18","12.18","81.96","37.96","55.04","82.22","87.88","88.36","14.0","85.81","40.69","55.29","78.69","82.49","12.25"
"2025-03-15","77.17","30.86","40.02","60.43","70.63","70.17","9.95","73.42","28.26","39.95","64.17","76.16","78.14","12.17","81.11","39.35","54.17","80.77","87.64","88.06","13.92","84.71","41.73","53.95","76.7","81.88","12.11"
"2025-03-16","75.94","31.83","38.67","58.54","70.2","69.8","9.89","72.43","29.59","39.07","62.82","76.1","78.09","12.17","80.24","40.76","53.27","79.28","87.39","87.75","13.84","83.59","42.78","52.59","74.68","81.27","11.98"
"2025-03-17","74.69","32.82","37.32","56.65","69.78","69.44","9.83","71.44","30.94","38.17","61.45","76.04","78.04","12.16","79.35","42.18","52.35","77.77","87.13","87.43","13.76","82.45","43.83","51.22","72.64","80.65","11.84"
"2025-03-18","73.44","33.83","35.96","54.74","69.36","69.09","9.77","70.44","32.32","37.27","60.08","75.98","77.99","12.15","78.45","43.6","51.4","76.22","86.86","87.09","13.68","81.29","44.89","49.82","70.57","80.02","11.71"
"2025-03-19","72.18","34.86","34.59","52.83","68.94","68.74","9.71","69.44","33.71","36.36","58.68","75.91","77.93","12.14","77.54","45.03","50.44","74.64","86.57","86.73","13.59","80.12","45.96","48.4","68.48","79.39","11.57"
"2025-03-20","70.9","35.91","33.23","50.91","68.53","68.39","9.65","68.43","35.13","35.44","57.28","75.84","77.87","12.13","76.61","46.48","49.46","73.04","86.27","86.37","13.5","78.93","47.04","46.96","66.36","78.75","11.43"
"2025-03-21","69.62","36.98","31.85","48.99","68.13","68.06","9.6","67.41","36.56","34.52","55.86","75.77","77.8","12.12","75.67","47.93","48.45","71.4","85.95","85.99","13.4","77.72","48.12","45.51","64.22","78.11","11.3"
"2025-03-22","68.33","38.06","30.48","47.05","67.73","67.72","9.54","66.39","38.01","33.6","54.43","75.7","77.73","12.11","74.71","49.38","47.43","69.73","85.63","85.6","13.31","76.49","49.21","44.04","62.06","77.46","11.16"
"2025-03-23","67.04","39.17","29.1","45.11","67.34","67.4","9.49","65.36","39.48","32.66","52.98","75.63","77.66","12.09","73.73","50.84","46.39","68.03","85.29","85.19","13.21","75.25","50.3","42.55","59.87","76.81","11.02"
"2025-03-24","65.73","40.29","27.72","43.17","66.95","67.08","9.44","64.33","40.97","31.72","51.52","75.55","77.58","12.07","72.75","52.31","45.32","66.31","84.94","84.78","13.11","73.99","51.41","41.05","57.67","76.15","10.88"
"2025-03-25","64.42","41.43","26.34","41.22","66.57","66.76","9.39","63.29","42.47","30.78","50.05","75.47","77.49","12.06","71.75","53.78","44.23","64.55","84.57","84.35","13.0","72.72","52.51","39.53","55.45","75.49","10.74"
"2025-03-26","63.11","42.58","24.95","39.27","66.2","66.45","9.34","62.24","44.0","29.83","48.56","75.39","77.4","12.04","70.73","55.26","43.13","62.77","84.2","83.9","12.9","71.43","53.63","37.99","53.2","74.83","10.6"
"2025-03-27","61.78","43.76","23.57","37.32","65.83","66.15","9.29","61.2","45.53","28.87","47.07","75.31","77.31","12.01","69.71","56.74","42.0","60.97","83.81","83.45","12.79","70.13","54.75","36.44","50.94","74.16","10.46"
"2025-03-28","60.46","44.95","22.18","35.37","65.47","65.85","9.24","60.14","47.08","27.91","45.56","75.22","77.21","11.99","68.67","58.23","40.86","59.13","83.4","82.98","12.68","68.81","55.87","34.88","48.67","73.5","10.32"
"2025-03-29","59.13","46.16","20.8","33.41","65.12","65.56","9.19","59.09","48.65","26.94","44.04","75.13","77.1","11.97","67.61","59.72","39.7","57.27","82.99","82.51","12.56","67.48","57.0","33.3","46.38","72.83","10.18"
"2025-03-30","57.79","47.38","19.42","31.45","64.77","65.28","9.15","58.03","50.23","25.97","42.5","75.03","76.99","11.94","66.55","61.21","38.52","55.38","82.57","82.02","12.45","66.14","58.14","31.71","44.07","72.16","10.04"
"2025-03-31","56.45","48.62","18.04","29.49","64.43","65.0","9.11","56.96","51.82","24.99","40.96","74.93","76.87","11.91","65.47","62.7","37.32","53.47","82.13","81.52","12.33","64.79","59.28","30.12","41.75","71.49","9.9"
"2025-04-01","55.11","49.88","16.65","27.53","64.09","64.73","9.06","55.89","53.43","24.01","39.4","74.83","76.75","11.88","64.38","64.19","36.1","51.53","81.68","81.01","12.21","63.42","60.43","28.51","39.42","70.81","9.76"
"2025-04-02","53.76","51.15","15.28","25.57","63.77","64.46","9.02","54.82","55.05","23.02","37.83","74.72","76.61","11.85","63.27","65.69","34.86","49.57","81.22","80.49","12.08","62.05","61.58","26.89","37.08","70.14","9.62"
"2025-04-03","52.42","52.44","13.9","23.62","63.45","64.2","8.98","53.75","56.68","22.02","36.25","74.6","76.48","11.82","62.16","67.18","33.61","47.58","80.75","79.95","11.96","60.66","62.73","25.26","34.73","69.47","9.48"
"2025-04-04","51.07","53.74","12.53","21.66","63.13","63.95","8.94","52.67","58.32","21.02","34.66","74.49","76.33","11.78","61.03","68.68","32.33","45.57","80.26","79.41","11.83","59.26","63.89","23.62","32.36","68.8","9.34"
"2025-04-05","49.72","55.06","11.16","19.71","62.83","63.7","8.9","51.59","59.97","20.02","33.05","74.36","76.18","11.75","59.89","70.17","31.05","43.54","79.77","78.86","11.7","57.86","65.06","21.97","29.99","68.13","9.21"
"2025-04-06","48.37","56.39","9.8","17.76","62.53","63.46","8.87","50.51","61.63","19.01","31.44","74.24","76.03","11.71","58.74","71.67","29.74","41.49","79.27","78.3","11.57","56.44","66.23","20.32","27.61","67.46","9.07"
"2025-04-07","47.02","57.73","8.44","15.82","62.23","63.23","8.83","49.42","63.3","17.99","29.82","74.1","75.86","11.67","57.58","73.16","28.42","39.41","78.75","77.72","11.44","55.02","67.4","18.66","25.22","66.79","8.93"
"2025-04-08","45.67","59.09","7.08","13.87","61.95","63.0","8.8","48.34","64.98","16.97","28.18","73.96","75.69","11.62","56.41","74.65","27.08","37.32","78.23","77.14","11.31","53.58","68.57","16.99","22.83","66.13","8.8"
"2025-04-09","44.32","60.47","5.73","11.94","61.67","62.77","8.76","47.25","66.66","15.95","26.54","73.82","75.51","11.58","55.23","76.13","25.73","35.21","77.69","76.55","11.17","52.14","69.75","15.32","20.44","65.46","8.67"
"2025-04-10","42.97","61.85","4.39","10.01","61.4","62.56","8.73","46.16","68.35","14.92","24.88","73.67","75.32","11.53","54.04","77.61","24.36","33.07","77.15","75.95","11.03","50.7","70.93","13.65","18.04","64.8","8.53"
"2025-04-11","41.63","63.25","3.05","8.08","61.13","62.34","8.7","45.06","70.05","13.88","23.22","73.52","75.13","11.49","52.83","79.09","22.98","30.92","76.59","75.35","10.9","49.25","72.12","11.97","15.63","64.15","8.4"
"2025-04-12","40.28","64.66","1.72","6.16","60.87","62.14","8.67","43.97","71.75","12.84","21.54","73.35","74.93","11.43","51.62","80.57","21.58","28.75","76.03","74.73","10.76","47.79","73.31","10.29","13.23","63.5","8.27"
"2025-04-13","38.94","66.09","0.4","4.25","60.62","61.94","8.64","42.88","73.45","11.8","19.86","73.19","74.72","11.38","50.4","82.04","20.17","26.57","75.46","74.11","10.62","46.32","74.5","8.61","10.82","62.85","8.14"
"2025-04-14","37.61","67.52","0","2.34","60.38","61.74","8.61","41.78","75.16","10.75","18.17","73.01","74.5","11.33","49.17","83.5","18.75","24.36","74.88","73.48","10.47","44.85","75.7","6.92","8.42","62.2","8.02"
"2025-04-15","36.27","68.97","0","0.44","60.14","61.55","8.58","40.68","76.88","9.7","16.46","72.83","74.28","11.27","47.94","84.96","17.31","22.15","74.29","72.85","10.33","43.38","76.89","5.24","6.01","61.57","7.89"
"2025-04-16","34.94","70.42","0","0","59.91","61.37","8.55","39.59","78.59","8.64","14.75","72.65","74.04","11.21","46.69","86.42","15.86","19.91","73.69","72.21","10.19","41.91","78.09","3.55","3.61","60.93","7.77"
"2025-04-17","33.62","71.89","0","0","59.69","61.19","8.53","38.49","80.31","7.58","13.03","72.45","73.8","11.15","45.44","87.87","14.4","17.67","73.09","71.56","10.04","40.43","79.3","1.87","1.21","60.31","7.64"
"2025-04-18","32.29","73.37","0","0","59.47","61.01","8.5","37.39","82.03","6.51","11.31","72.25","73.55","11.09","44.18","89.31","12.93","15.41","72.47","70.9","9.89","38.95","80.5","0.19","0","59.68","7.52"
"2025-04-19","30.98","74.85","0","0","59.26","60.84","8.47","36.29","83.75","5.44","9.57","72.05","73.3","11.03","42.91","90.74","11.45","13.14","71.85","70.24","9.75","37.46","81.71","0","0","59.07","7.4"
"2025-04-20","29.67","76.35","0","0","59.05","60.68","8.45","35.19","85.47","4.36","7.83","71.83","73.03","10.96","41.63","92.17","9.95","10.86","71.23","69.58","9.6","35.98","82.91","0","0","58.46","7.29"
"2025-04-21","29.01","77.12","0","0","58.86","60.52","8.43","34.74","86.45","3.97","7.11","71.61","72.76","10.89","41.0","92.85","9.14","9.6","70.6","68.91","9.45","35.14","83.39","0","0","57.86","7.17"
"2025-04-22","29.0","77.17","0","0","58.66","60.37","8.4","34.93","86.71","4.27","7.42","71.39","72.47","10.82","41.0","92.8","9.0","9.36","69.96","68.24","9.3","34.95","83.14","0","0","57.26","7.06"
"2025-04-23","29.0","77.22","0","0","58.48","60.21","8.38","35.13","86.96","4.56","7.72","71.15","72.18","10.75","41.0","92.74","8.86","9.11","69.32","67.56","9.15","34.75","82.89","0","0","56.68","6.94"
"2025-04-24","29.01","77.29","0","0","58.3","60.07","8.36","35.32","87.21","4.84","8.01","70.91","71.89","10.67","40.99","92.67","8.7","8.85","68.67","66.88","9.0","34.56","82.64","0","0","56.1","6.83"
"2025-04-25","29.02","77.36","0","0","58.12","59.92","8.33","35.51","87.45","5.12","8.3","70.66","71.58","10.6","40.97","92.59","8.54","8.59","68.01","66.19","8.85","34.37","82.4","0","0","55.53","6.72"
"2025-04-26","29.04","77.44","0","0","57.96","59.79","8.31","35.71","87.7","5.39","8.57","70.41","71.26","10.52","40.95","92.5","8.37","8.31","67.35","65.51","8.7","34.18","82.15","0","0","54.96","6.62"
"2025-04-27","29.06","77.53","0","0","57.79","59.65","8.29","35.9","87.94","5.66","8.84","70.14","70.94","10.44","40.92","92.41","8.19","8.03","66.69","64.82","8.55","33.98","81.91","0","0","54.41","6.52"
"2025-04-28","29.09","77.63","0","0","57.64","59.52","8.27","36.09","88.18","5.93","9.1","69.87","70.61","10.36","40.89","92.31","8.0","7.74","66.03","64.13","8.4","33.79","81.68","0","0","53.87","6.41"
"2025-04-29","29.13","77.73","0","0","57.49","59.39","8.25","36.28","88.41","6.18","9.34","69.59","70.27","10.27","40.85","92.2","7.8","7.44","65.36","63.44","8.25","33.6","81.45","0","0","53.33","6.31"
"2025-04-30","29.17","77.84","0","0","57.34","59.27","8.23","36.47","88.64","6.43","9.58","69.31","69.92","10.18","40.8","92.09","7.59","7.13","64.68","62.75","8.1","33.42","81.22","0","0","52.81","6.22"
"2025-05-01","29.22","77.96","0","0","57.2","59.14","8.21","36.66","88.87","6.68","9.81","69.02","69.57","10.1","40.75","91.96","7.38","6.82","64.01","62.05","7.95","33.23","80.99","0","0","52.29","6.12"
"2025-05-02","29.27","78.09","0","0","57.06","59.03","8.19","36.84","89.1","6.91","10.03","68.72","69.2","10.01","40.69","91.83","7.16","6.49","63.33","61.36","7.81","33.05","80.77","0","0","51.78","6.03"
"2025-05-03","29.33","78.22","0","0","56.93","58.91","8.17","37.02","89.32","7.14","10.23","68.41","68.83","9.92","40.63","91.69","6.93","6.16","62.65","60.67","7.66","32.87","80.55","0","0","51.29","5.94"
"2025-05-04","29.4","78.36","0","0","56.8","58.8","8.15","37.2","89.53","7.36","10.43","68.09","68.45","9.82","40.56","91.55","6.69","5.83","61.97","59.97","7.51","32.69","80.34","0","0","50.8","5.85"
"2025-05-05","29.47","78.51","0","0","56.68","58.68","8.13","37.38","89.74","7.58","10.62","67.77","68.07","9.73","40.48","91.4","6.45","5.49","61.29","59.28","7.36","32.51","80.13","0","0","50.33","5.77"
"2025-05-06","29.55","78.66","0","0","56.56","58.57","8.11","37.56","89.95","7.79","10.79","67.44","67.67","9.63","40.4","91.24","6.2","5.14","60.61","58.59","7.22","32.33","79.93","0","0","49.86","5.68"
"2025-05-07","29.63","78.82","0","0","56.45","58.47","8.09","37.73","90.15","7.98","10.96","67.1","67.27","9.53","40.31","91.07","5.94","4.79","59.93","57.9","7.07","32.16","79.73","0","0","49.41","5.6"
"2025-05-08","29.72","78.99","0","0","56.34","58.36","8.07","37.9","90.34","8.17","11.11","66.76","66.86","9.43","40.22","90.9","5.68","4.43","59.25","57.22","6.93","31.99","79.54","0","0","48.97","5.52"
"2025-05-09","29.82","79.17","0","0","56.23","58.26","8.05","38.07","90.53","8.36","11.25","66.41","66.44","9.33","40.12","90.73","5.41","4.07","58.56","56.54","6.78","31.83","79.36","0","0","48.54","5.45"
"2025-05-10","29.92","79.35","0","0","56.13","58.16","8.03","38.24","90.71","8.53","11.38","66.05","66.02","9.23","40.02","90.54","5.14","3.7","57.88","55.86","6.64","31.66","79.18","0","0","48.12","5.37"
"2025-05-11","30.02","79.53","0","0","56.03","58.05","8.01","38.4","90.89","8.69","11.49","65.69","65.59","9.12","39.91","90.35","4.86","3.33","57.21","55.18","6.5","31.51","79.0","0","0","47.71","5.3"
"2025-05-12","30.13","79.72","0","0","55.93","57.95","7.99","38.56","91.06","8.85","11.6","65.31","65.15","9.02","39.8","90.16","4.57","2.96","56.53","54.51","6.36","31.35","78.84","0","0","47.32","5.24"
"2025-05-13","30.25","79.92","0","0","55.84","57.85","7.96","38.71","91.23","8.99","11.69","64.94","64.71","8.91","39.68","89.96","4.28","2.58","55.86","53.84","6.22","31.2","78.67","0","0","46.94","5.17"
"2025-05-14","30.37","80.12","0","0","55.75","57.76","7.94","38.86","91.39","9.13","11.77","64.55","64.26","8.8","39.56","89.75","3.99","2.2","55.18","53.18","6.09","31.05","78.52","0","0","46.57","5.11"
"2025-05-15","30.49","80.33","0","0","55.66","57.66","7.92","39.01","91.54","9.26","11.84","64.16","63.8","8.69","39.43","89.54","3.69","1.82","54.52","52.52","5.95","30.91","78.37","0","0","46.21","5.05"
"2025-05-16","30.62","80.54","0","0","55.57","57.56","7.9","39.15","91.68","9.37","11.9","63.76","63.34","8.58","39.29","89.33","3.39","1.44","53.85","51.87","5.82","30.77","78.23","0","0","45.86","4.99"
"2025-05-17","30.76","80.76","0","0","55.49","57.46","7.88","39.29","91.82","9.48","11.94","63.35","62.87","8.47","39.16","89.11","3.09","1.05","53.19","51.23","5.69","30.63","78.1","0","0","45.53","4.94"
"2025-05-18","30.9","80.98","0","0","55.41","57.37","7.85","39.42","91.95","9.58","11.97","62.94","62.4","8.36","39.01","88.89","2.78","0.67","52.53","50.59","5.56","30.5","77.97","0","0","45.2","4.88"
"2025-05-19","31.04","81.2","0","0","55.33","57.27","7.83","39.55","92.08","9.67","11.99","62.53","61.92","8.24","38.87","88.66","2.47","0.28","51.88","49.96","5.43","30.38","77.85","0","0","44.89","4.83"
"2025-05-20","31.19","81.43","0","0","55.25","57.17","7.81","39.67","92.19","9.74","12.0","62.1","61.43","8.13","38.72","88.43","2.15","0","51.24","49.33","5.3","30.26","77.74","0","0","44.6","4.79"
"2025-05-21","31.34","81.66","0","0.26","55.17","57.07","7.78","39.79","92.3","9.81","11.99","61.67","60.94","8.01","38.57","88.19","1.84","0","50.6","48.71","5.18","30.14","77.63","0","0","44.31","4.74"
"2025-05-22","31.5","81.9","0","0.64","55.1","56.97","7.76","39.9","92.41","9.87","11.98","61.24","60.45","7.9","38.41","87.95","1.52","0","49.96","48.1","5.06","30.03","77.54","0","0","44.04","4.7"
"2025-05-23","31.65","82.14","0","1.03","55.02","56.87","7.73","40.01","92.5","9.92","11.95","60.8","59.95","7.78","38.25","87.71","1.2","0","49.33","47.5","4.94","29.92","77.45","0","0","43.78","4.66"
"2025-05-24","31.82","82.38","0","1.41","54.95","56.77","7.7","40.12","92.58","9.95","11.9","60.36","59.44","7.66","38.08","87.47","0.88","0","48.71","46.91","4.82","29.82","77.37","0","0","43.53","4.62"
"2025-05-25","31.98","82.63","0","1.8","54.88","56.67","7.68","40.22","92.66","9.98","11.85","59.91","58.94","7.54","37.91","87.22","0.56","0","48.1","46.33","4.7","29.73","77.29","0","0","43.3","4.59"
"2025-05-26","32.15","82.87","0","2.18","54.8","56.56","7.65","40.31","92.73","9.99","11.78","59.45","58.43","7.42","37.74","86.97","0.23","0","47.49","45.75","4.59","29.64","77.23","0","0","43.08","4.56"
"2025-05-27","32.32","83.12","0","2.56","54.73","56.46","7.62","40.4","92.8","10.0","11.7","58.99","57.91","7.3","37.57","86.72","0","0","46.89","45.19","4.48","29.55","77.17","0","0","42.87","4.53"
"2025-05-28","32.5","83.38","0.21","2.94","54.66","56.35","7.59","40.48","92.85","10.0","11.61","58.53","57.39","7.18","37.39","86.47","0","0","46.3","44.64","4.37","29.48","77.12","0","0","42.67","4.5"
"2025-05-29","32.67","83.63","0.54","3.31","54.59","56.24","7.56","40.55","92.89","9.98","11.5","58.07","56.87","7.06","37.22","86.21","0","0","45.72","44.09","4.27","29.4","77.08","0","0","42.49","4.47"
"2025-05-30","32.85","83.88","0.86","3.68","54.52","56.13","7.53","40.62","92.93","9.95","11.38","57.59","56.35","6.94","37.03","85.96","0","0","45.15","43.56","4.16","29.34","77.05","0","0","42.32","4.45"
"2025-05-31","33.04","84.14","1.18","4.05","54.45","56.02","7.5","40.69","92.96","9.92","11.26","57.12","55.83","6.82","36.85","85.7","0","0","44.59","43.04","4.06","29.27","77.02","0","0","42.16","4.43"
"2025-06-01","33.22","84.4","1.5","4.41","54.37","55.9","7.46","40.75","92.98","9.87","11.12","56.64","55.3","6.7","36.67","85.45","0","0","44.03","42.53","3.97","29.22","77.01","0","0","42.01","4.42"
"2025-06-02","33.41","84.66","1.82","4.77","54.3","55.79","7.43","40.8","93.0","9.82","10.97","56.16","54.77","6.57","36.48","85.19","0","0","43.49","42.03","3.87","29.17","77.0","0","0","41.88","4.4"
"2025-06-03","33.59","84.91","2.13","5.12","54.23","55.67","7.39","40.85","93.0","9.75","10.8","55.68","54.24","6.45","36.29","84.93","0","0","42.96","41.54","3.78","29.13","77.0","0","0","41.76","4.39"
"2025-06-04","33.78","85.17","2.45","5.47","54.15","55.55","7.36","40.89","93.0","9.67","10.63","55.19","53.71","6.33","36.1","84.67","0","0","42.44","41.07","3.69","29.09","77.01","0","0","41.64","4.38"
"2025-06-05","33.97","85.43","2.76","5.81","54.08","55.42","7.32","40.92","92.98","9.58","10.44","54.71","53.18","6.21","35.91","84.41","0","0","41.93","40.61","3.61","29.06","77.03","0","0","41.55","4.37"
"2025-06-06","34.16","85.69","3.07","6.14","54.0","55.3","7.29","40.95","92.96","9.49","10.25","54.22","52.65","6.09","35.72","84.16","0","0","41.43","40.16","3.52","29.04","77.05","0","0","41.46","4.36"
"2025-06-07","34.36","85.94","3.37","6.47","53.92","55.17","7.25","40.97","92.93","9.38","10.04","53.73","52.11","5.97","35.53","83.9","0","0","40.94","39.72","3.44","29.02","77.09","0","0","41.38","4.36"
"2025-06-08","34.55","86.2","3.67","6.8","53.84","55.03","7.21","40.99","92.9","9.26","9.82","53.23","51.58","5.85","35.33","83.65","0","0","40.46","39.3","3.37","29.01","77.13","0","0","41.32","4.36"
"2025-06-09","34.74","86.45","3.97","7.11","53.76","54.9","7.17","41.0","92.85","9.14","9.6","52.74","51.05","5.73","35.14","83.39","0","0","40.0","38.89","3.29","29.0","77.18","0","0","41.27","4.36"
"2025-06-10","34.93","86.71","4.27","7.42","53.67","54.76","7.13","41.0","92.8","9.0","9.36","52.25","50.52","5.61","34.95","83.14","0","0","39.55","38.5","3.22","29.0","77.24","0","0","41.23","4.36"
"2025-06-11","35.13","86.96","4.56","7.72","53.59","54.62","7.09","41.0","92.74","8.86","9.11","51.75","49.99","5.49","34.75","82.89","0","0","39.11","38.12","3.16","29.01","77.3","0","0","41.2","4.36"
"2025-06-12","35.32","87.21","4.84","8.01","53.5","54.48","7.05","40.99","92.67","8.7","8.85","51.26","49.47","5.38","34.56","82.64","0","0","38.69","37.75","3.09","29.02","77.38","0","0","41.18","4.37"
"2025-06-13","35.51","87.45","5.12","8.3","53.41","54.33","7.0","40.97","92.59","8.54","8.59","50.76","48.94","5.26","34.37","82.4","0","0","38.28","37.4","3.03","29.04","77.46","0","0","41.17","4.38"
"2025-06-14","35.71","87.7","5.39","8.57","53.32","54.18","6.96","40.95","92.5","8.37","8.31","50.27","48.42","5.14","34.18","82.15","0","0","37.88","37.06","2.97","29.07","77.55","0","0","41.17","4.39"
"2025-06-15","35.9","87.94","5.66","8.84","53.23","54.02","6.91","40.92","92.41","8.19","8.03","49.78","47.9","5.03","33.98","81.91","0","0","37.49","36.73","2.92","29.1","77.65","0","0","41.19","4.4"
"2025-06-16","36.09","88.18","5.93","9.1","53.13","53.87","6.87","40.89","92.31","8.0","7.74","49.28","47.39","4.92","33.79","81.68","0","0","37.12","36.42","2.87","29.13","77.76","0","0","41.21","4.41"
"2025-06-17","36.28","88.41","6.18","9.34","53.03","53.71","6.82","40.85","92.2","7.8","7.44","48.79","46.88","4.8","33.6","81.45","0","0","36.77","36.13","2.82","29.18","77.87","0","0","41.24","4.43"
"2025-06-18","36.47","88.64","6.43","9.58","52.93","53.54","6.77","40.8","92.09","7.59","7.13","48.31","46.37","4.69","33.42","81.22","0","0","36.43","35.85","2.78","29.23","77.99","0","0","41.29","4.45"
"2025-06-19","36.66","88.87","6.68","9.81","52.83","53.38","6.72","40.75","91.96","7.38","6.82","47.82","45.86","4.58","33.23","80.99","0","0","36.1","35.59","2.74","29.28","78.12","0","0","41.34","4.46"
"2025-06-20","36.84","89.1","6.91","10.03","52.72","53.21","6.68","40.69","91.83","7.16","6.49","47.34","45.36","4.47","33.05","80.77","0","0","35.79","35.34","2.7","29.35","78.25","0","0","41.4","4.48"
"2025-06-21","37.02","89.32","7.14","10.23","52.61","53.04","6.63","40.63","91.69","6.93","6.16","46.86","44.87","4.37","32.87","80.55","0","0","35.49","35.11","2.66","29.41","78.39","0","0","41.47","4.51"
"2025-06-22","37.2","89.53","7.36","10.43","52.5","52.86","6.57","40.56","91.55","6.69","5.83","46.38","44.38","4.26","32.69","80.34","0","0","35.21","34.89","2.63","29.49","78.54","0","0","41.55","4.53"
"2025-06-23","37.38","89.74","7.58","10.62","52.39","52.68","6.52","40.48","91.4","6.45","5.49","45.91","43.9","4.16","32.51","80.13","0","0","34.94","34.69","2.6","29.57","78.7","0","0","41.64","4.55"
"2025-06-24","37.56","89.95","7.79","10.79","52.27","52.5","6.47","40.4","91.24","6.2","5.14","45.44","43.42","4.06","32.33","79.93","0","0","34.69","34.5","2.58","29.65","78.86","0","0","41.74","4.58"
"2025-06-25","37.73","90.15","7.98","10.96","52.15","52.32","6.42","40.31","91.07","5.94","4.79","44.97","42.95","3.96","32.16","79.73","0","0","34.46","34.33","2.56","29.74","79.03","0","0","41.84","4.6"
"2025-06-26","37.9","90.34","8.17","11.11","52.03","52.13","6.36","40.22","90.9","5.68","4.43","44.51","42.49","3.86","31.99","79.54","0","0","34.24","34.18","2.54","29.84","79.2","0","0","41.95","4.63"
"2025-06-27","38.07","90.53","8.36","11.25","51.9","51.94","6.31","40.12","90.73","5.41","4.07","44.06","42.03","3.76","31.83","79.36","0","0","34.03","34.04","2.53","29.94","79.39","0","0","42.08","4.66"
"2025-06-28","38.24","90.71","8.53","11.38","51.77","51.74","6.25","40.02","90.54","5.14","3.7","43.61","41.58","3.67","31.66","79.18","0","0","33.84","33.92","2.52","30.05","79.57","0","0","42.2","4.69"
"2025-06-29","38.4","90.89","8.69","11.49","51.64","51.55","6.2","39.91","90.35","4.86","3.33","43.16","41.14","3.58","31.51","79.0","0","0","33.67","33.81","2.51","30.16","79.76","0","0","42.34","4.72"
"2025-06-30","38.56","91.06","8.85","11.6","51.51","51.35","6.14","39.8","90.16","4.57","2.96","42.73","40.71","3.49","31.35","78.84","0","0","33.52","33.72","2.5","30.27","79.96","0","0","42.48","4.76"
"2025-07-01","38.71","91.23","8.99","11.69","51.37","51.15","6.09","39.68","89.96","4.28","2.58","42.29","40.28","3.4","31.2","78.67","0","0","33.38","33.64","2.5","30.4","80.17","0","0","42.63","4.79"
"2025-07-02","38.86","91.39","9.13","11.77","51.23","50.94","6.03","39.56","89.75","3.99","2.2","41.87","39.87","3.31","31.05","78.52","0","0","33.25","33.58","2.51","30.52","80.37","0","0","42.79","4.82"
"2025-07-03","39.01","91.54","9.26","11.84","51.09","50.74","5.97","39.43","89.54","3.69","1.82","41.45","39.46","3.23","30.91","78.37","0","0","33.14","33.54","2.51","30.65","80.59","0","0","42.95","4.86"
"2025-07-04","39.15","91.68","9.37","11.9","50.95","50.53","5.91","39.29","89.33","3.39","1.44","41.04","39.06","3.15","30.77","78.23","0","0","33.05","33.51","2.52","30.79","80.8","0","0","43.12","4.89"
"2025-07-05","39.29","91.82","9.48","11.94","50.8","50.32","5.86","39.16","89.11","3.09","1.05","40.64","38.68","3.07","30.63","78.1","0","0","32.97","33.5","2.53","30.93","81.03","0","0","43.29","4.93"
"2025-07-06","39.42","91.95","9.58","11.97","50.65","50.11","5.8","39.01","88.89","2.78","0.67","40.25","38.3","3.0","30.5","77.97","0","0","32.91","33.5","2.55","31.07","81.25","0","0","43.47","4.97"
"2025-07-07","39.55","92.08","9.67","11.99","50.5","49.89","5.74","38.87","88.66","2.47","0.28","39.86","37.93","2.92","30.38","77.85","0","0","32.87","33.52","2.56","31.22","81.48","0","0","43.65","5.01"
"2025-07-08","39.67","92.19","9.74","12.0","50.35","49.68","5.68","38.72","88.43","2.15","0","39.48","37.58","2.85","30.26","77.74","0","0","32.84","33.55","2.59","31.37","81.72","0","0.34","43.84","5.04"
"2025-07-09","39.79","92.3","9.81","11.99","50.19","49.46","5.62","38.57","88.19","1.84","0","39.12","37.23","2.79","30.14","77.63","0","0","32.83","33.6","2.61","31.53","81.95","0","0.73","44.03","5.08"
"2025-07-10","39.9","92.41","9.87","11.98","50.04","49.24","5.56","38.41","87.95","1.52","0","38.76","36.9","2.72","30.03","77.54","0","0","32.84","33.67","2.64","31.69","82.19","0","1.12","44.23","5.12"
"2025-07-11","40.01","92.5","9.92","11.95","49.88","49.02","5.5","38.25","87.71","1.2","0","38.41","36.58","2.66","29.92","77.45","0","0","32.86","33.75","2.67","31.85","82.44","0","1.5","44.43","5.16"
"2025-07-12","40.12","92.58","9.95","11.9","49.71","48.8","5.44","38.08","87.47","0.88","0","38.07","36.27","2.6","29.82","77.37","0","0","32.89","33.84","2.7","32.02","82.68","0","1.88","44.64","5.2"
"2025-07-13","40.22","92.66","9.98","11.85","49.55","48.58","5.38","37.91","87.22","0.56","0","37.74","35.97","2.55","29.73","77.29","0","0","32.94","33.95","2.74","32.19","82.93","0","2.26","44.85","5.24"
"2025-07-14","40.31","92.73","9.99","11.78","49.39","48.36","5.32","37.74","86.97","0.23","0","37.42","35.69","2.49","29.64","77.23","0","0","33.01","34.07","2.77","32.36","83.18","0","2.64","45.06","5.28"
"2025-07-15","40.4","92.8","10.0","11.7","49.22","48.14","5.26","37.57","86.72","0","0","37.12","35.41","2.44","29.55","77.17","0","0","33.09","34.21","2.82","32.54","83.43","0.29","3.02","45.27","5.32"
"2025-07-16","40.48","92.85","10.0","11.61","49.05","47.91","5.21","37.39","86.47","0","0","36.82","35.16","2.4","29.48","77.12","0","0","33.19","34.36","2.86","32.71","83.69","0.61","3.39","45.49","5.36"
"2025-07-17","40.55","92.89","9.98","11.5","48.88","47.69","5.15","37.22","86.21","0","0","36.54","34.91","2.35","29.4","77.08","0","0","33.31","34.53","2.91","32.89","83.94","0.93","3.76","45.71","5.4"
"2025-07-18","40.62","92.93","9.95","11.38","48.71","47.47","5.09","37.03","85.96","0","0","36.27","34.68","2.31","29.34","77.05","0","0","33.44","34.71","2.96","33.08","84.2","1.25","4.13","45.94","5.44"
"2025-07-19","40.69","92.96","9.92","11.26","48.54","47.25","5.03","36.85","85.7","0","0","36.01","34.46","2.28","29.27","77.02","0","0","33.58","34.9","3.01","33.26","84.45","1.57","4.49","46.16","5.48"
"2025-07-20","40.75","92.98","9.87","11.12","48.37","47.02","4.97","36.67","85.45","0","0","35.76","34.25","2.24","29.22","77.01","0","0","33.74","35.11","3.06","33.45","84.71","1.89","4.85","46.39","5.53"
"2025-07-21","40.8","93.0","9.82","10.97","48.2","46.8","4.91","36.48","85.19","0","0","35.52","34.06","2.21","29.17","77.0","0","0","33.91","35.33","3.12","33.63","84.97","2.2","5.2","46.62","5.57"
"2025-07-22","40.85","93.0","9.75","10.8","48.02","46.58","4.86","36.29","84.93","0","0","35.3","33.89","2.19","29.13","77.0","0","0","34.1","35.57","3.18","33.82","85.23","2.52","5.54","46.84","5.61"
"2025-07-23","40.89","93.0","9.67","10.63","47.85","46.37","4.8","36.1","84.67","0","0","35.09","33.73","2.16","29.09","77.01","0","0","34.3","35.81","3.24","34.01","85.49","2.83","5.88","47.07","5.65"
"2025-07-24","40.92","92.98","9.58","10.44","47.68","46.15","4.75","35.91","84.41","0","0","34.9","33.58","2.14","29.06","77.03","0","0","34.52","36.07","3.31","34.21","85.74","3.13","6.22","47.31","5.69"
"2025-07-25","40.95","92.96","9.49","10.25","47.51","45.93","4.69","35.72","84.16","0","0","34.72","33.45","2.13","29.04","77.05","0","0","34.75","36.34","3.37","34.4","86.0","3.44","6.55","47.54","5.73"
"2025-07-26","40.97","92.93","9.38","10.04","47.33","45.72","4.64","35.53","83.9","0","0","34.55","33.33","2.11","29.02","77.09","0","0","34.99","36.63","3.44","34.59","86.26","3.74","6.87","47.77","5.77"
"2025-07-27","40.99","92.9","9.26","9.82","47.16","45.51","4.58","35.33","83.65","0","0","34.39","33.23","2.1","29.01","77.13","0","0","35.25","36.92","3.51","34.78","86.51","4.04","7.18","48.0","5.8"
"2025-07-28","41.0","92.85","9.14","9.6","46.99","45.3","4.53","35.14","83.39","0","0","34.25","33.14","2.1","29.0","77.18","0","0","35.52","37.23","3.58","34.98","86.76","4.33","7.49","48.23","5.84"
"2025-07-29","41.0","92.8","9.0","9.36","46.82","45.1","4.48","34.95","83.14","0","0","34.12","33.07","2.09","29.0","77.24","0","0","35.8","37.55","3.66","35.17","87.01","4.62","7.79","48.47","5.88"
"2025-07-30","41.0","92.74","8.86","9.11","46.65","44.9","4.43","34.75","82.89","0","0","34.01","33.02","2.09","29.01","77.3","0","0","36.1","37.88","3.73","35.36","87.26","4.9","8.08","48.7","5.92"
"2025-07-31","40.99","92.67","8.7","8.85","46.48","44.7","4.38","34.56","82.64","0","0","33.92","32.98","2.1","29.02","77.38","0","0","36.41","38.21","3.81","35.56","87.51","5.18","8.36","48.93","5.96"
"2025-08-01","40.97","92.59","8.54","8.59","46.32","44.5","4.33","34.37","82.4","0","0","33.83","32.95","2.11","29.04","77.46","0","0","36.73","38.56","3.89","35.75","87.75","5.45","8.63","49.16","5.99"
"2025-08-02","40.95","92.5","8.37","8.31","46.16","44.31","4.29","34.18","82.15","0","0","33.76","32.94","2.12","29.07","77.55","0","0","37.06","38.92","3.97","35.94","87.99","5.72","8.9","49.39","6.03"
"2025-08-03","40.92","92.41","8.19","8.03","45.99","44.12","4.24","33.98","81.91","0","0","33.71","32.95","2.13","29.1","77.65","0","0","37.41","39.29","4.06","36.13","88.23","5.98","9.15","49.61","6.07"
"2025-08-04","40.89","92.31","8.0","7.74","45.83","43.94","4.2","33.79","81.68","0","0","33.67","32.98","2.15","29.13","77.76","0","0","37.76","39.67","4.14","36.32","88.46","6.24","9.4","49.84","6.1"
"2025-08-05","40.85","92.2","7.8","7.44","45.68","43.76","4.15","33.6","81.45","0","0","33.65","33.01","2.17","29.18","77.87","0","0","38.13","40.06","4.23","36.51","88.7","6.49","9.63","50.06","6.14"
"2025-08-06","40.8","92.09","7.59","7.13","45.52","43.59","4.11","33.42","81.22","0","0","33.65","33.07","2.2","29.23","77.99","0","0","38.5","40.45","4.32","36.7","88.92","6.73","9.86","50.29","6.17"
"2025-08-07","40.75","91.96","7.38","6.82","45.37","43.42","4.07","33.23","80.99","0","0","33.65","33.14","2.23","29.28","78.12","0","0","38.89","40.86","4.4","36.88","89.15","6.96","10.07","50.51","6.2"
"2025-08-08","40.69","91.83","7.16","6.49","45.23","43.25","4.03","33.05","80.77","0","0","33.68","33.23","2.26","29.35","78.25","0","0","39.29","41.27","4.49","37.06","89.36","7.19","10.28","50.73","6.24"
"2025-08-09","40.63","91.69","6.93","6.16","45.08","43.1","4.0","32.87","80.55","0","0","33.72","33.33","2.29","29.41","78.39","0","0","39.7","41.69","4.59","37.24","89.58","7.41","10.47","50.94","6.27"
"2025-08-10","40.56","91.55","6.69","5.83","44.94","42.94","3.96","32.69","80.34","0","0","33.77","33.45","2.33","29.49","78.54","0","0","40.11","42.12","4.68","37.42","89.79","7.63","10.66","51.16","6.3"
"2025-08-11","40.48","91.4","6.45","5.49","44.81","42.8","3.93","32.51","80.13","0","0","33.84","33.59","2.38","29.57","78.7","0","0","40.54","42.55","4.77","37.6","89.99","7.83","10.83","51.37","6.33"
"2025-08-12","40.4","91.24","6.2","5.14","44.68","42.66","3.9","32.33","79.93","0","0","33.93","33.74","2.42","29.65","78.86","0","0","40.98","43.0","4.87","37.77","90.19","8.03","10.99","51.58","6.36"
"2025-08-13","40.31","91.07","5.94","4.79","44.55","42.53","3.87","32.16","79.73","0","0","34.03","33.91","2.47","29.74","79.03","0","0","41.42","43.44","4.96","37.94","90.38","8.21","11.14","51.79","6.39"
"2025-08-14","40.22","90.9","5.68","4.43","44.43","42.4","3.84","31.99","79.54","0","0","34.15","34.09","2.52","29.84","79.2","0","0","41.87","43.9","5.06","38.11","90.57","8.39","11.28","51.99","6.42"
"2025-08-15","40.12","90.73","5.41","4.07","44.31","42.28","3.81","31.83","79.36","0","0","34.29","34.29","2.58","29.94","79.39","0","0","42.33","44.36","5.15","38.27","90.75","8.57","11.4","52.19","6.45"
"2025-08-16","40.02","90.54","5.14","3.7","44.2","42.17","3.79","31.66","79.18","0","0","34.44","34.51","2.64","30.05","79.57","0","0","42.8","44.82","5.25","38.43","90.93","8.73","11.52","52.39","6.47"
"2025-08-17","39.91","90.35","4.86","3.33","44.09","42.07","3.77","31.51","79.0","0","0","34.6","34.74","2.7","30.16","79.76","0","0","43.27","45.29","5.35","38.59","91.1","8.88","11.62","52.59","6.5"
"2025-08-18","39.8","90.16","4.57","2.96","43.99","41.97","3.75","31.35","78.84","0","0","34.78","34.98","2.77","30.27","79.96","0","0","43.75","45.76","5.45","38.74","91.26","9.02","11.71","52.78","6.53"
"2025-08-19","39.68","89.96","4.28","2.58","43.9","41.89","3.73","31.2","78.67","0","0","34.98","35.25","2.84","30.4","80.17","0","0","44.24","46.24","5.54","38.89","91.42","9.16","11.79","52.97","6.55"
"2025-08-20","39.56","89.75","3.99","2.2","43.81","41.81","3.72","31.05","78.52","0","0","35.19","35.52","2.91","30.52","80.37","0","0","44.73","46.73","5.64","39.04","91.57","9.28","11.86","53.16","6.58"
"2025-08-21","39.43","89.54","3.69","1.82","43.73","41.74","3.7","30.91","78.37","0","0","35.42","35.82","2.99","30.65","80.59","0","0","45.23","47.21","5.74","39.18","91.72","9.4","11.91","53.34","6.6"
"2025-08-22","39.29","89.33","3.39","1.44","43.66","41.68","3.69","30.77","78.23","0","0","35.66","36.12","3.06","30.79","80.8","0","0","45.73","47.7","5.84","39.32","91.85","9.5","11.95","53.52","6.62"
"2025-08-23","39.16","89.11","3.09","1.05","43.59","41.62","3.69","30.63","78.1","0","0","35.92","36.45","3.15","30.93","81.03","0","0","46.24","48.19","5.94","39.45","91.98","9.6","11.98","53.7","6.64"
"2025-08-24","39.01","88.89","2.78","0.67","43.53","41.58","3.68","30.5","77.97","0","0","36.2","36.78","3.23","31.07","81.25","0","0","46.75","48.69","6.04","39.58","92.1","9.68","12.0","53.87","6.67"
"2025-08-25","38.87","88.66","2.47","0.28","43.48","41.55","3.68","30.38","77.85","0","0","36.49","37.13","3.32","31.22","81.48","0","0","47.27","49.18","6.14","39.7","92.22","9.76","12.0","54.04","6.69"
"2025-08-26","38.72","88.43","2.15","0","43.43","41.52","3.67","30.26","77.74","0","0","36.79","37.5","3.41","31.37","81.72","0","0.34","47.79","49.68","6.24","39.82","92.33","9.82","11.99","54.21","6.71"
"2025-08-27","38.57","88.19","1.84","0","43.39","41.51","3.68","30.14","77.63","0","0","37.11","37.88","3.5","31.53","81.95","0","0.73","48.31","50.18","6.34","39.93","92.43","9.88","11.97","54.37","6.73"
"2025-08-28","38.41","87.95","1.52","0","43.36","41.51","3.68","30.03","77.54","0","0","37.44","38.27","3.6","31.69","82.19","0","1.12","48.84","50.68","6.44","40.04","92.52","9.92","11.94","54.54","6.75"
"2025-08-29","38.25","87.71","1.2","0","43.34","41.51","3.69","29.92","77.45","0","0","37.79","38.68","3.69","31.85","82.44","0","1.5","49.37","51.18","6.54","40.14","92.6","9.96","11.89","54.69","6.76"
"2025-08-30","38.08","87.47","0.88","0","43.33","41.53","3.7","29.82","77.37","0","0","38.15","39.1","3.8","32.02","82.68","0","1.88","49.9","51.68","6.64","40.24","92.68","9.98","11.83","54.85","6.78"
"2025-08-31","37.91","87.22","0.56","0","43.33","41.56","3.71","29.73","77.29","0","0","38.53","39.54","3.9","32.19","82.93","0","2.26","50.43","52.19","6.73","40.33","92.75","10.0","11.76","55.0","6.8"
"2025-09-01","37.74","86.97","0.23","0","43.34","41.6","3.72","29.64","77.23","0","0","38.92","39.98","4.01","32.36","83.18","0","2.64","50.97","52.69","6.83","40.41","92.81","10.0","11.68","55.15","6.82"
"2025-09-02","37.57","86.72","0","0","43.35","41.65","3.74","29.55","77.17","0","0","39.33","40.44","4.11","32.54","83.43","0.29","3.02","51.51","53.19","6.93","40.5","92.86","9.99","11.58","55.29","6.83"
"2025-09-03","37.39","86.47","0","0","43.38","41.71","3.76","29.48","77.12","0","0","39.75","40.92","4.23","32.71","83.69","0.61","3.39","52.05","53.69","7.02","40.57","92.9","9.98","11.48","55.43","6.85"
"2025-09-04","37.22","86.21","0","0","43.41","41.78","3.78","29.4","77.08","0","0","40.18","41.4","4.34","32.89","83.94","0.93","3.76","52.58","54.19","7.12","40.64","92.94","9.95","11.36","55.57","6.86"
"2025-09-05","37.03","85.96","0","0","43.45","41.86","3.81","29.34","77.05","0","0","40.62","41.9","4.45","33.08","84.2","1.25","4.13","53.12","54.69","7.22","40.7","92.97","9.91","11.23","55.71","6.88"
"2025-09-06","36.85","85.7","0","0","43.51","41.96","3.84","29.27","77.02","0","0","41.08","42.4","4.57","33.26","84.45","1.57","4.49","53.66","55.18","7.31","40.76","92.99","9.86","11.08","55.84","6.89"
"2025-09-07","36.67","85.45","0","0","43.57","42.07","3.87","29.22","77.01","0","0","41.55","42.92","4.69","33.45","84.71","1.89","4.85","54.2","55.68","7.4","40.81","93.0","9.8","10.93","55.97","6.91"
"2025-09-08","36.48","85.19","0","0","43.65","42.19","3.9","29.17","77.0","0","0","42.03","43.45","4.81","33.63","84.97","2.2","5.2","54.74","56.17","7.5","40.86","93.0","9.73","10.76","56.1","6.92"
"2025-09-09","36.29","84.93","0","0","43.73","42.32","3.94","29.13","77.0","0","0","42.53","43.99","4.94","33.82","85.23","2.52","5.54","55.27","56.66","7.59","40.89","92.99","9.65","10.59","56.22","6.93"
"2025-09-10","36.1","84.67","0","0","43.83","42.46","3.98","29.09","77.01","0","0","43.03","44.55","5.06","34.01","85.49","2.83","5.88","55.81","57.14","7.68","40.93","92.98","9.56","10.4","56.35","6.95"
"2025-09-11","35.91","84.41","0","0","43.93","42.61","4.02","29.06","77.03","0","0","43.55","45.11","5.19","34.21","85.74","3.13","6.22","56.34","57.63","7.77","40.95","92.96","9.46","10.2","56.47","6.96"
"2025-09-12","35.72","84.16","0","0","44.05","42.78","4.07","29.04","77.05","0","0","44.08","45.68","5.32","34.4","86.0","3.44","6.55","56.87","58.11","7.86","40.98","92.93","9.36","9.99","56.59","6.97"
"2025-09-13","35.53","83.9","0","0","44.18","42.96","4.12","29.02","77.09","0","0","44.62","46.26","5.45","34.59","86.26","3.74","6.87","57.4","58.58","7.95","40.99","92.89","9.24","9.77","56.7","6.99"
"2025-09-14","35.33","83.65","0","0","44.31","43.15","4.17","29.01","77.13","0","0","45.17","46.84","5.58","34.78","86.51","4.04","7.18","57.92","59.05","8.03","41.0","92.84","9.11","9.54","56.82","7.0"
"2025-09-15","35.14","83.39","0","0","44.46","43.36","4.22","29.0","77.18","0","0","45.73","47.44","5.71","34.98","86.76","4.33","7.49","58.45","59.52","8.12","41.0","92.79","8.97","9.3","56.93","7.01"
"2025-09-16","34.95","83.14","0","0","44.62","43.57","4.28","29.0","77.24","0","0","46.3","48.05","5.85","35.17","87.01","4.62","7.79","58.97","59.98","8.2","41.0","92.72","8.82","9.05","57.04","7.02"
"2025-09-17","34.75","82.89","0","0","44.8","43.8","4.34","29.01","77.3","0","0","46.88","48.66","5.98","35.36","87.26","4.9","8.08","59.48","60.44","8.29","40.99","92.65","8.67","8.8","57.15","7.04"
"2025-09-18","34.56","82.64","0","0","44.98","44.04","4.4","29.02","77.38","0","0","47.47","49.28","6.12","35.56","87.51","5.18","8.36","59.99","60.9","8.37","40.97","92.57","8.5","8.53","57.25","7.05"
"2025-09-19","34.37","82.4","0","0","45.18","44.3","4.47","29.04","77.46","0","0","48.07","49.91","6.26","35.75","87.75","5.45","8.63","60.5","61.35","8.45","40.95","92.48","8.33","8.25","57.36","7.06"
"2025-09-20","34.18","82.15","0","0","45.38","44.56","4.54","29.07","77.55","0","0","48.68","50.54","6.39","35.94","87.99","5.72","8.9","61.0","61.79","8.53","40.92","92.39","8.14","7.97","57.47","7.07"
"2025-09-21","33.98","81.91","0","0","45.6","44.84","4.61","29.1","77.65","0","0","49.29","51.18","6.53","36.13","88.23","5.98","9.15","61.5","62.23","8.61","40.88","92.29","7.95","7.67","57.57","7.09"
"2025-09-22","33.79","81.68","0","0","45.83","45.13","4.68","29.13","77.76","0","0","49.92","51.83","6.67","36.32","88.46","6.24","9.4","62.0","62.66","8.68","40.84","92.18","7.75","7.37","57.67","7.1"
"2025-09-23","33.6","81.45","0","0","46.07","45.43","4.76","29.18","77.87","0","0","50.55","52.48","6.82","36.51","88.7","6.49","9.63","62.49","63.08","8.76","40.79","92.06","7.55","7.06","57.78","7.11"
"2025-09-24","33.42","81.22","0","0","46.33","45.75","4.84","29.23","77.99","0","0","51.18","53.14","6.96","36.7","88.92","6.73","9.86","62.97","63.51","8.83","40.74","91.93","7.33","6.75","57.88","7.13"
"2025-09-25","33.23","80.99","0","0","46.59","46.08","4.92","29.28","78.12","0","0","51.83","53.8","7.1","36.88","89.15","6.96","10.07","63.45","63.92","8.9","40.68","91.8","7.11","6.42","57.98","7.14"
"2025-09-26","33.05","80.77","0","0","46.87","46.42","5.01","29.35","78.25","0","0","52.48","54.46","7.24","37.06","89.36","7.19","10.28","63.92","64.33","8.97","40.61","91.66","6.88","6.09","58.08","7.15"
"2025-09-27","32.87","80.55","0","0","47.16","46.77","5.09","29.41","78.39","0","0","53.14","55.13","7.39","37.24","89.58","7.41","10.47","64.38","64.73","9.04","40.54","91.52","6.64","5.75","58.18","7.17"
"2025-09-28","32.69","80.34","0","0","47.46","47.14","5.18","29.49","78.54","0","0","53.8","55.8","7.53","37.42","89.79","7.63","10.66","64.84","65.12","9.11","40.47","91.36","6.39","5.41","58.28","7.18"
"2025-09-29","32.51","80.13","0","0","47.77","47.51","5.28","29.57","78.7","0","0","54.46","56.48","7.67","37.6","89.99","7.83","10.83","65.3","65.51","9.18","40.38","91.2","6.14","5.06","58.39","7.2"
"2025-09-30","32.33","79.93","0","0","48.09","47.9","5.37","29.65","78.86","0","0","55.14","57.16","7.82","37.77","90.19","8.03","10.99","65.74","65.89","9.24","40.29","91.04","5.88","4.71","58.49","7.22"
"2025-10-01","32.16","79.73","0","0","48.43","48.3","5.47","29.74","79.03","0","0","55.81","57.84","7.96","37.94","90.38","8.21","11.14","66.18","66.27","9.31","40.2","90.86","5.62","4.35","58.59","7.23"
"2025-10-02","31.99","79.54","0","0","48.77","48.71","5.57","29.84","79.2","0","0","56.49","58.52","8.1","38.11","90.57","8.39","11.28","66.61","66.63","9.37","40.1","90.69","5.35","3.99","58.7","7.25"
"2025-10-03","31.83","79.36","0","0","49.13","49.14","5.67","29.94","79.39","0","0","57.17","59.2","8.25","38.27","90.75","8.57","11.4","67.04","66.99","9.43","40.0","90.5","5.08","3.62","58.8","7.27"
"2025-10-04","31.66","79.18","0","0","49.5","49.57","5.78","30.05","79.57","0","0","57.86","59.89","8.39","38.43","90.93","8.73","11.52","67.46","67.35","9.49","39.89","90.31","4.8","3.25","58.91","7.29"
"2025-10-05","31.51","79.0","0","0","49.88","50.02","5.89","30.16","79.76","0","0","58.55","60.57","8.53","38.59","91.1","8.88","11.62","67.87","67.69","9.54","39.77","90.12","4.51","2.88","59.02","7.31"
"2025-10-06","31.35","78.84","0","0","50.27","50.47","6.0","30.27","79.96","0","0","59.24","61.25","8.67","38.74","91.26","9.02","11.71","68.27","68.03","9.6","39.65","89.91","4.22","2.5","59.13","7.33"
"2025-10-07","31.2","78.67","0","0","50.68","50.94","6.11","30.4","80.17","0","0","59.93","61.94","8.81","38.89","91.42","9.16","11.79","68.67","68.36","9.66","39.53","89.71","3.93","2.12","59.24","7.35"
"2025-10-08","31.05","78.52","0","0","51.09","51.42","6.22","30.52","80.37","0","0","60.62","62.62","8.96","39.04","91.57","9.28","11.86","69.06","68.68","9.71","39.4","89.5","3.63","1.74","59.35","7.37"
"2025-10-09","30.91","78.37","0","0","51.51","51.91","6.34","30.65","80.59","0","0","61.32","63.3","9.1","39.18","91.72","9.4","11.91","69.43","69.0","9.76","39.26","89.28","3.32","1.35","59.47","7.39"
"2025-10-10","30.77","78.23","0","0","51.95","52.41","6.46","30.79","80.8","0","0","62.01","63.98","9.23","39.32","91.85","9.5","11.95","69.81","69.31","9.81","39.13","89.06","3.02","0.97","59.59","7.42"
"2025-10-11","30.63","78.1","0","0","52.39","52.92","6.58","30.93","81.03","0","0","62.71","64.66","9.37","39.45","91.98","9.6","11.98","70.17","69.61","9.86","38.98","88.84","2.71","0.58","59.71","7.44"
"2025-10-12","30.5","77.97","0","0","52.85","53.44","6.7","31.07","81.25","0","0","63.4","65.34","9.51","39.58","92.1","9.68","12.0","70.53","69.9","9.9","38.84","88.61","2.4","0.2","59.83","7.47"
"2025-10-13","30.38","77.85","0","0","53.32","53.96","6.82","31.22","81.48","0","0","64.1","66.01","9.65","39.7","92.22","9.76","12.0","70.87","70.19","9.95","38.69","88.38","2.08","0","59.96","7.5"
"2025-10-14","30.26","77.74","0","0","53.79","54.5","6.95","31.37","81.72","0","0.34","64.79","66.68","9.78","39.82","92.33","9.82","11.99","71.21","70.47","9.99","38.53","88.14","1.77","0","60.09","7.53"
"2025-10-15","30.14","77.63","0","0","54.28","55.05","7.08","31.53","81.95","0","0.73","65.48","67.35","9.92","39.93","92.43","9.88","11.97","71.54","70.74","10.04","38.37","87.9","1.45","0","60.22","7.56"
"2025-10-16","30.03","77.54","0","0","54.78","55.61","7.21","31.69","82.19","0","1.12","66.17","68.01","10.05","40.04","92.52","9.92","11.94","71.87","71.0","10.08","38.21","87.66","1.13","0","60.36","7.59"
"2025-10-17","29.92","77.45","0","0","55.28","56.17","7.34","31.85","82.44","0","1.5","66.86","68.67","10.18","40.14","92.6","9.96","11.89","72.18","71.26","10.12","38.05","87.41","0.81","0","60.5","7.62"
"2025-10-18","29.82","77.37","0","0","55.79","56.74","7.47","32.02","82.68","0","1.88","67.54","69.32","10.31","40.24","92.68","9.98","11.83","72.49","71.5","10.16","37.88","87.17","0.49","0","60.64","7.65"
"2025-10-19","29.73","77.29","0","0","56.32","57.32","7.61","32.19","82.93","0","2.26","68.22","69.97","10.44","40.33","92.75","10.0","11.76","72.78","71.74","10.19","37.71","86.92","0.16","0","60.79","7.69"
"2025-10-20","29.64","77.23","0","0","56.85","57.91","7.74","32.36","83.18","0","2.64","68.9","70.62","10.57","40.41","92.81","10.0","11.68","73.07","71.98","10.23","37.53","86.67","0","0","60.94","7.72"
"2025-10-21","30.84","75.71","0","0","57.39","58.51","7.88","33.83","81.97","1.66","5.09","69.57","71.25","10.69","41.79","91.4","11.37","13.65","73.35","72.2","10.26","38.65","84.95","0.89","0","61.1","7.76"
"2025-10-22","32.06","74.2","0","0","57.94","59.11","8.02","35.3","80.76","3.36","7.52","70.24","71.88","10.82","43.15","89.98","12.73","15.61","73.63","72.42","10.3","39.76","83.23","1.95","0.51","61.26","7.8"
"2025-10-23","33.27","72.69","0","0","58.5","59.72","8.15","36.77","79.55","5.06","9.96","70.9","72.51","10.94","44.51","88.55","14.08","17.55","73.89","72.63","10.33","40.87","81.51","3.0","2.21","61.42","7.84"
"2025-10-24","34.5","71.2","0","0","59.06","60.34","8.3","38.24","78.35","6.75","12.38","71.56","73.12","11.06","45.86","87.12","15.41","19.48","74.15","72.84","10.36","41.97","79.8","4.06","3.91","61.59","7.88"
"2025-10-25","35.72","69.72","0","0","59.63","60.96","8.44","39.71","77.15","8.45","14.8","72.21","73.73","11.18","47.21","85.68","16.74","21.4","74.39","73.04","10.39","43.07","78.08","5.11","5.61","61.77","7.92"
"2025-10-26","36.95","68.24","0","1.35","60.21","61.58","8.58","41.18","75.95","10.14","17.22","72.86","74.34","11.29","48.54","84.23","18.05","23.3","74.63","73.23","10.42","44.17","76.37","6.17","7.31","61.95","7.97"
"2025-10-27","38.19","66.78","0","3.56","60.8","62.22","8.72","42.65","74.75","11.82","19.62","73.5","74.93","11.41","49.87","82.78","19.35","25.19","74.86","73.41","10.44","45.27","74.65","7.22","9.02","62.13","8.01"
"2025-10-28","39.42","65.33","1.28","5.78","61.39","62.86","8.87","44.12","73.56","13.5","22.02","74.13","75.52","11.52","51.19","81.33","20.64","27.06","75.09","73.59","10.47","46.36","72.95","8.28","10.72","62.32","8.06"
"2025-10-29","40.66","63.89","2.73","8.0","61.99","63.5","9.01","45.59","72.37","15.17","24.4","74.76","76.1","11.63","52.5","79.86","21.91","28.92","75.3","73.76","10.5","47.44","71.24","9.33","12.43","62.52","8.11"
"2025-10-30","41.91","62.47","4.18","10.23","62.59","64.15","9.15","47.05","71.18","16.84","26.77","75.38","76.67","11.74","53.8","78.4","23.17","30.76","75.51","73.93","10.52","48.52","69.54","10.38","14.14","62.72","8.16"
"2025-10-31","43.15","61.05","5.63","12.47","63.2","64.8","9.3","48.52","70.0","18.5","29.13","75.99","77.23","11.84","55.09","76.93","24.41","32.58","75.71","74.09","10.54","49.6","67.84","11.43","15.84","62.92","8.21"
"2025-11-01","44.4","59.65","7.1","14.7","63.82","65.45","9.45","49.97","68.82","20.15","31.48","76.59","77.78","11.95","56.37","75.45","25.65","34.39","75.9","74.24","10.57","50.67","66.16","12.49","17.55","63.13","8.26"
"2025-11-02","45.65","58.27","8.57","16.95","64.44","66.11","9.59","51.43","67.65","21.79","33.81","77.19","78.32","12.05","57.64","73.98","26.86","36.17","76.08","74.39","10.59","51.74","64.47","13.54","19.26","63.35","8.32"
"2025-11-03","46.9","56.89","10.04","19.19","65.06","66.77","9.74","52.88","66.48","23.42","36.13","77.78","78.85","12.15","58.9","72.5","28.06","37.94","76.26","74.53","10.61","52.8","62.8","14.59","20.97","63.57","8.37"
"2025-11-04","48.15","55.53","11.51","21.43","65.69","67.43","9.88","54.32","65.31","25.05","38.43","78.35","79.37","12.24","60.15","71.02","29.25","39.7","76.42","74.66","10.63","53.86","61.13","15.64","22.68","63.8","8.43"
"2025-11-05","49.4","54.19","12.99","23.68","66.32","68.1","10.03","55.76","64.15","26.66","40.71","78.92","79.88","12.34","61.38","69.53","30.42","41.43","76.59","74.79","10.65","54.91","59.47","16.68","24.39","64.03","8.49"
"2025-11-06","50.66","52.86","14.48","25.93","66.96","68.77","10.18","57.19","62.99","28.26","42.98","79.48","80.38","12.43","62.6","68.05","31.58","43.15","76.74","74.92","10.67","55.96","57.82","17.73","26.09","64.27","8.55"
"2025-11-07","51.91","51.54","15.96","28.17","67.6","69.43","10.32","58.62","61.83","29.85","45.22","80.03","80.87","12.52","63.81","66.57","32.72","44.84","76.89","75.03","10.69","57.0","56.18","18.78","27.8","64.52","8.61"
"2025-11-08","53.16","50.24","17.44","30.41","68.24","70.1","10.47","60.04","60.68","31.42","47.45","80.57","81.35","12.6","65.01","65.08","33.85","46.52","77.03","75.15","10.7","58.04","54.55","19.82","29.5","64.77","8.68"
"2025-11-09","54.41","48.96","18.93","32.65","68.88","70.77","10.62","61.45","59.54","32.99","49.65","81.09","81.82","12.69","66.19","63.6","34.95","48.18","77.16","75.26","10.72","59.07","52.94","20.86","31.2","65.03","8.74"
"2025-11-10","55.66","47.69","20.42","34.89","69.53","71.44","10.76","62.85","58.4","34.53","51.84","81.61","82.27","12.77","67.37","62.11","36.05","49.81","77.29","75.36","10.74","60.09","51.33","21.9","32.9","65.29","8.81"
"2025-11-11","56.91","46.44","21.9","37.12","70.18","72.11","10.91","64.24","57.27","36.07","54.0","82.12","82.72","12.85","68.52","60.63","37.12","51.43","77.41","75.46","10.75","61.11","49.74","22.94","34.6","65.56","8.88"
"2025-11-12","58.15","45.21","23.39","39.34","70.83","72.78","11.05","65.62","56.14","37.58","56.14","82.61","83.15","12.92","69.66","59.15","38.18","53.02","77.52","75.56","10.77","62.12","48.16","23.98","36.29","65.84","8.95"
"2025-11-13","59.4","43.99","24.88","41.56","71.48","73.44","11.19","66.99","55.02","39.08","58.25","83.09","83.57","13.0","70.79","57.67","39.23","54.6","77.63","75.65","10.78","63.12","46.59","25.01","37.98","66.12","9.02"
"2025-11-14","60.64","42.79","26.36","43.77","72.13","74.11","11.34","68.35","53.9","40.57","60.34","83.57","83.98","13.07","71.9","56.2","40.25","56.15","77.73","75.74","10.8","64.12","45.04","26.05","39.66","66.41","9.09"
"2025-11-15","61.87","41.61","27.84","45.97","72.78","74.77","11.48","69.7","52.79","42.04","62.41","84.03","84.37","13.14","73.0","54.73","41.26","57.69","77.82","75.82","10.81","65.1","43.51","27.08","41.35","66.7","9.17"
"2025-11-16","63.1","40.44","29.31","48.17","73.43","75.43","11.62","71.04","51.69","43.48","64.44","84.47","84.75","13.2","74.08","53.26","42.25","59.2","77.91","75.9","10.83","66.09","41.99","28.11","43.02","67.0","9.24"
"2025-11-17","64.33","39.3","30.79","50.35","74.08","76.09","11.76","72.36","50.59","44.91","66.45","84.91","85.13","13.26","75.15","51.8","43.23","60.69","78.0","75.98","10.84","67.06","40.48","29.13","44.7","67.3","9.32"
"2025-11-18","65.56","38.17","32.26","52.52","74.73","76.75","11.9","73.68","49.5","46.33","68.44","85.33","85.48","13.32","76.2","50.34","44.18","62.16","78.08","76.06","10.85","68.03","39.0","30.16","46.37","67.62","9.4"
"2025-11-19","66.78","37.06","33.72","54.68","75.37","77.4","12.03","74.97","48.41","47.72","70.39","85.74","85.83","13.38","77.23","48.89","45.12","63.6","78.15","76.13","10.87","68.99","37.53","31.18","48.03","67.93","9.48"
"2025-11-20","67.99","35.97","35.18","56.83","76.02","78.04","12.17","76.26","47.33","49.09","72.32","86.14","86.16","13.44","78.25","47.45","46.04","65.03","78.22","76.2","10.88","69.94","36.08","32.19","49.68","68.26","9.56"
"2025-11-21","69.2","34.9","36.63","58.96","76.66","78.69","12.3","77.53","46.26","50.44","74.21","86.53","86.48","13.49","79.25","46.01","46.95","66.43","78.29","76.26","10.89","70.89","34.65","33.21","51.33","68.58","9.64"
"2025-11-22","70.4","33.84","38.07","61.08","77.3","79.32","12.44","78.78","45.2","51.77","76.08","86.9","86.79","13.54","80.24","44.58","47.84","67.81","78.35","76.32","10.91","71.82","33.23","34.22","52.98","68.92","9.72"
"2025-11-23","71.59","32.81","39.51","63.19","77.93","79.96","12.57","80.02","44.14","53.08","77.91","87.26","87.08","13.58","81.2","43.16","48.7","69.17","78.4","76.39","10.92","72.75","31.84","35.23","54.61","69.26","9.81"
"2025-11-24","72.78","31.79","40.94","65.27","78.57","80.58","12.7","81.25","43.09","54.36","79.72","87.6","87.36","13.63","82.15","41.74","49.56","70.5","78.46","76.45","10.93","73.67","30.47","36.23","56.24","69.6","9.9"
"2025-11-25","73.96","30.8","42.36","67.34","79.2","81.2","12.83","82.45","42.05","55.62","81.49","87.93","87.63","13.67","83.09","40.34","50.39","71.82","78.51","76.5","10.95","74.58","29.12","37.23","57.86","69.95","9.98"
"2025-11-26","75.13","29.82","43.77","69.4","79.82","81.82","12.95","83.64","41.02","56.86","83.22","88.25","87.88","13.71","84.0","38.94","51.2","73.1","78.55","76.56","10.96","75.48","27.79","38.22","59.48","70.31","10.07"
"2025-11-27","76.29","28.87","45.17","71.43","80.44","82.42","13.08","84.81","40.0","58.08","84.93","88.56","88.12","13.74","84.9","37.56","52.0","74.37","78.59","76.61","10.97","76.37","26.48","39.21","61.08","70.67","10.16"
"2025-11-28","77.44","27.93","46.56","73.44","81.05","83.02","13.2","85.97","38.98","59.27","86.6","88.85","88.35","13.78","85.78","36.19","52.78","75.61","78.63","76.67","10.99","77.26","25.19","40.2","62.68","71.04","10.25"
"2025-11-29","78.59","27.01","47.94","75.43","81.66","83.62","13.32","87.11","37.97","60.43","88.23","89.12","88.56","13.81","86.64","34.82","53.54","76.83","78.66","76.72","11.0","78.13","23.93","41.18","64.26","71.41","10.35"
"2025-11-30","79.72","26.12","49.3","77.4","82.27","84.2","13.44","88.22","36.97","61.57","89.83","89.39","88.76","13.83","87.48","33.47","54.29","78.03","78.7","76.77","11.02","79.0","22.69","42.16","65.84","71.78","10.44"
"2025-12-01","80.84","25.24","50.66","79.35","82.86","84.78","13.56","89.32","35.98","62.69","91.4","89.64","88.95","13.86","88.31","32.14","55.01","79.2","78.72","76.82","11.03","79.85","21.48","43.13","67.4","72.16","10.53"
"2025-12-02","81.96","24.39","52.0","81.28","83.45","85.34","13.67","90.4","35.0","63.78","92.92","89.87","89.13","13.88","89.11","30.81","55.72","80.35","78.75","76.87","11.04","80.7","20.28","44.1","68.95","72.55","10.63"
"2025-12-03","83.06","23.55","53.32","83.18","84.03","85.9","13.78","91.46","34.03","64.84","94.42","90.1","89.29","13.9","89.9","29.5","56.41","81.48","78.78","76.92","11.06","81.53","19.12","45.06","70.5","72.94","10.72"
"2025-12-04","84.15","22.74","54.63","85.05","84.61","86.45","13.89","92.5","33.06","65.88","95.87","90.31","89.44","13.92","90.67","28.21","57.08","82.58","78.8","76.97","11.08","82.36","17.98","46.01","72.03","73.33","10.82"
"2025-12-05","85.23","21.94","55.93","86.9","85.18","86.99","14.0","93.51","32.11","66.89","97.29","90.5","89.57","13.93","91.42","26.92","57.74","83.66","78.82","77.02","11.09","83.17","16.86","46.96","73.54","73.72","10.91"
"2025-12-06","86.29","21.17","57.21","88.72","85.73","87.52","14.1","94.51","31.17","67.87","98.67","90.68","89.7","13.95","92.15","25.66","58.38","84.72","78.84","77.07","11.11","83.98","15.77","47.9","75.05","74.12","11.01"
"2025-12-07","87.35","20.42","58.47","90.51","86.28","88.04","14.2","95.48","30.24","68.83","100.01","90.85","89.81","13.96","92.86","24.41","59.0","85.75","78.85","77.12","11.13","84.77","14.7","48.83","76.54","74.53","11.11"
"2025-12-08","88.38","19.69","59.72","92.28","86.83","88.54","14.3","96.44","29.32","69.76","101.32","91.0","89.91","13.96","93.55","23.17","59.6","86.76","78.87","77.17","11.14","85.56","13.67","49.76","78.01","74.93","11.21"
"2025-12-09","89.41","18.98","60.95","94.02","87.36","89.04","14.4","97.37","28.4","70.66","102.58","91.14","89.99","13.97","94.23","21.96","60.18","87.75","78.89","77.23","11.16","86.33","12.66","50.68","79.48","75.34","11.31"
"2025-12-10","90.42","18.29","62.16","95.72","87.88","89.52","14.49","98.28","27.5","71.53","103.81","91.27","90.06","13.97","94.88","20.76","60.75","88.71","78.9","77.28","11.18","87.09","11.67","51.59","80.92","75.76","11.41"
"2025-12-11","91.42","17.62","63.35","97.4","88.39","90.0","14.58","99.16","26.61","72.37","104.99","91.38","90.12","13.97","95.52","19.58","61.3","89.65","78.91","77.33","11.2","87.84","10.72","52.5","82.36","76.17","11.51"
"2025-12-12","92.4","16.97","64.53","99.04","88.89","90.46","14.67","100.02","25.74","73.18","106.14","91.48","90.17","13.97","96.13","18.42","61.83","90.56","78.93","77.39","11.22","88.58","9.79","53.4","83.77","76.59","11.61"
"2025-12-13","93.36","16.34","65.68","100.65","89.38","90.9","14.75","100.86","24.87","73.97","107.25","91.56","90.21","13.97","96.73","17.27","62.35","91.46","78.94","77.44","11.24","89.31","8.89","54.28","85.17","77.01","11.71"
"2025-12-14","94.31","15.73","66.81","102.23","89.86","91.34","14.83","101.68","24.02","74.72","108.31","91.63","90.23","13.96","97.3","16.15","62.84","92.32","78.95","77.5","11.26","90.03","8.02","55.16","86.55","77.43","11.81"
"2025-12-15","95.25","15.14","67.92","103.77","90.33","91.76","14.91","102.47","23.17","75.45","109.34","91.69","90.24","13.95","97.86","15.05","63.32","93.17","78.96","77.56","11.29","90.73","7.18","56.03","87.92","77.85","11.91"
"2025-12-16","96.16","14.58","69.01","105.28","90.79","92.17","14.99","103.23","22.34","76.15","110.33","91.74","90.24","13.94","98.4","13.96","63.79","93.99","78.98","77.62","11.31","91.42","6.36","56.89","89.27","78.27","12.01"
"2025-12-17","97.06","14.03","70.08","106.76","91.23","92.57","15.06","103.97","21.53","76.81","111.27","91.77","90.23","13.93","98.92","12.9","64.23","94.79","78.99","77.68","11.33","92.1","5.58","57.75","90.59","78.7","12.11"
"2025-12-18","97.94","13.51","71.12","108.2","91.66","92.95","15.13","104.69","20.72","77.45","112.18","91.79","90.21","13.91","99.41","11.87","64.66","95.56","79.0","77.75","11.36","92.77","4.83","58.59","91.9","79.13","12.21"
"2025-12-19","98.81","13.01","72.14","109.6","92.08","93.32","15.19","105.38","19.93","78.06","113.04","91.8","90.18","13.9","99.89","10.85","65.08","96.31","79.02","77.81","11.38","93.42","4.1","59.42","93.19","79.55","12.31"
"2025-12-20","99.65","12.52","73.14","110.96","92.49","93.67","15.26","106.05","19.15","78.63","113.87","91.79","90.13","13.88","100.35","9.86","65.47","97.04","79.03","77.88","11.41","94.06","3.41","60.24","94.46","79.98","12.41"
"2025-12-21","100.48","12.06","74.11","112.29","92.88","94.01","15.32","106.69","18.39","79.18","114.65","91.78","90.08","13.86","100.79","8.89","65.85","97.74","79.05","77.95","11.43","94.69","2.74","61.05","95.71","80.4","12.51"
"2025-12-22","101.28","11.62","75.06","113.57","93.26","94.34","15.37","107.3","17.64","79.7","115.39","91.75","90.02","13.84","101.21","7.94","66.22","98.42","79.06","78.02","11.46","95.31","2.11","61.84","96.94","80.83","12.61"
"2025-12-23","102.07","11.19","75.98","114.82","93.63","94.65","15.42","107.89","16.9","80.18","116.09","91.7","89.94","13.81","101.61","7.02","66.57","99.07","79.08","78.1","11.49","95.91","1.5","62.63","98.14","81.26","12.71"
"2025-12-24","102.84","10.79","76.87","116.03","93.98","94.95","15.47","108.46","16.18","80.64","116.75","91.65","89.85","13.79","101.99","6.12","66.9","99.71","79.1","78.17","11.52","96.5","0.93","63.4","99.32","81.68","12.81"
"2025-12-25","103.58","10.41","77.74","117.2","94.32","95.23","15.52","108.99","15.48","81.06","117.37","91.58","89.76","13.76","102.35","5.25","67.21","100.32","79.12","78.25","11.55","97.07","0.38","64.16","100.48","82.1","12.91"
"2025-12-26","104.31","10.05","78.58","118.33","94.65","95.49","15.56","109.5","14.78","81.46","117.95","91.51","89.66","13.73","102.69","4.4","67.51","100.9","79.14","78.33","11.58","97.63","0","64.91","101.62","82.52","13.0"
"2025-12-27","105.01","9.71","79.4","119.41","94.96","95.74","15.6","109.99","14.11","81.82","118.48","91.42","89.54","13.7","103.01","3.58","67.8","101.46","79.16","78.42","11.61","98.18","0","65.65","102.73","82.94","13.1"
"2025-12-28","105.7","9.39","80.19","120.46","95.25","95.98","15.64","110.45","13.45","82.16","118.98","91.32","89.42","13.67","103.32","2.79","68.06","102.0","79.19","78.5","11.64","98.71","0","66.37","103.82","83.36","13.2"
"2025-12-29","106.36","9.09","80.95","121.46","95.53","96.2","15.67","110.88","12.8","82.46","119.43","91.21","89.29","13.64","103.6","2.02","68.32","102.52","79.22","78.59","11.67","99.23","0","67.08","104.88","83.78","13.29"
"2025-12-30","107.0","8.81","81.68","122.41","95.8","96.4","15.7","111.28","12.17","82.73","119.84","91.09","89.15","13.6","103.87","1.28","68.55","103.01","79.24","78.68","11.7","99.73","0","67.77","105.91","84.19","13.38"
"2025-12-31","107.62","8.55","82.38","123.33","96.05","96.59","15.72","111.66","11.56","82.98","120.22","90.96","89.0","13.57","104.11","0.57","68.77","103.48","79.28","78.78","11.74","100.22","0","68.45","106.92","84.6","13.48"
"2026-01-01","108.21","8.31","83.05","124.2","96.28","96.76","15.74","112.01","10.96","83.19","120.55","90.82","88.84","13.53","104.34","0","68.98","103.93","79.31","78.87","11.77","100.69","0","69.12","107.91","85.0","13.57"
"2026-01-02","108.78","8.08","83.69","125.03","96.5","96.91","15.76","112.33","10.38","83.37","120.84","90.67","88.68","13.49","104.54","0","69.17","104.35","79.34","78.97","11.81","101.15","0","69.77","108.86","85.4","13.66"
"2026-01-03","109.33","7.88","84.3","125.81","96.71","97.05","15.78","112.63","9.82","83.53","121.09","90.51","88.5","13.45","104.73","0","69.35","104.75","79.38","79.07","11.84","101.59","0","70.4","109.79","85.8","13.75"
"2026-01-04","109.85","7.7","84.88","126.55","96.89","97.17","15.79","112.9","9.27","83.65","121.3","90.34","88.32","13.41","104.9","0","69.51","105.13","79.42","79.18","11.88","102.02","0","71.02","110.69","86.19","13.84"
"2026-01-05","110.35","7.54","85.44","127.24","97.07","97.28","15.8","113.14","8.75","83.75","121.47","90.16","88.14","13.37","105.05","0","69.65","105.48","79.46","79.28","11.91","102.43","0","71.62","111.56","86.58","13.92"
"2026-01-06","110.83","7.39","85.95","127.88","97.22","97.37","15.8","113.35","8.24","83.81","121.6","89.97","87.94","13.33","105.18","0","69.79","105.81","79.5","79.39","11.95","102.82","0","72.2","112.4","86.96","14.01"
"2026-01-07","111.28","7.27","86.44","128.48","97.36","97.45","15.8","113.54","7.75","83.85","121.69","89.77","87.74","13.29","105.29","0","69.9","106.12","79.55","79.51","11.99","103.2","0","72.77","113.21","87.34","14.09"
"2026-01-08","111.71","7.16","86.9","129.03","97.48","97.5","15.8","113.7","7.27","83.86","121.75","89.57","87.54","13.24","105.39","0","70.0","106.4","79.6","79.62","12.03","103.56","0","73.32","113.99","87.71","14.17"
"2026-01-09","112.11","7.07","87.32","129.54","97.59","97.55","15.79","113.83","6.82","83.83","121.76","89.35","87.33","13.2","105.46","0","70.09","106.66","79.65","79.74","12.07","103.91","0","73.85","114.74","88.08","14.25"
"2026-01-10","112.48","7.01","87.72","130.0","97.68","97.57","15.78","113.94","6.39","83.78","121.73","89.13","87.11","13.15","105.52","0","70.17","106.9","79.7","79.85","12.1","104.23","0","74.37","115.46","88.44","14.33"
"2026-01-11","112.84","6.96","88.08","130.41","97.76","97.58","15.77","114.02","5.97","83.7","121.67","88.9","86.89","13.11","105.56","0","70.23","107.11","79.76","79.97","12.14","104.55","0","74.86","116.15","88.79","14.4"
"2026-01-12","113.16","6.93","88.4","130.78","97.81","97.57","15.76","114.07","5.58","83.6","121.57","88.67","86.66","13.06","105.58","0","70.27","107.31","79.82","80.1","12.18","104.84","0","75.34","116.8","89.13","14.48"
"2026-01-13","113.46","6.91","88.7","131.1","97.85","97.55","15.74","114.09","5.2","83.46","121.43","88.43","86.43","13.01","105.58","0","70.3","107.47","79.88","80.22","12.23","105.12","0","75.79","117.42","89.47","14.55"
"2026-01-14","113.73","6.92","88.96","131.37","97.88","97.51","15.71","114.09","4.84","83.3","121.25","88.18","86.19","12.96","105.57","0","70.32","107.62","79.94","80.35","12.27","105.38","0","76.23","118.01","89.8","14.62"
"2026-01-15","113.98","6.94","89.18","131.59","97.89","97.45","15.69","114.06","4.51","83.11","121.03","87.92","85.95","12.92","105.54","0","70.32","107.74","80.0","80.48","12.31","105.62","0","76.65","118.56","90.12","14.69"
"2026-01-16","114.2","6.99","89.38","131.76","97.88","97.38","15.66","114.01","4.19","82.89","120.78","87.66","85.7","12.87","105.49","0","70.31","107.84","80.07","80.61","12.35","105.84","0","77.05","119.08","90.44","14.75"
"2026-01-17","114.39","7.05","89.54","131.89","97.86","97.3","15.63","113.93","3.9","82.65","120.49","87.39","85.45","12.82","105.42","0","70.29","107.92","80.14","80.74","12.39","106.05","0","77.42","119.56","90.74","14.82"
"2026-01-18","114.56","7.12","89.67","131.97","97.82","97.19","15.59","113.82","3.63","82.38","120.17","87.12","85.2","12.77","105.33","0","70.25","107.97","80.21","80.87","12.43","106.24","0","77.78","120.01","91.04","14.88"
"2026-01-19","114.7","7.22","89.76","132.0","97.76","97.07","15.55","113.68","3.38","82.08","119.81","86.84","84.94","12.72","105.23","0","70.2","108.0","80.28","81.01","12.47","106.41","0","78.11","120.43","91.33","14.94"
"2026-01-20","114.81","7.33","89.82","131.98","97.69","96.94","15.51","113.52","3.15","81.76","119.41","86.56","84.68","12.67","105.11","0","70.13","108.01","80.36","81.14","12.52","106.56","0","78.42","120.8","91.6","14.99"
"2026-01-21","114.89","7.47","89.84","131.92","97.6","96.79","15.46","113.34","2.94","81.41","118.98","86.28","84.42","12.62","104.97","0","70.06","107.99","80.44","81.28","12.56","106.69","0","78.71","121.15","91.87","15.05"
"2026-01-22","114.95","7.61","89.83","131.8","97.49","96.62","15.42","113.13","2.75","81.04","118.52","85.98","84.16","12.57","104.82","0","69.96","107.96","80.51","81.42","12.6","106.81","0","78.98","121.45","92.13","15.1"
"2026-01-23","114.98","7.78","89.79","131.64","97.37","96.44","15.36","112.89","2.59","80.64","118.02","85.69","83.89","12.52","104.64","0","69.86","107.89","80.59","81.56","12.64","106.9","0","79.22","121.72","92.38","15.15"
"2026-01-24","114.99","7.96","89.72","131.43","97.23","96.25","15.31","112.63","2.45","80.22","117.48","85.39","83.63","12.47","104.46","0","69.74","107.81","80.68","81.69","12.69","106.98","0","79.44","121.95","92.61","15.19"
"2026-01-25","114.96","8.16","89.61","131.17","97.08","96.04","15.25","112.34","2.33","79.77","116.92","85.09","83.36","12.43","104.25","0","69.61","107.7","80.76","81.83","12.73","107.03","0","79.64","122.14","92.84","15.23"
"2026-01-26","114.91","8.38","89.46","130.87","96.91","95.82","15.19","112.03","2.24","79.3","116.32","84.78","83.09","12.38","104.03","0","69.46","107.57","80.84","81.97","12.77","107.07","0","79.82","122.29","93.05","15.27"
"2026-01-27","114.83","8.62","89.28","130.52","96.73","95.58","15.13","111.69","2.17","78.81","115.69","84.47","82.81","12.33","103.79","0","69.31","107.41","80.93","82.11","12.81","107.09","0","79.97","122.41","93.26","15.31"
"2026-01-28","114.72","8.87","89.07","130.12","96.53","95.33","15.07","111.33","2.12","78.29","115.02","84.16","82.54","12.28","103.54","0","69.13","107.24","81.02","82.25","12.85","107.09","0","80.09","122.48","93.45","15.35"
"2026-01-29","114.59","9.13","88.82","129.67","96.31","95.06","15.0","110.94","2.1","77.75","114.33","83.85","82.27","12.23","103.27","0","68.95","107.03","81.11","82.39","12.89","107.06","0.45","80.2","122.52","93.63","15.38"
"2026-01-30","114.42","9.42","88.54","129.18","96.08","94.78","14.93","110.53","2.1","77.19","113.6","83.53","81.99","12.18","102.98","0","68.75","106.81","81.2","82.53","12.93","107.02","0.96","80.27","122.52","93.79","15.41"
"2026-01-31","114.23","9.72","88.23","128.64","95.84","94.49","14.86","110.1","2.12","76.61","112.85","83.22","81.72","12.13","102.68","0","68.54","106.56","81.29","82.67","12.97","106.96","1.5","80.33","122.48","93.95","15.43"
"2026-02-01","114.01","10.04","87.88","128.05","95.58","94.18","14.78","109.64","2.17","76.0","112.06","82.9","81.45","12.09","102.36","0","68.32","106.29","81.38","82.81","13.01","106.88","2.07","80.35","122.4","94.09","15.45"
"2026-02-02","113.76","10.37","87.5","127.42","95.31","93.86","14.7","109.16","2.24","75.37","111.25","82.58","81.17","12.04","102.03","0","68.08","106.0","81.47","82.94","13.05","106.78","2.66","80.35","122.27","94.22","15.47"
"2026-02-03","113.49","10.72","87.09","126.74","95.02","93.53","14.62","108.66","2.34","74.73","110.4","82.26","80.9","11.99","101.68","0","67.84","105.68","81.56","83.08","13.09","106.65","3.27","80.33","122.11","94.33","15.49"
"2026-02-04","113.19","11.09","86.64","126.02","94.72","93.18","14.54","108.13","2.46","74.06","109.53","81.94","80.63","11.95","101.32","0","67.57","105.34","81.65","83.21","13.13","106.51","3.91","80.28","121.91","94.44","15.5"
"2026-02-05","112.86","11.47","86.16","125.25","94.41","92.83","14.46","107.58","2.61","73.38","108.63","81.61","80.36","11.9","100.94","0","67.3","104.97","81.74","83.34","13.17","106.34","4.57","80.2","121.66","94.53","15.51"
"2026-02-06","112.5","11.86","85.65","124.43","94.08","92.46","14.37","107.01","2.78","72.67","107.7","81.29","80.09","11.86","100.54","0","67.01","104.58","81.83","83.47","13.2","106.16","5.25","80.1","121.38","94.6","15.52"
"2026-02-07","112.12","12.28","85.11","123.58","93.74","92.08","14.28","106.42","2.98","71.95","106.74","80.97","79.82","11.81","100.13","0","66.71","104.17","81.92","83.6","13.24","105.95","5.95","79.97","121.05","94.67","15.52"
"2026-02-08","111.71","12.71","84.53","122.67","93.38","91.69","14.19","105.8","3.2","71.2","105.76","80.65","79.55","11.77","99.71","0","66.4","103.73","82.01","83.73","13.27","105.73","6.68","79.82","120.68","94.71","15.52"
"2026-02-09","111.27","13.15","83.92","121.73","93.01","91.28","14.1","105.17","3.45","70.44","104.76","80.33","79.29","11.72","99.27","0","66.07","103.27","82.1","83.85","13.31","105.48","7.43","79.63","120.28","94.75","15.52"
"2026-02-10","110.8","13.61","83.28","120.74","92.63","90.87","14.01","104.51","3.72","69.66","103.72","80.01","79.03","11.68","98.81","0","65.73","102.79","82.19","83.97","13.34","105.21","8.2","79.42","119.83","94.77","15.52"
"2026-02-11","110.31","14.09","82.61","119.71","92.24","90.45","13.91","103.84","4.02","68.87","102.67","79.69","78.76","11.64","98.35","0","65.38","102.28","82.27","84.08","13.37","104.92","9.0","79.19","119.33","94.77","15.51"
"2026-02-12","109.79","14.58","81.91","118.64","91.84","90.01","13.81","103.14","4.35","68.06","101.58","79.37","78.5","11.6","97.86","0","65.01","101.75","82.36","84.2","13.4","104.61","9.81","78.92","118.8","94.76","15.49"
"2026-02-13","109.24","15.08","81.18","117.52","91.42","89.57","13.71","102.43","4.7","67.23","100.48","79.06","78.25","11.56","97.37","0.17","64.63","101.19","82.44","84.31","13.43","104.28","10.64","78.63","118.23","94.74","15.48"
"2026-02-14","108.67","15.6","80.41","116.37","91.0","89.12","13.61","101.69","5.08","66.39","99.35","78.74","77.99","11.52","96.86","0.89","64.24","100.61","82.52","84.41","13.46","103.93","11.5","78.31","117.61","94.7","15.46"
"2026-02-15","108.07","16.14","79.62","115.17","90.56","88.66","13.51","100.94","5.48","65.53","98.2","78.43","77.74","11.48","96.33","1.63","63.84","100.01","82.6","84.52","13.49","103.55","12.37","77.96","116.95","94.65","15.43"
"2026-02-16","107.44","16.69","78.8","113.94","90.11","88.19","13.41","100.17","5.91","64.65","97.03","78.12","77.49","11.44","95.79","2.41","63.42","99.38","82.68","84.61","13.51","103.16","13.26","77.59","116.25","94.58","15.41"
"2026-02-17","106.79","17.26","77.95","112.66","89.65","87.71","13.3","99.38","6.36","63.76","95.83","77.81","77.25","11.4","95.24","3.22","62.99","98.73","82.75","84.71","13.54","102.74","14.17","77.18","115.51","94.5","15.38"
"2026-02-18","106.12","17.84","77.07","111.35","89.18","87.22","13.2","98.57","6.85","62.86","94.61","77.5","77.0","11.37","94.68","4.05","62.54","98.06","82.82","84.79","13.56","102.3","15.1","76.75","114.72","94.4","15.35"
"2026-02-19","105.41","18.43","76.16","110.0","88.71","86.73","13.09","97.74","7.35","61.95","93.38","77.2","76.76","11.33","94.1","4.92","62.08","97.36","82.89","84.88","13.58","101.84","16.04","76.29","113.9","94.29","15.31"
"2026-02-20","104.69","19.04","75.22","108.61","88.22","86.23","12.98","96.9","7.89","61.02","92.12","76.9","76.53","11.3","93.5","5.81","61.61","96.63","82.96","84.95","13.6","101.36","17.01","75.81","113.03","94.16","15.27"
"2026-02-21","103.94","19.67","74.26","107.18","87.72","85.72","12.87","96.04","8.45","60.08","90.84","76.6","76.29","11.26","92.9","6.73","61.13","95.88","83.02","85.03","13.62","100.86","17.99","75.29","112.13","94.02","15.23"
"2026-02-22","103.16","20.31","73.27","105.72","87.22","85.21","12.76","95.16","9.03","59.12","89.55","76.3","76.06","11.23","92.28","7.68","60.63","95.11","83.08","85.09","13.63","100.33","18.98","74.75","111.18","93.86","15.18"
"2026-02-23","102.36","20.96","72.25","104.23","86.71","84.69","12.65","94.27","9.65","58.16","88.23","76.01","75.84","11.19","91.65","8.66","60.12","94.31","83.13","85.15","13.65","99.79","19.99","74.18","110.19","93.69","15.13"
"2026-02-24","101.53","21.63","71.21","102.69","86.19","84.16","12.54","93.36","10.29","57.18","86.9","75.72","75.61","11.16","91.0","9.66","59.6","93.49","83.18","85.21","13.66","99.22","21.02","73.58","109.16","93.5","15.08"
"2026-02-25","100.69","22.31","70.14","101.13","85.66","83.63","12.43","92.44","10.95","56.19","85.55","75.44","75.39","11.13","90.35","10.69","59.06","92.65","83.23","85.26","13.67","98.63","22.06","72.95","108.08","93.3","15.02"
"2026-02-26","99.81","23.01","69.05","99.53","85.12","83.1","12.32","91.5","11.64","55.19","84.19","75.16","75.18","11.1","89.68","11.75","58.51","91.78","83.27","85.3","13.68","98.02","23.12","72.3","106.97","93.08","14.96"
"2026-02-27","98.92","23.72","67.93","97.9","84.58","82.55","12.2","90.55","12.36","54.19","82.8","74.88","74.96","11.07","88.99","12.83","57.95","90.88","83.31","85.33","13.69","97.39","24.19","71.61","105.82","92.84","14.9"
"2026-02-28","98.0","24.45","66.79","96.24","84.03","82.01","12.09","89.59","13.1","53.17","81.4","74.6","74.75","11.04","88.3","13.94","57.37","89.96","83.34","85.36","13.7","96.74","25.27","70.9","104.63","92.6","14.83"
"2026-03-01","97.06","25.18","65.62","94.54","83.48","81.46","11.98","88.61","13.87","52.14","79.99","74.33","74.55","11.01","87.59","15.08","56.78","89.02","83.36","85.38","13.7","96.07","26.37","70.17","103.4","92.33","14.76"
"2026-03-02","96.1","25.94","64.43","92.82","82.92","80.91","11.86","87.62","14.66","51.11","78.56","74.07","74.35","10.99","86.87","16.23","56.17","88.05","83.39","85.39","13.7","95.38","27.48","69.4","102.13","92.05","14.69"
"2026-03-03","95.12","26.7","63.22","91.07","82.36","80.35","11.75","86.61","15.48","50.06","77.12","73.8","74.15","10.96","86.14","17.42","55.55","87.06","83.4","85.4","13.7","94.66","28.6","68.61","100.82","91.76","14.61"
"2026-03-04","94.11","27.48","61.99","89.28","81.79","79.8","11.63","85.59","16.33","49.01","75.66","73.55","73.96","10.93","85.4","18.62","54.92","86.04","83.41","85.39","13.7","93.93","29.73","67.79","99.47","91.45","14.54"
"2026-03-05","93.09","28.28","60.74","87.47","81.21","79.24","11.52","84.56","17.2","47.95","74.19","73.29","73.77","10.91","84.65","19.85","54.28","85.0","83.41","85.38","13.69","93.17","30.88","66.94","98.08","91.13","14.45"
"2026-03-06","92.04","29.09","59.46","85.64","80.63","78.67","11.4","83.52","18.09","46.88","72.7","73.04","73.58","10.88","83.88","21.1","53.62","83.94","83.41","85.36","13.68","92.4","32.04","66.07","96.65","90.8","14.37"
"2026-03-07","90.98","29.91","58.17","83.78","80.05","78.11","11.29","82.47","19.01","45.81","71.2","72.8","73.4","10.86","83.1","22.37","52.94","82.85","83.4","85.33","13.67","91.6","33.2","65.16","95.19","90.45","14.28"
"2026-03-08","89.89","30.74","56.86","81.89","79.47","77.54","11.18","81.41","19.96","44.73","69.69","72.55","73.22","10.84","82.31","23.67","52.26","81.73","83.38","85.29","13.66","90.78","34.38","64.24","93.69","90.08","14.19"
"2026-03-09","88.79","31.59","55.53","79.98","78.88","76.98","11.06","80.33","20.93","43.64","68.17","72.32","73.04","10.81","81.51","24.98","51.56","80.6","83.36","85.25","13.65","89.95","35.56","63.28","92.16","89.7","14.1"
"2026-03-10","87.67","32.45","54.18","78.04","78.29","76.41","10.95","79.25","21.92","42.55","66.64","72.08","72.87","10.79","80.7","26.32","50.84","79.43","83.33","85.19","13.63","89.09","36.76","62.3","90.58","89.31","14.0"
"2026-03-11","86.53","33.33","52.81","76.08","77.7","75.84","10.84","78.16","22.94","41.46","65.1","71.86","72.7","10.77","79.88","27.67","50.11","78.25","83.29","85.13","13.61","88.21","37.96","61.3","88.97","88.91","13.9"
"2026-03-12","85.37","34.21","51.43","74.1","77.1","75.28","10.72","77.06","23.98","40.35","63.54","71.63","72.53","10.75","79.05","29.05","49.37","77.04","83.25","85.05","13.59","87.32","39.18","60.27","87.33","88.49","13.8"
"2026-03-13","84.19","35.12","50.03","72.1","76.51","74.71","10.61","75.95","25.05","39.25","61.98","71.41","72.37","10.73","78.2","30.44","48.61","75.8","83.19","84.97","13.57","86.4","40.4","59.21","85.65","88.06","13.7"
"2026-03-14","83.0","36.03","48.62","70.08","75.91","74.14","10.5","74.83","26.14","38.14","60.4","71.2","72.21","10.71","77.35","31.85","47.84","74.54","83.13","84.88","13.54","85.47","41.62","58.13","83.94","87.61","13.59"
"2026-03-15","81.79","36.96","47.19","68.04","75.31","73.58","10.39","73.7","27.25","37.02","58.82","70.98","72.06","10.69","76.48","33.27","47.06","73.26","83.06","84.77","13.51","84.52","42.86","57.02","82.19","87.15","13.48"
"2026-03-16","80.56","37.9","45.74","65.98","74.71","73.02","10.28","72.57","28.39","35.91","57.23","70.78","71.91","10.67","75.61","34.72","46.26","71.95","82.98","84.66","13.48","83.54","44.1","55.89","80.41","86.68","13.37"
"2026-03-17","79.32","38.85","44.28","63.9","74.12","72.46","10.17","71.43","29.55","34.78","55.63","70.57","71.76","10.65","74.72","36.18","45.45","70.63","82.9","84.53","13.45","82.55","45.35","54.74","78.6","86.2","13.25"
"2026-03-18","78.07","39.81","42.82","61.81","73.52","71.9","10.06","70.28","30.73","33.66","54.02","70.38","71.61","10.63","73.83","37.65","44.62","69.27","82.8","84.4","13.41","81.55","46.6","53.56","76.76","85.7","13.14"
"2026-03-19","76.8","40.79","41.33","59.7","72.92","71.34","9.95","69.13","31.93","32.53","52.41","70.18","71.47","10.62","72.92","39.14","43.78","67.9","82.7","84.26","13.37","80.52","47.86","52.36","74.88","85.2","13.02"
"2026-03-20","75.52","41.78","39.84","57.58","72.33","70.79","9.85","67.97","33.15","31.4","50.79","69.99","71.33","10.6","72.01","40.65","42.92","66.5","82.59","84.1","13.33","79.48","49.12","51.13","72.98","84.68","12.9"
"2026-03-21","74.22","42.78","38.34","55.44","71.74","70.24","9.74","66.8","34.4","30.27","49.16","69.8","71.19","10.58","71.08","42.16","42.06","65.07","82.47","83.93","13.29","78.41","50.39","49.89","71.04","84.15","12.77"
"2026-03-22","72.91","43.8","36.82","53.29","71.14","69.69","9.64","65.63","35.67","29.14","47.52","69.62","71.05","10.56","70.15","43.69","41.17","63.63","82.34","83.76","13.24","77.34","51.67","48.62","69.08","83.61","12.65"
"2026-03-23","71.59","44.82","35.3","51.13","70.56","69.15","9.53","64.46","36.95","28.01","45.88","69.44","70.92","10.55","69.2","45.24","40.28","62.16","82.2","83.57","13.19","76.24","52.94","47.33","67.09","83.06","12.52"
"2026-03-24","70.25","45.86","33.77","48.96","69.97","68.61","9.43","63.28","38.26","26.87","44.23","69.27","70.79","10.53","68.25","46.79","39.37","60.67","82.05","83.37","13.14","75.13","54.22","46.02","65.07","82.49","12.39"
"2026-03-25","68.91","46.91","32.23","46.77","69.39","68.08","9.33","62.09","39.59","25.74","42.58","69.1","70.66","10.51","67.29","48.36","38.44","59.15","81.89","83.16","13.09","74.0","55.51","44.68","63.02","81.92","12.26"
"2026-03-26","67.55","47.97","30.68","44.58","68.81","67.55","9.23","60.91","40.94","24.6","40.92","68.93","70.53","10.5","66.32","49.93","37.51","57.62","81.72","82.94","13.03","72.85","56.79","43.33","60.95","81.34","12.13"
"2026-03-27","66.19","49.05","29.12","42.38","68.23","67.03","9.13","59.72","42.3","23.46","39.26","68.77","70.41","10.48","65.34","51.52","36.56","56.06","81.54","82.71","12.97","71.69","58.08","41.96","58.85","80.75","11.99"
"2026-03-28","64.81","50.13","27.56","40.17","67.66","66.51","9.04","58.52","43.68","22.33","37.6","68.61","70.29","10.46","64.35","53.11","35.59","54.48","81.35","82.47","12.91","70.52","59.37","40.57","56.72","80.15","11.86"
"2026-03-29","63.43","51.23","26.0","37.96","67.09","65.99","8.94","57.33","45.09","21.19","35.93","68.45","70.17","10.45","63.35","54.71","34.61","52.88","81.15","82.21","12.84","69.33","60.67","39.16","54.57","79.54","11.72"
"2026-03-30","62.03","52.34","24.43","35.74","66.52","65.48","8.85","56.13","46.51","20.06","34.25","68.29","70.04","10.43","62.34","56.32","33.62","51.26","80.94","81.95","12.78","68.12","61.96","37.73","52.4","78.93","11.58"
"2026-03-31","60.63","53.46","22.86","33.51","65.97","64.98","8.76","54.93","47.94","18.92","32.58","68.14","69.93","10.41","61.33","57.94","32.61","49.61","80.72","81.67","12.71","66.9","63.26","36.28","50.21","78.3","11.44"
"2026-04-01","59.22","54.59","21.28","31.28","65.41","64.49","8.67","53.73","49.4","17.79","30.9","67.99","69.81","10.4","60.31","59.56","31.6","47.95","80.5","81.39","12.63","65.67","64.55","34.82","48.0","77.67","11.3"
"2026-04-02","57.81","55.73","19.7","29.05","64.86","64.0","8.58","52.53","50.87","16.65","29.21","67.85","69.69","10.38","59.28","61.19","30.56","46.26","80.26","81.09","12.56","64.42","65.85","33.34","45.76","77.03","11.16"
"2026-04-03","56.39","56.88","18.12","26.81","64.32","63.51","8.49","51.33","52.35","15.52","27.53","67.71","69.57","10.36","58.24","62.82","29.52","44.56","80.01","80.78","12.48","63.16","67.15","31.84","43.51","76.38","11.01"
"2026-04-04","54.96","58.04","16.54","24.58","63.79","63.04","8.4","50.12","53.85","14.39","25.84","67.57","69.46","10.34","57.19","64.46","28.46","42.83","79.75","80.46","12.4","61.89","68.44","30.33","41.23","75.73","10.87"
"2026-04-05","53.53","59.21","14.95","22.34","63.26","62.57","8.32","48.92","55.37","13.26","24.15","67.43","69.34","10.33","56.14","66.1","27.39","41.09","79.48","80.13","12.32","60.6","69.74","28.8","38.94","75.07","10.72"
"2026-04-06","52.09","60.4","13.37","20.1","62.73","62.11","8.24","47.72","56.9","12.13","22.46","67.29","69.23","10.31","55.08","67.75","26.3","39.33","79.2","79.78","12.23","59.31","71.03","27.26","36.63","74.4","10.57"
"2026-04-07","50.65","61.59","11.79","17.87","62.22","61.65","8.15","46.51","58.44","11.01","20.77","67.16","69.11","10.29","54.01","69.4","25.21","37.54","78.91","79.43","12.15","58.0","72.33","25.71","34.31","73.73","10.43"
"2026-04-08","49.2","62.79","10.21","15.63","61.71","61.21","8.08","45.31","60.0","9.89","19.07","67.03","69.0","10.27","52.94","71.04","24.1","35.74","78.6","79.06","12.06","56.68","73.62","24.14","31.97","73.06","10.28"
"2026-04-09","47.76","64.0","8.63","13.4","61.2","60.77","8.0","44.11","61.57","8.77","17.38","66.9","68.88","10.25","51.85","72.69","22.98","33.92","78.29","78.69","11.96","55.35","74.91","22.56","29.62","72.38","10.13"
"2026-04-10","46.31","65.22","7.05","11.17","60.71","60.34","7.92","42.91","63.15","7.65","15.69","66.77","68.76","10.23","50.77","74.34","21.84","32.09","77.97","78.3","11.87","54.01","76.2","20.97","27.25","71.69","9.98"
"2026-04-11","44.86","66.46","5.48","8.95","60.22","59.91","7.85","41.71","64.74","6.53","13.99","66.64","68.65","10.21","49.67","75.99","20.7","30.23","77.64","77.91","11.77","52.66","77.49","19.36","24.87","71.0","9.83"
"2026-04-12","43.4","67.69","3.91","6.73","59.74","59.5","7.78","40.52","66.34","5.42","12.3","66.51","68.53","10.18","48.57","77.64","19.54","28.36","77.3","77.5","11.67","51.3","78.77","17.75","22.48","70.31","9.68"
"2026-04-13","41.95","68.94","2.35","4.52","59.27","59.09","7.71","39.33","67.95","4.31","10.6","66.39","68.41","10.16","47.47","79.29","18.37","26.47","76.94","77.08","11.57","49.93","80.06","16.13","20.08","69.62","9.53"
"2026-04-14","40.5","70.2","0.79","2.32","58.81","58.69","7.64","38.14","69.58","3.21","8.91","66.26","68.29","10.14","46.35","80.93","17.19","24.57","76.58","76.65","11.47","48.55","81.33","14.49","17.67","68.92","9.38"
"2026-04-15","39.05","71.47","0","0.12","58.35","58.31","7.57","36.95","71.21","2.11","7.21","66.14","68.17","10.11","45.24","82.58","16.0","22.65","76.21","76.21","11.36","47.17","82.61","12.85","15.25","68.22","9.23"
"2026-04-16","37.59","72.74","0","0","57.91","57.92","7.51","35.77","72.85","1.01","5.52","66.02","68.05","10.09","44.11","84.22","14.79","20.72","75.83","75.77","11.25","45.78","83.88","11.21","12.83","67.52","9.08"
"2026-04-17","36.14","74.02","0","0","57.47","57.55","7.44","34.59","74.5","0","3.83","65.9","67.92","10.06","42.98","85.85","13.58","18.77","75.43","75.31","11.14","44.38","85.15","9.55","10.39","66.82","8.93"
"2026-04-18","34.7","75.31","0","0","57.04","57.19","7.38","33.41","76.15","0","2.14","65.77","67.79","10.04","41.85","87.48","12.35","16.8","75.03","74.84","11.03","42.97","86.41","7.89","7.96","66.11","8.79"
"2026-04-19","33.25","76.6","0","0","56.62","56.84","7.32","32.24","77.81","0","0.45","65.65","67.66","10.01","40.71","89.1","11.12","14.83","74.62","74.36","10.92","41.56","87.67","6.22","5.51","65.41","8.64"
"2026-04-20","31.81","77.91","0","0","56.21","56.49","7.27","31.07","79.48","0","0","65.53","67.53","9.98","39.57","90.72","9.88","12.84","74.2","73.88","10.8","40.14","88.93","4.55","3.07","64.71","8.49"
"2026-04-21","31.02","78.49","0","0","55.81","56.15","7.21","30.55","80.42","0","0","65.4","67.4","9.95","39.07","91.6","9.31","11.87","73.77","73.38","10.68","39.37","89.45","3.56","1.65","64.01","8.34"
"2026-04-22","30.88","78.34","0","0","55.42","55.83","7.16","30.68","80.63","0","0","65.28","67.26","9.92","39.21","91.75","9.42","11.92","73.33","72.88","10.56","39.23","89.23","3.26","1.27","63.3","8.19"
"2026-04-23","30.74","78.2","0","0","55.04","55.51","7.11","30.82","80.85","0","0","65.16","67.12","9.89","39.35","91.88","9.53","11.96","72.88","72.36","10.44","39.09","89.01","2.95","0.88","62.6","8.05"
"2026-04-24","30.6","78.07","0","0","54.66","55.2","7.06","30.96","81.08","0","0","65.03","66.98","9.86","39.48","92.01","9.62","11.98","72.42","71.84","10.32","38.95","88.79","2.64","0.5","61.9","7.9"
"2026-04-25","30.47","77.94","0","0","54.3","54.9","7.01","31.11","81.3","0","0","64.9","66.84","9.82","39.6","92.13","9.7","12.0","71.95","71.31","10.19","38.8","88.56","2.33","0.11","61.21","7.76"
"2026-04-26","30.35","77.82","0","0","53.95","54.61","6.96","31.26","81.53","0","0.04","64.78","66.69","9.79","39.72","92.24","9.78","12.0","71.48","70.78","10.07","38.65","88.32","2.01","0","60.51","7.61"
"2026-04-27","30.23","77.71","0","0","53.6","54.33","6.92","31.41","81.77","0","0.43","64.65","66.53","9.75","39.84","92.35","9.84","11.99","70.99","70.23","9.94","38.5","88.09","1.7","0","59.82","7.47"
"2026-04-28","30.11","77.61","0","0","53.27","54.05","6.87","31.57","82.01","0","0.81","64.52","66.38","9.71","39.95","92.45","9.89","11.96","70.5","69.68","9.81","38.34","87.85","1.38","0","59.13","7.33"
"2026-04-29","30.0","77.52","0","0","52.95","53.79","6.83","31.73","82.25","0","1.2","64.38","66.22","9.67","40.06","92.54","9.93","11.93","70.0","69.12","9.68","38.17","87.61","1.06","0","58.45","7.19"
"2026-04-30","29.9","77.43","0","0","52.63","53.54","6.79","31.89","82.49","0","1.58","64.25","66.06","9.63","40.16","92.62","9.97","11.88","69.49","68.55","9.55","38.01","87.36","0.74","0","57.77","7.05"
"2026-05-01","29.8","77.35","0","0","52.33","53.29","6.75","32.06","82.74","0","1.97","64.11","65.89","9.59","40.26","92.69","9.99","11.82","68.97","67.98","9.42","37.84","87.11","0.41","0","57.1","6.91"
"2026-05-02","29.71","77.28","0","0","52.04","53.05","6.72","32.23","82.98","0","2.35","63.97","65.72","9.55","40.35","92.76","10.0","11.74","68.45","67.4","9.28","37.67","86.86","0.09","0","56.43","6.78"
"2026-05-03","29.62","77.21","0","0","51.75","52.83","6.68","32.4","83.24","0.03","2.73","63.83","65.54","9.51","40.43","92.82","10.0","11.66","67.92","66.81","9.15","37.49","86.61","0","0","55.76","6.64"
"2026-05-04","29.54","77.16","0","0","51.48","52.61","6.65","32.58","83.49","0.36","3.1","63.69","65.36","9.46","40.51","92.87","9.99","11.56","67.38","66.22","9.01","37.32","86.36","0","0","55.1","6.51"
"2026-05-05","29.46","77.11","0","0","51.22","52.4","6.62","32.75","83.74","0.68","3.47","63.54","65.18","9.42","40.59","92.91","9.97","11.45","66.84","65.62","8.88","37.14","86.1","0","0","54.45","6.38"
"2026-05-06","29.39","77.07","0","0","50.96","52.2","6.59","32.93","84.0","1.0","3.84","63.39","64.99","9.37","40.65","92.95","9.94","11.33","66.29","65.02","8.74","36.95","85.85","0","0","53.8","6.25"
"2026-05-07","29.32","77.04","0","0","50.72","52.0","6.56","33.12","84.25","1.32","4.21","63.24","64.79","9.32","40.72","92.97","9.9","11.2","65.73","64.42","8.6","36.77","85.59","0","0","53.16","6.12"
"2026-05-08","29.26","77.02","0","0","50.48","51.82","6.54","33.3","84.51","1.64","4.57","63.08","64.59","9.27","40.77","92.99","9.85","11.05","65.17","63.81","8.46","36.58","85.33","0","0","52.53","6.0"
"2026-05-09","29.21","77.01","0","0","50.26","51.64","6.51","33.49","84.77","1.96","4.92","62.92","64.39","9.22","40.82","93.0","9.79","10.89","64.6","63.19","8.32","36.4","85.07","0","0","51.91","5.88"
"2026-05-10","29.16","77.0","0","0","50.05","51.48","6.49","33.68","85.03","2.27","5.27","62.76","64.18","9.16","40.87","93.0","9.72","10.73","64.03","62.57","8.18","36.21","84.82","0","0","51.29","5.75"
"2026-05-11","29.12","77.0","0","0","49.84","51.32","6.46","33.87","85.29","2.59","5.62","62.59","63.97","9.11","40.9","92.99","9.63","10.55","63.45","61.95","8.04","36.02","84.56","0","0","50.68","5.64"
"2026-05-12","29.08","77.01","0","0","49.65","51.17","6.44","34.06","85.54","2.9","5.96","62.42","63.75","9.05","40.93","92.98","9.54","10.36","62.87","61.32","7.9","35.83","84.3","0","0","50.09","5.52"
"2026-05-13","29.05","77.03","0","0","49.46","51.02","6.42","34.25","85.8","3.2","6.29","62.25","63.52","9.0","40.96","92.95","9.44","10.16","62.29","60.7","7.76","35.63","84.04","0","0","49.5","5.4"
"2026-05-14","29.03","77.06","0","0","49.28","50.89","6.4","34.44","86.06","3.51","6.62","62.07","63.3","8.94","40.98","92.92","9.33","9.95","61.7","60.07","7.62","35.44","83.79","0","0","48.92","5.29"
"2026-05-15","29.02","77.1","0","0","49.12","50.76","6.39","34.63","86.31","3.81","6.94","61.89","63.06","8.88","40.99","92.88","9.21","9.72","61.1","59.43","7.48","35.25","83.53","0","0","48.34","5.18"
"2026-05-16","29.0","77.14","0","0","48.96","50.64","6.37","34.83","86.57","4.1","7.25","61.7","62.82","8.82","41.0","92.83","9.08","9.49","60.5","58.8","7.34","35.05","83.28","0","0","47.78","5.07"
"2026-05-17","29.0","77.19","0","0","48.81","50.53","6.36","35.02","86.82","4.39","7.55","61.51","62.58","8.75","41.0","92.77","8.94","9.25","59.9","58.17","7.2","34.86","83.03","0","0","47.23","4.97"
"2026-05-18","29.0","77.25","0","0","48.67","50.42","6.34","35.21","87.07","4.68","7.85","61.32","62.33","8.69","40.99","92.71","8.79","9.0","59.3","57.53","7.06","34.67","82.78","0","0","46.69","4.87"
"2026-05-19","29.01","77.32","0","0","48.54","50.32","6.33","35.41","87.32","4.96","8.14","61.12","62.07","8.62","40.98","92.63","8.63","8.74","58.7","56.9","6.92","34.47","82.53","0","0","46.16","4.77"
"2026-05-20","29.02","77.4","0","0","48.42","50.23","6.32","35.6","87.56","5.24","8.42","60.92","61.81","8.56","40.96","92.55","8.46","8.47","58.09","56.26","6.78","34.28","82.29","0","0","45.65","4.67"
"2026-05-21","29.05","77.48","0","0","48.3","50.15","6.31","35.79","87.81","5.51","8.69","60.71","61.54","8.49","40.94","92.46","8.29","8.19","57.48","55.63","6.64","34.09","82.05","0","0","45.14","4.58"
"2026-05-22","29.07","77.57","0","0","48.2","50.07","6.3","35.98","88.05","5.78","8.95","60.5","61.27","8.42","40.91","92.37","8.1","7.9","56.87","54.99","6.5","33.9","81.81","0","0","44.64","4.49"
"2026-05-23","29.1","77.67","0","0","48.1","50.0","6.29","36.17","88.28","6.04","9.21","60.28","60.99","8.35","40.87","92.26","7.91","7.61","56.26","54.36","6.36","33.71","81.57","0","0","44.16","4.4"
"2026-05-24","29.14","77.78","0","0","48.01","49.93","6.28","36.36","88.52","6.29","9.45","60.06","60.71","8.27","40.83","92.15","7.71","7.3","55.65","53.73","6.23","33.52","81.34","0","0","43.69","4.31"
"2026-05-25","29.19","77.89","0","0","47.93","49.87","6.27","36.55","88.75","6.54","9.68","59.84","60.42","8.2","40.78","92.03","7.5","6.99","55.04","53.1","6.09","33.34","81.12","0","0","43.23","4.23"
"2026-05-26","29.24","78.02","0","0","47.86","49.81","6.27","36.74","88.97","6.78","9.91","59.61","60.13","8.13","40.73","91.9","7.28","6.67","54.43","52.47","5.96","33.15","80.89","0","0","42.79","4.15"
"2026-05-27","29.3","78.15","0","0","47.8","49.77","6.26","36.92","89.19","7.02","10.12","59.37","59.83","8.05","40.66","91.77","7.06","6.35","53.82","51.84","5.82","32.97","80.67","0","0","42.36","4.07"
"2026-05-28","29.36","78.28","0","0","47.74","49.72","6.26","37.1","89.41","7.24","10.32","59.13","59.53","7.97","40.6","91.63","6.82","6.02","53.22","51.22","5.69","32.79","80.46","0","0","41.94","4.0"
"2026-05-29","29.43","78.43","0","0","47.69","49.68","6.25","37.28","89.62","7.46","10.51","58.89","59.22","7.89","40.53","91.48","6.58","5.68","52.61","50.61","5.56","32.61","80.25","0","0","41.53","3.92"
"2026-05-30","29.5","78.58","0","0","47.64","49.65","6.25","37.46","89.83","7.67","10.7","58.64","58.91","7.81","40.45","91.33","6.34","5.34","52.0","49.99","5.43","32.43","80.04","0","0","41.14","3.86"
"2026-05-31","29.58","78.73","0","0","47.61","49.62","6.24","37.64","90.04","7.87","10.87","58.39","58.59","7.73","40.36","91.17","6.09","4.99","51.4","49.38","5.3","32.26","79.84","0","0","40.76","3.79"
"2026-06-01","29.67","78.9","0","0","47.58","49.6","6.24","37.81","90.23","8.07","11.02","58.13","58.27","7.65","40.27","91.0","5.83","4.63","50.8","48.78","5.17","32.09","79.65","0","0","40.39","3.73"
"2026-06-02","29.76","79.07","0","0","47.55","49.58","6.24","37.98","90.43","8.26","11.17","57.87","57.94","7.57","40.18","90.83","5.56","4.27","50.21","48.18","5.04","31.92","79.46","0","0","40.04","3.67"
"2026-06-03","29.86","79.24","0","0","47.53","49.56","6.24","38.15","90.61","8.43","11.31","57.6","57.61","7.48","40.08","90.65","5.29","3.91","49.61","47.58","4.92","31.75","79.28","0","0","39.7","3.61"
"2026-06-04","29.96","79.43","0","0","47.52","49.55","6.23","38.31","90.79","8.6","11.43","57.33","57.27","7.4","39.97","90.46","5.01","3.54","49.02","47.0","4.8","31.59","79.1","0","0","39.38","3.56"
"2026-06-05","30.07","79.61","0","0","47.52","49.54","6.23","38.47","90.97","8.76","11.54","57.05","56.93","7.31","39.86","90.27","4.73","3.17","48.44","46.42","4.67","31.44","78.93","0","0","39.07","3.51"
"2026-06-06","30.18","79.81","0","0","47.52","49.54","6.23","38.62","91.14","8.91","11.64","56.77","56.58","7.23","39.75","90.07","4.45","2.79","47.86","45.84","4.56","31.28","78.76","0","0","38.78","3.46"
"2026-06-07","30.3","80.01","0","0","47.52","49.54","6.23","38.78","91.3","9.05","11.73","56.49","56.23","7.14","39.62","89.87","4.15","2.42","47.28","45.27","4.44","31.13","78.6","0","0","38.5","3.42"
"2026-06-08","30.42","80.21","0","0","47.53","49.54","6.23","38.93","91.46","9.19","11.81","56.2","55.88","7.05","39.5","89.66","3.86","2.04","46.71","44.71","4.32","30.99","78.45","0","0","38.23","3.38"
"2026-06-09","30.55","80.42","0","0","47.55","49.54","6.23","39.07","91.6","9.31","11.87","55.91","55.52","6.96","39.37","89.45","3.56","1.65","46.15","44.16","4.21","30.84","78.31","0","0","37.98","3.34"
"2026-06-10","30.68","80.63","0","0","47.57","49.55","6.23","39.21","91.75","9.42","11.92","55.61","55.16","6.87","39.23","89.23","3.26","1.27","45.59","43.62","4.1","30.71","78.17","0","0","37.74","3.31"
"2026-06-11","30.82","80.85","0","0","47.59","49.56","6.23","39.35","91.88","9.53","11.96","55.31","54.8","6.78","39.09","89.01","2.95","0.88","45.04","43.08","3.99","30.57","78.04","0","0","37.52","3.27"
"2026-06-12","30.96","81.08","0","0","47.62","49.57","6.23","39.48","92.01","9.62","11.98","55.01","54.43","6.69","38.95","88.79","2.64","0.5","44.49","42.56","3.88","30.45","77.92","0","0","37.31","3.25"
"2026-06-13","31.11","81.3","0","0","47.65","49.58","6.23","39.6","92.13","9.7","12.0","54.7","54.06","6.6","38.8","88.56","2.33","0.11","43.96","42.04","3.78","30.32","77.8","0","0","37.12","3.22"
"2026-06-14","31.26","81.53","0","0.04","47.69","49.6","6.23","39.72","92.24","9.78","12.0","54.39","53.69","6.51","38.65","88.32","2.01","0","43.43","41.53","3.68","30.2","77.69","0","0","36.94","3.2"
"2026-06-15","31.41","81.77","0","0.43","47.73","49.62","6.23","39.84","92.35","9.84","11.99","54.07","53.31","6.42","38.5","88.09","1.7","0","42.91","41.03","3.58","30.09","77.59","0","0","36.78","3.18"
"2026-06-16","31.57","82.01","0","0.81","47.77","49.64","6.22","39.95","92.45","9.89","11.96","53.76","52.94","6.32","38.34","87.85","1.38","0","42.39","40.55","3.48","29.98","77.5","0","0","36.63","3.16"
"2026-06-17","31.73","82.25","0","1.2","47.82","49.66","6.22","40.06","92.54","9.93","11.93","53.43","52.56","6.23","38.17","87.61","1.06","0","41.89","40.07","3.39","29.88","77.41","0","0","36.5","3.15"
"2026-06-18","31.89","82.49","0","1.58","47.87","49.68","6.22","40.16","92.62","9.97","11.88","53.11","52.17","6.14","38.01","87.36","0.74","0","41.39","39.6","3.3","29.78","77.33","0","0","36.38","3.14"
"2026-06-19","32.06","82.74","0","1.97","47.92","49.7","6.22","40.26","92.69","9.99","11.82","52.78","51.79","6.05","37.84","87.11","0.41","0","40.91","39.15","3.21","29.69","77.26","0","0","36.28","3.13"
"2026-06-20","32.23","82.98","0","2.35","47.98","49.72","6.22","40.35","92.76","10.0","11.74","52.46","51.4","5.95","37.67","86.86","0.09","0","40.43","38.71","3.13","29.6","77.2","0","0","36.19","3.13"
"2026-06-21","32.4","83.24","0.03","2.73","48.03","49.74","6.22","40.43","92.82","10.0","11.66","52.12","51.02","5.86","37.49","86.61","0","0","39.97","38.28","3.04","29.52","77.15","0","0","36.12","3.13"
"2026-06-22","32.58","83.49","0.36","3.1","48.09","49.77","6.21","40.51","92.87","9.99","11.56","51.79","50.63","5.77","37.32","86.36","0","0","39.51","37.86","2.96","29.44","77.1","0","0","36.06","3.13"
"2026-06-23","32.75","83.74","0.68","3.47","48.16","49.79","6.21","40.59","92.91","9.97","11.45","51.45","50.24","5.67","37.14","86.1","0","0","39.07","37.45","2.89","29.37","77.07","0","0","36.01","3.13"
"2026-06-24","32.93","84.0","1.0","3.84","48.22","49.81","6.21","40.65","92.95","9.94","11.33","51.12","49.85","5.58","36.95","85.85","0","0","38.63","37.06","2.81","29.31","77.04","0","0","35.98","3.14"
"2026-06-25","33.12","84.25","1.32","4.21","48.28","49.84","6.2","40.72","92.97","9.9","11.2","50.78","49.46","5.49","36.77","85.59","0","0","38.21","36.68","2.74","29.25","77.02","0","0","35.96","3.15"
"2026-06-26","33.3","84.51","1.64","4.57","48.35","49.86","6.2","40.77","92.99","9.85","11.05","50.44","49.07","5.39","36.58","85.33","0","0","37.8","36.31","2.68","29.2","77.0","0","0","35.96","3.16"
"2026-06-27","33.49","84.77","1.96","4.92","48.41","49.88","6.19","40.82","93.0","9.79","10.89","50.1","48.68","5.3","36.4","85.07","0","0","37.4","35.96","2.61","29.15","77.0","0","0","35.97","3.18"
"2026-06-28","33.68","85.03","2.27","5.27","48.48","49.9","6.19","40.87","93.0","9.72","10.73","49.75","48.29","5.21","36.21","84.82","0","0","37.02","35.62","2.55","29.11","77.0","0","0","35.99","3.19"
"2026-06-29","33.87","85.29","2.59","5.62","48.55","49.92","6.18","40.9","92.99","9.63","10.55","49.41","47.91","5.12","36.02","84.56","0","0","36.64","35.3","2.49","29.08","77.02","0","0","36.03","3.21"
"2026-06-30","34.06","85.54","2.9","5.96","48.62","49.94","6.18","40.93","92.98","9.54","10.36","49.07","47.52","5.03","35.83","84.3","0","0","36.28","34.99","2.44","29.05","77.04","0","0","36.08","3.24"
"2026-07-01","34.25","85.8","3.2","6.29","48.69","49.96","6.17","40.96","92.95","9.44","10.16","48.72","47.14","4.94","35.63","84.04","0","0","35.93","34.69","2.39","29.03","77.07","0","0","36.15","3.26"
"2026-07-02","34.44","86.06","3.51","6.62","48.76","49.98","6.16","40.98","92.92","9.33","9.95","48.38","46.75","4.85","35.44","83.79","0","0","35.6","34.41","2.34","29.01","77.1","0","0","36.23","3.29"
"2026-07-03","34.63","86.31","3.81","6.94","48.83","50.0","6.16","40.99","92.88","9.21","9.72","48.04","46.37","4.76","35.25","83.53","0","0","35.28","34.14","2.3","29.0","77.15","0","0","36.32","3.32"
"2026-07-04","34.83","86.57","4.1","7.25","48.9","50.01","6.15","41.0","92.83","9.08","9.49","47.7","45.99","4.67","35.05","83.28","0","0","34.97","33.89","2.26","29.0","77.2","0","0","36.42","3.35"
"2026-07-05","35.02","86.82","4.39","7.55","48.96","50.03","6.14","41.0","92.77","8.94","9.25","47.35","45.62","4.59","34.86","83.03","0","0","34.68","33.65","2.22","29.0","77.27","0","0","36.54","3.39"
"2026-07-06","35.21","87.07","4.68","7.85","49.03","50.04","6.13","40.99","92.71","8.79","9.0","47.01","45.24","4.5","34.67","82.78","0","0","34.4","33.43","2.19","29.01","77.34","0","0","36.67","3.42"
"2026-07-07","35.41","87.32","4.96","8.14","49.1","50.05","6.12","40.98","92.63","8.63","8.74","46.67","44.87","4.41","34.47","82.53","0","0","34.14","33.23","2.16","29.03","77.41","0","0","36.81","3.46"
"2026-07-08","35.6","87.56","5.24","8.42","49.17","50.06","6.11","40.96","92.55","8.46","8.47","46.34","44.51","4.33","34.28","82.29","0","0","33.89","33.04","2.13","29.05","77.5","0","0","36.97","3.51"
"2026-07-09","35.79","87.81","5.51","8.69","49.23","50.06","6.09","40.94","92.46","8.29","8.19","46.0","44.14","4.25","34.09","82.05","0","0","33.66","32.86","2.11","29.08","77.59","0","0","37.13","3.55"
"2026-07-10","35.98","88.05","5.78","8.95","49.3","50.07","6.08","40.91","92.37","8.1","7.9","45.67","43.79","4.17","33.9","81.81","0","0","33.44","32.71","2.09","29.11","77.7","0","0","37.31","3.6"
"2026-07-11","36.17","88.28","6.04","9.21","49.36","50.07","6.07","40.87","92.26","7.91","7.61","45.34","43.43","4.09","33.71","81.57","0","0","33.24","32.56","2.07","29.15","77.8","0","0","37.5","3.64"
"2026-07-12","36.36","88.52","6.29","9.45","49.42","50.07","6.06","40.83","92.15","7.71","7.3","45.01","43.08","4.01","33.52","81.34","0","0","33.05","32.44","2.06","29.2","77.92","0","0","37.69","3.69"
"2026-07-13","36.55","88.75","6.54","9.68","49.48","50.07","6.04","40.78","92.03","7.5","6.99","44.69","42.74","3.93","33.34","81.12","0","0","32.88","32.33","2.05","29.25","78.04","0","0","37.9","3.74"
"2026-07-14","36.74","88.97","6.78","9.91","49.54","50.06","6.03","40.73","91.9","7.28","6.67","44.37","42.4","3.86","33.15","80.89","0","0","32.72","32.24","2.04","29.31","78.18","0","0","38.12","3.8"
"2026-07-15","36.92","89.19","7.02","10.12","49.6","50.06","6.01","40.66","91.77","7.06","6.35","44.05","42.07","3.79","32.97","80.67","0","0","32.58","32.16","2.04","29.38","78.31","0","0","38.35","3.85"
"2026-07-16","37.1","89.41","7.24","10.32","49.65","50.05","6.0","40.6","91.63","6.82","6.02","43.74","41.74","3.71","32.79","80.46","0","0","32.45","32.1","2.04","29.45","78.46","0","0","38.6","3.91"
"2026-07-17","37.28","89.62","7.46","10.51","49.71","50.04","5.98","40.53","91.48","6.58","5.68","43.43","41.42","3.64","32.61","80.25","0","0","32.35","32.05","2.05","29.52","78.61","0","0","38.85","3.97"
"2026-07-18","37.46","89.83","7.67","10.7","49.76","50.03","5.96","40.45","91.33","6.34","5.34","43.12","41.11","3.58","32.43","80.04","0","0","32.25","32.03","2.06","29.6","78.77","0","0","39.1","4.03"
"2026-07-19","37.64","90.04","7.87","10.87","49.81","50.01","5.95","40.36","91.17","6.09","4.99","42.82","40.8","3.51","32.26","79.84","0","0","32.18","32.02","2.07","29.69","78.94","0","0","39.37","4.09"
"2026-07-20","37.81","90.23","8.07","11.02","49.86","49.99","5.93","40.27","91.0","5.83","4.63","42.53","40.5","3.45","32.09","79.65","0","0","32.12","32.02","2.08","29.78","79.11","0","0","39.65","4.15"
"2026-07-21","37.98","90.43","8.26","11.17","49.9","49.97","5.91","40.18","90.83","5.56","4.27","42.24","40.21","3.38","31.92","79.46","0","0","32.07","32.04","2.1","29.88","79.28","0","0","39.94","4.21"
"2026-07-22","38.15","90.61","8.43","11.31","49.95","49.95","5.89","40.08","90.65","5.29","3.91","41.96","39.93","3.32","31.75","79.28","0","0","32.05","32.08","2.13","29.99","79.47","0","0","40.23","4.28"
"2026-07-23","38.31","90.79","8.6","11.43","49.99","49.93","5.87","39.97","90.46","5.01","3.54","41.68","39.65","3.27","31.59","79.1","0","0","32.04","32.14","2.15","30.09","79.66","0","0","40.53","4.35"
"2026-07-24","38.47","90.97","8.76","11.54","50.03","49.9","5.85","39.86","90.27","4.73","3.17","41.41","39.39","3.21","31.44","78.93","0","0","32.04","32.21","2.18","30.21","79.85","0","0","40.84","4.41"
"2026-07-25","38.62","91.14","8.91","11.64","50.06","49.87","5.83","39.75","90.07","4.45","2.79","41.15","39.13","3.16","31.28","78.76","0","0","32.06","32.29","2.21","30.33","80.05","0","0","41.16","4.48"
"2026-07-26","38.78","91.3","9.05","11.73","50.1","49.84","5.81","39.62","89.87","4.15","2.42","40.89","38.88","3.11","31.13","78.6","0","0","32.1","32.4","2.25","30.45","80.26","0","0","41.48","4.55"
"2026-07-27","38.93","91.46","9.19","11.81","50.13","49.81","5.79","39.5","89.66","3.86","2.04","40.64","38.64","3.06","30.99","78.45","0","0","32.16","32.52","2.29","30.58","80.47","0","0","41.81","4.62"
"2026-07-28","39.07","91.6","9.31","11.87","50.16","49.78","5.77","39.37","89.45","3.56","1.65","40.4","38.41","3.01","30.84","78.31","0","0","32.23","32.65","2.33","30.71","80.68","0","0","42.15","4.69"
"2026-07-29","39.21","91.75","9.42","11.92","50.19","49.74","5.74","39.23","89.23","3.26","1.27","40.17","38.19","2.97","30.71","78.17","0","0","32.32","32.8","2.38","30.85","80.9","0","0","42.49","4.76"
"2026-07-30","39.35","91.88","9.53","11.96","50.21","49.7","5.72","39.09","89.01","2.95","0.88","39.94","37.98","2.93","30.57","78.04","0","0","32.42","32.97","2.43","30.99","81.13","0","0","42.84","4.84"
"2026-07-31","39.48","92.01","9.62","11.98","50.24","49.66","5.7","38.95","88.79","2.64","0.5","39.72","37.78","2.89","30.45","77.92","0","0","32.54","33.16","2.48","31.14","81.35","0","0","43.2","4.91"
"2026-08-01","39.6","92.13","9.7","12.0","50.26","49.62","5.68","38.8","88.56","2.33","0.11","39.51","37.6","2.85","30.32","77.8","0","0","32.68","33.35","2.54","31.29","81.58","0","0.13","43.56","4.99"
"2026-08-02","39.72","92.24","9.78","12.0","50.28","49.58","5.65","38.65","88.32","2.01","0","39.31","37.42","2.82","30.2","77.69","0","0","32.83","33.57","2.59","31.44","81.82","0","0.51","43.92","5.06"
"2026-08-03","39.84","92.35","9.84","11.99","50.29","49.53","5.63","38.5","88.09","1.7","0","39.12","37.25","2.79","30.09","77.59","0","0","33.0","33.8","2.66","31.6","82.06","0","0.9","44.29","5.13"
"2026-08-04","39.95","92.45","9.89","11.96","50.31","49.49","5.61","38.34","87.85","1.38","0","38.94","37.1","2.76","29.98","77.5","0","0","33.18","34.04","2.72","31.76","82.3","0","1.29","44.66","5.21"
"2026-08-05","40.06","92.54","9.93","11.93","50.32","49.44","5.58","38.17","87.61","1.06","0","38.77","36.95","2.74","29.88","77.41","0","0","33.39","34.3","2.79","31.93","82.54","0","1.67","45.04","5.29"
"2026-08-06","40.16","92.62","9.97","11.88","50.33","49.39","5.56","38.01","87.36","0.74","0","38.61","36.82","2.72","29.78","77.33","0","0","33.6","34.57","2.86","32.09","82.79","0","2.05","45.42","5.36"
"2026-08-07","40.26","92.69","9.99","11.82","50.34","49.34","5.54","37.84","87.11","0.41","0","38.46","36.7","2.7","29.69","77.26","0","0","33.83","34.86","2.93","32.27","83.04","0","2.43","45.8","5.44"
"2026-08-08","40.35","92.76","10.0","11.74","50.35","49.29","5.51","37.67","86.86","0.09","0","38.32","36.6","2.69","29.6","77.2","0","0","34.08","35.17","3.01","32.44","83.29","0.11","2.81","46.19","5.51"
"2026-08-09","40.43","92.82","10.0","11.66","50.35","49.24","5.49","37.49","86.61","0","0","38.19","36.5","2.67","29.52","77.15","0","0","34.34","35.48","3.09","32.62","83.54","0.43","3.18","46.58","5.59"
"2026-08-10","40.51","92.87","9.99","11.56","50.35","49.19","5.47","37.32","86.36","0","0","38.07","36.42","2.66","29.44","77.1","0","0","34.62","35.81","3.17","32.79","83.8","0.75","3.56","46.97","5.67"
"2026-08-11","40.59","92.91","9.97","11.45","50.36","49.14","5.44","37.14","86.1","0","0","37.97","36.35","2.66","29.37","77.07","0","0","34.91","36.16","3.25","32.97","84.05","1.07","3.92","47.36","5.74"
"2026-08-12","40.65","92.95","9.94","11.33","50.36","49.09","5.42","36.95","85.85","0","0","37.87","36.3","2.65","29.31","77.04","0","0","35.22","36.52","3.34","33.16","84.31","1.39","4.29","47.76","5.82"
"2026-08-13","40.72","92.97","9.9","11.2","50.36","49.04","5.4","36.77","85.59","0","0","37.79","36.26","2.65","29.25","77.02","0","0","35.54","36.89","3.43","33.34","84.57","1.71","4.65","48.15","5.9"
"2026-08-14","40.77","92.99","9.85","11.05","50.35","48.99","5.38","36.58","85.33","0","0","37.71","36.23","2.66","29.2","77.0","0","0","35.87","37.27","3.52","33.53","84.83","2.03","5.0","48.55","5.97"
"2026-08-15","40.82","93.0","9.79","10.89","50.35","48.94","5.35","36.4","85.07","0","0","37.65","36.21","2.66","29.15","77.0","0","0","36.22","37.67","3.61","33.72","85.08","2.34","5.35","48.95","6.05"
"2026-08-16","40.87","93.0","9.72","10.73","50.35","48.89","5.33","36.21","84.82","0","0","37.61","36.21","2.67","29.11","77.0","0","0","36.59","38.07","3.71","33.91","85.34","2.65","5.69","49.34","6.12"
"2026-08-17","40.9","92.99","9.63","10.55","50.34","48.84","5.31","36.02","84.56","0","0","37.57","36.23","2.69","29.08","77.02","0","0","36.96","38.49","3.8","34.1","85.6","2.96","6.03","49.74","6.2"
"2026-08-18","40.93","92.98","9.54","10.36","50.34","48.79","5.29","35.83","84.3","0","0","37.55","36.25","2.7","29.05","77.04","0","0","37.35","38.93","3.9","34.29","85.86","3.27","6.36","50.14","6.27"
"2026-08-19","40.96","92.95","9.44","10.16","50.33","48.74","5.27","35.63","84.04","0","0","37.54","36.29","2.72","29.03","77.07","0","0","37.75","39.37","4.01","34.48","86.11","3.57","6.69","50.54","6.35"
"2026-08-20","40.98","92.92","9.33","9.95","50.32","48.69","5.25","35.44","83.79","0","0","37.54","36.35","2.75","29.01","77.1","0","0","38.17","39.82","4.11","34.68","86.37","3.87","7.01","50.94","6.42"
"2026-08-21","40.99","92.88","9.21","9.72","50.32","48.65","5.23","35.25","83.53","0","0","37.56","36.42","2.77","29.0","77.15","0","0","38.6","40.29","4.22","34.87","86.62","4.17","7.32","51.34","6.5"
"2026-08-22","41.0","92.83","9.08","9.49","50.31","48.61","5.22","35.05","83.28","0","0","37.59","36.5","2.8","29.0","77.2","0","0","39.04","40.76","4.32","35.06","86.87","4.46","7.62","51.73","6.57"
"2026-08-23","41.0","92.77","8.94","9.25","50.3","48.56","5.2","34.86","83.03","0","0","37.63","36.6","2.83","29.0","77.27","0","0","39.49","41.25","4.43","35.26","87.12","4.75","7.91","52.13","6.64"
"2026-08-24","40.99","92.71","8.79","9.0","50.3","48.53","5.18","34.67","82.78","0","0","37.69","36.72","2.87","29.01","77.34","0","0","39.95","41.74","4.54","35.45","87.37","5.03","8.2","52.52","6.71"
"2026-08-25","40.98","92.63","8.63","8.74","50.29","48.49","5.17","34.47","82.53","0","0","37.76","36.84","2.91","29.03","77.41","0","0","40.43","42.25","4.66","35.64","87.62","5.3","8.48","52.91","6.78"
"2026-08-26","40.96","92.55","8.46","8.47","50.28","48.45","5.15","34.28","82.29","0","0","37.84","36.99","2.95","29.05","77.5","0","0","40.91","42.76","4.77","35.83","87.86","5.57","8.75","53.3","6.85"
"2026-08-27","40.94","92.46","8.29","8.19","50.28","48.42","5.14","34.09","82.05","0","0","37.94","37.14","3.0","29.08","77.59","0","0","41.41","43.28","4.89","36.03","88.1","5.84","9.01","53.68","6.92"
"2026-08-28","40.91","92.37","8.1","7.9","50.28","48.39","5.13","33.9","81.81","0","0","38.05","37.31","3.05","29.11","77.7","0","0","41.91","43.81","5.0","36.22","88.33","6.1","9.26","54.07","6.99"
"2026-08-29","40.87","92.26","7.91","7.61","50.27","48.37","5.12","33.71","81.57","0","0","38.17","37.5","3.1","29.15","77.8","0","0","42.43","44.35","5.12","36.41","88.57","6.35","9.5","54.45","7.06"
"2026-08-30","40.83","92.15","7.71","7.3","50.27","48.35","5.11","33.52","81.34","0","0","38.31","37.7","3.15","29.2","77.92","0","0","42.96","44.9","5.24","36.59","88.8","6.6","9.73","54.83","7.12"
"2026-08-31","40.78","92.03","7.5","6.99","50.27","48.33","5.1","33.34","81.12","0","0","38.46","37.92","3.21","29.25","78.04","0","0","43.49","45.45","5.36","36.78","89.02","6.83","9.95","55.2","7.19"
"2026-09-01","40.73","91.9","7.28","6.67","50.28","48.31","5.09","33.15","80.89","0","0","38.63","38.15","3.27","29.31","78.18","0","0","44.04","46.01","5.48","36.96","89.24","7.07","10.17","55.57","7.25"
"2026-09-02","40.66","91.77","7.06","6.35","50.28","48.3","5.08","32.97","80.67","0","0","38.81","38.39","3.34","29.38","78.31","0","0","44.59","46.58","5.6","37.14","89.46","7.29","10.37","55.94","7.32"
"2026-09-03","40.6","91.63","6.82","6.02","50.29","48.29","5.08","32.79","80.46","0","0","39.01","38.65","3.41","29.45","78.46","0","0","45.15","47.15","5.72","37.32","89.67","7.51","10.56","56.31","7.38"
"2026-09-04","40.53","91.48","6.58","5.68","50.3","48.29","5.07","32.61","80.25","0","0","39.22","38.92","3.48","29.52","78.61","0","0","45.72","47.73","5.85","37.5","89.88","7.72","10.73","56.67","7.44"
"2026-09-05","40.45","91.33","6.34","5.34","50.31","48.3","5.07","32.43","80.04","0","0","39.44","39.21","3.55","29.6","78.77","0","0","46.29","48.31","5.97","37.68","90.08","7.92","10.9","57.02","7.5"
"2026-09-06","40.36","91.17","6.09","4.99","50.32","48.3","5.07","32.26","79.84","0","0","39.68","39.52","3.63","29.69","78.94","0","0","46.87","48.9","6.1","37.85","90.28","8.11","11.06","57.38","7.56"
"2026-09-07","40.27","91.0","5.83","4.63","50.34","48.32","5.07","32.09","79.65","0","0","39.93","39.83","3.71","29.78","79.11","0","0","47.46","49.49","6.22","38.02","90.47","8.3","11.2","57.72","7.62"
"2026-09-08","40.18","90.83","5.56","4.27","50.36","48.33","5.08","31.92","79.46","0","0","40.19","40.16","3.8","29.88","79.28","0","0","48.06","50.08","6.35","38.18","90.65","8.47","11.34","58.07","7.68"
"2026-09-09","40.08","90.65","5.29","3.91","50.38","48.36","5.08","31.75","79.28","0","0","40.47","40.51","3.88","29.99","79.47","0","0","48.66","50.69","6.47","38.34","90.83","8.64","11.46","58.41","7.73"
"2026-09-10","39.97","90.46","5.01","3.54","50.41","48.39","5.08","31.59","79.1","0","0","40.77","40.87","3.97","30.09","79.66","0","0","49.26","51.29","6.6","38.5","91.01","8.8","11.57","58.74","7.79"
"2026-09-11","39.86","90.27","4.73","3.17","50.44","48.42","5.09","31.44","78.93","0","0","41.08","41.24","4.06","30.21","79.85","0","0","49.88","51.9","6.72","38.66","91.17","8.95","11.66","59.07","7.84"
"2026-09-12","39.75","90.07","4.45","2.79","50.48","48.46","5.1","31.28","78.76","0","0","41.4","41.63","4.16","30.33","80.05","0","0","50.49","52.5","6.85","38.81","91.33","9.08","11.75","59.39","7.9"
"2026-09-13","39.62","89.87","4.15","2.42","50.52","48.51","5.11","31.13","78.6","0","0","41.73","42.03","4.26","30.45","80.26","0","0","51.11","53.12","6.98","38.96","91.49","9.21","11.82","59.71","7.95"
"2026-09-14","39.5","89.66","3.86","2.04","50.56","48.56","5.12","30.99","78.45","0","0","42.08","42.44","4.36","30.58","80.47","0","0","51.74","53.73","7.1","39.1","91.64","9.34","11.88","60.03","8.0"
"2026-09-15","39.37","89.45","3.56","1.65","50.61","48.62","5.14","30.84","78.31","0","0","42.44","42.87","4.46","30.71","80.68","0","0","52.36","54.34","7.23","39.24","91.78","9.45","11.93","60.34","8.05"
"2026-09-16","39.23","89.23","3.26","1.27","50.67","48.69","5.16","30.71","78.17","0","0","42.82","43.3","4.57","30.85","80.9","0","0","52.99","54.96","7.35","39.37","91.91","9.55","11.97","60.64","8.1"
"2026-09-17","39.09","89.01","2.95","0.88","50.72","48.77","5.17","30.57","78.04","0","0","43.21","43.76","4.67","30.99","81.13","0","0","53.63","55.57","7.48","39.5","92.04","9.64","11.99","60.94","8.15"
"2026-09-18","38.95","88.79","2.64","0.5","50.79","48.85","5.19","30.45","77.92","0","0","43.61","44.22","4.79","31.14","81.35","0","0","54.26","56.19","7.6","39.63","92.16","9.72","12.0","61.23","8.19"
"2026-09-19","38.8","88.56","2.33","0.11","50.86","48.94","5.22","30.32","77.8","0","0","44.02","44.7","4.9","31.29","81.58","0","0.13","54.9","56.8","7.73","39.75","92.27","9.79","12.0","61.52","8.24"
"2026-09-20","38.65","88.32","2.01","0","50.93","49.04","5.24","30.2","77.69","0","0","44.45","45.19","5.01","31.44","81.82","0","0.51","55.54","57.42","7.85","39.87","92.37","9.85","11.98","61.8","8.28"
"2026-09-21","38.5","88.09","1.7","0","51.01","49.14","5.27","30.09","77.59","0","0","44.89","45.69","5.13","31.6","82.06","0","0.9","56.18","58.03","7.97","39.98","92.47","9.9","11.96","62.08","8.33"
"2026-09-22","38.34","87.85","1.38","0","51.1","49.25","5.3","29.98","77.5","0","0","45.34","46.2","5.25","31.76","82.3","0","1.29","56.82","58.65","8.1","40.08","92.56","9.94","11.92","62.35","8.37"
"2026-09-23","38.17","87.61","1.06","0","51.19","49.37","5.33","29.88","77.41","0","0","45.81","46.72","5.38","31.93","82.54","0","1.67","57.46","59.26","8.22","40.18","92.64","9.97","11.87","62.62","8.41"
"2026-09-24","38.01","87.36","0.74","0","51.29","49.5","5.36","29.78","77.33","0","0","46.28","47.26","5.5","32.09","82.79","0","2.05","58.1","59.87","8.34","40.28","92.71","9.99","11.8","62.88","8.45"
"2026-09-25","37.84","87.11","0.41","0","51.4","49.64","5.4","29.69","77.26","0","0","46.77","47.8","5.63","32.27","83.04","0","2.43","58.74","60.47","8.46","40.37","92.78","10.0","11.73","63.13","8.49"
"2026-09-26","37.67","86.86","0.09","0","51.51","49.79","5.43","29.6","77.2","0","0","47.27","48.36","5.76","32.44","83.29","0.11","2.81","59.38","61.08","8.58","40.45","92.83","10.0","11.64","63.38","8.53"
"2026-09-27","37.49","86.61","0","0","51.63","49.94","5.47","29.52","77.15","0","0","47.78","48.92","5.89","32.62","83.54","0.43","3.18","60.01","61.68","8.69","40.53","92.88","9.99","11.54","63.62","8.56"
"2026-09-28","37.32","86.36","0","0","51.76","50.11","5.51","29.44","77.1","0","0","48.3","49.5","6.02","32.79","83.8","0.75","3.56","60.65","62.28","8.81","40.6","92.92","9.96","11.43","63.86","8.6"
"2026-09-29","37.14","86.1","0","0","51.89","50.28","5.56","29.37","77.07","0","0","48.83","50.08","6.15","32.97","84.05","1.07","3.92","61.28","62.87","8.93","40.67","92.95","9.93","11.3","64.09","8.63"
"2026-09-30","36.95","85.85","0","0","52.03","50.46","5.6","29.31","77.04","0","0","49.38","50.68","6.29","33.16","84.31","1.39","4.29","61.92","63.46","9.04","40.73","92.98","9.89","11.16","64.32","8.67"
"2026-10-01","36.77","85.59","0","0","52.18","50.65","5.65","29.25","77.02","0","0","49.93","51.28","6.43","33.34","84.57","1.71","4.65","62.54","64.05","9.15","40.78","92.99","9.84","11.02","64.54","8.7"
"2026-10-02","36.58","85.33","0","0","52.34","50.85","5.7","29.2","77.0","0","0","50.49","51.89","6.56","33.53","84.83","2.03","5.0","63.17","64.63","9.26","40.83","93.0","9.77","10.86","64.76","8.73"
"2026-10-03","36.4","85.07","0","0","52.5","51.06","5.76","29.15","77.0","0","0","51.07","52.51","6.7","33.72","85.08","2.34","5.35","63.79","65.2","9.37","40.87","93.0","9.7","10.69","64.97","8.76"
"2026-10-04","36.21","84.82","0","0","52.67","51.28","5.81","29.11","77.0","0","0","51.65","53.14","6.85","33.91","85.34","2.65","5.69","64.41","65.77","9.48","40.91","92.99","9.61","10.51","65.18","8.79"
"2026-10-05","36.02","84.56","0","0","52.85","51.51","5.87","29.08","77.02","0","0","52.24","53.77","6.99","34.1","85.6","2.96","6.03","65.02","66.34","9.59","40.94","92.97","9.52","10.31","65.38","8.82"
"2026-10-06","35.83","84.3","0","0","53.04","51.74","5.93","29.05","77.04","0","0","52.84","54.41","7.13","34.29","85.86","3.27","6.36","65.63","66.9","9.7","40.96","92.95","9.42","10.11","65.58","8.85"
"2026-10-07","35.63","84.04","0","0","53.23","51.99","5.99","29.03","77.07","0","0","53.45","55.06","7.28","34.48","86.11","3.57","6.69","66.24","67.45","9.8","40.98","92.91","9.3","9.9","65.77","8.88"
"2026-10-08","35.44","83.79","0","0","53.44","52.25","6.06","29.01","77.1","0","0","54.07","55.72","7.42","34.68","86.37","3.87","7.01","66.83","67.99","9.9","40.99","92.87","9.18","9.67","65.96","8.91"
"2026-10-09","35.25","83.53","0","0","53.65","52.51","6.12","29.0","77.15","0","0","54.69","56.38","7.57","34.87","86.62","4.17","7.32","67.43","68.53","10.0","41.0","92.82","9.05","9.44","66.14","8.94"
"2026-10-10","35.05","83.28","0","0","53.87","52.79","6.19","29.0","77.2","0","0","55.32","57.05","7.72","35.06","86.87","4.46","7.62","68.02","69.07","10.1","41.0","92.76","8.91","9.19","66.32","8.96"
"2026-10-11","34.86","83.03","0","0","54.1","53.07","6.27","29.0","77.27","0","0","55.96","57.72","7.86","35.26","87.12","4.75","7.91","68.6","69.59","10.2","40.99","92.69","8.76","8.94","66.49","8.99"
"2026-10-12","34.67","82.78","0","0","54.34","53.37","6.34","29.01","77.34","0","0","56.61","58.4","8.01","35.45","87.37","5.03","8.2","69.17","70.11","10.29","40.98","92.62","8.59","8.68","66.66","9.01"
"2026-10-13","34.47","82.53","0","0","54.59","53.67","6.42","29.03","77.41","0","0","57.26","59.08","8.16","35.64","87.62","5.3","8.48","69.74","70.62","10.39","40.96","92.53","8.43","8.41","66.82","9.04"
"2026-10-14","34.28","82.29","0","0","54.84","53.99","6.49","29.05","77.5","0","0","57.92","59.76","8.31","35.83","87.86","5.57","8.75","70.3","71.12","10.48","40.93","92.44","8.25","8.13","66.98","9.06"
"2026-10-15","34.09","82.05","0","0","55.11","54.31","6.57","29.08","77.59","0","0","58.58","60.45","8.46","36.03","88.1","5.84","9.01","70.85","71.61","10.57","40.9","92.34","8.06","7.84","67.14","9.08"
"2026-10-16","33.9","81.81","0","0","55.38","54.65","6.66","29.11","77.7","0","0","59.25","61.14","8.61","36.22","88.33","6.1","9.26","71.4","72.1","10.66","40.86","92.24","7.87","7.54","67.29","9.11"
"2026-10-17","33.71","81.57","0","0","55.66","54.99","6.74","29.15","77.8","0","0","59.92","61.84","8.76","36.41","88.57","6.35","9.5","71.94","72.57","10.74","40.82","92.13","7.66","7.24","67.44","9.13"
"2026-10-18","33.52","81.34","0","0","55.95","55.34","6.83","29.2","77.92","0","0","60.6","62.54","8.91","36.59","88.8","6.6","9.73","72.47","73.04","10.83","40.77","92.0","7.45","6.92","67.59","9.15"
"2026-10-19","33.34","81.12","0","0","56.25","55.7","6.92","29.25","78.04","0","0","61.28","63.24","9.06","36.78","89.02","6.83","9.95","72.99","73.5","10.91","40.71","91.88","7.23","6.6","67.73","9.18"
"2026-10-20","33.15","80.89","0","0","56.56","56.07","7.01","29.31","78.18","0","0","61.96","63.94","9.21","36.96","89.24","7.07","10.17","73.5","73.95","10.99","40.65","91.74","7.01","6.28","67.87","9.2"
"2026-10-21","34.26","79.21","0","0","56.88","56.45","7.1","30.67","76.85","0","0","62.65","64.64","9.36","38.43","88.0","8.67","12.43","74.01","74.39","11.06","41.87","90.13","8.15","8.01","68.01","9.22"
"2026-10-22","35.37","77.53","0","0","57.2","56.84","7.2","32.03","75.53","0","0","63.34","65.34","9.51","39.91","86.75","10.26","14.69","74.5","74.82","11.14","43.09","88.52","9.28","9.73","68.14","9.24"
"2026-10-23","36.48","75.86","0","0","57.54","57.24","7.3","33.39","74.22","0","0.72","64.03","66.04","9.66","41.37","85.49","11.85","16.93","74.99","75.24","11.21","44.3","86.9","10.41","11.45","68.27","9.26"
"2026-10-24","37.59","74.19","0","0","57.88","57.65","7.4","34.76","72.92","0","3.13","64.73","66.75","9.81","42.84","84.23","13.42","19.16","75.46","75.65","11.28","45.5","85.28","11.53","13.16","68.4","9.28"
"2026-10-25","38.7","72.54","0","0","58.23","58.07","7.5","36.14","71.63","0.95","5.55","65.43","67.45","9.96","44.29","82.97","14.99","21.37","75.93","76.05","11.35","46.7","83.65","12.65","14.87","68.53","9.3"
"2026-10-26","39.82","70.88","0.06","1.26","58.59","58.49","7.6","37.52","70.34","2.58","7.96","66.12","68.15","10.11","45.75","81.7","16.54","23.57","76.39","76.44","11.42","47.89","82.02","13.75","16.56","68.65","9.33"
"2026-10-27","40.93","69.24","1.25","3.17","58.96","58.93","7.7","38.9","69.07","4.22","10.37","66.82","68.85","10.26","47.2","80.44","18.09","25.76","76.83","76.82","11.48","49.07","80.39","14.85","18.25","68.77","9.35"
"2026-10-28","42.05","67.61","2.44","5.09","59.34","59.37","7.81","40.28","67.8","5.86","12.79","67.52","69.55","10.4","48.64","79.16","19.62","27.93","77.27","77.19","11.55","50.24","78.75","15.93","19.93","68.89","9.37"
"2026-10-29","43.17","65.98","3.64","7.02","59.72","59.82","7.92","41.67","66.54","7.5","15.2","68.22","70.24","10.55","50.08","77.89","21.14","30.08","77.69","77.56","11.61","51.41","77.11","17.01","21.6","69.01","9.39"
"2026-10-30","44.28","64.37","4.85","8.95","60.12","60.28","8.03","43.06","65.29","9.15","17.62","68.92","70.94","10.69","51.51","76.61","22.65","32.22","78.11","77.91","11.67","52.57","75.47","18.09","23.27","69.13","9.41"
"2026-10-31","45.4","62.76","6.06","10.89","60.52","60.75","8.14","44.44","64.05","10.79","20.02","69.61","71.63","10.83","52.93","75.34","24.14","34.33","78.52","78.25","11.72","53.71","73.82","19.15","24.92","69.25","9.43"
"2026-11-01","46.52","61.17","7.27","12.83","60.93","61.22","8.26","45.83","62.82","12.43","22.43","70.31","72.31","10.97","54.34","74.06","25.62","36.43","78.91","78.58","11.78","54.85","72.18","20.2","26.56","69.36","9.46"
"2026-11-02","47.63","59.59","8.49","14.78","61.35","61.7","8.37","47.22","61.6","14.08","24.83","71.0","72.99","11.11","55.74","72.77","27.09","38.51","79.29","78.9","11.83","55.98","70.54","21.25","28.2","69.47","9.48"
"2026-11-03","48.74","58.02","9.71","16.74","61.77","62.19","8.49","48.61","60.4","15.72","27.22","71.69","73.67","11.25","57.14","71.49","28.54","40.57","79.67","79.2","11.88","57.1","68.9","22.28","29.82","69.59","9.5"
"2026-11-04","49.86","56.47","10.94","18.7","62.2","62.69","8.61","50.0","59.2","17.36","29.61","72.38","74.34","11.39","58.53","70.21","29.98","42.61","80.03","79.5","11.93","58.21","67.26","23.31","31.44","69.7","9.53"
"2026-11-05","50.97","54.92","12.17","20.66","62.64","63.2","8.72","51.39","58.01","19.0","31.99","73.07","75.01","11.53","59.9","68.92","31.39","44.62","80.38","79.79","11.97","59.32","65.62","24.33","33.05","69.81","9.55"
"2026-11-06","52.08","53.39","13.41","22.62","63.09","63.71","8.85","52.77","56.83","20.63","34.36","73.75","75.67","11.66","61.27","67.64","32.8","46.62","80.72","80.07","12.02","60.41","63.98","25.34","34.64","69.93","9.57"
"2026-11-07","53.19","51.88","14.65","24.59","63.55","64.22","8.97","54.16","55.67","22.26","36.72","74.43","76.33","11.79","62.62","66.35","34.18","48.59","81.05","80.33","12.06","61.49","62.35","26.34","36.23","70.04","9.6"
"2026-11-08","54.3","50.38","15.89","26.56","64.01","64.75","9.09","55.54","54.51","23.88","39.07","75.1","76.98","11.93","63.96","65.06","35.55","50.54","81.36","80.59","12.1","62.56","60.73","27.33","37.8","70.15","9.62"
"2026-11-09","55.4","48.9","17.13","28.53","64.48","65.28","9.21","56.91","53.37","25.5","41.4","75.77","77.62","12.05","65.29","63.78","36.9","52.46","81.67","80.84","12.13","63.62","59.11","28.31","39.37","70.26","9.65"
"2026-11-10","56.51","47.43","18.38","30.5","64.95","65.81","9.34","58.29","52.24","27.11","43.73","76.43","78.26","12.18","66.61","62.49","38.24","54.36","81.96","81.07","12.17","64.66","57.49","29.28","40.92","70.38","9.67"
"2026-11-11","57.61","45.98","19.62","32.47","65.44","66.35","9.47","59.66","51.12","28.72","46.04","77.09","78.89","12.31","67.91","61.21","39.55","56.23","82.25","81.3","12.2","65.7","55.88","30.24","42.46","70.49","9.7"
"2026-11-12","58.7","44.55","20.87","34.44","65.92","66.9","9.59","61.02","50.01","30.31","48.33","77.74","79.51","12.43","69.2","59.93","40.84","58.08","82.52","81.51","12.23","66.73","54.28","31.2","43.99","70.61","9.73"
"2026-11-13","59.8","43.14","22.12","36.4","66.42","67.45","9.72","62.38","48.91","31.9","50.61","78.39","80.12","12.55","70.48","58.65","42.12","59.9","82.78","81.71","12.26","67.74","52.68","32.14","45.52","70.72","9.76"
"2026-11-14","60.89","41.74","23.38","38.37","66.92","68.0","9.85","63.73","47.83","33.48","52.87","79.03","80.73","12.67","71.74","57.37","43.37","61.7","83.03","81.91","12.29","68.74","51.09","33.07","47.02","70.84","9.79"
"2026-11-15","61.98","40.36","24.63","40.33","67.42","68.56","9.98","65.07","46.76","35.05","55.12","79.66","81.32","12.79","72.99","56.09","44.61","63.47","83.27","82.09","12.32","69.73","49.51","34.0","48.52","70.96","9.82"
"2026-11-16","63.06","39.0","25.88","42.29","67.93","69.13","10.11","66.41","45.7","36.61","57.34","80.28","81.91","12.9","74.22","54.82","45.82","65.21","83.49","82.27","12.34","70.71","47.95","34.91","50.01","71.08","9.85"
"2026-11-17","64.14","37.66","27.13","44.25","68.45","69.69","10.24","67.74","44.65","38.16","59.55","80.9","82.49","13.01","75.43","53.55","47.02","66.93","83.71","82.43","12.36","71.68","46.39","35.82","51.48","71.2","9.88"
"2026-11-18","65.21","36.34","28.38","46.2","68.97","70.27","10.37","69.06","43.62","39.69","61.74","81.51","83.05","13.12","76.63","52.28","48.19","68.61","83.91","82.58","12.38","72.63","44.84","36.71","52.94","71.33","9.91"
"2026-11-19","66.28","35.05","29.63","48.14","69.49","70.84","10.5","70.38","42.6","41.21","63.9","82.11","83.61","13.23","77.82","51.02","49.34","70.27","84.11","82.73","12.4","73.58","43.3","37.6","54.39","71.45","9.94"
"2026-11-20","67.35","33.77","30.88","50.08","70.02","71.42","10.63","71.68","41.59","42.72","66.04","82.7","84.15","13.33","78.98","49.76","50.47","71.9","84.29","82.86","12.42","74.51","41.78","38.47","55.83","71.58","9.98"
"2026-11-21","68.41","32.51","32.13","52.02","70.55","72.0","10.76","72.97","40.59","44.22","68.16","83.28","84.69","13.43","80.13","48.51","51.57","73.5","84.46","82.99","12.44","75.42","40.27","39.34","57.25","71.71","10.01"
"2026-11-22","69.46","31.27","33.37","53.94","71.09","72.58","10.9","74.26","39.61","45.69","70.26","83.85","85.21","13.53","81.26","47.26","52.66","75.07","84.62","83.1","12.45","76.33","38.77","40.2","58.66","71.84","10.05"
"2026-11-23","70.51","30.06","34.62","55.86","71.63","73.16","11.03","75.53","38.64","47.16","72.32","84.41","85.72","13.63","82.37","46.01","53.72","76.61","84.77","83.21","12.46","77.22","37.29","41.04","60.06","71.98","10.08"
"2026-11-24","71.55","28.87","35.85","57.77","72.17","73.74","11.16","76.79","37.69","48.61","74.37","84.96","86.23","13.72","83.47","44.78","54.75","78.11","84.91","83.31","12.47","78.09","35.82","41.88","61.44","72.12","10.12"
"2026-11-25","72.59","27.7","37.09","59.67","72.72","74.33","11.29","78.04","36.75","50.04","76.38","85.5","86.71","13.81","84.54","43.54","55.77","79.59","85.03","83.4","12.48","78.96","34.36","42.71","62.81","72.26","10.16"
"2026-11-26","73.62","26.55","38.32","61.56","73.26","74.91","11.42","79.28","35.82","51.45","78.37","86.03","87.19","13.9","85.6","42.32","56.76","81.04","85.15","83.48","12.49","79.81","32.93","43.52","64.17","72.4","10.2"
"2026-11-27","74.64","25.43","39.55","63.43","73.81","75.5","11.55","80.51","34.9","52.85","80.33","86.55","87.65","13.99","86.64","41.1","57.73","82.46","85.26","83.55","12.49","80.65","31.5","44.33","65.51","72.55","10.24"
"2026-11-28","75.65","24.33","40.77","65.3","74.36","76.09","11.68","81.72","34.0","54.22","82.27","87.06","88.11","14.07","87.65","39.88","58.67","83.84","85.36","83.61","12.5","81.47","30.1","45.13","66.84","72.7","10.28"
"2026-11-29","76.66","23.25","41.99","67.15","74.91","76.67","11.81","82.91","33.11","55.58","84.17","87.55","88.54","14.15","88.65","38.68","59.59","85.19","85.44","83.66","12.5","82.28","28.71","45.92","68.16","72.85","10.32"
"2026-11-30","77.66","22.2","43.2","69.0","75.47","77.26","11.94","84.1","32.24","56.92","86.04","88.03","88.97","14.22","89.63","37.48","60.49","86.51","85.52","83.71","12.5","83.08","27.35","46.69","69.46","73.0","10.36"
"2026-12-01","78.65","21.18","44.4","70.82","76.02","77.84","12.07","85.27","31.38","58.23","87.88","88.5","89.38","14.3","90.58","36.3","61.36","87.8","85.59","83.75","12.51","83.86","26.0","47.46","70.75","73.16","10.41"
"2026-12-02","79.63","20.17","45.6","72.63","76.58","78.42","12.2","86.42","30.53","59.53","89.68","88.96","89.78","14.37","91.52","35.12","62.2","89.06","85.64","83.78","12.51","84.63","24.67","48.22","72.02","73.32","10.45"
"2026-12-03","80.61","19.19","46.79","74.43","77.13","79.0","12.33","87.56","29.7","60.8","91.46","89.41","90.16","14.43","92.43","33.95","63.02","90.28","85.69","83.8","12.5","85.39","23.36","48.97","73.28","73.49","10.5"
"2026-12-04","81.57","18.24","47.97","76.21","77.68","79.58","12.45","88.68","28.88","62.05","93.2","89.84","90.53","14.5","93.32","32.78","63.82","91.48","85.73","83.82","12.5","86.13","22.07","49.7","74.53","73.66","10.54"
"2026-12-05","82.53","17.31","49.15","77.98","78.24","80.16","12.58","89.78","28.08","63.28","94.9","90.26","90.89","14.56","94.19","31.63","64.59","92.63","85.76","83.83","12.5","86.85","20.8","50.43","75.75","73.83","10.59"
"2026-12-06","83.47","16.41","50.31","79.72","78.79","80.73","12.7","90.87","27.29","64.49","96.57","90.66","91.23","14.62","95.04","30.49","65.34","93.76","85.78","83.83","12.49","87.57","19.56","51.15","76.97","74.01","10.64"
"2026-12-07","84.41","15.53","51.47","81.45","79.34","81.3","12.83","91.93","26.51","65.67","98.2","91.05","91.56","14.67","95.87","29.37","66.07","94.85","85.79","83.83","12.49","88.27","18.33","51.86","78.17","74.19","10.69"
"2026-12-08","85.33","14.68","52.61","83.16","79.89","81.86","12.95","92.99","25.75","66.82","99.8","91.43","91.87","14.72","96.67","28.25","66.76","95.91","85.8","83.81","12.48","88.95","17.13","52.55","79.35","74.37","10.74"
"2026-12-09","86.25","13.86","53.75","84.85","80.44","82.42","13.07","94.02","25.0","67.96","101.36","91.79","92.17","14.77","97.46","27.14","67.44","96.94","85.79","83.8","12.47","89.62","15.96","53.24","80.51","74.56","10.79"
"2026-12-10","87.15","13.06","54.87","86.52","80.98","82.98","13.19","95.03","24.27","69.06","102.89","92.14","92.46","14.81","98.21","26.05","68.08","97.93","85.78","83.77","12.47","90.27","14.8","53.92","81.66","74.75","10.85"
"2026-12-11","88.04","12.29","55.99","88.17","81.52","83.53","13.31","96.02","23.55","70.14","104.37","92.47","92.73","14.86","98.95","24.97","68.71","98.89","85.76","83.75","12.46","90.91","13.67","54.58","82.8","74.94","10.9"
"2026-12-12","88.92","11.54","57.09","89.79","82.06","84.08","13.42","97.0","22.85","71.19","105.82","92.79","92.98","14.89","99.66","23.9","69.3","99.82","85.73","83.71","12.45","91.54","12.57","55.24","83.92","75.14","10.96"
"2026-12-13","89.79","10.82","58.18","91.39","82.59","84.62","13.54","97.95","22.16","72.22","107.22","93.1","93.22","14.93","100.36","22.85","69.88","100.72","85.7","83.67","12.44","92.15","11.49","55.88","85.02","75.34","11.01"
"2026-12-14","90.65","10.13","59.26","92.97","83.13","85.15","13.65","98.88","21.49","73.22","108.59","93.39","93.44","14.96","101.02","21.8","70.43","101.58","85.65","83.63","12.43","92.75","10.44","56.52","86.1","75.54","11.07"
"2026-12-15","91.49","9.46","60.32","94.53","83.65","85.68","13.76","99.79","20.83","74.19","109.91","93.66","93.65","14.99","101.67","20.78","70.95","102.4","85.6","83.58","12.42","93.33","9.41","57.14","87.17","75.75","11.13"
"2026-12-16","92.32","8.82","61.37","96.06","84.17","86.2","13.87","100.68","20.18","75.13","111.2","93.92","93.85","15.02","102.29","19.77","71.45","103.2","85.55","83.52","12.4","93.9","8.41","57.76","88.22","75.96","11.18"
"2026-12-17","93.14","8.2","62.41","97.56","84.69","86.71","13.98","101.55","19.55","76.05","112.44","94.17","94.03","15.04","102.88","18.77","71.92","103.96","85.48","83.46","12.39","94.45","7.44","58.36","89.25","76.18","11.24"
"2026-12-18","93.94","7.62","63.43","99.04","85.2","87.22","14.08","102.39","18.94","76.93","113.64","94.39","94.19","15.06","103.46","17.79","72.37","104.69","85.41","83.4","12.38","94.98","6.49","58.95","90.26","76.4","11.3"
"2026-12-19","94.73","7.06","64.43","100.49","85.71","87.72","14.19","103.22","18.34","77.79","114.8","94.61","94.34","15.08","104.0","16.83","72.79","105.38","85.34","83.33","12.37","95.51","5.58","59.54","91.26","76.62","11.36"
"2026-12-20","95.51","6.52","65.42","101.91","86.2","88.21","14.29","104.02","17.76","78.61","115.92","94.81","94.47","15.09","104.53","15.88","73.19","106.05","85.26","83.26","12.35","96.01","4.69","60.11","92.24","76.84","11.43"
"2026-12-21","96.27","6.02","66.39","103.31","86.7","88.69","14.38","104.79","17.19","79.41","116.99","94.99","94.59","15.1","105.03","14.95","73.56","106.67","85.17","83.19","12.34","96.51","3.83","60.67","93.2","77.07","11.49"
"2026-12-22","97.02","5.54","67.35","104.67","87.18","89.16","14.48","105.54","16.63","80.17","118.02","95.16","94.69","15.11","105.51","14.04","73.91","107.27","85.08","83.11","12.33","96.98","2.99","61.22","94.14","77.3","11.55"
"2026-12-23","97.75","5.08","68.29","106.0","87.66","89.62","14.57","106.27","16.09","80.91","119.0","95.31","94.78","15.11","105.96","13.14","74.24","107.84","84.98","83.03","12.31","97.44","2.19","61.75","95.06","77.54","11.61"
"2026-12-24","98.46","4.66","69.21","107.31","88.13","90.08","14.67","106.98","15.57","81.61","119.94","95.44","94.85","15.11","106.39","12.27","74.54","108.37","84.88","82.94","12.3","97.89","1.42","62.28","95.96","77.77","11.68"
"2026-12-25","99.16","4.26","70.11","108.58","88.59","90.52","14.75","107.66","15.06","82.28","120.84","95.56","94.91","15.11","106.8","11.41","74.82","108.87","84.77","82.86","12.28","98.32","0.68","62.8","96.84","78.01","11.74"
"2026-12-26","99.85","3.88","70.99","109.82","89.05","90.95","14.84","108.31","14.57","82.92","121.69","95.67","94.95","15.1","107.18","10.57","75.07","109.33","84.66","82.77","12.27","98.74","0","63.3","97.71","78.26","11.81"
"2026-12-27","100.52","3.54","71.86","111.03","89.49","91.37","14.92","108.94","14.09","83.53","122.5","95.76","94.98","15.1","107.53","9.75","75.3","109.77","84.54","82.68","12.26","99.14","0","63.8","98.55","78.5","11.87"
"2026-12-28","101.17","3.22","72.7","112.21","89.93","91.79","15.0","109.54","13.63","84.1","123.26","95.83","95.0","15.08","107.87","8.95","75.51","110.17","84.42","82.58","12.24","99.52","0","64.28","99.37","78.75","11.94"
"2026-12-29","101.8","2.92","73.53","113.35","90.36","92.18","15.08","110.12","13.18","84.65","123.98","95.89","95.0","15.07","108.18","8.18","75.69","110.54","84.3","82.49","12.23","99.89","0","64.75","100.17","79.0","12.01"
"2026-12-30","102.42","2.66","74.33","114.45","90.77","92.57","15.16","110.67","12.75","85.16","124.65","95.93","94.98","15.05","108.46","7.42","75.85","110.88","84.18","82.39","12.21","100.25","0","65.2","100.95","79.25","12.07"
"2026-12-31","103.01","2.42","75.11","115.52","91.18","92.95","15.23","111.2","12.33","85.64","125.27","95.96","94.95","15.03","108.72","6.68","75.99","111.19","84.05","82.3","12.2","100.59","0","65.65","101.71","79.5","12.14"
