"date","mean_thaw_depth","mean_frost_depth","mean_snow_depth","mean_swe","mean_lz_volume","mean_uz_volume","mean_runoff","open_thaw_depth","open_frost_depth","open_snow_depth","open_swe","open_lz_volume","open_uz_volume","open_runoff","forest_thaw_depth","forest_frost_depth","forest_snow_depth","forest_swe","forest_lz_volume","forest_uz_volume","forest_runoff","bog_thaw_depth","bog_frost_depth","bog_snow_depth","bog_swe","bog_sm_volume","bog_runoff"
"2024-01-01","114.74","5.11","84.46","122.81","89.11","87.09","13.15","106.28","0","71.0","108.28","79.99","80.22","12.2","105.3","0","75.68","117.37","89.06","91.07","14.88","113.78","6.34","89.05","131.71","97.99","15.94"
"2024-01-02","114.64","4.89","84.19","122.45","88.82","86.81","13.09","106.15","0","70.88","108.23","80.0","80.29","12.23","105.44","0","75.99","117.77","89.35","91.36","14.94","113.94","6.47","89.2","131.81","97.99","15.92"
"2024-01-03","114.51","4.69","83.88","122.07","88.53","86.53","13.03","106.0","0","70.74","108.15","80.02","80.37","12.26","105.56","0","76.28","118.15","89.64","91.64","15.0","114.08","6.63","89.32","131.87","97.97","15.91"
"2024-01-04","114.35","4.51","83.56","121.64","88.23","86.24","12.98","105.83","0","70.6","108.05","80.03","80.45","12.29","105.66","0","76.56","118.49","89.92","91.9","15.05","114.19","6.8","89.4","131.87","97.93","15.88"
"2024-01-05","114.16","4.35","83.2","121.17","87.93","85.95","12.92","105.64","0","70.43","107.92","80.04","80.53","12.32","105.75","0","76.81","118.79","90.19","92.16","15.1","114.28","6.99","89.45","131.83","97.88","15.86"
"2024-01-06","113.95","4.21","82.82","120.67","87.62","85.66","12.86","105.43","0","70.26","107.78","80.06","80.61","12.35","105.82","0","77.04","119.06","90.46","92.41","15.15","114.33","7.2","89.46","131.74","97.81","15.83"
"2024-01-07","113.72","4.09","82.41","120.14","87.3","85.36","12.8","105.21","0","70.07","107.61","80.08","80.69","12.38","105.87","0","77.25","119.3","90.71","92.64","15.2","114.37","7.43","89.44","131.6","97.72","15.8"
"2024-01-08","113.45","4.0","81.97","119.56","86.98","85.06","12.74","104.97","0","69.87","107.41","80.11","80.77","12.41","105.91","0","77.44","119.5","90.96","92.87","15.24","114.37","7.67","89.39","131.41","97.62","15.76"
"2024-01-09","113.16","3.92","81.51","118.95","86.65","84.75","12.68","104.71","0","69.65","107.2","80.13","80.86","12.45","105.92","0","77.61","119.66","91.2","93.08","15.28","114.35","7.93","89.31","131.18","97.5","15.72"
"2024-01-10","112.85","3.87","81.02","118.31","86.32","84.44","12.62","104.44","0","69.42","106.96","80.16","80.95","12.48","105.92","0","77.75","119.79","91.42","93.28","15.32","114.3","8.21","89.19","130.89","97.37","15.68"
"2024-01-11","112.5","3.84","80.51","117.63","85.98","84.13","12.56","104.14","0","69.18","106.69","80.18","81.04","12.51","105.9","0","77.88","119.89","91.64","93.47","15.35","114.22","8.51","89.03","130.56","97.21","15.63"
"2024-01-12","112.14","3.83","79.97","116.92","85.64","83.82","12.5","103.83","0","68.93","106.41","80.21","81.12","12.54","105.85","0","77.98","119.94","91.85","93.65","15.38","114.12","8.82","88.84","130.19","97.05","15.58"
"2024-01-13","111.75","3.84","79.4","116.17","85.3","83.51","12.44","103.51","0","68.66","106.1","80.25","81.21","12.57","105.8","0","78.06","119.96","92.05","93.82","15.41","113.99","9.15","88.62","129.76","96.87","15.53"
"2024-01-14","111.33","3.87","78.82","115.39","84.95","83.19","12.38","103.17","0","68.38","105.77","80.28","81.31","12.61","105.72","0","78.12","119.95","92.23","93.97","15.44","113.83","9.5","88.37","129.29","96.67","15.48"
"2024-01-15","110.89","3.93","78.21","114.58","84.6","82.87","12.33","102.81","0","68.08","105.42","80.32","81.4","12.64","105.62","0.3","78.15","119.89","92.41","94.12","15.46","113.64","9.87","88.08","128.77","96.45","15.42"
"2024-01-16","110.42","4.01","77.57","113.74","84.24","82.55","12.27","102.44","0","67.77","105.04","80.35","81.49","12.67","105.51","0.89","78.16","119.8","92.57","94.24","15.48","113.43","10.25","87.76","128.2","96.23","15.36"
"2024-01-17","109.93","4.11","76.92","112.86","83.89","82.23","12.21","102.05","0","67.45","104.65","80.39","81.58","12.7","105.37","1.5","78.15","119.67","92.73","94.36","15.49","113.19","10.64","87.4","127.59","95.98","15.29"
"2024-01-18","109.42","4.23","76.24","111.96","83.53","81.91","12.15","101.64","0","67.12","104.23","80.43","81.67","12.73","105.22","2.13","78.11","119.5","92.87","94.46","15.51","112.92","11.05","87.01","126.93","95.72","15.22"
"2024-01-19","108.88","4.38","75.54","111.02","83.17","81.59","12.09","101.22","0","66.78","103.78","80.47","81.76","12.76","105.04","2.79","78.05","119.3","93.0","94.55","15.52","112.63","11.48","86.59","126.23","95.45","15.15"
"2024-01-20","108.32","4.55","74.81","110.05","82.8","81.27","12.03","100.78","0","66.42","103.32","80.51","81.85","12.79","104.85","3.48","77.97","119.05","93.12","94.63","15.52","112.3","11.93","86.14","125.48","95.16","15.08"
"2024-01-21","107.73","4.75","74.07","109.06","82.44","80.95","11.97","100.33","0","66.05","102.83","80.56","81.95","12.82","104.64","4.19","77.86","118.77","93.22","94.69","15.53","111.95","12.39","85.65","124.68","94.86","15.0"
"2024-01-22","107.12","4.97","73.3","108.03","82.07","80.63","11.92","99.86","0","65.67","102.32","80.6","82.04","12.85","104.41","4.92","77.73","118.45","93.32","94.73","15.53","111.58","12.86","85.13","123.84","94.54","14.93"
"2024-01-23","106.49","5.21","72.52","106.98","81.71","80.31","11.86","99.38","0","65.27","101.79","80.64","82.12","12.88","104.15","5.68","77.57","118.08","93.4","94.77","15.52","111.17","13.36","84.57","122.95","94.21","14.84"
"2024-01-24","105.84","5.47","71.72","105.9","81.34","79.99","11.8","98.88","0","64.87","101.23","80.69","82.21","12.91","103.88","6.46","77.39","117.68","93.47","94.79","15.52","110.74","13.86","83.99","122.02","93.87","14.76"
"2024-01-25","105.17","5.76","70.89","104.79","80.97","79.67","11.75","98.37","0","64.45","100.66","80.73","82.3","12.94","103.59","7.27","77.18","117.24","93.52","94.79","15.51","110.28","14.38","83.37","121.05","93.51","14.67"
"2024-01-26","104.47","6.08","70.05","103.65","80.6","79.35","11.69","97.85","0","64.02","100.06","80.78","82.39","12.97","103.28","8.09","76.95","116.76","93.56","94.78","15.5","109.8","14.92","82.72","120.03","93.14","14.58"
"2024-01-27","103.76","6.41","69.19","102.49","80.24","79.04","11.64","97.31","0","63.58","99.44","80.82","82.47","12.99","102.95","8.94","76.69","116.25","93.59","94.76","15.48","109.29","15.47","82.04","118.97","92.76","14.49"
"2024-01-28","103.02","6.77","68.31","101.31","79.87","78.73","11.58","96.76","0.36","63.12","98.8","80.87","82.55","13.02","102.6","9.81","76.41","115.69","93.61","94.72","15.46","108.75","16.04","81.33","117.87","92.36","14.4"
"2024-01-29","102.26","7.16","67.42","100.1","79.5","78.41","11.53","96.19","1.05","62.66","98.13","80.91","82.63","13.05","102.23","10.7","76.1","115.09","93.61","94.66","15.44","108.19","16.62","80.59","116.72","91.95","14.3"
"2024-01-30","101.49","7.57","66.5","98.86","79.14","78.1","11.48","95.61","1.77","62.18","97.44","80.95","82.71","13.07","101.84","11.61","75.76","114.45","93.6","94.59","15.41","107.6","17.21","79.82","115.54","91.53","14.21"
"2024-01-31","100.69","8.01","65.58","97.6","78.77","77.8","11.43","95.01","2.53","61.69","96.73","81.0","82.78","13.09","101.43","12.54","75.4","113.77","93.57","94.51","15.38","106.98","17.82","79.01","114.31","91.1","14.11"
"2024-02-01","99.87","8.46","64.63","96.32","78.41","77.49","11.38","94.4","3.31","61.19","96.0","81.04","82.85","13.12","101.0","13.5","75.01","113.06","93.53","94.41","15.35","106.34","18.45","78.18","113.04","90.65","14.0"
"2024-02-02","99.04","8.95","63.67","95.02","78.05","77.19","11.33","93.78","4.12","60.68","95.25","81.08","82.92","13.14","100.55","14.47","74.6","112.3","93.47","94.3","15.31","105.67","19.09","77.32","111.73","90.2","13.9"
"2024-02-03","98.19","9.46","62.7","93.69","77.69","76.89","11.28","93.15","4.97","60.15","94.47","81.12","82.99","13.16","100.08","15.46","74.16","111.5","93.41","94.17","15.27","104.98","19.74","76.43","110.39","89.73","13.79"
"2024-02-04","97.31","9.99","61.71","92.35","77.33","76.59","11.23","92.5","5.84","59.61","93.68","81.16","83.05","13.18","99.59","16.46","73.69","110.66","93.32","94.03","15.23","104.26","20.4","75.51","109.0","89.26","13.68"
"2024-02-05","96.42","10.55","60.7","90.98","76.98","76.3","11.18","91.84","6.74","59.07","92.86","81.19","83.11","13.19","99.08","17.49","73.2","109.79","93.23","93.87","15.18","103.52","21.08","74.56","107.58","88.77","13.57"
"2024-02-06","95.52","11.13","59.69","89.59","76.62","76.01","11.13","91.17","7.67","58.5","92.02","81.23","83.16","13.21","98.55","18.53","72.68","108.87","93.11","93.69","15.13","102.75","21.78","73.58","106.12","88.28","13.46"
"2024-02-07","94.6","11.73","58.66","88.19","76.27","75.72","11.09","90.49","8.63","57.93","91.15","81.26","83.22","13.23","98.0","19.59","72.13","107.92","92.99","93.5","15.08","101.96","22.48","72.58","104.62","87.77","13.35"
"2024-02-08","93.66","12.36","57.62","86.76","75.92","75.43","11.04","89.79","9.61","57.35","90.27","81.29","83.26","13.24","97.43","20.67","71.56","106.92","92.85","93.3","15.02","101.14","23.2","71.55","103.09","87.25","13.24"
"2024-02-09","92.7","13.02","56.56","85.32","75.58","75.15","11.0","89.08","10.62","56.75","89.36","81.32","83.3","13.25","96.84","21.76","70.96","105.89","92.69","93.08","14.96","100.3","23.94","70.49","101.52","86.73","13.12"
"2024-02-10","91.73","13.7","55.5","83.86","75.24","74.88","10.95","88.36","11.66","56.15","88.43","81.34","83.34","13.26","96.23","22.87","70.34","104.81","92.52","92.85","14.9","99.44","24.68","69.41","99.92","86.2","13.0"
"2024-02-11","90.74","14.4","54.42","82.38","74.9","74.6","10.91","87.63","12.73","55.53","87.48","81.36","83.37","13.27","95.6","23.99","69.69","103.7","92.34","92.6","14.83","98.55","25.44","68.3","98.28","85.66","12.89"
"2024-02-12","89.74","15.13","53.34","80.88","74.57","74.33","10.87","86.89","13.82","54.9","86.51","81.38","83.4","13.28","94.95","25.13","69.01","102.55","92.14","92.33","14.76","97.64","26.22","67.17","96.61","85.11","12.77"
"2024-02-13","88.73","15.89","52.24","79.37","74.24","74.07","10.83","86.13","14.94","54.26","85.51","81.4","83.42","13.29","94.28","26.28","68.3","101.36","91.92","92.05","14.69","96.71","27.0","66.01","94.91","84.56","12.65"
"2024-02-14","87.7","16.66","51.13","77.85","73.91","73.81","10.79","85.37","16.08","53.6","84.5","81.41","83.43","13.29","93.59","27.44","67.57","100.13","91.7","91.76","14.61","95.76","27.8","64.83","93.18","84.0","12.52"
"2024-02-15","86.65","17.47","50.02","76.31","73.59","73.55","10.75","84.59","17.25","52.94","83.46","81.42","83.44","13.3","92.88","28.62","66.82","98.87","91.45","91.45","14.53","94.78","28.61","63.62","91.41","83.43","12.4"
"2024-02-16","85.6","18.29","48.89","74.75","73.27","73.3","10.71","83.8","18.45","52.26","82.4","81.42","83.45","13.3","92.15","29.81","66.04","97.57","91.2","91.13","14.45","93.79","29.44","62.4","89.62","82.85","12.28"
"2024-02-17","84.53","19.14","47.76","73.18","72.95","73.05","10.67","83.0","19.66","51.57","81.32","81.42","83.44","13.3","91.41","31.01","65.23","96.22","90.92","90.79","14.37","92.77","30.27","61.15","87.8","82.27","12.15"
"2024-02-18","83.45","20.02","46.62","71.6","72.64","72.8","10.64","82.19","20.9","50.87","80.21","81.41","83.43","13.29","90.64","32.23","64.39","94.85","90.64","90.44","14.28","91.73","31.12","59.88","85.94","81.69","12.03"
"2024-02-19","82.36","20.91","45.48","70.0","72.34","72.56","10.6","81.37","22.16","50.16","79.09","81.4","83.42","13.29","89.85","33.45","63.53","93.43","90.34","90.07","14.19","90.67","31.98","58.58","84.06","81.1","11.9"
"2024-02-20","81.25","21.84","44.32","68.4","72.04","72.33","10.57","80.54","23.45","49.44","77.94","81.39","83.39","13.28","89.05","34.69","62.65","91.98","90.02","89.7","14.09","89.59","32.85","57.27","82.16","80.5","11.78"
"2024-02-21","80.14","22.78","43.16","66.78","71.74","72.09","10.53","79.7","24.76","48.7","76.78","81.37","83.36","13.28","88.22","35.93","61.74","90.49","89.69","89.3","14.0","88.49","33.74","55.94","80.23","79.9","11.65"
"2024-02-22","79.01","23.75","42.0","65.15","71.45","71.87","10.5","78.85","26.08","47.96","75.59","81.34","83.32","13.27","87.38","37.19","60.8","88.97","89.35","88.9","13.9","87.37","34.63","54.59","78.27","79.3","11.53"
"2024-02-23","77.88","24.74","40.83","63.51","71.16","71.64","10.47","77.99","27.43","47.2","74.38","81.31","83.28","13.25","86.52","38.45","59.84","87.41","88.99","88.48","13.8","86.24","35.54","53.22","76.29","78.69","11.4"
"2024-02-24","76.73","25.75","39.65","61.86","70.88","71.42","10.44","77.12","28.8","46.43","73.15","81.28","83.22","13.24","85.64","39.72","58.85","85.82","88.62","88.04","13.69","85.08","36.46","51.83","74.29","78.08","11.27"
"2024-02-25","75.58","26.79","38.47","60.2","70.6","71.21","10.41","76.24","30.19","45.65","71.89","81.23","83.16","13.22","84.74","41.01","57.84","84.19","88.24","87.6","13.59","83.91","37.39","50.42","72.26","77.47","11.15"
"2024-02-26","74.42","27.85","37.28","58.53","70.33","71.0","10.38","75.36","31.6","44.85","70.62","81.18","83.09","13.2","83.82","42.29","56.81","82.53","87.84","87.14","13.48","82.72","38.34","49.0","70.21","76.86","11.02"
"2024-02-27","73.25","28.93","36.09","56.86","70.06","70.79","10.35","74.46","33.02","44.05","69.33","81.13","83.01","13.18","82.89","43.59","55.75","80.84","87.43","86.67","13.36","81.51","39.29","47.56","68.14","76.24","10.89"
"2024-02-28","72.07","30.04","34.9","55.17","69.8","70.59","10.32","73.55","34.47","43.23","68.01","81.07","82.93","13.16","81.93","44.89","54.66","79.11","87.01","86.18","13.25","80.29","40.26","46.11","66.06","75.62","10.76"
"2024-02-29","70.89","31.16","33.71","53.48","69.54","70.39","10.29","72.64","35.93","42.4","66.67","81.0","82.83","13.13","80.96","46.2","53.56","77.35","86.57","85.69","13.13","79.05","41.23","44.64","63.95","75.0","10.64"
"2024-03-01","69.69","32.31","32.51","51.78","69.29","70.2","10.27","71.71","37.41","41.56","65.32","80.92","82.73","13.11","79.98","47.52","52.43","75.56","86.12","85.18","13.01","77.79","42.22","43.16","61.82","74.39","10.51"
"2024-03-02","68.49","33.48","31.31","50.08","69.04","70.01","10.24","70.78","38.9","40.71","63.94","80.84","82.62","13.08","78.97","48.84","51.27","73.74","85.66","84.66","12.89","76.52","43.22","41.66","59.68","73.77","10.39"
"2024-03-03","67.29","34.66","30.11","48.37","68.8","69.82","10.21","69.84","40.41","39.85","62.54","80.75","82.49","13.05","77.95","50.16","50.1","71.88","85.19","84.13","12.77","75.24","44.23","40.15","57.53","73.15","10.26"
"2024-03-04","66.08","35.87","28.9","46.65","68.56","69.64","10.19","68.89","41.93","38.97","61.12","80.66","82.36","13.01","76.91","51.49","48.9","70.0","84.7","83.59","12.64","73.94","45.25","38.63","55.35","72.53","10.14"
"2024-03-05","64.86","37.11","27.7","44.93","68.33","69.46","10.16","67.93","43.47","38.09","59.68","80.55","82.22","12.97","75.86","52.83","47.68","68.09","84.2","83.03","12.52","72.63","46.28","37.1","53.17","71.91","10.01"
"2024-03-06","63.64","38.36","26.49","43.2","68.1","69.29","10.14","66.97","45.02","37.19","58.23","80.44","82.07","12.93","74.79","54.16","46.44","66.15","83.69","82.47","12.39","71.31","47.32","35.56","50.97","71.29","9.89"
"2024-03-07","62.42","39.63","25.29","41.47","67.88","69.12","10.12","65.99","46.58","36.28","56.75","80.32","81.91","12.89","73.7","55.51","45.18","64.18","83.17","81.9","12.25","69.97","48.37","34.01","48.75","70.68","9.77"
"2024-03-08","61.19","40.91","24.08","39.74","67.66","68.95","10.09","65.01","48.16","35.36","55.25","80.19","81.74","12.85","72.6","56.85","43.89","62.18","82.64","81.32","12.12","68.62","49.43","32.45","46.53","70.06","9.64"
"2024-03-09","59.96","42.22","22.87","38.0","67.45","68.79","10.07","64.03","49.75","34.42","53.73","80.05","81.56","12.8","71.48","58.2","42.59","60.16","82.1","80.73","11.99","67.26","50.51","30.88","44.3","69.45","9.52"
"2024-03-10","58.72","43.55","21.67","36.26","67.24","68.63","10.05","63.03","51.34","33.48","52.19","79.91","81.37","12.75","70.35","59.54","41.27","58.11","81.54","80.13","11.85","65.89","51.59","29.3","42.05","68.84","9.4"
"2024-03-11","57.48","44.89","20.46","34.51","67.04","68.47","10.03","62.03","52.95","32.53","50.64","79.76","81.17","12.7","69.2","60.89","39.92","56.03","80.98","79.52","11.71","64.51","52.68","27.72","39.8","68.24","9.29"
"2024-03-12","56.24","46.26","19.26","32.77","66.84","68.32","10.01","61.02","54.57","31.56","49.06","79.59","80.96","12.65","68.04","62.24","38.56","53.93","80.41","78.9","11.57","63.12","53.78","26.13","37.54","67.64","9.17"
"2024-03-13","55.0","47.64","18.06","31.02","66.64","68.17","9.99","60.0","56.2","30.58","47.47","79.42","80.74","12.59","66.86","63.6","37.18","51.81","79.82","78.27","11.43","61.73","54.89","24.53","35.27","67.04","9.05"
"2024-03-14","53.76","49.04","16.86","29.27","66.45","68.02","9.97","58.98","57.83","29.59","45.86","79.24","80.51","12.53","65.67","64.95","35.78","49.66","79.23","77.64","11.29","60.32","56.01","22.93","33.0","66.44","8.94"
"2024-03-15","52.51","50.45","15.66","27.52","66.27","67.88","9.95","57.95","59.47","28.59","44.23","79.06","80.27","12.47","64.46","66.3","34.37","47.49","78.63","77.0","11.15","58.9","57.14","21.32","30.72","65.85","8.82"
"2024-03-16","51.27","51.88","14.47","25.77","66.09","67.74","9.92","56.91","61.12","27.58","42.58","78.86","80.02","12.41","63.25","67.65","32.93","45.3","78.02","76.35","11.0","57.48","58.28","19.71","28.44","65.27","8.71"
"2024-03-17","50.02","53.33","13.27","24.02","65.91","67.6","9.9","55.87","62.78","26.56","40.91","78.65","79.76","12.34","62.02","69.0","31.48","43.09","77.4","75.7","10.86","56.05","59.43","18.1","26.16","64.69","8.6"
"2024-03-18","48.77","54.79","12.08","22.27","65.74","67.46","9.88","54.82","64.44","25.52","39.23","78.44","79.49","12.27","60.77","70.35","30.02","40.86","76.78","75.04","10.71","54.61","60.59","16.49","23.87","64.11","8.49"
"2024-03-19","47.53","56.26","10.9","20.52","65.57","67.32","9.86","53.76","66.1","24.48","37.53","78.21","79.21","12.2","59.52","71.7","28.53","38.61","76.15","74.37","10.57","53.17","61.75","14.87","21.58","63.54","8.38"
"2024-03-20","46.28","57.75","9.71","18.77","65.4","67.19","9.84","52.7","67.77","23.42","35.81","77.98","78.92","12.13","58.25","73.05","27.04","36.34","75.51","73.7","10.42","51.73","62.93","13.26","19.29","62.98","8.27"
"2024-03-21","45.04","59.26","8.53","17.02","65.24","67.06","9.82","51.64","69.44","22.36","34.07","77.73","78.62","12.06","56.98","74.39","25.53","34.06","74.86","73.02","10.27","50.27","64.11","11.64","17.01","62.42","8.17"
"2024-03-22","43.8","60.77","7.36","15.27","65.08","66.93","9.8","50.56","71.12","21.28","32.32","77.48","78.3","11.98","55.69","75.74","24.0","31.76","74.2","72.34","10.12","48.82","65.3","10.03","14.72","61.87","8.06"
"2024-03-23","42.56","62.3","6.19","13.53","64.93","66.8","9.78","49.49","72.79","20.19","30.55","77.22","77.98","11.9","54.39","77.08","22.46","29.44","73.54","71.66","9.97","47.36","66.5","8.41","12.43","61.33","7.96"
"2024-03-24","41.32","63.85","5.02","11.78","64.78","66.67","9.76","48.41","74.47","19.09","28.77","76.94","77.65","11.81","53.08","78.41","20.91","27.11","72.88","70.97","9.82","45.9","67.71","6.8","10.15","60.79","7.86"
"2024-03-25","40.08","65.4","3.86","10.04","64.63","66.55","9.74","47.32","76.15","17.99","26.97","76.66","77.3","11.73","51.76","79.74","19.35","24.76","72.21","70.28","9.68","44.44","68.92","5.19","7.88","60.26","7.76"
"2024-03-26","38.85","66.96","2.7","8.3","64.48","66.42","9.72","46.23","77.83","16.87","25.16","76.37","76.95","11.64","50.43","81.07","17.77","22.41","71.53","69.58","9.53","42.97","70.15","3.58","5.6","59.74","7.67"
"2024-03-27","37.62","68.54","1.54","6.57","64.34","66.3","9.7","45.13","79.51","15.74","23.33","76.07","76.59","11.55","49.09","82.4","16.19","20.04","70.85","68.89","9.38","41.5","71.38","1.98","3.34","59.23","7.57"
"2024-03-28","36.39","70.13","0.39","4.83","64.2","66.17","9.68","44.03","81.18","14.61","21.49","75.76","76.21","11.46","47.75","83.72","14.59","17.66","70.17","68.19","9.23","40.04","72.61","0.38","1.08","58.72","7.48"
"2024-03-29","35.17","71.72","0","3.1","64.07","66.05","9.66","42.93","82.86","13.46","19.63","75.44","75.83","11.37","46.39","85.04","12.99","15.27","69.48","67.49","9.08","38.57","73.86","0","0","58.22","7.39"
"2024-03-30","33.95","73.33","0","1.38","63.93","65.93","9.64","41.82","84.53","12.3","17.76","75.11","75.43","11.27","45.03","86.35","11.37","12.87","68.79","66.78","8.93","37.1","75.11","0","0","57.73","7.3"
"2024-03-31","32.74","74.94","0","0","63.8","65.81","9.61","40.71","86.2","11.14","15.88","74.77","75.03","11.17","43.66","87.65","9.75","10.46","68.1","66.08","8.78","35.64","76.36","0","0","57.25","7.22"
"2024-04-01","31.53","76.56","0","0","63.67","65.68","9.59","39.59","87.86","9.96","13.98","74.42","74.62","11.07","42.29","88.95","8.12","8.04","67.4","65.38","8.63","34.17","77.63","0","0","56.78","7.13"
"2024-04-02","30.33","78.19","0","0","63.54","65.56","9.57","38.47","89.52","8.78","12.07","74.07","74.2","10.97","40.91","90.25","6.49","5.62","66.7","64.68","8.48","32.71","78.89","0","0","56.32","7.05"
"2024-04-03","29.77","79.09","0","0","63.41","65.44","9.54","38.0","90.45","8.28","11.19","73.7","73.76","10.86","40.17","90.8","5.53","4.23","66.0","63.97","8.33","31.9","79.44","0","0","55.86","6.97"
"2024-04-04","29.87","79.26","0","0","63.29","65.31","9.52","38.16","90.63","8.45","11.32","73.32","73.32","10.76","40.07","90.62","5.26","3.87","65.3","63.27","8.19","31.74","79.26","0","0","55.42","6.89"
"2024-04-05","29.97","79.45","0","0","63.16","65.19","9.49","38.33","90.81","8.62","11.44","72.94","72.87","10.65","39.96","90.44","4.98","3.5","64.6","62.57","8.04","31.58","79.08","0","0","54.98","6.81"
"2024-04-06","30.08","79.64","0","0","63.04","65.06","9.47","38.49","90.99","8.78","11.55","72.54","72.41","10.54","39.85","90.25","4.7","3.13","63.89","61.87","7.89","31.42","78.91","0","0","54.56","6.74"
"2024-04-07","30.2","79.83","0","0","62.92","64.94","9.44","38.64","91.16","8.93","11.65","72.14","71.94","10.43","39.73","90.05","4.41","2.75","63.19","61.18","7.75","31.26","78.74","0","0","54.14","6.67"
"2024-04-08","30.31","80.03","0","0","62.8","64.81","9.41","38.79","91.32","9.07","11.74","71.73","71.47","10.31","39.61","89.85","4.12","2.37","62.49","60.48","7.61","31.12","78.59","0","0","53.74","6.6"
"2024-04-09","30.44","80.24","0","0","62.67","64.68","9.38","38.94","91.47","9.2","11.81","71.31","70.98","10.2","39.48","89.64","3.83","1.99","61.79","59.79","7.46","30.97","78.44","0","0","53.34","6.53"
"2024-04-10","30.57","80.44","0","0","62.55","64.55","9.36","39.09","91.62","9.32","11.88","70.88","70.49","10.08","39.35","89.42","3.53","1.61","61.09","59.1","7.32","30.83","78.29","0","0","52.96","6.46"
"2024-04-11","30.7","80.66","0","0","62.43","64.41","9.33","39.23","91.76","9.43","11.92","70.44","69.99","9.96","39.22","89.21","3.22","1.22","60.39","58.42","7.18","30.69","78.15","0","0","52.58","6.4"
"2024-04-12","30.84","80.88","0","0","62.31","64.28","9.29","39.36","91.9","9.54","11.96","70.0","69.48","9.84","39.08","88.99","2.91","0.84","59.7","57.74","7.04","30.56","78.02","0","0","52.22","6.34"
"2024-04-13","30.98","81.1","0","0","62.19","64.14","9.26","39.49","92.02","9.63","11.99","69.54","68.96","9.72","38.93","88.76","2.6","0.45","59.0","57.07","6.91","30.43","77.9","0","0","51.86","6.28"
"2024-04-14","31.12","81.33","0","0","62.07","64.0","9.23","39.62","92.14","9.71","12.0","69.08","68.44","9.59","38.79","88.53","2.29","0.07","58.31","56.4","6.77","30.31","77.79","0","0","51.52","6.22"
"2024-04-15","31.27","81.56","0","0.09","61.95","63.86","9.2","39.74","92.26","9.78","12.0","68.61","67.91","9.47","38.63","88.3","1.98","0","57.63","55.73","6.64","30.19","77.68","0","0","51.18","6.17"
"2024-04-16","31.43","81.79","0","0.47","61.83","63.72","9.16","39.85","92.36","9.84","11.99","68.13","67.37","9.34","38.48","88.06","1.66","0","56.94","55.07","6.51","30.08","77.58","0","0","50.86","6.11"
"2024-04-17","31.58","82.03","0","0.86","61.71","63.57","9.13","39.97","92.46","9.9","11.96","67.65","66.82","9.22","38.32","87.82","1.34","0","56.26","54.42","6.37","29.97","77.49","0","0","50.55","6.06"
"2024-04-18","31.74","82.27","0","1.24","61.59","63.42","9.09","40.07","92.55","9.94","11.92","67.16","66.27","9.09","38.16","87.58","1.02","0","55.59","53.78","6.25","29.87","77.4","0","0","50.25","6.01"
"2024-04-19","31.91","82.52","0","1.63","61.46","63.27","9.05","40.17","92.63","9.97","11.87","66.66","65.71","8.96","37.99","87.33","0.7","0","54.92","53.14","6.12","29.77","77.32","0","0","49.96","5.97"
"2024-04-20","32.08","82.76","0","2.01","61.34","63.11","9.01","40.27","92.7","9.99","11.81","66.15","65.15","8.83","37.82","87.08","0.38","0","54.26","52.51","5.99","29.68","77.26","0","0","49.68","5.92"
"2024-04-21","32.25","83.01","0","2.39","61.21","62.95","8.97","40.36","92.77","10.0","11.74","65.64","64.58","8.7","37.65","86.83","0.05","0","53.6","51.88","5.87","29.59","77.2","0","0","49.41","5.88"
"2024-04-22","32.42","83.26","0.07","2.77","61.08","62.79","8.93","40.44","92.83","10.0","11.65","65.12","64.01","8.56","37.47","86.58","0","0","52.95","51.27","5.75","29.51","77.14","0","0","49.15","5.84"
"2024-04-23","32.6","83.52","0.39","3.15","60.95","62.62","8.89","40.52","92.88","9.99","11.55","64.6","63.43","8.43","37.3","86.33","0","0","52.31","50.66","5.63","29.43","77.1","0","0","48.9","5.8"
"2024-04-24","32.77","83.77","0.72","3.52","60.82","62.45","8.85","40.59","92.92","9.97","11.44","64.07","62.85","8.3","37.12","86.07","0","0","51.67","50.06","5.51","29.36","77.06","0","0","48.66","5.77"
"2024-04-25","32.96","84.03","1.04","3.89","60.68","62.27","8.8","40.66","92.95","9.94","11.31","63.53","62.26","8.16","36.93","85.82","0","0","51.04","49.47","5.4","29.3","77.03","0","0","48.43","5.73"
"2024-04-26","33.14","84.28","1.36","4.25","60.54","62.09","8.76","40.72","92.97","9.89","11.18","62.99","61.67","8.03","36.75","85.56","0","0","50.42","48.89","5.29","29.24","77.01","0","0","48.21","5.7"
"2024-04-27","33.32","84.54","1.68","4.61","60.41","61.91","8.71","40.78","92.99","9.84","11.03","62.45","61.08","7.89","36.56","85.3","0","0","49.8","48.32","5.18","29.19","77.0","0","0","48.01","5.67"
"2024-04-28","33.51","84.8","1.99","4.96","60.26","61.73","8.66","40.83","93.0","9.78","10.88","61.9","60.48","7.76","36.38","85.04","0","0","49.2","47.76","5.07","29.15","77.0","0","0","47.81","5.64"
"2024-04-29","33.7","85.06","2.31","5.31","60.12","61.54","8.61","40.87","93.0","9.71","10.71","61.34","59.88","7.62","36.19","84.79","0","0","48.6","47.21","4.97","29.11","77.01","0","0","47.63","5.62"
"2024-04-30","33.89","85.32","2.62","5.66","59.97","61.34","8.56","40.91","92.99","9.62","10.53","60.78","59.28","7.49","36.0","84.53","0","0","48.01","46.67","4.87","29.07","77.02","0","0","47.45","5.59"
"2024-05-01","34.08","85.57","2.93","6.0","59.82","61.14","8.51","40.94","92.97","9.53","10.33","60.22","58.67","7.35","35.8","84.27","0","0","47.43","46.15","4.77","29.05","77.04","0","0","47.29","5.57"
"2024-05-02","34.27","85.83","3.24","6.33","59.67","60.94","8.46","40.96","92.95","9.43","10.13","59.66","58.06","7.21","35.61","84.01","0","0","46.87","45.63","4.67","29.03","77.07","0","0","47.13","5.55"
"2024-05-03","34.46","86.09","3.54","6.65","59.51","60.73","8.4","40.98","92.91","9.32","9.92","59.09","57.45","7.08","35.42","83.76","0","0","46.31","45.12","4.57","29.01","77.11","0","0","46.98","5.53"
"2024-05-04","34.66","86.34","3.84","6.97","59.35","60.52","8.35","40.99","92.87","9.19","9.7","58.52","56.84","6.94","35.23","83.5","0","0","45.76","44.63","4.48","29.0","77.16","0","0","46.85","5.51"
"2024-05-05","34.85","86.59","4.14","7.28","59.19","60.3","8.29","41.0","92.82","9.06","9.46","57.94","56.23","6.8","35.03","83.25","0","0","45.22","44.15","4.4","29.0","77.21","0","0","46.72","5.5"
"2024-05-06","35.04","86.85","4.43","7.59","59.02","60.08","8.23","41.0","92.77","8.92","9.22","57.37","55.62","6.67","34.84","83.0","0","0","44.7","43.68","4.31","29.0","77.27","0","0","46.61","5.49"
"2024-05-07","35.24","87.1","4.72","7.88","58.85","59.85","8.17","40.99","92.7","8.77","8.97","56.79","55.01","6.53","34.65","82.75","0","0","44.19","43.22","4.23","29.01","77.34","0","0","46.5","5.47"
"2024-05-08","35.43","87.34","5.0","8.17","58.68","59.62","8.11","40.98","92.63","8.61","8.71","56.21","54.4","6.4","34.45","82.51","0","0","43.68","42.78","4.15","29.03","77.42","0","0","46.4","5.46"
"2024-05-09","35.62","87.59","5.27","8.45","58.5","59.38","8.05","40.96","92.54","8.44","8.44","55.63","53.79","6.27","34.26","82.26","0","0","43.19","42.34","4.07","29.05","77.51","0","0","46.31","5.45"
"2024-05-10","35.81","87.83","5.55","8.72","58.32","59.14","7.99","40.94","92.45","8.27","8.16","55.05","53.18","6.13","34.07","82.02","0","0","42.71","41.93","4.0","29.08","77.61","0","0","46.23","5.45"
"2024-05-11","36.01","88.07","5.81","8.98","58.14","58.9","7.92","40.9","92.36","8.08","7.87","54.46","52.58","6.0","33.88","81.78","0","0","42.25","41.52","3.92","29.12","77.71","0","0","46.16","5.44"
"2024-05-12","36.2","88.31","6.07","9.23","57.95","58.65","7.86","40.87","92.25","7.89","7.57","53.88","51.97","5.87","33.69","81.55","0","0","41.79","41.13","3.86","29.16","77.82","0","0","46.1","5.44"
"2024-05-13","36.39","88.54","6.32","9.48","57.75","58.4","7.79","40.82","92.14","7.68","7.27","53.3","51.37","5.74","33.5","81.32","0","0","41.35","40.75","3.79","29.21","77.93","0","0","46.04","5.43"
"2024-05-14","36.57","88.77","6.57","9.71","57.56","58.14","7.72","40.77","92.02","7.47","6.96","52.72","50.77","5.61","33.31","81.09","0","0","40.93","40.39","3.73","29.26","78.06","0","0","46.0","5.43"
"2024-05-15","36.76","89.0","6.81","9.93","57.36","57.87","7.65","40.72","91.89","7.26","6.64","52.14","50.17","5.48","33.13","80.87","0","0","40.51","40.04","3.67","29.32","78.19","0","0","45.96","5.43"
"2024-05-16","36.94","89.22","7.04","10.14","57.15","57.61","7.58","40.66","91.76","7.03","6.31","51.56","49.58","5.35","32.95","80.65","0","0","40.11","39.7","3.61","29.38","78.33","0","0","45.93","5.43"
"2024-05-17","37.12","89.44","7.27","10.35","56.94","57.33","7.51","40.59","91.61","6.8","5.98","50.98","48.99","5.22","32.77","80.43","0","0","39.73","39.38","3.56","29.45","78.48","0","0","45.91","5.43"
"2024-05-18","37.3","89.65","7.49","10.54","56.73","57.06","7.44","40.52","91.46","6.56","5.64","50.41","48.41","5.1","32.59","80.22","0","0","39.35","39.07","3.51","29.53","78.63","0","0","45.89","5.44"
"2024-05-19","37.48","89.86","7.7","10.72","56.52","56.77","7.37","40.44","91.31","6.31","5.3","49.84","47.82","4.97","32.41","80.02","0","0","39.0","38.78","3.46","29.61","78.79","0","0","45.89","5.44"
"2024-05-20","37.66","90.06","7.9","10.88","56.3","56.49","7.29","40.35","91.15","6.06","4.95","49.27","47.25","4.85","32.24","79.82","0","0","38.65","38.5","3.42","29.7","78.95","0","0","45.89","5.45"
"2024-05-21","37.83","90.26","8.09","11.04","56.07","56.2","7.22","40.26","90.98","5.8","4.59","48.7","46.68","4.73","32.07","79.63","0","0","38.32","38.23","3.38","29.79","79.13","0","0","45.89","5.45"
"2024-05-22","38.0","90.45","8.28","11.19","55.84","55.91","7.14","40.17","90.8","5.53","4.23","48.14","46.11","4.61","31.9","79.44","0","0","38.01","37.98","3.34","29.89","79.3","0","0","45.91","5.46"
"2024-05-23","38.16","90.63","8.45","11.32","55.61","55.61","7.07","40.07","90.62","5.26","3.87","47.58","45.56","4.5","31.74","79.26","0","0","37.71","37.75","3.31","30.0","79.49","0","0","45.93","5.47"
"2024-05-24","38.33","90.81","8.62","11.44","55.37","55.31","6.99","39.96","90.44","4.98","3.5","47.03","45.01","4.38","31.58","79.08","0","0","37.42","37.53","3.28","30.11","79.68","0","0","45.95","5.47"
"2024-05-25","38.49","90.99","8.78","11.55","55.13","55.0","6.91","39.85","90.25","4.7","3.13","46.48","44.46","4.27","31.42","78.91","0","0","37.15","37.32","3.25","30.22","79.87","0","0","45.98","5.48"
"2024-05-26","38.64","91.16","8.93","11.65","54.89","54.69","6.83","39.73","90.05","4.41","2.75","45.94","43.92","4.16","31.26","78.74","0","0","36.89","37.13","3.22","30.34","80.08","0","0","46.02","5.49"
"2024-05-27","38.79","91.32","9.07","11.74","54.64","54.38","6.75","39.61","89.85","4.12","2.37","45.4","43.39","4.05","31.12","78.59","0","0","36.65","36.95","3.2","30.47","80.28","0","0","46.06","5.51"
"2024-05-28","38.94","91.47","9.2","11.81","54.39","54.06","6.67","39.48","89.64","3.83","1.99","44.87","42.87","3.94","30.97","78.44","0","0","36.42","36.79","3.18","30.6","80.49","0","0","46.11","5.52"
"2024-05-29","39.09","91.62","9.32","11.88","54.14","53.75","6.59","39.35","89.42","3.53","1.61","44.35","42.36","3.83","30.83","78.29","0","0","36.21","36.64","3.17","30.73","80.71","0","0","46.16","5.53"
"2024-05-30","39.23","91.76","9.43","11.92","53.88","53.42","6.51","39.22","89.21","3.22","1.22","43.83","41.86","3.73","30.69","78.15","0","0","36.02","36.51","3.15","30.87","80.93","0","0","46.22","5.54"
"2024-05-31","39.36","91.9","9.54","11.96","53.62","53.1","6.43","39.08","88.99","2.91","0.84","43.32","41.36","3.63","30.56","78.02","0","0","35.84","36.4","3.14","31.01","81.15","0","0","46.29","5.56"
"2024-06-01","39.49","92.02","9.63","11.99","53.35","52.77","6.34","38.93","88.76","2.6","0.45","42.81","40.88","3.53","30.43","77.9","0","0","35.67","36.29","3.14","31.16","81.38","0","0","46.35","5.57"
"2024-06-02","39.62","92.14","9.71","12.0","53.09","52.44","6.26","38.79","88.53","2.29","0.07","42.32","40.4","3.44","30.31","77.79","0","0","35.52","36.2","3.13","31.31","81.61","0","0.17","46.42","5.58"
"2024-06-03","39.74","92.26","9.78","12.0","52.82","52.11","6.18","38.63","88.3","1.98","0","41.83","39.94","3.35","30.19","77.68","0","0","35.39","36.13","3.13","31.46","81.85","0","0.56","46.5","5.6"
"2024-06-04","39.85","92.36","9.84","11.99","52.54","51.77","6.09","38.48","88.06","1.66","0","41.35","39.48","3.26","30.08","77.58","0","0","35.27","36.07","3.13","31.62","82.09","0","0.94","46.58","5.61"
"2024-06-05","39.97","92.46","9.9","11.96","52.26","51.44","6.01","38.32","87.82","1.34","0","40.88","39.04","3.17","29.97","77.49","0","0","35.16","36.03","3.14","31.78","82.33","0","1.33","46.66","5.63"
"2024-06-06","40.07","92.55","9.94","11.92","51.99","51.1","5.93","38.16","87.58","1.02","0","40.42","38.6","3.08","29.87","77.4","0","0","35.07","36.0","3.14","31.95","82.57","0","1.71","46.75","5.64"
"2024-06-07","40.17","92.63","9.97","11.87","51.7","50.76","5.84","37.99","87.33","0.7","0","39.97","38.18","3.0","29.77","77.32","0","0","35.0","35.98","3.15","32.11","82.82","0","2.1","46.84","5.66"
"2024-06-08","40.27","92.7","9.99","11.81","51.42","50.42","5.76","37.82","87.08","0.38","0","39.53","37.77","2.92","29.68","77.26","0","0","34.94","35.98","3.17","32.28","83.07","0","2.48","46.93","5.67"
"2024-06-09","40.36","92.77","10.0","11.74","51.13","50.08","5.67","37.65","86.83","0.05","0","39.09","37.38","2.85","29.59","77.2","0","0","34.9","35.99","3.18","32.46","83.32","0.14","2.85","47.02","5.69"
"2024-06-10","40.44","92.83","10.0","11.65","50.85","49.73","5.59","37.47","86.58","0","0","38.67","36.99","2.78","29.51","77.14","0","0","34.87","36.02","3.2","32.64","83.57","0.47","3.23","47.12","5.7"
"2024-06-11","40.52","92.88","9.99","11.55","50.56","49.39","5.51","37.3","86.33","0","0","38.26","36.62","2.71","29.43","77.1","0","0","34.85","36.06","3.22","32.81","83.83","0.79","3.6","47.22","5.72"
"2024-06-12","40.59","92.92","9.97","11.44","50.27","49.05","5.42","37.12","86.07","0","0","37.86","36.26","2.64","29.36","77.06","0","0","34.86","36.11","3.24","33.0","84.08","1.11","3.97","47.32","5.73"
"2024-06-13","40.66","92.95","9.94","11.31","49.97","48.7","5.34","36.93","85.82","0","0","37.48","35.91","2.57","29.3","77.03","0","0","34.87","36.17","3.27","33.18","84.34","1.43","4.33","47.42","5.75"
"2024-06-14","40.72","92.97","9.89","11.18","49.68","48.36","5.25","36.75","85.56","0","0","37.1","35.58","2.51","29.24","77.01","0","0","34.9","36.25","3.3","33.36","84.6","1.75","4.69","47.52","5.76"
"2024-06-15","40.78","92.99","9.84","11.03","49.38","48.01","5.17","36.56","85.3","0","0","36.74","35.26","2.46","29.19","77.0","0","0","34.94","36.35","3.33","33.55","84.86","2.06","5.04","47.63","5.78"
"2024-06-16","40.83","93.0","9.78","10.88","49.09","47.67","5.09","36.38","85.04","0","0","36.39","34.95","2.4","29.15","77.0","0","0","35.0","36.45","3.36","33.74","85.11","2.38","5.39","47.73","5.79"
"2024-06-17","40.87","93.0","9.71","10.71","48.79","47.33","5.01","36.19","84.79","0","0","36.05","34.66","2.35","29.11","77.01","0","0","35.08","36.57","3.39","33.93","85.37","2.69","5.73","47.84","5.81"
"2024-06-18","40.91","92.99","9.62","10.53","48.5","46.99","4.93","36.0","84.53","0","0","35.72","34.38","2.3","29.07","77.02","0","0","35.16","36.7","3.43","34.12","85.63","3.0","6.07","47.95","5.82"
"2024-06-19","40.94","92.97","9.53","10.33","48.2","46.65","4.84","35.8","84.27","0","0","35.41","34.12","2.26","29.05","77.04","0","0","35.26","36.84","3.47","34.31","85.89","3.31","6.4","48.05","5.84"
"2024-06-20","40.96","92.95","9.43","10.13","47.9","46.31","4.76","35.61","84.01","0","0","35.11","33.87","2.22","29.03","77.07","0","0","35.38","36.99","3.51","34.51","86.14","3.61","6.73","48.16","5.85"
"2024-06-21","40.98","92.91","9.32","9.92","47.61","45.97","4.68","35.42","83.76","0","0","34.83","33.64","2.18","29.01","77.11","0","0","35.5","37.16","3.56","34.7","86.4","3.91","7.04","48.27","5.86"
"2024-06-22","40.99","92.87","9.19","9.7","47.31","45.64","4.61","35.23","83.5","0","0","34.56","33.42","2.15","29.0","77.16","0","0","35.64","37.34","3.6","34.89","86.65","4.2","7.35","48.38","5.88"
"2024-06-23","41.0","92.82","9.06","9.46","47.02","45.31","4.53","35.03","83.25","0","0","34.3","33.22","2.12","29.0","77.21","0","0","35.8","37.53","3.65","35.09","86.9","4.49","7.65","48.48","5.89"
"2024-06-24","41.0","92.77","8.92","9.22","46.72","44.98","4.45","34.84","83.0","0","0","34.06","33.04","2.09","29.0","77.27","0","0","35.96","37.72","3.7","35.28","87.15","4.78","7.95","48.59","5.9"
"2024-06-25","40.99","92.7","8.77","8.97","46.43","44.66","4.38","34.65","82.75","0","0","33.83","32.86","2.07","29.01","77.34","0","0","36.14","37.94","3.75","35.47","87.4","5.06","8.23","48.7","5.91"
"2024-06-26","40.98","92.63","8.61","8.71","46.14","44.33","4.3","34.45","82.51","0","0","33.62","32.71","2.05","29.03","77.42","0","0","36.33","38.16","3.8","35.66","87.64","5.33","8.51","48.8","5.93"
"2024-06-27","40.96","92.54","8.44","8.44","45.85","44.02","4.23","34.26","82.26","0","0","33.42","32.57","2.03","29.05","77.51","0","0","36.54","38.39","3.86","35.86","87.89","5.6","8.78","48.91","5.94"
"2024-06-28","40.94","92.45","8.27","8.16","45.56","43.7","4.16","34.07","82.02","0","0","33.23","32.45","2.02","29.08","77.61","0","0","36.75","38.63","3.92","36.05","88.13","5.87","9.04","49.01","5.95"
"2024-06-29","40.9","92.36","8.08","7.87","45.28","43.39","4.09","33.88","81.78","0","0","33.06","32.34","2.01","29.12","77.71","0","0","36.98","38.88","3.97","36.24","88.36","6.13","9.29","49.12","5.96"
"2024-06-30","40.87","92.25","7.89","7.57","45.0","43.09","4.02","33.69","81.55","0","0","32.91","32.25","2.01","29.16","77.82","0","0","37.22","39.14","4.03","36.43","88.59","6.38","9.53","49.22","5.97"
"2024-07-01","40.82","92.14","7.68","7.27","44.72","42.79","3.95","33.5","81.32","0","0","32.77","32.17","2.0","29.21","77.93","0","0","37.46","39.41","4.1","36.61","88.82","6.62","9.76","49.32","5.97"
"2024-07-02","40.77","92.02","7.47","6.96","44.44","42.5","3.88","33.31","81.09","0","0","32.65","32.11","2.01","29.26","78.06","0","0","37.72","39.68","4.16","36.8","89.05","6.86","9.98","49.42","5.98"
"2024-07-03","40.72","91.89","7.26","6.64","44.17","42.21","3.82","33.13","80.87","0","0","32.55","32.07","2.01","29.32","78.19","0","0","37.99","39.97","4.22","36.98","89.27","7.09","10.19","49.51","5.99"
"2024-07-04","40.66","91.76","7.03","6.31","43.9","41.92","3.75","32.95","80.65","0","0","32.46","32.04","2.02","29.38","78.33","0","0","38.27","40.26","4.29","37.16","89.48","7.32","10.39","49.61","6.0"
"2024-07-05","40.59","91.61","6.8","5.98","43.64","41.65","3.69","32.77","80.43","0","0","32.38","32.03","2.03","29.45","78.48","0","0","38.57","40.57","4.35","37.34","89.69","7.53","10.58","49.7","6.0"
"2024-07-06","40.52","91.46","6.56","5.64","43.38","41.38","3.63","32.59","80.22","0","0","32.33","32.04","2.05","29.53","78.63","0","0","38.87","40.88","4.42","37.52","89.9","7.74","10.75","49.79","6.01"
"2024-07-07","40.44","91.31","6.31","5.3","43.13","41.11","3.58","32.41","80.02","0","0","32.28","32.06","2.07","29.61","78.79","0","0","39.17","41.19","4.49","37.7","90.1","7.94","10.92","49.88","6.01"
"2024-07-08","40.35","91.15","6.06","4.95","42.88","40.86","3.52","32.24","79.82","0","0","32.26","32.1","2.09","29.7","78.95","0","0","39.49","41.52","4.56","37.87","90.3","8.13","11.07","49.97","6.02"
"2024-07-09","40.26","90.98","5.8","4.59","42.63","40.61","3.47","32.07","79.63","0","0","32.25","32.16","2.12","29.79","79.13","0","0","39.82","41.85","4.63","38.04","90.49","8.32","11.22","50.05","6.02"
"2024-07-10","40.17","90.8","5.53","4.23","42.39","40.37","3.42","31.9","79.44","0","0","32.26","32.23","2.14","29.89","79.3","0","0","40.16","42.18","4.7","38.2","90.67","8.49","11.35","50.14","6.02"
"2024-07-11","40.07","90.62","5.26","3.87","42.16","40.13","3.37","31.74","79.26","0","0","32.28","32.32","2.18","30.0","79.49","0","0","40.5","42.53","4.77","38.36","90.85","8.66","11.47","50.22","6.03"
"2024-07-12","39.96","90.44","4.98","3.5","41.93","39.91","3.32","31.58","79.08","0","0","32.32","32.43","2.21","30.11","79.68","0","0","40.85","42.88","4.84","38.52","91.03","8.81","11.58","50.3","6.03"
"2024-07-13","39.85","90.25","4.7","3.13","41.71","39.69","3.27","31.42","78.91","0","0","32.38","32.55","2.25","30.22","79.87","0","0","41.21","43.23","4.92","38.68","91.19","8.96","11.67","50.37","6.03"
"2024-07-14","39.73","90.05","4.41","2.75","41.5","39.48","3.23","31.26","78.74","0","0","32.45","32.69","2.3","30.34","80.08","0","0","41.58","43.59","4.99","38.83","91.35","9.1","11.76","50.45","6.03"
"2024-07-15","39.61","89.85","4.12","2.37","41.29","39.28","3.19","31.12","78.59","0","0","32.54","32.84","2.34","30.47","80.28","0","0","41.95","43.95","5.07","38.97","91.51","9.23","11.83","50.52","6.03"
"2024-07-16","39.48","89.64","3.83","1.99","41.09","39.09","3.15","30.97","78.44","0","0","32.64","33.01","2.39","30.6","80.49","0","0","42.33","44.32","5.14","39.12","91.65","9.35","11.89","50.59","6.03"
"2024-07-17","39.35","89.42","3.53","1.61","40.9","38.91","3.12","30.83","78.29","0","0","32.76","33.2","2.45","30.73","80.71","0","0","42.72","44.69","5.22","39.26","91.79","9.46","11.93","50.65","6.03"
"2024-07-18","39.22","89.21","3.22","1.22","40.71","38.74","3.08","30.69","78.15","0","0","32.9","33.4","2.5","30.87","80.93","0","0","43.11","45.07","5.29","39.39","91.93","9.56","11.97","50.72","6.03"
"2024-07-19","39.08","88.99","2.91","0.84","40.54","38.58","3.05","30.56","78.02","0","0","33.06","33.61","2.56","31.01","81.15","0","0","43.5","45.45","5.37","39.52","92.05","9.65","11.99","50.78","6.03"
"2024-07-20","38.93","88.76","2.6","0.45","40.37","38.43","3.02","30.43","77.9","0","0","33.23","33.85","2.63","31.16","81.38","0","0","43.91","45.83","5.44","39.64","92.17","9.73","12.0","50.84","6.03"
"2024-07-21","38.79","88.53","2.29","0.07","40.21","38.29","3.0","30.31","77.79","0","0","33.41","34.09","2.69","31.31","81.61","0","0.17","44.31","46.22","5.52","39.76","92.28","9.8","12.0","50.9","6.02"
"2024-07-22","38.63","88.3","1.98","0","40.06","38.16","2.98","30.19","77.68","0","0","33.61","34.36","2.76","31.46","81.85","0","0.56","44.73","46.61","5.6","39.88","92.38","9.86","11.98","50.95","6.02"
"2024-07-23","38.48","88.06","1.66","0","39.91","38.04","2.96","30.08","77.58","0","0","33.83","34.64","2.83","31.62","82.09","0","0.94","45.14","47.0","5.67","39.99","92.48","9.91","11.95","51.0","6.02"
"2024-07-24","38.32","87.82","1.34","0","39.78","37.94","2.94","29.97","77.49","0","0","34.06","34.93","2.91","31.78","82.33","0","1.33","45.56","47.39","5.75","40.09","92.57","9.95","11.91","51.05","6.01"
"2024-07-25","38.16","87.58","1.02","0","39.66","37.84","2.93","29.87","77.4","0","0","34.31","35.24","2.98","31.95","82.57","0","1.71","45.99","47.78","5.83","40.19","92.65","9.97","11.86","51.1","6.01"
"2024-07-26","37.99","87.33","0.7","0","39.54","37.76","2.91","29.77","77.32","0","0","34.58","35.56","3.06","32.11","82.82","0","2.1","46.41","48.18","5.9","40.29","92.72","9.99","11.79","51.15","6.0"
"2024-07-27","37.82","87.08","0.38","0","39.44","37.69","2.91","29.68","77.26","0","0","34.86","35.89","3.15","32.28","83.07","0","2.48","46.84","48.57","5.98","40.38","92.78","10.0","11.72","51.19","6.0"
"2024-07-28","37.65","86.83","0.05","0","39.35","37.63","2.9","29.59","77.2","0","0","35.15","36.24","3.23","32.46","83.32","0.14","2.85","47.27","48.97","6.05","40.46","92.84","10.0","11.63","51.23","5.99"
"2024-07-29","37.47","86.58","0","0","39.27","37.58","2.9","29.51","77.14","0","0","35.46","36.61","3.32","32.64","83.57","0.47","3.23","47.71","49.37","6.13","40.54","92.89","9.98","11.53","51.27","5.99"
"2024-07-30","37.3","86.33","0","0","39.19","37.55","2.9","29.43","77.1","0","0","35.78","36.98","3.41","32.81","83.83","0.79","3.6","48.15","49.77","6.2","40.61","92.92","9.96","11.41","51.31","5.98"
"2024-07-31","37.12","86.07","0","0","39.13","37.53","2.9","29.36","77.06","0","0","36.12","37.38","3.51","33.0","84.08","1.11","3.97","48.58","50.17","6.28","40.67","92.96","9.93","11.29","51.35","5.98"
"2024-08-01","36.93","85.82","0","0","39.08","37.52","2.91","29.3","77.03","0","0","36.48","37.78","3.6","33.18","84.34","1.43","4.33","49.02","50.56","6.35","40.73","92.98","9.88","11.15","51.38","5.97"
"2024-08-02","36.75","85.56","0","0","39.04","37.52","2.92","29.24","77.01","0","0","36.84","38.19","3.7","33.36","84.6","1.75","4.69","49.46","50.96","6.43","40.79","92.99","9.83","11.0","51.42","5.96"
"2024-08-03","36.56","85.3","0","0","39.02","37.54","2.93","29.19","77.0","0","0","37.22","38.62","3.8","33.55","84.86","2.06","5.04","49.9","51.36","6.5","40.84","93.0","9.76","10.84","51.45","5.96"
"2024-08-04","36.38","85.04","0","0","39.0","37.57","2.95","29.15","77.0","0","0","37.62","39.06","3.9","33.74","85.11","2.38","5.39","50.34","51.75","6.57","40.88","93.0","9.69","10.67","51.48","5.95"
"2024-08-05","36.19","84.79","0","0","39.0","37.61","2.97","29.11","77.01","0","0","38.02","39.52","4.01","33.93","85.37","2.69","5.73","50.79","52.14","6.64","40.91","92.99","9.6","10.48","51.51","5.94"
"2024-08-06","36.0","84.53","0","0","39.01","37.67","2.99","29.07","77.02","0","0","38.44","39.98","4.12","34.12","85.63","3.0","6.07","51.23","52.54","6.71","40.94","92.97","9.51","10.29","51.54","5.94"
"2024-08-07","35.8","84.27","0","0","39.03","37.74","3.01","29.05","77.04","0","0","38.88","40.46","4.22","34.31","85.89","3.31","6.4","51.67","52.93","6.78","40.97","92.94","9.4","10.09","51.57","5.93"
"2024-08-08","35.61","84.01","0","0","39.06","37.82","3.04","29.03","77.07","0","0","39.32","40.94","4.34","34.51","86.14","3.61","6.73","52.11","53.31","6.85","40.98","92.91","9.29","9.87","51.59","5.93"
"2024-08-09","35.42","83.76","0","0","39.11","37.92","3.07","29.01","77.11","0","0","39.78","41.44","4.45","34.7","86.4","3.91","7.04","52.55","53.7","6.92","41.0","92.86","9.17","9.65","51.62","5.92"
"2024-08-10","35.23","83.5","0","0","39.16","38.03","3.11","29.0","77.16","0","0","40.25","41.94","4.56","34.89","86.65","4.2","7.35","52.98","54.08","6.99","41.0","92.81","9.03","9.41","51.65","5.92"
"2024-08-11","35.03","83.25","0","0","39.24","38.16","3.15","29.0","77.21","0","0","40.73","42.46","4.68","35.09","86.9","4.49","7.65","53.42","54.46","7.06","41.0","92.75","8.89","9.17","51.67","5.91"
"2024-08-12","34.84","83.0","0","0","39.32","38.3","3.19","29.0","77.27","0","0","41.23","42.99","4.8","35.28","87.15","4.78","7.95","53.85","54.84","7.12","40.99","92.68","8.74","8.91","51.7","5.9"
"2024-08-13","34.65","82.75","0","0","39.42","38.45","3.23","29.01","77.34","0","0","41.73","43.52","4.92","35.47","87.4","5.06","8.23","54.29","55.21","7.19","40.98","92.61","8.58","8.65","51.72","5.9"
"2024-08-14","34.45","82.51","0","0","39.53","38.62","3.28","29.03","77.42","0","0","42.24","44.07","5.04","35.66","87.64","5.33","8.51","54.71","55.58","7.25","40.96","92.52","8.41","8.37","51.75","5.9"
"2024-08-15","34.26","82.26","0","0","39.65","38.8","3.33","29.05","77.51","0","0","42.77","44.62","5.16","35.86","87.89","5.6","8.78","55.14","55.95","7.32","40.93","92.43","8.23","8.09","51.78","5.89"
"2024-08-16","34.07","82.02","0","0","39.79","39.0","3.39","29.08","77.61","0","0","43.3","45.18","5.28","36.05","88.13","5.87","9.04","55.57","56.32","7.38","40.9","92.33","8.04","7.8","51.81","5.89"
"2024-08-17","33.88","81.78","0","0","39.93","39.21","3.44","29.12","77.71","0","0","43.85","45.75","5.41","36.24","88.36","6.13","9.29","55.99","56.68","7.44","40.86","92.23","7.84","7.51","51.83","5.89"
"2024-08-18","33.69","81.55","0","0","40.1","39.43","3.5","29.16","77.82","0","0","44.4","46.32","5.53","36.43","88.59","6.38","9.53","56.4","57.03","7.5","40.81","92.11","7.64","7.2","51.86","5.88"
"2024-08-19","33.5","81.32","0","0","40.27","39.67","3.57","29.21","77.93","0","0","44.96","46.91","5.66","36.61","88.82","6.62","9.76","56.82","57.38","7.56","40.76","91.99","7.43","6.89","51.89","5.88"
"2024-08-20","33.31","81.09","0","0","40.46","39.92","3.63","29.26","78.06","0","0","45.54","47.49","5.79","36.8","89.05","6.86","9.98","57.23","57.73","7.62","40.71","91.86","7.21","6.57","51.93","5.88"
"2024-08-21","33.13","80.87","0","0","40.67","40.19","3.7","29.32","78.19","0","0","46.11","48.09","5.91","36.98","89.27","7.09","10.19","57.63","58.07","7.68","40.64","91.72","6.98","6.24","51.96","5.88"
"2024-08-22","32.95","80.65","0","0","40.88","40.47","3.77","29.38","78.33","0","0","46.7","48.69","6.04","37.16","89.48","7.32","10.39","58.04","58.41","7.73","40.57","91.58","6.74","5.9","51.99","5.88"
"2024-08-23","32.77","80.43","0","0","41.11","40.77","3.85","29.45","78.48","0","0","47.3","49.3","6.17","37.34","89.69","7.53","10.58","58.43","58.74","7.79","40.5","91.43","6.5","5.56","52.03","5.88"
"2024-08-24","32.59","80.22","0","0","41.36","41.07","3.93","29.53","78.63","0","0","47.9","49.91","6.3","37.52","89.9","7.74","10.75","58.83","59.07","7.84","40.42","91.27","6.25","5.22","52.07","5.89"
"2024-08-25","32.41","80.02","0","0","41.62","41.4","4.01","29.61","78.79","0","0","48.51","50.53","6.43","37.7","90.1","7.94","10.92","59.21","59.39","7.9","40.33","91.11","6.0","4.87","52.11","5.89"
"2024-08-26","32.24","79.82","0","0","41.89","41.73","4.09","29.7","78.95","0","0","49.12","51.15","6.56","37.87","90.3","8.13","11.07","59.6","59.71","7.95","40.24","90.94","5.74","4.51","52.16","5.89"
"2024-08-27","32.07","79.63","0","0","42.17","42.08","4.18","29.79","79.13","0","0","49.74","51.77","6.7","38.04","90.49","8.32","11.22","59.98","60.03","8.0","40.15","90.77","5.47","4.15","52.2","5.9"
"2024-08-28","31.9","79.44","0","0","42.47","42.45","4.27","29.89","79.3","0","0","50.37","52.4","6.83","38.2","90.67","8.49","11.35","60.35","60.33","8.05","40.04","90.58","5.2","3.78","52.25","5.91"
"2024-08-29","31.74","79.26","0","0","42.78","42.82","4.37","30.0","79.49","0","0","51.0","53.03","6.96","38.36","90.85","8.66","11.47","60.72","60.64","8.1","39.94","90.4","4.92","3.42","52.31","5.91"
"2024-08-30","31.58","79.08","0","0","43.1","43.21","4.46","30.11","79.68","0","0","51.64","53.66","7.09","38.52","91.03","8.81","11.58","61.08","60.93","8.14","39.82","90.2","4.64","3.04","52.36","5.92"
"2024-08-31","31.42","78.91","0","0","43.44","43.61","4.56","30.22","79.87","0","0","52.28","54.29","7.22","38.68","91.19","8.96","11.67","61.44","61.23","8.19","39.71","90.0","4.35","2.67","52.42","5.93"
"2024-09-01","31.26","78.74","0","0","43.79","44.03","4.66","30.34","80.08","0","0","52.92","54.93","7.36","38.83","91.35","9.1","11.76","61.79","61.51","8.23","39.58","89.8","4.06","2.29","52.49","5.94"
"2024-09-02","31.12","78.59","0","0","44.16","44.46","4.76","30.47","80.28","0","0","53.57","55.57","7.49","38.97","91.51","9.23","11.83","62.14","61.79","8.28","39.46","89.59","3.76","1.91","52.55","5.96"
"2024-09-03","30.97","78.44","0","0","44.53","44.9","4.87","30.6","80.49","0","0","54.22","56.21","7.62","39.12","91.65","9.35","11.89","62.48","62.07","8.32","39.32","89.38","3.46","1.52","52.63","5.97"
"2024-09-04","30.83","78.29","0","0","44.92","45.35","4.98","30.73","80.71","0","0","54.87","56.85","7.75","39.26","91.79","9.46","11.93","62.81","62.34","8.36","39.19","89.16","3.15","1.14","52.7","5.98"
"2024-09-05","30.69","78.15","0","0","45.32","45.82","5.09","30.87","80.93","0","0","55.53","57.49","7.88","39.39","91.93","9.56","11.97","63.14","62.6","8.4","39.05","88.94","2.85","0.75","52.78","6.0"
"2024-09-06","30.56","78.02","0","0","45.74","46.29","5.21","31.01","81.15","0","0","56.19","58.13","8.01","39.52","92.05","9.65","11.99","63.46","62.86","8.44","38.9","88.71","2.54","0.37","52.87","6.02"
"2024-09-07","30.43","77.9","0","0","46.16","46.78","5.32","31.16","81.38","0","0","56.84","58.77","8.14","39.64","92.17","9.73","12.0","63.77","63.12","8.48","38.75","88.48","2.22","0","52.96","6.04"
"2024-09-08","30.31","77.79","0","0","46.6","47.28","5.44","31.31","81.61","0","0.17","57.5","59.41","8.27","39.76","92.28","9.8","12.0","64.08","63.36","8.52","38.6","88.24","1.91","0","53.05","6.06"
"2024-09-09","30.19","77.68","0","0","47.05","47.8","5.56","31.46","81.85","0","0.56","58.16","60.04","8.4","39.88","92.38","9.86","11.98","64.39","63.61","8.56","38.44","88.01","1.59","0","53.15","6.08"
"2024-09-10","30.08","77.58","0","0","47.51","48.32","5.68","31.62","82.09","0","0.94","58.83","60.68","8.52","39.99","92.48","9.91","11.95","64.69","63.84","8.59","38.28","87.77","1.27","0","53.26","6.11"
"2024-09-11","29.97","77.49","0","0","47.99","48.85","5.81","31.78","82.33","0","1.33","59.49","61.31","8.65","40.09","92.57","9.95","11.91","64.98","64.08","8.63","38.12","87.52","0.95","0","53.37","6.13"
"2024-09-12","29.87","77.4","0","0","48.47","49.4","5.93","31.95","82.57","0","1.71","60.15","61.94","8.78","40.19","92.65","9.97","11.86","65.26","64.3","8.66","37.95","87.28","0.63","0","53.49","6.16"
"2024-09-13","29.77","77.32","0","0","48.97","49.95","6.06","32.11","82.82","0","2.1","60.81","62.57","8.9","40.29","92.72","9.99","11.79","65.54","64.52","8.69","37.78","87.03","0.31","0","53.61","6.19"
"2024-09-14","29.68","77.26","0","0","49.48","50.51","6.19","32.28","83.07","0","2.48","61.46","63.2","9.02","40.38","92.78","10.0","11.72","65.81","64.74","8.73","37.61","86.78","0","0","53.74","6.22"
"2024-09-15","29.59","77.2","0","0","50.0","51.09","6.33","32.46","83.32","0.14","2.85","62.12","63.82","9.15","40.46","92.84","10.0","11.63","66.08","64.95","8.76","37.43","86.53","0","0","53.88","6.25"
"2024-09-16","29.51","77.14","0","0","50.52","51.67","6.46","32.64","83.57","0.47","3.23","62.77","64.43","9.27","40.54","92.89","9.98","11.53","66.34","65.16","8.79","37.26","86.27","0","0","54.02","6.29"
"2024-09-17","29.43","77.1","0","0","51.06","52.26","6.6","32.81","83.83","0.79","3.6","63.42","65.05","9.39","40.61","92.92","9.96","11.41","66.59","65.36","8.82","37.07","86.02","0","0","54.17","6.32"
"2024-09-18","29.36","77.06","0","0","51.61","52.86","6.73","33.0","84.08","1.11","3.97","64.07","65.66","9.5","40.67","92.96","9.93","11.29","66.84","65.55","8.85","36.89","85.76","0","0","54.32","6.36"
"2024-09-19","29.3","77.03","0","0","52.17","53.47","6.87","33.18","84.34","1.43","4.33","64.72","66.26","9.62","40.73","92.98","9.88","11.15","67.08","65.74","8.87","36.71","85.5","0","0","54.48","6.4"
"2024-09-20","29.24","77.01","0","0","52.74","54.09","7.01","33.36","84.6","1.75","4.69","65.36","66.86","9.74","40.79","92.99","9.83","11.0","67.31","65.93","8.9","36.52","85.24","0","0","54.65","6.44"
"2024-09-21","29.19","77.0","0","0","53.32","54.72","7.15","33.55","84.86","2.06","5.04","66.0","67.45","9.85","40.84","93.0","9.76","10.84","67.54","66.11","8.93","36.33","84.99","0","0","54.83","6.49"
"2024-09-22","29.15","77.0","0","0","53.9","55.35","7.3","33.74","85.11","2.38","5.39","66.63","68.04","9.96","40.88","93.0","9.69","10.67","67.76","66.29","8.95","36.14","84.73","0","0","55.01","6.53"
"2024-09-23","29.11","77.01","0","0","54.5","55.99","7.44","33.93","85.37","2.69","5.73","67.26","68.62","10.07","40.91","92.99","9.6","10.48","67.98","66.46","8.98","35.95","84.47","0","0","55.2","6.58"
"2024-09-24","29.07","77.02","0","0","55.1","56.63","7.59","34.12","85.63","3.0","6.07","67.88","69.19","10.18","40.94","92.97","9.51","10.29","68.19","66.63","9.01","35.76","84.21","0","0","55.4","6.63"
"2024-09-25","29.05","77.04","0","0","55.71","57.29","7.73","34.31","85.89","3.31","6.4","68.5","69.76","10.29","40.97","92.94","9.4","10.09","68.4","66.79","9.03","35.57","83.96","0","0","55.61","6.68"
"2024-09-26","29.03","77.07","0","0","56.33","57.94","7.88","34.51","86.14","3.61","6.73","69.11","70.32","10.4","40.98","92.91","9.29","9.87","68.6","66.95","9.05","35.38","83.7","0","0","55.82","6.73"
"2024-09-27","29.01","77.11","0","0","56.95","58.61","8.03","34.7","86.4","3.91","7.04","69.72","70.87","10.5","41.0","92.86","9.17","9.65","68.79","67.11","9.08","35.18","83.45","0","0","56.04","6.79"
"2024-09-28","29.0","77.16","0","0","57.58","59.28","8.17","34.89","86.65","4.2","7.35","70.32","71.41","10.6","41.0","92.81","9.03","9.41","68.98","67.26","9.1","34.99","83.2","0","0","56.27","6.85"
"2024-09-29","29.0","77.21","0","0","58.22","59.95","8.32","35.09","86.9","4.49","7.65","70.91","71.95","10.7","41.0","92.75","8.89","9.17","69.16","67.41","9.12","34.8","82.95","0","0","56.51","6.91"
"2024-09-30","29.0","77.27","0","0","58.87","60.63","8.47","35.28","87.15","4.78","7.95","71.49","72.48","10.8","40.99","92.68","8.74","8.91","69.34","67.56","9.15","34.6","82.7","0","0","56.75","6.97"
"2024-10-01","29.01","77.34","0","0","59.52","61.31","8.62","35.47","87.4","5.06","8.23","72.07","73.0","10.9","40.98","92.61","8.58","8.65","69.51","67.7","9.17","34.41","82.45","0","0","57.01","7.03"
"2024-10-02","29.03","77.42","0","0","60.17","61.99","8.77","35.66","87.64","5.33","8.51","72.64","73.51","10.99","40.96","92.52","8.41","8.37","69.68","67.84","9.19","34.22","82.21","0","0","57.27","7.1"
"2024-10-03","30.34","76.05","0","0","60.83","62.68","8.92","37.15","86.42","6.98","10.85","73.2","74.02","11.08","42.22","90.97","9.6","10.16","69.84","67.97","9.21","35.32","80.5","0","0","57.53","7.16"
"2024-10-04","31.66","74.68","0","0","61.5","63.37","9.07","38.63","85.2","8.62","13.17","73.76","74.51","11.17","43.48","89.41","10.79","11.93","70.0","68.11","9.23","36.42","78.8","0","0","57.81","7.23"
"2024-10-05","32.99","73.32","0","0","62.17","64.07","9.22","40.11","83.97","10.26","15.48","74.3","74.99","11.26","44.73","87.84","11.97","13.7","70.15","68.24","9.25","37.52","77.11","0","0","58.1","7.3"
"2024-10-06","34.32","71.97","0","0.87","62.84","64.76","9.37","41.59","82.75","11.88","17.79","74.84","75.47","11.34","45.97","86.26","13.14","15.46","70.3","68.37","9.28","38.62","75.42","0","0","58.39","7.38"
"2024-10-07","35.65","70.63","0","3.24","63.52","65.46","9.52","43.06","81.52","13.5","20.08","75.37","75.93","11.43","47.21","84.68","14.3","17.2","70.45","68.49","9.3","39.72","73.73","0.11","0.42","58.69","7.45"
"2024-10-08","36.99","69.3","0.91","5.61","64.2","66.16","9.67","44.53","80.28","15.11","22.35","75.89","76.39","11.51","48.44","83.1","15.45","18.94","70.59","68.62","9.32","40.82","72.05","1.24","2.26","59.0","7.53"
"2024-10-09","38.33","67.97","2.5","7.99","64.88","66.85","9.82","46.0","79.05","16.71","24.61","76.4","76.84","11.59","49.66","81.51","16.6","20.66","70.72","68.74","9.34","41.92","70.38","2.39","4.11","59.32","7.61"
"2024-10-10","39.68","66.66","4.09","10.36","65.56","67.55","9.97","47.46","77.81","18.3","26.86","76.9","77.27","11.66","50.87","79.91","17.73","22.38","70.86","68.86","9.36","43.02","68.72","3.53","5.97","59.64","7.69"
"2024-10-11","41.03","65.36","5.69","12.74","66.25","68.25","10.12","48.92","76.58","19.88","29.09","77.39","77.7","11.74","52.07","78.31","18.85","24.08","70.99","68.98","9.38","44.12","67.06","4.68","7.83","59.98","7.77"
"2024-10-12","42.38","64.07","7.3","15.12","66.94","68.95","10.27","50.37","75.34","21.44","31.31","77.87","78.11","11.81","53.27","76.71","19.96","25.77","71.11","69.1","9.41","45.22","65.42","5.84","9.7","60.32","7.86"
"2024-10-13","43.73","62.79","8.9","17.5","67.63","69.65","10.42","51.81","74.1","23.0","33.51","78.34","78.51","11.88","54.45","75.11","21.06","27.45","71.23","69.21","9.43","46.32","63.78","7.0","11.57","60.67","7.94"
"2024-10-14","45.08","61.52","10.51","19.88","68.32","70.34","10.56","53.25","72.86","24.54","35.69","78.79","78.91","11.95","55.63","73.51","22.15","29.12","71.35","69.33","9.45","47.41","62.15","8.16","13.45","61.02","8.03"
"2024-10-15","46.44","60.26","12.12","22.26","69.01","71.03","10.71","54.68","71.63","26.07","37.85","79.24","79.29","12.01","56.79","71.9","23.23","30.78","71.47","69.44","9.47","48.51","60.53","9.33","15.33","61.39","8.12"
"2024-10-16","47.79","59.02","13.73","24.63","69.7","71.73","10.85","56.1","70.39","27.58","39.99","79.68","79.66","12.07","57.94","70.3","24.29","32.43","71.58","69.55","9.5","49.6","58.93","10.5","17.22","61.76","8.21"
"2024-10-17","49.15","57.78","15.34","27.0","70.39","72.41","11.0","57.51","69.15","29.09","42.11","80.1","80.02","12.13","59.09","68.69","25.35","34.06","71.69","69.67","9.52","50.69","57.34","11.67","19.11","62.14","8.31"
"2024-10-18","50.5","56.56","16.95","29.36","71.08","73.1","11.14","58.92","67.91","30.57","44.21","80.52","80.37","12.19","60.22","67.09","26.39","35.68","71.8","69.78","9.54","51.78","55.76","12.85","21.0","62.53","8.4"
"2024-10-19","51.86","55.35","18.55","31.72","71.76","73.78","11.28","60.31","66.67","32.04","46.29","80.92","80.71","12.25","61.34","65.48","27.43","37.28","71.91","69.89","9.57","52.87","54.19","14.03","22.89","62.92","8.5"
"2024-10-20","53.21","54.16","20.16","34.07","72.45","74.46","11.42","61.7","65.43","33.49","48.35","81.32","81.04","12.3","62.45","63.88","28.45","38.88","72.01","70.01","9.59","53.95","52.63","15.21","24.79","63.33","8.6"
"2024-10-21","54.56","52.97","21.76","36.41","73.13","75.13","11.56","63.07","64.2","34.93","50.38","81.7","81.35","12.35","63.55","62.28","29.46","40.46","72.11","70.12","9.62","55.03","51.1","16.4","26.69","63.74","8.7"
"2024-10-22","55.91","51.8","23.36","38.74","73.81","75.8","11.7","64.43","62.96","36.35","52.39","82.07","81.66","12.4","64.64","60.69","30.46","42.03","72.22","70.23","9.64","56.11","49.57","17.59","28.59","64.15","8.8"
"2024-10-23","57.25","50.64","24.95","41.07","74.49","76.46","11.84","65.78","61.73","37.75","54.38","82.42","81.95","12.45","65.71","59.1","31.45","43.58","72.31","70.35","9.67","57.19","48.06","18.77","30.48","64.58","8.9"
"2024-10-24","58.6","49.5","26.54","43.38","75.16","77.12","11.97","67.12","60.5","39.14","56.34","82.77","82.23","12.49","66.78","57.51","32.42","45.12","72.41","70.46","9.7","58.26","46.57","19.96","32.38","65.01","9.01"
"2024-10-25","59.93","48.37","28.13","45.68","75.83","77.77","12.1","68.44","59.27","40.5","58.27","83.1","82.51","12.54","67.83","55.93","33.39","46.65","72.51","70.58","9.72","59.33","45.09","21.16","34.28","65.44","9.11"
"2024-10-26","61.27","47.25","29.71","47.96","76.49","78.42","12.23","69.76","58.04","41.85","60.18","83.42","82.77","12.58","68.86","54.35","34.34","48.16","72.61","70.69","9.75","60.39","43.64","22.35","36.18","65.89","9.22"
"2024-10-27","62.6","46.15","31.28","50.23","77.15","79.06","12.36","71.05","56.82","43.17","62.06","83.73","83.01","12.61","69.89","52.78","35.28","49.66","72.7","70.81","9.78","61.45","42.19","23.54","38.07","66.34","9.33"
"2024-10-28","63.92","45.06","32.84","52.49","77.81","79.69","12.49","72.34","55.6","44.48","63.91","84.03","83.25","12.65","70.9","51.22","36.21","51.14","72.8","70.93","9.81","62.51","40.77","24.73","39.97","66.79","9.44"
"2024-10-29","65.24","43.99","34.39","54.73","78.46","80.31","12.61","73.61","54.38","45.76","65.74","84.32","83.48","12.68","71.9","49.67","37.13","52.61","72.89","71.05","9.84","63.56","39.37","25.93","41.86","67.26","9.55"
"2024-10-30","66.55","42.93","35.94","56.96","79.1","80.93","12.74","74.86","53.16","47.03","67.54","84.59","83.69","12.71","72.89","48.12","38.03","54.06","72.98","71.18","9.87","64.61","37.98","27.12","43.74","67.72","9.66"
"2024-10-31","67.85","41.88","37.47","59.16","79.74","81.53","12.86","76.1","51.95","48.27","69.31","84.85","83.89","12.74","73.86","46.58","38.93","55.5","73.08","71.3","9.9","65.65","36.62","28.31","45.63","68.2","9.77"
"2024-11-01","69.15","40.85","39.0","61.35","80.37","82.13","12.98","77.32","50.75","49.49","71.05","85.1","84.09","12.77","74.82","45.06","39.81","56.92","73.17","71.43","9.94","66.69","35.27","29.5","47.5","68.67","9.88"
"2024-11-02","70.44","39.83","40.51","63.52","80.99","82.72","13.09","78.53","49.55","50.69","72.76","85.34","84.27","12.79","75.76","43.54","40.68","58.33","73.27","71.56","9.97","67.72","33.95","30.69","49.38","69.16","10.0"
"2024-11-03","71.71","38.83","42.02","65.66","81.6","83.3","13.21","79.72","48.35","51.87","74.44","85.56","84.44","12.82","76.69","42.03","41.53","59.73","73.36","71.69","10.01","68.75","32.64","31.88","51.24","69.64","10.12"
"2024-11-04","72.99","37.84","43.51","67.79","82.21","83.87","13.32","80.89","47.16","53.02","76.09","85.78","84.6","12.84","77.61","40.54","42.38","61.11","73.46","71.82","10.04","69.77","31.36","33.07","53.1","70.14","10.23"
"2024-11-05","74.25","36.87","44.98","69.89","82.81","84.43","13.43","82.04","45.97","54.16","77.7","85.98","84.74","12.86","78.51","39.06","43.21","62.47","73.55","71.96","10.08","70.78","30.1","34.25","54.96","70.63","10.35"
"2024-11-06","75.5","35.91","46.44","71.97","83.4","84.98","13.53","83.18","44.79","55.26","79.29","86.17","84.88","12.87","79.39","37.59","44.03","63.82","73.65","72.09","10.11","71.79","28.86","35.43","56.8","71.13","10.47"
"2024-11-07","76.74","34.97","47.89","74.03","83.98","85.52","13.64","84.29","43.61","56.35","80.84","86.34","85.01","12.89","80.27","36.13","44.84","65.15","73.75","72.23","10.15","72.79","27.64","36.61","58.64","71.64","10.58"
"2024-11-08","77.97","34.05","49.32","76.06","84.56","86.05","13.74","85.39","42.44","57.41","82.37","86.51","85.13","12.9","81.13","34.69","45.64","66.46","73.85","72.38","10.19","73.79","26.45","37.79","60.46","72.15","10.7"
"2024-11-09","79.19","33.14","50.74","78.06","85.12","86.57","13.83","86.47","41.28","58.44","83.86","86.66","85.23","12.91","81.97","33.27","46.42","67.76","73.95","72.53","10.23","74.77","25.28","38.96","62.28","72.66","10.82"
"2024-11-10","80.39","32.24","52.14","80.04","85.67","87.08","13.93","87.53","40.12","59.45","85.31","86.8","85.33","12.92","82.8","31.85","47.2","69.04","74.05","72.68","10.27","75.75","24.13","40.13","64.09","73.17","10.94"
"2024-11-11","81.59","31.36","53.52","81.99","86.21","87.57","14.02","88.57","38.98","60.44","86.74","86.93","85.41","12.93","83.61","30.46","47.96","70.31","74.16","72.83","10.32","76.72","23.01","41.29","65.88","73.69","11.06"
"2024-11-12","82.77","30.5","54.89","83.91","86.74","88.05","14.11","89.59","37.84","61.4","88.13","87.05","85.49","12.93","84.41","29.08","48.7","71.56","74.26","72.99","10.36","77.69","21.91","42.44","67.67","74.21","11.18"
"2024-11-13","83.94","29.65","56.24","85.8","87.26","88.52","14.2","90.59","36.7","62.34","89.48","87.16","85.56","12.94","85.19","27.72","49.44","72.8","74.37","73.15","10.4","78.64","20.84","43.59","69.44","74.73","11.3"
"2024-11-14","85.09","28.81","57.56","87.66","87.77","88.98","14.28","91.57","35.58","63.25","90.8","87.26","85.61","12.94","85.96","26.37","50.16","74.01","74.48","73.31","10.45","79.59","19.79","44.74","71.2","75.25","11.42"
"2024-11-15","86.23","28.0","58.87","89.49","88.27","89.42","14.36","92.52","34.46","64.13","92.09","87.34","85.66","12.94","86.71","25.05","50.88","75.21","74.59","73.47","10.5","80.53","18.77","45.88","72.94","75.77","11.54"
"2024-11-16","87.35","27.2","60.16","91.29","88.75","89.85","14.44","93.46","33.36","64.99","93.35","87.42","85.7","12.94","87.45","23.74","51.58","76.4","74.71","73.64","10.54","81.46","17.77","47.01","74.67","76.3","11.66"
"2024-11-17","88.46","26.41","61.42","93.05","89.23","90.27","14.52","94.37","32.26","65.82","94.56","87.48","85.73","12.94","88.17","22.45","52.27","77.56","74.83","73.82","10.59","82.38","16.8","48.13","76.39","76.82","11.78"
"2024-11-18","89.55","25.64","62.67","94.79","89.69","90.67","14.59","95.26","31.17","66.63","95.75","87.53","85.75","12.94","88.88","21.19","52.94","78.71","74.95","73.99","10.64","83.29","15.85","49.25","78.09","77.35","11.9"
"2024-11-19","90.63","24.89","63.89","96.48","90.13","91.06","14.66","96.13","30.1","67.41","96.9","87.57","85.76","12.93","89.57","19.94","53.61","79.85","75.07","74.18","10.69","84.19","14.93","50.36","79.77","77.88","12.02"
"2024-11-20","91.69","24.15","65.09","98.15","90.57","91.44","14.72","96.98","29.03","68.16","98.01","87.61","85.77","12.92","90.24","18.72","54.26","80.96","75.19","74.36","10.74","85.08","14.04","51.46","81.43","78.4","12.14"
"2024-11-21","92.73","23.43","66.27","99.78","90.99","91.8","14.79","97.8","27.98","68.89","99.09","87.63","85.76","12.92","90.9","17.51","54.9","82.06","75.32","74.55","10.79","85.96","13.17","52.55","83.08","78.93","12.26"
"2024-11-22","93.75","22.73","67.42","101.37","91.4","92.15","14.85","98.6","26.93","69.59","100.13","87.64","85.75","12.91","91.54","16.33","55.53","83.14","75.45","74.74","10.85","86.83","12.33","53.63","84.71","79.45","12.38"
"2024-11-23","94.76","22.04","68.55","102.92","91.79","92.48","14.9","99.38","25.9","70.27","101.14","87.64","85.73","12.9","92.17","15.17","56.14","84.2","75.58","74.93","10.9","87.69","11.52","54.7","86.32","79.97","12.5"
"2024-11-24","95.75","21.36","69.65","104.44","92.17","92.8","14.95","100.13","24.88","70.91","102.11","87.63","85.7","12.89","92.78","14.04","56.75","85.24","75.72","75.13","10.96","88.54","10.73","55.77","87.9","80.49","12.61"
"2024-11-25","96.72","20.71","70.73","105.92","92.54","93.1","15.0","100.86","23.87","71.54","103.05","87.62","85.66","12.87","93.37","12.92","57.34","86.27","75.86","75.33","11.01","89.37","9.97","56.82","89.47","81.01","12.73"
"2024-11-26","97.66","20.07","71.78","107.36","92.89","93.39","15.05","101.57","22.88","72.13","103.95","87.59","85.62","12.86","93.95","11.84","57.92","87.28","76.0","75.54","11.07","90.2","9.24","57.85","91.02","81.53","12.84"
"2024-11-27","98.59","19.44","72.81","108.77","93.23","93.67","15.09","102.25","21.9","72.7","104.82","87.55","85.57","12.85","94.52","10.77","58.49","88.27","76.15","75.75","11.13","91.01","8.54","58.88","92.54","82.05","12.96"
"2024-11-28","99.5","18.83","73.81","110.13","93.55","93.92","15.13","102.91","20.93","73.24","105.64","87.51","85.51","12.83","95.06","9.74","59.04","89.24","76.3","75.96","11.19","91.81","7.86","59.9","94.04","82.56","13.07"
"2024-11-29","100.39","18.24","74.78","111.45","93.86","94.17","15.17","103.55","19.98","73.75","106.44","87.46","85.45","12.82","95.59","8.73","59.59","90.19","76.45","76.18","11.25","92.59","7.21","60.9","95.52","83.06","13.18"
"2024-11-30","101.26","17.67","75.73","112.73","94.15","94.4","15.2","104.16","19.04","74.24","107.2","87.4","85.38","12.8","96.11","7.74","60.12","91.12","76.6","76.4","11.31","93.37","6.59","61.89","96.97","83.57","13.29"
"2024-12-01","102.1","17.11","76.64","113.97","94.43","94.61","15.23","104.74","18.12","74.7","107.92","87.33","85.3","12.78","96.61","6.78","60.64","92.04","76.76","76.62","11.37","94.13","6.0","62.86","98.4","84.07","13.4"
"2024-12-02","102.93","16.57","77.53","115.17","94.69","94.8","15.26","105.3","17.21","75.13","108.61","87.25","85.22","12.76","97.09","5.85","61.15","92.93","76.92","76.84","11.43","94.88","5.43","63.82","99.8","84.56","13.51"
"2024-12-03","103.73","16.04","78.39","116.33","94.94","94.99","15.28","105.84","16.31","75.54","109.26","87.16","85.14","12.74","97.56","4.95","61.65","93.81","77.08","77.07","11.49","95.61","4.89","64.77","101.18","85.05","13.62"
"2024-12-04","104.51","15.53","79.22","117.44","95.17","95.15","15.3","106.35","15.44","75.92","109.87","87.07","85.04","12.72","98.01","4.07","62.13","94.66","77.25","77.31","11.55","96.33","4.38","65.7","102.53","85.54","13.72"
"2024-12-05","105.26","15.03","80.02","118.51","95.38","95.3","15.32","106.83","14.58","76.28","110.45","86.97","84.95","12.7","98.44","3.22","62.6","95.5","77.42","77.54","11.62","97.03","3.9","66.61","103.85","86.02","13.82"
"2024-12-06","105.99","14.56","80.78","119.53","95.58","95.44","15.33","107.3","13.73","76.61","111.0","86.87","84.84","12.68","98.86","2.4","63.07","96.32","77.59","77.78","11.68","97.72","3.45","67.51","105.14","86.49","13.92"
"2024-12-07","106.7","14.1","81.52","120.51","95.77","95.56","15.34","107.73","12.91","76.91","111.51","86.75","84.74","12.66","99.26","1.61","63.51","97.12","77.77","78.02","11.75","98.39","3.02","68.39","106.41","86.96","14.02"
"2024-12-08","107.39","13.65","82.23","121.45","95.94","95.66","15.35","108.14","12.1","77.19","111.98","86.63","84.63","12.64","99.64","0.85","63.95","97.89","77.95","78.26","11.81","99.05","2.63","69.26","107.64","87.42","14.12"
"2024-12-09","108.05","13.22","82.91","122.34","96.09","95.75","15.35","108.53","11.31","77.44","112.42","86.51","84.51","12.61","100.01","0.12","64.37","98.65","78.13","78.51","11.88","99.7","2.26","70.1","108.84","87.88","14.22"
"2024-12-10","108.68","12.81","83.55","123.19","96.23","95.82","15.35","108.89","10.54","77.66","112.83","86.38","84.39","12.59","100.36","0","64.79","99.39","78.31","78.76","11.94","100.32","1.91","70.93","110.02","88.32","14.31"
"2024-12-11","109.29","12.42","84.17","123.99","96.35","95.88","15.35","109.23","9.78","77.86","113.2","86.24","84.27","12.57","100.7","0","65.19","100.1","78.5","79.01","12.01","100.94","1.6","71.74","111.16","88.76","14.4"
"2024-12-12","109.88","12.04","84.75","124.75","96.45","95.92","15.34","109.54","9.05","78.03","113.54","86.1","84.14","12.55","101.02","0","65.57","100.8","78.69","79.26","12.08","101.53","1.31","72.53","112.27","89.19","14.49"
"2024-12-13","110.44","11.68","85.3","125.46","96.54","95.94","15.34","109.82","8.33","78.18","113.84","85.95","84.02","12.52","101.32","0","65.95","101.47","78.88","79.52","12.14","102.11","1.06","73.3","113.34","89.61","14.58"
"2024-12-14","110.97","11.33","85.81","126.13","96.61","95.95","15.32","110.08","7.64","78.31","114.11","85.8","83.88","12.5","101.61","0","66.31","102.13","79.08","79.77","12.21","102.67","0.82","74.05","114.38","90.03","14.67"
"2024-12-15","111.48","11.0","86.3","126.74","96.67","95.95","15.31","110.32","6.96","78.41","114.34","85.64","83.75","12.48","101.88","0","66.66","102.76","79.27","80.03","12.28","103.21","0.62","74.79","115.39","90.43","14.75"
"2024-12-16","111.96","10.69","86.75","127.32","96.71","95.93","15.29","110.53","6.31","78.48","114.54","85.48","83.61","12.45","102.14","0","67.0","103.37","79.47","80.29","12.35","103.74","0.44","75.5","116.37","90.83","14.83"
"2024-12-17","112.42","10.39","87.17","127.84","96.74","95.9","15.27","110.71","5.68","78.53","114.71","85.31","83.47","12.43","102.38","0","67.33","103.96","79.68","80.55","12.41","104.25","0.29","76.19","117.3","91.21","14.91"
"2024-12-18","112.85","10.11","87.55","128.32","96.75","95.85","15.25","110.87","5.07","78.55","114.84","85.14","83.33","12.4","102.6","0","67.64","104.53","79.88","80.81","12.48","104.74","0.17","76.85","118.21","91.59","14.98"
"2024-12-19","113.25","9.85","87.9","128.75","96.74","95.78","15.22","111.01","4.48","78.56","114.94","84.97","83.19","12.38","102.81","0","67.94","105.07","80.08","81.08","12.55","105.21","0.08","77.5","119.07","91.95","15.06"
"2024-12-20","113.63","9.6","88.22","129.14","96.72","95.7","15.19","111.12","3.91","78.53","115.01","84.79","83.04","12.36","103.0","0","68.23","105.59","80.29","81.34","12.62","105.66","0.01","78.12","119.9","92.31","15.13"
"2024-12-21","113.97","9.37","88.5","129.47","96.68","95.61","15.16","111.21","3.37","78.49","115.05","84.61","82.9","12.33","103.17","0","68.51","106.09","80.5","81.6","12.69","106.1","0","78.72","120.69","92.65","15.19"
"2024-12-22","114.3","9.16","88.75","129.76","96.63","95.5","15.12","111.27","2.85","78.42","115.05","84.43","82.75","12.31","103.33","0","68.77","106.57","80.71","81.87","12.75","106.51","0","79.29","121.45","92.98","15.26"
"2024-12-23","114.59","8.96","88.97","130.01","96.56","95.38","15.08","111.31","2.35","78.33","115.03","84.24","82.6","12.29","103.47","0","69.02","107.02","80.92","82.13","12.82","106.91","0","79.85","122.16","93.3","15.32"
"2024-12-24","114.85","8.78","89.16","130.2","96.48","95.24","15.04","111.32","1.87","78.21","114.97","84.05","82.46","12.26","103.59","0","69.25","107.46","81.13","82.4","12.89","107.28","0","80.37","122.84","93.61","15.38"
"2024-12-25","115.09","8.62","89.3","130.35","96.38","95.09","15.0","111.31","1.42","78.07","114.88","83.86","82.31","12.24","103.7","0","69.48","107.86","81.35","82.66","12.96","107.64","0.06","80.88","123.48","93.91","15.43"
"2024-12-26","115.3","8.47","89.42","130.45","96.26","94.93","14.96","111.27","0.99","77.91","114.76","83.67","82.16","12.22","103.8","0","69.69","108.25","81.56","82.92","13.02","107.97","0.15","81.35","124.07","94.19","15.49"
"2024-12-27","115.48","8.34","89.5","130.51","96.14","94.75","14.91","111.22","0.59","77.73","114.61","83.48","82.01","12.2","103.88","0","69.88","108.61","81.77","83.19","13.09","108.29","0.26","81.81","124.63","94.47","15.54"
"2024-12-28","115.64","8.23","89.55","130.52","95.99","94.56","14.86","111.13","0.21","77.53","114.42","83.28","81.86","12.18","103.94","0","70.07","108.94","81.99","83.45","13.15","108.58","0.4","82.23","125.15","94.73","15.58"
"2024-12-29","115.76","8.13","89.56","130.48","95.84","94.36","14.8","111.03","0","77.31","114.21","83.09","81.71","12.16","103.98","0","70.24","109.26","82.2","83.71","13.22","108.85","0.56","82.63","125.62","94.97","15.63"
"2024-12-30","115.86","8.05","89.54","130.39","95.67","94.15","14.75","110.9","0","77.06","113.97","82.89","81.56","12.14","104.01","0","70.39","109.54","82.42","83.96","13.28","109.11","0.75","83.01","126.05","95.2","15.67"
"2024-12-31","115.93","7.99","89.49","130.26","95.48","93.92","14.69","110.74","0","76.8","113.7","82.69","81.41","12.12","104.02","0","70.53","109.8","82.63","84.22","13.34","109.34","0.96","83.35","126.45","95.42","15.7"
"2025-01-01","115.97","7.94","89.4","130.09","95.28","93.68","14.63","110.57","0","76.51","113.4","82.49","81.27","12.1","104.02","0","70.66","110.04","82.85","84.47","13.41","109.55","1.2","83.67","126.79","95.63","15.74"
"2025-01-02","115.98","7.91","89.28","129.86","95.07","93.43","14.57","110.37","0","76.2","113.07","82.29","81.12","12.08","104.0","0","70.78","110.25","83.06","84.72","13.47","109.74","1.46","83.97","127.1","95.82","15.77"
"2025-01-03","115.96","7.9","89.13","129.59","94.84","93.16","14.5","110.15","0","75.88","112.71","82.09","80.97","12.06","103.97","0","70.88","110.44","83.27","84.97","13.53","109.9","1.75","84.23","127.37","96.0","15.8"
"2025-01-04","115.92","7.91","88.94","129.28","94.6","92.89","14.44","109.91","0","75.53","112.33","81.9","80.83","12.04","103.92","0","70.96","110.6","83.48","85.22","13.59","110.04","2.05","84.47","127.59","96.16","15.82"
"2025-01-05","115.84","7.93","88.72","128.92","94.35","92.6","14.37","109.64","0","75.17","111.92","81.7","80.69","12.02","103.85","0","71.04","110.74","83.69","85.46","13.65","110.17","2.38","84.67","127.76","96.31","15.84"
"2025-01-06","115.74","7.97","88.47","128.51","94.08","92.3","14.3","109.35","0","74.78","111.48","81.5","80.55","12.01","103.77","0","71.09","110.85","83.9","85.7","13.7","110.26","2.74","84.85","127.9","96.44","15.86"
"2025-01-07","115.61","8.02","88.18","128.06","93.81","92.0","14.23","109.04","0","74.38","111.01","81.3","80.41","11.99","103.67","0","71.14","110.93","84.11","85.94","13.76","110.34","3.11","85.0","127.98","96.56","15.87"
"2025-01-08","115.45","8.1","87.87","127.57","93.52","91.68","14.16","108.71","0","73.96","110.51","81.1","80.27","11.97","103.55","0","71.16","110.99","84.31","86.17","13.82","110.39","3.51","85.12","128.03","96.66","15.88"
"2025-01-09","115.26","8.19","87.52","127.03","93.21","91.35","14.08","108.36","0","73.52","109.99","80.91","80.13","11.96","103.42","0","71.18","111.02","84.51","86.4","13.87","110.42","3.93","85.22","128.03","96.75","15.89"
"2025-01-10","115.05","8.3","87.13","126.44","92.9","91.01","14.0","107.99","0","73.07","109.45","80.71","80.0","11.94","103.28","0","71.17","111.02","84.71","86.62","13.92","110.43","4.38","85.28","127.98","96.82","15.89"
"2025-01-11","114.8","8.42","86.72","125.82","92.58","90.66","13.93","107.59","0","72.59","108.88","80.52","79.87","11.93","103.11","0","71.16","110.99","84.91","86.84","13.97","110.41","4.84","85.31","127.89","96.88","15.89"
"2025-01-12","114.53","8.56","86.27","125.15","92.24","90.31","13.85","107.18","0","72.11","108.28","80.33","79.74","11.92","102.94","0","71.12","110.94","85.1","87.05","14.02","110.37","5.32","85.31","127.76","96.92","15.89"
"2025-01-13","114.23","8.72","85.8","124.44","91.89","89.94","13.77","106.74","0","71.6","107.66","80.14","79.61","11.9","102.74","0","71.08","110.86","85.29","87.26","14.07","110.31","5.83","85.28","127.58","96.95","15.88"
"2025-01-14","113.91","8.9","85.29","123.69","91.54","89.57","13.68","106.29","0","71.08","107.01","79.95","79.49","11.89","102.53","0","71.01","110.75","85.48","87.46","14.12","110.22","6.35","85.22","127.36","96.96","15.87"
"2025-01-15","113.55","9.09","84.75","122.89","91.17","89.19","13.6","105.81","0","70.54","106.34","79.76","79.36","11.88","102.31","0","70.93","110.62","85.66","87.65","14.16","110.11","6.9","85.13","127.09","96.95","15.86"
"2025-01-16","113.17","9.31","84.18","122.06","90.79","88.8","13.52","105.32","0","69.99","105.65","79.58","79.24","11.87","102.07","0","70.84","110.46","85.84","87.84","14.2","109.98","7.47","85.01","126.77","96.93","15.84"
"2025-01-17","112.76","9.54","83.58","121.18","90.41","88.4","13.43","104.81","0","69.42","104.93","79.4","79.13","11.86","101.81","0","70.73","110.26","86.01","88.03","14.24","109.82","8.05","84.86","126.41","96.89","15.82"
"2025-01-18","112.32","9.78","82.95","120.26","90.01","87.99","13.34","104.28","0","68.83","104.19","79.21","79.01","11.85","101.54","0","70.6","110.04","86.18","88.2","14.28","109.64","8.66","84.68","126.0","96.84","15.79"
"2025-01-19","111.86","10.05","82.29","119.31","89.6","87.58","13.25","103.73","0","68.24","103.43","79.04","78.9","11.84","101.25","0","70.45","109.79","86.35","88.37","14.32","109.43","9.28","84.47","125.55","96.77","15.76"
"2025-01-20","111.37","10.33","81.61","118.31","89.19","87.17","13.17","103.16","0","67.62","102.64","78.86","78.79","11.83","100.94","0","70.29","109.51","86.51","88.53","14.36","109.2","9.92","84.22","125.05","96.68","15.73"
"2025-01-21","110.85","10.63","80.89","117.28","88.77","86.74","13.08","102.57","0","67.0","101.83","78.69","78.68","11.82","100.62","0","70.12","109.2","86.66","88.69","14.39","108.94","10.58","83.95","124.51","96.58","15.7"
"2025-01-22","110.31","10.95","80.15","116.21","88.34","86.31","12.99","101.97","0","66.36","101.0","78.52","78.57","11.82","100.29","0","69.92","108.87","86.81","88.83","14.42","108.66","11.26","83.64","123.92","96.47","15.66"
"2025-01-23","109.74","11.28","79.38","115.1","87.9","85.88","12.9","101.34","0","65.7","100.15","78.35","78.47","11.81","99.94","0.61","69.71","108.5","86.95","88.97","14.45","108.36","11.95","83.31","123.29","96.33","15.62"
"2025-01-24","109.15","11.64","78.58","113.96","87.46","85.44","12.8","100.71","0.31","65.04","99.28","78.18","78.37","11.8","99.57","1.35","69.48","108.1","87.09","89.1","14.47","108.03","12.66","82.94","122.61","96.18","15.57"
"2025-01-25","108.52","12.01","77.76","112.78","87.01","84.99","12.71","100.05","0.71","64.36","98.38","78.02","78.27","11.8","99.19","2.13","69.24","107.67","87.21","89.22","14.5","107.68","13.39","82.54","121.88","96.02","15.52"
"2025-01-26","107.88","12.4","76.9","111.56","86.55","84.54","12.62","99.38","1.15","63.67","97.47","77.86","78.18","11.79","98.79","2.93","68.97","107.22","87.34","89.34","14.52","107.3","14.14","82.1","121.11","95.84","15.47"
"2025-01-27","107.21","12.81","76.03","110.31","86.08","84.09","12.53","98.69","1.62","62.97","96.54","77.71","78.09","11.79","98.38","3.75","68.69","106.73","87.45","89.44","14.54","106.9","14.9","81.64","120.3","95.64","15.41"
"2025-01-28","106.51","13.23","75.13","109.02","85.62","83.63","12.43","97.99","2.11","62.25","95.58","77.55","78.0","11.78","97.95","4.61","68.39","106.21","87.56","89.54","14.56","106.47","15.68","81.15","119.44","95.43","15.36"
"2025-01-29","105.79","13.67","74.2","107.71","85.14","83.17","12.34","97.27","2.64","61.52","94.61","77.4","77.91","11.78","97.5","5.49","68.08","105.66","87.66","89.62","14.57","106.02","16.47","80.62","118.54","95.2","15.29"
"2025-01-30","105.05","14.14","73.25","106.35","84.66","82.71","12.25","96.53","3.2","60.79","93.62","77.25","77.83","11.78","97.04","6.4","67.74","105.08","87.76","89.7","14.59","105.55","17.28","80.07","117.59","94.95","15.23"
"2025-01-31","104.28","14.61","72.27","104.97","84.17","82.24","12.15","95.78","3.78","60.04","92.61","77.11","77.74","11.77","96.57","7.34","67.39","104.47","87.84","89.76","14.6","105.05","18.1","79.48","116.6","94.69","15.16"
"2025-02-01","103.49","15.11","71.27","103.56","83.69","81.77","12.06","95.02","4.4","59.28","91.58","76.97","77.66","11.77","96.08","8.3","67.02","103.83","87.92","89.82","14.6","104.53","18.94","78.86","115.57","94.42","15.09"
"2025-02-02","102.67","15.63","70.25","102.11","83.19","81.3","11.97","94.24","5.04","58.51","90.53","76.83","77.59","11.77","95.57","9.28","66.63","103.16","87.99","89.86","14.61","103.98","19.79","78.21","114.49","94.13","15.01"
"2025-02-03","101.84","16.16","69.21","100.64","82.69","80.83","11.87","93.45","5.71","57.73","89.46","76.69","77.51","11.77","95.05","10.29","66.23","102.46","88.05","89.89","14.61","103.41","20.65","77.54","113.37","93.82","14.93"
"2025-02-04","100.98","16.71","68.14","99.13","82.19","80.36","11.78","92.64","6.41","56.94","88.38","76.56","77.44","11.77","94.51","11.33","65.8","101.73","88.1","89.92","14.61","102.81","21.53","76.83","112.21","93.5","14.85"
"2025-02-05","100.1","17.28","67.06","97.6","81.69","79.88","11.69","91.82","7.14","56.14","87.28","76.43","77.37","11.76","93.96","12.39","65.36","100.96","88.14","89.93","14.6","102.19","22.42","76.09","111.01","93.17","14.77"
"2025-02-06","99.19","17.87","65.95","96.04","81.19","79.41","11.59","90.99","7.9","55.34","86.16","76.3","77.3","11.76","93.39","13.47","64.89","100.16","88.17","89.93","14.6","101.55","23.33","75.32","109.76","92.82","14.68"
"2025-02-07","98.27","18.48","64.82","94.45","80.68","78.93","11.5","90.14","8.69","54.52","85.03","76.18","77.23","11.76","92.81","14.57","64.41","99.34","88.2","89.92","14.59","100.88","24.24","74.52","108.48","92.46","14.59"
"2025-02-08","97.32","19.1","63.68","92.84","80.17","78.46","11.41","89.29","9.51","53.7","83.88","76.06","77.16","11.76","92.21","15.7","63.91","98.48","88.21","89.9","14.58","100.19","25.17","73.69","107.15","92.08","14.5"
"2025-02-09","96.36","19.75","62.51","91.2","79.66","77.98","11.32","88.42","10.35","52.86","82.71","75.94","77.1","11.76","91.6","16.85","63.39","97.59","88.21","89.86","14.56","99.48","26.11","72.83","105.78","91.69","14.4"
"2025-02-10","95.37","20.41","61.33","89.53","79.14","77.5","11.23","87.53","11.22","52.02","81.53","75.82","77.03","11.76","90.97","18.02","62.85","96.67","88.21","89.82","14.55","98.74","27.07","71.94","104.37","91.28","14.31"
"2025-02-11","94.37","21.09","60.13","87.84","78.63","77.03","11.13","86.64","12.12","51.17","80.33","75.71","76.97","11.76","90.33","19.21","62.29","95.71","88.19","89.76","14.53","97.98","28.03","71.03","102.92","90.86","14.21"
"2025-02-12","93.34","21.78","58.91","86.13","78.11","76.56","11.04","85.74","13.05","50.31","79.12","75.6","76.91","11.76","89.67","20.42","61.71","94.73","88.16","89.69","14.5","97.2","29.01","70.09","101.44","90.43","14.1"
"2025-02-13","92.3","22.5","57.67","84.4","77.6","76.08","10.96","84.82","14.01","49.45","77.89","75.49","76.85","11.76","89.0","21.65","61.11","93.71","88.12","89.61","14.48","96.39","29.99","69.11","99.91","89.99","14.0"
"2025-02-14","91.24","23.23","56.42","82.64","77.09","75.61","10.87","83.9","14.99","48.57","76.64","75.38","76.79","11.76","88.31","22.9","60.5","92.67","88.07","89.52","14.45","95.56","30.99","68.11","98.35","89.53","13.89"
"2025-02-15","90.16","23.98","55.16","80.87","76.57","75.15","10.78","82.96","16.0","47.69","75.39","75.28","76.73","11.75","87.61","24.17","59.86","91.59","88.01","89.41","14.41","94.71","31.99","67.09","96.75","89.06","13.78"
"2025-02-16","89.06","24.75","53.88","79.07","76.06","74.68","10.69","82.02","17.03","46.81","74.11","75.18","76.68","11.75","86.89","25.45","59.21","90.48","87.94","89.29","14.38","93.84","33.01","66.03","95.11","88.57","13.66"
"2025-02-17","87.95","25.54","52.58","77.25","75.55","74.22","10.61","81.06","18.09","45.91","72.83","75.08","76.62","11.75","86.16","26.76","58.53","89.34","87.86","89.16","14.34","92.95","34.03","64.95","93.44","88.08","13.55"
"2025-02-18","86.82","26.35","51.28","75.42","75.04","73.76","10.52","80.1","19.18","45.01","71.53","74.98","76.56","11.75","85.41","28.08","57.83","88.17","87.77","89.01","14.3","92.03","35.07","63.84","91.73","87.57","13.43"
"2025-02-19","85.67","27.17","49.95","73.57","74.53","73.3","10.44","79.13","20.29","44.11","70.21","74.88","76.51","11.75","84.65","29.41","57.12","86.96","87.66","88.86","14.26","91.09","36.11","62.71","89.99","87.06","13.31"
"2025-02-20","84.51","28.01","48.62","71.7","74.02","72.85","10.35","78.15","21.43","43.2","68.88","74.79","76.45","11.74","83.88","30.77","56.38","85.73","87.55","88.69","14.21","90.13","37.16","61.55","88.21","86.53","13.19"
"2025-02-21","83.34","28.87","47.28","69.81","73.51","72.39","10.27","77.16","22.59","42.28","67.54","74.69","76.39","11.74","83.09","32.13","55.63","84.47","87.42","88.5","14.16","89.15","38.22","60.37","86.4","85.99","13.07"
"2025-02-22","82.15","29.75","45.92","67.91","73.01","71.95","10.19","76.16","23.78","41.35","66.19","74.6","76.34","11.74","82.29","33.51","54.86","83.17","87.28","88.31","14.11","88.15","39.29","59.16","84.56","85.44","12.94"
"2025-02-23","80.94","30.65","44.56","66.0","72.51","71.5","10.11","75.15","24.99","40.43","64.82","74.51","76.28","11.73","81.47","34.91","54.06","81.85","87.12","88.1","14.05","87.13","40.37","57.93","82.69","84.88","12.82"
"2025-02-24","79.72","31.56","43.18","64.07","72.02","71.07","10.03","74.14","26.22","39.49","63.44","74.42","76.22","11.73","80.64","36.32","53.25","80.49","86.96","87.88","13.99","86.09","41.45","56.67","80.78","84.31","12.69"
"2025-02-25","78.49","32.49","41.8","62.13","71.53","70.63","9.95","73.12","27.48","38.55","62.05","74.33","76.16","11.72","79.79","37.74","52.42","79.11","86.78","87.64","13.93","85.03","42.54","55.39","78.85","83.73","12.56"
"2025-02-26","77.25","33.44","40.4","60.18","71.04","70.2","9.88","72.09","28.76","37.6","60.65","74.24","76.1","11.72","78.93","39.17","51.57","77.69","86.59","87.39","13.86","83.96","43.64","54.09","76.88","83.14","12.42"
"2025-02-27","76.0","34.4","39.0","58.21","70.55","69.78","9.8","71.06","30.06","36.65","59.23","74.16","76.04","11.71","78.06","40.61","50.69","76.25","86.39","87.13","13.8","82.86","44.74","52.76","74.89","82.55","12.29"
"2025-02-28","74.73","35.38","37.59","56.24","70.07","69.36","9.73","70.02","31.39","35.7","57.81","74.07","75.98","11.7","77.17","42.07","49.8","74.77","86.18","86.86","13.73","81.74","45.86","51.42","72.87","81.94","12.16"
"2025-03-01","73.45","36.38","36.18","54.25","69.59","68.94","9.65","68.97","32.73","34.74","56.37","73.98","75.91","11.7","76.27","43.53","48.89","73.27","85.95","86.57","13.65","80.61","46.97","50.05","70.82","81.33","12.02"
"2025-03-02","72.16","37.4","34.76","52.26","69.12","68.53","9.58","67.92","34.1","33.78","54.92","73.9","75.84","11.69","75.36","45.01","47.96","71.74","85.72","86.27","13.58","79.46","48.1","48.66","68.74","80.71","11.88"
"2025-03-03","70.87","38.43","33.33","50.25","68.66","68.13","9.51","66.86","35.48","32.81","53.46","73.81","75.77","11.68","74.43","46.49","47.01","70.18","85.47","85.95","13.5","78.29","49.23","47.26","66.64","80.08","11.75"
"2025-03-04","69.56","39.48","31.9","48.24","68.2","67.73","9.44","65.8","36.89","31.83","51.99","73.72","75.7","11.67","73.49","47.98","46.04","68.59","85.2","85.63","13.41","77.1","50.36","45.83","64.52","79.45","11.61"
"2025-03-05","68.24","40.55","30.46","46.23","67.74","67.34","9.38","64.74","38.31","30.86","50.5","73.64","75.63","11.66","72.54","49.48","45.06","66.97","84.93","85.29","13.33","75.9","51.5","44.38","62.37","78.81","11.47"
"2025-03-06","66.92","41.63","29.02","44.2","67.29","66.95","9.31","63.66","39.76","29.87","49.01","73.55","75.55","11.64","71.58","50.99","44.05","65.33","84.64","84.94","13.24","74.68","52.64","42.92","60.2","78.16","11.33"
"2025-03-07","65.59","42.73","27.58","42.18","66.84","66.57","9.24","62.59","41.22","28.89","47.51","73.46","75.47","11.63","70.6","52.5","43.03","63.65","84.34","84.57","13.15","73.44","53.79","41.44","58.0","77.51","11.18"
"2025-03-08","64.25","43.85","26.14","40.14","66.41","66.2","9.18","61.51","42.7","27.9","46.0","73.37","75.39","11.61","69.61","54.02","41.98","61.96","84.03","84.2","13.06","72.19","54.95","39.94","55.79","76.85","11.04"
"2025-03-09","62.9","44.98","24.69","38.11","65.97","65.83","9.12","60.42","44.2","26.91","44.47","73.28","75.31","11.6","68.61","55.55","40.92","60.23","83.71","83.81","12.96","70.92","56.11","38.43","53.55","76.19","10.9"
"2025-03-10","61.55","46.13","23.24","36.07","65.55","65.47","9.06","59.34","45.71","25.91","42.94","73.19","75.22","11.58","67.59","57.08","39.84","58.48","83.37","83.4","12.87","69.64","57.27","36.9","51.3","75.53","10.76"
"2025-03-11","60.19","47.29","21.79","34.03","65.13","65.12","9.0","58.24","47.24","24.91","41.4","73.1","75.13","11.56","66.56","58.61","38.75","56.7","83.02","82.99","12.76","68.35","58.44","35.35","49.03","74.86","10.61"
"2025-03-12","58.83","48.47","20.34","31.98","64.71","64.77","8.94","57.15","48.78","23.91","39.85","73.0","75.03","11.54","65.53","60.15","37.63","54.9","82.66","82.57","12.66","67.04","59.61","33.8","46.74","74.18","10.47"
"2025-03-13","57.46","49.66","18.9","29.94","64.31","64.43","8.88","56.05","50.34","22.9","38.29","72.91","74.93","11.52","64.48","61.69","36.5","53.07","82.29","82.13","12.56","65.72","60.78","32.22","44.43","73.51","10.33"
"2025-03-14","56.09","50.87","17.45","27.89","63.91","64.09","8.83","54.95","51.92","21.89","36.72","72.81","74.83","11.5","63.42","63.23","35.35","51.22","81.91","81.68","12.45","64.38","61.96","30.64","42.11","72.83","10.18"
"2025-03-15","54.71","52.09","16.0","25.85","63.52","63.77","8.78","53.85","53.51","20.88","35.14","72.71","74.72","11.48","62.34","64.77","34.18","49.35","81.51","81.22","12.34","63.04","63.14","29.04","39.78","72.14","10.04"
"2025-03-16","53.34","53.33","14.56","23.8","63.13","63.45","8.72","52.75","55.11","19.86","33.55","72.6","74.6","11.45","61.26","66.32","32.99","47.45","81.1","80.75","12.22","61.68","64.32","27.43","37.43","71.46","9.89"
"2025-03-17","51.96","54.58","13.12","21.76","62.75","63.13","8.67","51.64","56.72","18.84","31.95","72.5","74.49","11.43","60.17","67.86","31.79","45.53","80.68","80.26","12.11","60.31","65.51","25.81","35.07","70.78","9.75"
"2025-03-18","50.57","55.85","11.68","19.72","62.38","62.83","8.62","50.53","58.34","17.82","30.35","72.39","74.36","11.4","59.06","69.41","30.57","43.58","80.25","79.77","11.99","58.93","66.7","24.18","32.69","70.09","9.61"
"2025-03-19","49.19","57.13","10.24","17.69","62.02","62.53","8.58","49.42","59.98","16.8","28.74","72.28","74.24","11.37","57.95","70.96","29.34","41.62","79.81","79.27","11.87","57.54","67.89","22.54","30.31","69.4","9.46"
"2025-03-20","47.8","58.42","8.81","15.65","61.66","62.23","8.53","48.31","61.63","15.77","27.12","72.16","74.1","11.34","56.82","72.5","28.09","39.63","79.36","78.75","11.75","56.14","69.08","20.89","27.92","68.72","9.32"
"2025-03-21","46.42","59.73","7.38","13.63","61.31","61.95","8.48","47.2","63.28","14.74","25.49","72.04","73.96","11.3","55.69","74.05","26.83","37.62","78.9","78.23","11.63","54.73","70.28","19.23","25.52","68.03","9.18"
"2025-03-22","45.03","61.04","5.96","11.6","60.97","61.67","8.44","46.09","64.95","13.7","23.86","71.92","73.82","11.27","54.54","75.59","25.55","35.59","78.42","77.69","11.5","53.32","71.48","17.57","23.11","67.35","9.04"
"2025-03-23","43.65","62.38","4.55","9.58","60.64","61.4","8.4","44.98","66.62","12.67","22.22","71.8","73.67","11.23","53.39","77.12","24.25","33.55","77.94","77.15","11.37","51.89","72.67","15.9","20.69","66.66","8.9"
"2025-03-24","42.26","63.72","3.14","7.57","60.31","61.13","8.36","43.86","68.3","11.63","20.57","71.67","73.52","11.2","52.22","78.66","22.94","31.48","77.45","76.59","11.25","50.46","73.87","14.22","18.27","65.98","8.76"
"2025-03-25","40.88","65.07","1.73","5.57","60.0","60.87","8.32","42.75","69.99","10.59","18.91","71.53","73.35","11.16","51.05","80.19","21.62","29.4","76.94","76.03","11.11","49.02","75.08","12.54","15.85","65.3","8.62"
"2025-03-26","39.5","66.44","0.34","3.57","59.69","60.62","8.28","41.64","71.68","9.55","17.25","71.4","73.19","11.12","49.87","81.72","20.28","27.3","76.43","75.46","10.98","47.57","76.28","10.86","13.42","64.62","8.48"
"2025-03-27","38.12","67.82","0","1.58","59.39","60.38","8.24","40.53","73.38","8.5","15.58","71.25","73.01","11.07","48.68","83.24","18.93","25.18","75.9","74.88","10.85","46.12","77.48","9.17","10.99","63.94","8.34"
"2025-03-28","36.75","69.21","0","0","59.09","60.14","8.2","39.41","75.09","7.45","13.9","71.11","72.83","11.03","47.49","84.76","17.56","23.04","75.37","74.29","10.71","44.66","78.69","7.47","8.55","63.27","8.21"
"2025-03-29","35.38","70.61","0","0","58.81","59.91","8.17","38.3","76.8","6.41","12.22","70.96","72.65","10.98","46.28","86.27","16.19","20.89","74.83","73.69","10.58","43.2","79.89","5.78","6.12","62.6","8.07"
"2025-03-30","34.01","72.01","0","0","58.53","59.69","8.13","37.19","78.51","5.35","10.54","70.8","72.45","10.94","45.07","87.78","14.8","18.73","74.28","73.09","10.44","41.73","81.1","4.08","3.69","61.93","7.94"
"2025-03-31","32.64","73.43","0","0","58.26","59.47","8.1","36.08","80.23","4.3","8.84","70.64","72.25","10.89","43.85","89.28","13.4","16.55","73.72","72.47","10.3","40.26","82.3","2.39","1.26","61.27","7.8"
"2025-04-01","31.29","74.86","0","0","57.99","59.26","8.07","34.97","81.95","3.24","7.15","70.47","72.05","10.83","42.63","90.77","11.98","14.35","73.15","71.85","10.16","38.79","83.51","0.69","0","60.62","7.67"
"2025-04-02","29.93","76.3","0","0","57.74","59.05","8.04","33.87","83.67","2.19","5.44","70.3","71.83","10.78","41.39","92.25","10.56","12.15","72.57","71.23","10.01","37.31","84.71","0","0","59.96","7.54"
"2025-04-03","29.23","77.01","0","0","57.49","58.86","8.01","33.41","84.66","1.82","4.77","70.13","71.61","10.73","40.8","93.0","9.82","10.97","71.99","70.6","9.87","36.48","85.19","0","0","59.32","7.42"
"2025-04-04","29.18","77.0","0","0","57.25","58.66","7.98","33.59","84.91","2.13","5.12","69.95","71.39","10.67","40.85","93.0","9.75","10.8","71.4","69.96","9.73","36.29","84.93","0","0","58.68","7.29"
"2025-04-05","29.14","77.0","0","0","57.02","58.48","7.95","33.78","85.17","2.45","5.47","69.76","71.15","10.61","40.89","93.0","9.67","10.63","70.8","69.32","9.58","36.1","84.67","0","0","58.04","7.16"
"2025-04-06","29.1","77.01","0","0","56.8","58.3","7.92","33.97","85.43","2.76","5.81","69.56","70.91","10.55","40.92","92.98","9.58","10.44","70.2","68.67","9.44","35.91","84.41","0","0","57.41","7.04"
"2025-04-07","29.07","77.02","0","0","56.58","58.12","7.9","34.16","85.69","3.07","6.14","69.36","70.66","10.49","40.95","92.96","9.49","10.25","69.58","68.01","9.29","35.72","84.16","0","0","56.79","6.92"
"2025-04-08","29.04","77.05","0","0","56.37","57.96","7.87","34.36","85.94","3.37","6.47","69.16","70.41","10.42","40.97","92.93","9.38","10.04","68.97","67.35","9.14","35.53","83.9","0","0","56.18","6.8"
"2025-04-09","29.02","77.08","0","0","56.17","57.79","7.85","34.55","86.2","3.67","6.8","68.95","70.14","10.36","40.99","92.9","9.26","9.82","68.34","66.69","9.0","35.33","83.65","0","0","55.57","6.68"
"2025-04-10","29.01","77.12","0","0","55.97","57.64","7.82","34.74","86.45","3.97","7.11","68.73","69.87","10.29","41.0","92.85","9.14","9.6","67.71","66.03","8.85","35.14","83.39","0","0","54.97","6.57"
"2025-04-11","29.0","77.17","0","0","55.78","57.49","7.8","34.93","86.71","4.27","7.42","68.51","69.59","10.22","41.0","92.8","9.0","9.36","67.08","65.36","8.7","34.95","83.14","0","0","54.38","6.46"
"2025-04-12","29.0","77.22","0","0","55.6","57.34","7.78","35.13","86.96","4.56","7.72","68.28","69.31","10.15","41.0","92.74","8.86","9.11","66.44","64.68","8.55","34.75","82.89","0","0","53.8","6.34"
"2025-04-13","29.01","77.29","0","0","55.43","57.2","7.76","35.32","87.21","4.84","8.01","68.04","69.02","10.07","40.99","92.67","8.7","8.85","65.8","64.01","8.4","34.56","82.64","0","0","53.23","6.24"
"2025-04-14","29.02","77.36","0","0","55.26","57.06","7.74","35.51","87.45","5.12","8.3","67.8","68.72","10.0","40.97","92.59","8.54","8.59","65.15","63.33","8.26","34.37","82.4","0","0","52.66","6.13"
"2025-04-15","29.04","77.44","0","0","55.1","56.93","7.72","35.71","87.7","5.39","8.57","67.55","68.41","9.92","40.95","92.5","8.37","8.31","64.5","62.65","8.11","34.18","82.15","0","0","52.11","6.02"
"2025-04-16","29.06","77.53","0","0","54.95","56.8","7.7","35.9","87.94","5.66","8.84","67.3","68.09","9.84","40.92","92.41","8.19","8.03","63.84","61.97","7.96","33.98","81.91","0","0","51.56","5.92"
"2025-04-17","29.09","77.63","0","0","54.8","56.68","7.68","36.09","88.18","5.93","9.1","67.03","67.77","9.76","40.89","92.31","8.0","7.74","63.19","61.29","7.81","33.79","81.68","0","0","51.03","5.82"
"2025-04-18","29.13","77.73","0","0","54.66","56.56","7.66","36.28","88.41","6.18","9.34","66.77","67.44","9.68","40.85","92.2","7.8","7.44","62.53","60.61","7.66","33.6","81.45","0","0","50.5","5.72"
"2025-04-19","29.17","77.84","0","0","54.52","56.45","7.64","36.47","88.64","6.43","9.58","66.49","67.1","9.6","40.8","92.09","7.59","7.13","61.87","59.93","7.52","33.42","81.22","0","0","49.99","5.63"
"2025-04-20","29.22","77.96","0","0","54.39","56.34","7.62","36.66","88.87","6.68","9.81","66.21","66.76","9.51","40.75","91.96","7.38","6.82","61.2","59.25","7.37","33.23","80.99","0","0","49.48","5.54"
"2025-04-21","29.27","78.09","0","0","54.27","56.23","7.61","36.84","89.1","6.91","10.03","65.92","66.41","9.43","40.69","91.83","7.16","6.49","60.54","58.56","7.22","33.05","80.77","0","0","48.99","5.45"
"2025-04-22","29.33","78.22","0","0","54.15","56.13","7.59","37.02","89.32","7.14","10.23","65.63","66.05","9.34","40.63","91.69","6.93","6.16","59.87","57.88","7.08","32.87","80.55","0","0","48.51","5.36"
"2025-04-23","29.4","78.36","0","0","54.04","56.03","7.57","37.2","89.53","7.36","10.43","65.33","65.69","9.25","40.56","91.55","6.69","5.83","59.21","57.21","6.93","32.69","80.34","0","0","48.04","5.27"
"2025-04-24","29.47","78.51","0","0","53.93","55.93","7.55","37.38","89.74","7.58","10.62","65.02","65.31","9.15","40.48","91.4","6.45","5.49","58.54","56.53","6.79","32.51","80.13","0","0","47.58","5.19"
"2025-04-25","29.55","78.66","0","0","53.82","55.84","7.54","37.56","89.95","7.79","10.79","64.7","64.94","9.06","40.4","91.24","6.2","5.14","57.87","55.86","6.65","32.33","79.93","0","0","47.13","5.11"
"2025-04-26","29.63","78.82","0","0","53.73","55.75","7.52","37.73","90.15","7.98","10.96","64.38","64.55","8.97","40.31","91.07","5.94","4.79","57.21","55.18","6.5","32.16","79.73","0","0","46.69","5.03"
"2025-04-27","29.72","78.99","0","0","53.63","55.66","7.5","37.9","90.34","8.17","11.11","64.06","64.16","8.87","40.22","90.9","5.68","4.43","56.54","54.52","6.36","31.99","79.54","0","0","46.27","4.96"
"2025-04-28","29.82","79.17","0","0","53.55","55.57","7.49","38.07","90.53","8.36","11.25","63.72","63.76","8.77","40.12","90.73","5.41","4.07","55.88","53.85","6.22","31.83","79.36","0","0","45.85","4.89"
"2025-04-29","29.92","79.35","0","0","53.46","55.49","7.47","38.24","90.71","8.53","11.38","63.38","63.35","8.67","40.02","90.54","5.14","3.7","55.22","53.19","6.09","31.66","79.18","0","0","45.45","4.82"
"2025-04-30","30.02","79.53","0","0","53.38","55.41","7.46","38.4","90.89","8.69","11.49","63.04","62.94","8.57","39.91","90.35","4.86","3.33","54.56","52.53","5.95","31.51","79.0","0","0","45.07","4.75"
"2025-05-01","30.13","79.72","0","0","53.3","55.33","7.44","38.56","91.06","8.85","11.6","62.69","62.53","8.47","39.8","90.16","4.57","2.96","53.9","51.88","5.81","31.35","78.84","0","0","44.69","4.69"
"2025-05-02","30.25","79.92","0","0","53.23","55.25","7.42","38.71","91.23","8.99","11.69","62.33","62.1","8.37","39.68","89.96","4.28","2.58","53.25","51.24","5.68","31.2","78.67","0","0","44.33","4.63"
"2025-05-03","30.37","80.12","0","0","53.16","55.17","7.4","38.86","91.39","9.13","11.77","61.97","61.67","8.27","39.56","89.75","3.99","2.2","52.6","50.6","5.55","31.05","78.52","0","0","43.98","4.57"
"2025-05-04","30.49","80.33","0","0","53.1","55.1","7.39","39.01","91.54","9.26","11.84","61.6","61.24","8.16","39.43","89.54","3.69","1.82","51.95","49.96","5.42","30.91","78.37","0","0","43.65","4.51"
"2025-05-05","30.62","80.54","0","0","53.03","55.02","7.37","39.15","91.68","9.37","11.9","61.22","60.8","8.05","39.29","89.33","3.39","1.44","51.31","49.33","5.29","30.77","78.23","0","0","43.32","4.46"
"2025-05-06","30.76","80.76","0","0","52.98","54.95","7.35","39.29","91.82","9.48","11.94","60.84","60.36","7.95","39.16","89.11","3.09","1.05","50.68","48.71","5.16","30.63","78.1","0","0","43.01","4.41"
"2025-05-07","30.9","80.98","0","0","52.92","54.88","7.33","39.42","91.95","9.58","11.97","60.45","59.91","7.84","39.01","88.89","2.78","0.67","50.05","48.1","5.04","30.5","77.97","0","0","42.72","4.36"
"2025-05-08","31.04","81.2","0","0","52.86","54.8","7.32","39.55","92.08","9.67","11.99","60.06","59.45","7.73","38.87","88.66","2.47","0.28","49.42","47.49","4.91","30.38","77.85","0","0","42.43","4.32"
"2025-05-09","31.19","81.43","0","0","52.81","54.73","7.3","39.67","92.19","9.74","12.0","59.67","58.99","7.62","38.72","88.43","2.15","0","48.8","46.89","4.79","30.26","77.74","0","0","42.16","4.28"
"2025-05-10","31.34","81.66","0","0.26","52.76","54.66","7.28","39.79","92.3","9.81","11.99","59.27","58.53","7.51","38.57","88.19","1.84","0","48.19","46.3","4.68","30.14","77.63","0","0","41.9","4.24"
"2025-05-11","31.5","81.9","0","0.64","52.72","54.59","7.26","39.9","92.41","9.87","11.98","58.86","58.07","7.4","38.41","87.95","1.52","0","47.58","45.72","4.56","30.03","77.54","0","0","41.66","4.2"
"2025-05-12","31.65","82.14","0","1.03","52.67","54.52","7.24","40.01","92.5","9.92","11.95","58.45","57.59","7.29","38.25","87.71","1.2","0","46.98","45.15","4.45","29.92","77.45","0","0","41.43","4.17"
"2025-05-13","31.82","82.38","0","1.41","52.63","54.45","7.22","40.12","92.58","9.95","11.9","58.03","57.12","7.18","38.08","87.47","0.88","0","46.39","44.59","4.33","29.82","77.37","0","0","41.21","4.14"
"2025-05-14","31.98","82.63","0","1.8","52.58","54.37","7.2","40.22","92.66","9.98","11.85","57.61","56.64","7.06","37.91","87.22","0.56","0","45.81","44.03","4.22","29.73","77.29","0","0","41.01","4.11"
"2025-05-15","32.15","82.87","0","2.18","52.54","54.3","7.18","40.31","92.73","9.99","11.78","57.19","56.16","6.95","37.74","86.97","0.23","0","45.23","43.49","4.12","29.64","77.23","0","0","40.82","4.08"
"2025-05-16","32.32","83.12","0","2.56","52.5","54.23","7.15","40.4","92.8","10.0","11.7","56.76","55.68","6.84","37.57","86.72","0","0","44.66","42.96","4.01","29.55","77.17","0","0","40.64","4.06"
"2025-05-17","32.5","83.38","0.21","2.94","52.46","54.15","7.13","40.48","92.85","10.0","11.61","56.33","55.19","6.72","37.39","86.47","0","0","44.1","42.44","3.91","29.48","77.12","0","0","40.47","4.04"
"2025-05-18","32.67","83.63","0.54","3.31","52.42","54.08","7.11","40.55","92.89","9.98","11.5","55.9","54.71","6.61","37.22","86.21","0","0","43.56","41.93","3.81","29.4","77.08","0","0","40.32","4.02"
"2025-05-19","32.85","83.88","0.86","3.68","52.38","54.0","7.08","40.62","92.93","9.95","11.38","55.46","54.22","6.49","37.03","85.96","0","0","43.02","41.43","3.72","29.34","77.05","0","0","40.18","4.01"
"2025-05-20","33.04","84.14","1.18","4.05","52.35","53.92","7.06","40.69","92.96","9.92","11.26","55.02","53.73","6.38","36.85","85.7","0","0","42.49","40.94","3.63","29.27","77.02","0","0","40.06","4.0"
"2025-05-21","33.22","84.4","1.5","4.41","52.31","53.84","7.03","40.75","92.98","9.87","11.12","54.58","53.23","6.27","36.67","85.45","0","0","41.97","40.46","3.54","29.22","77.01","0","0","39.95","3.99"
"2025-05-22","33.41","84.66","1.82","4.77","52.27","53.76","7.01","40.8","93.0","9.82","10.97","54.13","52.74","6.15","36.48","85.19","0","0","41.46","40.0","3.45","29.17","77.0","0","0","39.85","3.98"
"2025-05-23","33.59","84.91","2.13","5.12","52.23","53.67","6.98","40.85","93.0","9.75","10.8","53.69","52.25","6.04","36.29","84.93","0","0","40.96","39.55","3.37","29.13","77.0","0","0","39.76","3.97"
"2025-05-24","33.78","85.17","2.45","5.47","52.19","53.59","6.95","40.89","93.0","9.67","10.63","53.24","51.75","5.92","36.1","84.67","0","0","40.48","39.11","3.28","29.09","77.01","0","0","39.69","3.97"
"2025-05-25","33.97","85.43","2.76","5.81","52.15","53.5","6.92","40.92","92.98","9.58","10.44","52.78","51.26","5.81","35.91","84.41","0","0","40.0","38.69","3.21","29.06","77.03","0","0","39.62","3.97"
"2025-05-26","34.16","85.69","3.07","6.14","52.11","53.41","6.89","40.95","92.96","9.49","10.25","52.33","50.76","5.7","35.72","84.16","0","0","39.54","38.28","3.13","29.04","77.05","0","0","39.58","3.97"
"2025-05-27","34.36","85.94","3.37","6.47","52.07","53.32","6.86","40.97","92.93","9.38","10.04","51.88","50.27","5.58","35.53","83.9","0","0","39.09","37.88","3.06","29.02","77.09","0","0","39.54","3.97"
"2025-05-28","34.55","86.2","3.67","6.8","52.03","53.23","6.83","40.99","92.9","9.26","9.82","51.43","49.78","5.47","35.33","83.65","0","0","38.66","37.49","2.99","29.01","77.13","0","0","39.51","3.98"
"2025-05-29","34.74","86.45","3.97","7.11","51.99","53.13","6.8","41.0","92.85","9.14","9.6","50.97","49.28","5.36","35.14","83.39","0","0","38.23","37.12","2.93","29.0","77.18","0","0","39.5","3.99"
"2025-05-30","34.93","86.71","4.27","7.42","51.94","53.03","6.77","41.0","92.8","9.0","9.36","50.52","48.79","5.25","34.95","83.14","0","0","37.82","36.77","2.86","29.0","77.24","0","0","39.5","4.0"
"2025-05-31","35.13","86.96","4.56","7.72","51.9","52.93","6.74","41.0","92.74","8.86","9.11","50.06","48.31","5.14","34.75","82.89","0","0","37.42","36.43","2.8","29.01","77.3","0","0","39.51","4.01"
"2025-06-01","35.32","87.21","4.84","8.01","51.85","52.83","6.7","40.99","92.67","8.7","8.85","49.61","47.82","5.03","34.56","82.64","0","0","37.04","36.1","2.75","29.02","77.38","0","0","39.53","4.03"
"2025-06-02","35.51","87.45","5.12","8.3","51.8","52.72","6.67","40.97","92.59","8.54","8.59","49.15","47.34","4.92","34.37","82.4","0","0","36.67","35.79","2.7","29.04","77.46","0","0","39.56","4.04"
"2025-06-03","35.71","87.7","5.39","8.57","51.75","52.61","6.63","40.95","92.5","8.37","8.31","48.7","46.86","4.82","34.18","82.15","0","0","36.31","35.49","2.65","29.07","77.55","0","0","39.61","4.06"
"2025-06-04","35.9","87.94","5.66","8.84","51.7","52.5","6.6","40.92","92.41","8.19","8.03","48.25","46.38","4.71","33.98","81.91","0","0","35.97","35.21","2.6","29.1","77.65","0","0","39.66","4.08"
"2025-06-05","36.09","88.18","5.93","9.1","51.65","52.39","6.56","40.89","92.31","8.0","7.74","47.8","45.91","4.61","33.79","81.68","0","0","35.64","34.94","2.56","29.13","77.76","0","0","39.73","4.1"
"2025-06-06","36.28","88.41","6.18","9.34","51.59","52.27","6.52","40.85","92.2","7.8","7.44","47.36","45.44","4.5","33.6","81.45","0","0","35.33","34.69","2.52","29.18","77.87","0","0","39.8","4.13"
"2025-06-07","36.47","88.64","6.43","9.58","51.54","52.15","6.48","40.8","92.09","7.59","7.13","46.91","44.97","4.4","33.42","81.22","0","0","35.03","34.46","2.49","29.23","77.99","0","0","39.89","4.15"
"2025-06-08","36.66","88.87","6.68","9.81","51.48","52.03","6.44","40.75","91.96","7.38","6.82","46.47","44.51","4.3","33.23","80.99","0","0","34.75","34.24","2.45","29.28","78.12","0","0","39.99","4.18"
"2025-06-09","36.84","89.1","6.91","10.03","51.41","51.9","6.4","40.69","91.83","7.16","6.49","46.03","44.06","4.2","33.05","80.77","0","0","34.48","34.03","2.43","29.35","78.25","0","0","40.09","4.21"
"2025-06-10","37.02","89.32","7.14","10.23","51.35","51.77","6.36","40.63","91.69","6.93","6.16","45.59","43.61","4.1","32.87","80.55","0","0","34.23","33.84","2.4","29.41","78.39","0","0","40.21","4.24"
"2025-06-11","37.2","89.53","7.36","10.43","51.28","51.64","6.32","40.56","91.55","6.69","5.83","45.16","43.16","4.01","32.69","80.34","0","0","33.99","33.67","2.38","29.49","78.54","0","0","40.33","4.27"
"2025-06-12","37.38","89.74","7.58","10.62","51.21","51.51","6.28","40.48","91.4","6.45","5.49","44.73","42.73","3.91","32.51","80.13","0","0","33.77","33.52","2.36","29.57","78.7","0","0","40.47","4.31"
"2025-06-13","37.56","89.95","7.79","10.79","51.14","51.37","6.24","40.4","91.24","6.2","5.14","44.31","42.29","3.82","32.33","79.93","0","0","33.57","33.38","2.35","29.65","78.86","0","0","40.61","4.34"
"2025-06-14","37.73","90.15","7.98","10.96","51.07","51.23","6.19","40.31","91.07","5.94","4.79","43.89","41.87","3.73","32.16","79.73","0","0","33.38","33.25","2.33","29.74","79.03","0","0","40.76","4.38"
"2025-06-15","37.9","90.34","8.17","11.11","50.99","51.09","6.15","40.22","90.9","5.68","4.43","43.48","41.45","3.64","31.99","79.54","0","0","33.2","33.14","2.33","29.84","79.2","0","0","40.92","4.42"
"2025-06-16","38.07","90.53","8.36","11.25","50.91","50.95","6.1","40.12","90.73","5.41","4.07","43.07","41.04","3.56","31.83","79.36","0","0","33.05","33.05","2.32","29.94","79.39","0","0","41.09","4.46"
"2025-06-17","38.24","90.71","8.53","11.38","50.83","50.8","6.06","40.02","90.54","5.14","3.7","42.67","40.64","3.47","31.66","79.18","0","0","32.9","32.97","2.32","30.05","79.57","0","0","41.26","4.5"
"2025-06-18","38.4","90.89","8.69","11.49","50.75","50.65","6.01","39.91","90.35","4.86","3.33","42.27","40.25","3.39","31.51","79.0","0","0","32.78","32.91","2.32","30.16","79.76","0","0","41.45","4.54"
"2025-06-19","38.56","91.06","8.85","11.6","50.66","50.5","5.97","39.8","90.16","4.57","2.96","41.88","39.86","3.31","31.35","78.84","0","0","32.67","32.87","2.33","30.27","79.96","0","0","41.64","4.58"
"2025-06-20","38.71","91.23","8.99","11.69","50.58","50.35","5.92","39.68","89.96","4.28","2.58","41.5","39.48","3.23","31.2","78.67","0","0","32.58","32.84","2.34","30.4","80.17","0","0","41.83","4.62"
"2025-06-21","38.86","91.39","9.13","11.77","50.48","50.19","5.87","39.56","89.75","3.99","2.2","41.12","39.12","3.16","31.05","78.52","0","0","32.5","32.83","2.35","30.52","80.37","0","0","42.04","4.67"
"2025-06-22","39.01","91.54","9.26","11.84","50.39","50.04","5.83","39.43","89.54","3.69","1.82","40.75","38.76","3.08","30.91","78.37","0","0","32.44","32.84","2.36","30.65","80.59","0","0","42.25","4.71"
"2025-06-23","39.15","91.68","9.37","11.9","50.3","49.88","5.78","39.29","89.33","3.39","1.44","40.39","38.41","3.01","30.77","78.23","0","0","32.4","32.86","2.38","30.79","80.8","0","0","42.46","4.76"
"2025-06-24","39.29","91.82","9.48","11.94","50.2","49.71","5.73","39.16","89.11","3.09","1.05","40.03","38.07","2.94","30.63","78.1","0","0","32.37","32.89","2.41","30.93","81.03","0","0","42.68","4.8"
"2025-06-25","39.42","91.95","9.58","11.97","50.1","49.55","5.68","39.01","88.89","2.78","0.67","39.69","37.74","2.88","30.5","77.97","0","0","32.36","32.94","2.43","31.07","81.25","0","0","42.91","4.85"
"2025-06-26","39.55","92.08","9.67","11.99","50.0","49.39","5.63","38.87","88.66","2.47","0.28","39.35","37.42","2.82","30.38","77.85","0","0","32.36","33.01","2.46","31.22","81.48","0","0","43.14","4.9"
"2025-06-27","39.67","92.19","9.74","12.0","49.89","49.22","5.58","38.72","88.43","2.15","0","39.02","37.12","2.76","30.26","77.74","0","0","32.39","33.09","2.49","31.37","81.72","0","0.34","43.38","4.95"
"2025-06-28","39.79","92.3","9.81","11.99","49.78","49.05","5.54","38.57","88.19","1.84","0","38.71","36.82","2.7","30.14","77.63","0","0","32.42","33.19","2.52","31.53","81.95","0","0.73","43.62","5.0"
"2025-06-29","39.9","92.41","9.87","11.98","49.68","48.88","5.49","38.41","87.95","1.52","0","38.4","36.54","2.65","30.03","77.54","0","0","32.48","33.31","2.56","31.69","82.19","0","1.12","43.87","5.05"
"2025-06-30","40.01","92.5","9.92","11.95","49.57","48.71","5.44","38.25","87.71","1.2","0","38.1","36.27","2.59","29.92","77.45","0","0","32.55","33.44","2.6","31.85","82.44","0","1.5","44.12","5.1"
"2025-07-01","40.12","92.58","9.95","11.9","49.45","48.54","5.39","38.08","87.47","0.88","0","37.81","36.01","2.55","29.82","77.37","0","0","32.63","33.58","2.65","32.02","82.68","0","1.88","44.38","5.15"
"2025-07-02","40.22","92.66","9.98","11.85","49.34","48.37","5.34","37.91","87.22","0.56","0","37.53","35.76","2.5","29.73","77.29","0","0","32.73","33.74","2.69","32.19","82.93","0","2.26","44.64","5.2"
"2025-07-03","40.31","92.73","9.99","11.78","49.22","48.2","5.29","37.74","86.97","0.23","0","37.26","35.52","2.46","29.64","77.23","0","0","32.85","33.91","2.74","32.36","83.18","0","2.64","44.9","5.25"
"2025-07-04","40.4","92.8","10.0","11.7","49.11","48.02","5.24","37.57","86.72","0","0","37.01","35.3","2.42","29.55","77.17","0","0","32.98","34.1","2.79","32.54","83.43","0.29","3.02","45.16","5.3"
"2025-07-05","40.48","92.85","10.0","11.61","48.99","47.85","5.19","37.39","86.47","0","0","36.76","35.09","2.38","29.48","77.12","0","0","33.13","34.3","2.85","32.71","83.69","0.61","3.39","45.43","5.35"
"2025-07-06","40.55","92.89","9.98","11.5","48.87","47.68","5.14","37.22","86.21","0","0","36.53","34.9","2.35","29.4","77.08","0","0","33.29","34.52","2.9","32.89","83.94","0.93","3.76","45.7","5.4"
"2025-07-07","40.62","92.93","9.95","11.38","48.75","47.51","5.1","37.03","85.96","0","0","36.3","34.72","2.32","29.34","77.05","0","0","33.47","34.75","2.96","33.08","84.2","1.25","4.13","45.97","5.45"
"2025-07-08","40.69","92.96","9.92","11.26","48.63","47.33","5.05","36.85","85.7","0","0","36.09","34.55","2.29","29.27","77.02","0","0","33.67","34.99","3.03","33.26","84.45","1.57","4.49","46.25","5.5"
"2025-07-09","40.75","92.98","9.87","11.12","48.51","47.16","5.0","36.67","85.45","0","0","35.9","34.39","2.27","29.22","77.01","0","0","33.88","35.25","3.09","33.45","84.71","1.89","4.85","46.52","5.55"
"2025-07-10","40.8","93.0","9.82","10.97","48.38","46.99","4.95","36.48","85.19","0","0","35.71","34.25","2.25","29.17","77.0","0","0","34.1","35.52","3.16","33.63","84.97","2.2","5.2","46.8","5.6"
"2025-07-11","40.85","93.0","9.75","10.8","48.26","46.82","4.91","36.29","84.93","0","0","35.54","34.12","2.23","29.13","77.0","0","0","34.34","35.8","3.23","33.82","85.23","2.52","5.54","47.08","5.66"
"2025-07-12","40.89","93.0","9.67","10.63","48.14","46.65","4.86","36.1","84.67","0","0","35.38","34.01","2.22","29.09","77.01","0","0","34.59","36.1","3.3","34.01","85.49","2.83","5.88","47.36","5.71"
"2025-07-13","40.92","92.98","9.58","10.44","48.01","46.48","4.82","35.91","84.41","0","0","35.23","33.92","2.21","29.06","77.03","0","0","34.85","36.41","3.38","34.21","85.74","3.13","6.22","47.64","5.76"
"2025-07-14","40.95","92.96","9.49","10.25","47.89","46.32","4.77","35.72","84.16","0","0","35.1","33.83","2.21","29.04","77.05","0","0","35.13","36.73","3.45","34.4","86.0","3.44","6.55","47.92","5.81"
"2025-07-15","40.97","92.93","9.38","10.04","47.77","46.16","4.73","35.53","83.9","0","0","34.98","33.76","2.2","29.02","77.09","0","0","35.43","37.06","3.53","34.59","86.26","3.74","6.87","48.2","5.86"
"2025-07-16","40.99","92.9","9.26","9.82","47.64","45.99","4.69","35.33","83.65","0","0","34.87","33.71","2.2","29.01","77.13","0","0","35.73","37.41","3.61","34.78","86.51","4.04","7.18","48.48","5.91"
"2025-07-17","41.0","92.85","9.14","9.6","47.52","45.83","4.64","35.14","83.39","0","0","34.78","33.67","2.21","29.0","77.18","0","0","36.05","37.76","3.69","34.98","86.76","4.33","7.49","48.77","5.95"
"2025-07-18","41.0","92.8","9.0","9.36","47.4","45.68","4.6","34.95","83.14","0","0","34.71","33.65","2.21","29.0","77.24","0","0","36.38","38.13","3.78","35.17","87.01","4.62","7.79","49.05","6.0"
"2025-07-19","41.0","92.74","8.86","9.11","47.28","45.52","4.56","34.75","82.89","0","0","34.64","33.65","2.22","29.01","77.3","0","0","36.73","38.5","3.87","35.36","87.26","4.9","8.08","49.33","6.05"
"2025-07-20","40.99","92.67","8.7","8.85","47.16","45.37","4.52","34.56","82.64","0","0","34.59","33.65","2.24","29.02","77.38","0","0","37.09","38.89","3.95","35.56","87.51","5.18","8.36","49.61","6.1"
"2025-07-21","40.97","92.59","8.54","8.59","47.04","45.23","4.48","34.37","82.4","0","0","34.56","33.68","2.26","29.04","77.46","0","0","37.45","39.29","4.04","35.75","87.75","5.45","8.63","49.88","6.15"
"2025-07-22","40.95","92.5","8.37","8.31","46.93","45.08","4.45","34.18","82.15","0","0","34.54","33.72","2.28","29.07","77.55","0","0","37.84","39.7","4.14","35.94","87.99","5.72","8.9","50.16","6.19"
"2025-07-23","40.92","92.41","8.19","8.03","46.82","44.94","4.41","33.98","81.91","0","0","34.53","33.77","2.3","29.1","77.65","0","0","38.23","40.11","4.23","36.13","88.23","5.98","9.15","50.44","6.24"
"2025-07-24","40.89","92.31","8.0","7.74","46.7","44.81","4.38","33.79","81.68","0","0","34.54","33.84","2.33","29.13","77.76","0","0","38.63","40.54","4.32","36.32","88.46","6.24","9.4","50.71","6.28"
"2025-07-25","40.85","92.2","7.8","7.44","46.59","44.68","4.34","33.6","81.45","0","0","34.57","33.93","2.36","29.18","77.87","0","0","39.04","40.98","4.42","36.51","88.7","6.49","9.63","50.98","6.33"
"2025-07-26","40.8","92.09","7.59","7.13","46.49","44.55","4.31","33.42","81.22","0","0","34.61","34.03","2.4","29.23","77.99","0","0","39.47","41.42","4.52","36.7","88.92","6.73","9.86","51.25","6.37"
"2025-07-27","40.75","91.96","7.38","6.82","46.38","44.43","4.28","33.23","80.99","0","0","34.66","34.15","2.44","29.28","78.12","0","0","39.9","41.87","4.62","36.88","89.15","6.96","10.07","51.52","6.41"
"2025-07-28","40.69","91.83","7.16","6.49","46.28","44.31","4.25","33.05","80.77","0","0","34.74","34.29","2.48","29.35","78.25","0","0","40.35","42.33","4.71","37.06","89.36","7.19","10.28","51.78","6.46"
"2025-07-29","40.63","91.69","6.93","6.16","46.19","44.2","4.23","32.87","80.55","0","0","34.82","34.44","2.52","29.41","78.39","0","0","40.8","42.8","4.82","37.24","89.58","7.41","10.47","52.05","6.5"
"2025-07-30","40.56","91.55","6.69","5.83","46.09","44.09","4.2","32.69","80.34","0","0","34.92","34.6","2.57","29.49","78.54","0","0","41.26","43.27","4.92","37.42","89.79","7.63","10.66","52.31","6.54"
"2025-07-31","40.48","91.4","6.45","5.49","46.0","43.99","4.18","32.51","80.13","0","0","35.04","34.78","2.62","29.57","78.7","0","0","41.73","43.75","5.02","37.6","89.99","7.83","10.83","52.57","6.58"
"2025-08-01","40.4","91.24","6.2","5.14","45.92","43.9","4.16","32.33","79.93","0","0","35.17","34.98","2.68","29.65","78.86","0","0","42.21","44.24","5.12","37.77","90.19","8.03","10.99","52.82","6.62"
"2025-08-02","40.31","91.07","5.94","4.79","45.83","43.81","4.14","32.16","79.73","0","0","35.32","35.19","2.74","29.74","79.03","0","0","42.7","44.73","5.23","37.94","90.38","8.21","11.14","53.07","6.66"
"2025-08-03","40.22","90.9","5.68","4.43","45.76","43.73","4.12","31.99","79.54","0","0","35.48","35.42","2.8","29.84","79.2","0","0","43.2","45.23","5.33","38.11","90.57","8.39","11.28","53.32","6.7"
"2025-08-04","40.12","90.73","5.41","4.07","45.68","43.66","4.1","31.83","79.36","0","0","35.66","35.66","2.87","29.94","79.39","0","0","43.7","45.73","5.44","38.27","90.75","8.57","11.4","53.57","6.73"
"2025-08-05","40.02","90.54","5.14","3.7","45.62","43.59","4.09","31.66","79.18","0","0","35.85","35.92","2.93","30.05","79.57","0","0","44.21","46.24","5.55","38.43","90.93","8.73","11.52","53.81","6.77"
"2025-08-06","39.91","90.35","4.86","3.33","45.55","43.53","4.07","31.51","79.0","0","0","36.06","36.2","3.01","30.16","79.76","0","0","44.73","46.75","5.65","38.59","91.1","8.88","11.62","54.05","6.8"
"2025-08-07","39.8","90.16","4.57","2.96","45.5","43.48","4.06","31.35","78.84","0","0","36.29","36.49","3.08","30.27","79.96","0","0","45.25","47.27","5.76","38.74","91.26","9.02","11.71","54.28","6.84"
"2025-08-08","39.68","89.96","4.28","2.58","45.44","43.43","4.05","31.2","78.67","0","0","36.52","36.79","3.16","30.4","80.17","0","0","45.78","47.79","5.87","38.89","91.42","9.16","11.79","54.52","6.87"
"2025-08-09","39.56","89.75","3.99","2.2","45.4","43.39","4.05","31.05","78.52","0","0","36.78","37.11","3.24","30.52","80.37","0","0","46.31","48.31","5.97","39.04","91.57","9.28","11.86","54.74","6.91"
"2025-08-10","39.43","89.54","3.69","1.82","45.36","43.36","4.04","30.91","78.37","0","0","37.05","37.44","3.32","30.65","80.59","0","0","46.85","48.84","6.08","39.18","91.72","9.4","11.91","54.97","6.94"
"2025-08-11","39.29","89.33","3.39","1.44","45.32","43.34","4.04","30.77","78.23","0","0","37.33","37.79","3.41","30.79","80.8","0","0","47.4","49.37","6.19","39.32","91.85","9.5","11.95","55.19","6.97"
"2025-08-12","39.16","89.11","3.09","1.05","45.3","43.33","4.04","30.63","78.1","0","0","37.63","38.15","3.5","30.93","81.03","0","0","47.95","49.9","6.3","39.45","91.98","9.6","11.98","55.41","7.0"
"2025-08-13","39.01","88.89","2.78","0.67","45.28","43.33","4.04","30.5","77.97","0","0","37.95","38.53","3.59","31.07","81.25","0","0","48.5","50.43","6.41","39.58","92.1","9.68","12.0","55.62","7.03"
"2025-08-14","38.87","88.66","2.47","0.28","45.26","43.34","4.05","30.38","77.85","0","0","38.27","38.92","3.69","31.22","81.48","0","0","49.06","50.97","6.51","39.7","92.22","9.76","12.0","55.83","7.06"
"2025-08-15","38.72","88.43","2.15","0","45.26","43.35","4.06","30.26","77.74","0","0","38.62","39.33","3.79","31.37","81.72","0","0.34","49.61","51.51","6.62","39.82","92.33","9.82","11.99","56.04","7.09"
"2025-08-16","38.57","88.19","1.84","0","45.26","43.38","4.07","30.14","77.63","0","0","38.98","39.75","3.89","31.53","81.95","0","0.73","50.18","52.05","6.73","39.93","92.43","9.88","11.97","56.24","7.12"
"2025-08-17","38.41","87.95","1.52","0","45.27","43.41","4.08","30.03","77.54","0","0","39.35","40.18","3.99","31.69","82.19","0","1.12","50.74","52.58","6.83","40.04","92.52","9.92","11.94","56.44","7.14"
"2025-08-18","38.25","87.71","1.2","0","45.28","43.45","4.09","29.92","77.45","0","0","39.73","40.62","4.1","31.85","82.44","0","1.5","51.31","53.12","6.94","40.14","92.6","9.96","11.89","56.63","7.17"
"2025-08-19","38.08","87.47","0.88","0","45.31","43.51","4.11","29.82","77.37","0","0","40.13","41.08","4.21","32.02","82.68","0","1.88","51.88","53.66","7.05","40.24","92.68","9.98","11.83","56.82","7.19"
"2025-08-20","37.91","87.22","0.56","0","45.34","43.57","4.13","29.73","77.29","0","0","40.54","41.55","4.32","32.19","82.93","0","2.26","52.45","54.2","7.15","40.33","92.75","10.0","11.76","57.01","7.22"
"2025-08-21","37.74","86.97","0.23","0","45.38","43.65","4.15","29.64","77.23","0","0","40.97","42.03","4.43","32.36","83.18","0","2.64","53.02","54.74","7.26","40.41","92.81","10.0","11.68","57.19","7.24"
"2025-08-22","37.57","86.72","0","0","45.43","43.73","4.18","29.55","77.17","0","0","41.41","42.53","4.55","32.54","83.43","0.29","3.02","53.59","55.27","7.36","40.5","92.86","9.99","11.58","57.37","7.27"
"2025-08-23","37.39","86.47","0","0","45.49","43.83","4.2","29.48","77.12","0","0","41.86","43.03","4.67","32.71","83.69","0.61","3.39","54.16","55.81","7.47","40.57","92.9","9.98","11.48","57.55","7.29"
"2025-08-24","37.22","86.21","0","0","45.56","43.93","4.23","29.4","77.08","0","0","42.33","43.55","4.79","32.89","83.94","0.93","3.76","54.73","56.34","7.57","40.64","92.94","9.95","11.36","57.72","7.31"
"2025-08-25","37.03","85.96","0","0","45.64","44.05","4.27","29.34","77.05","0","0","42.81","44.08","4.91","33.08","84.2","1.25","4.13","55.31","56.87","7.67","40.7","92.97","9.91","11.23","57.89","7.33"
"2025-08-26","36.85","85.7","0","0","45.72","44.18","4.3","29.27","77.02","0","0","43.3","44.62","5.03","33.26","84.45","1.57","4.49","55.88","57.4","7.77","40.76","92.99","9.86","11.08","58.06","7.35"
"2025-08-27","36.67","85.45","0","0","45.82","44.31","4.34","29.22","77.01","0","0","43.8","45.17","5.16","33.45","84.71","1.89","4.85","56.45","57.92","7.87","40.81","93.0","9.8","10.93","58.22","7.37"
"2025-08-28","36.48","85.19","0","0","45.92","44.46","4.38","29.17","77.0","0","0","44.31","45.73","5.29","33.63","84.97","2.2","5.2","57.01","58.45","7.97","40.86","93.0","9.73","10.76","58.38","7.39"
"2025-08-29","36.29","84.93","0","0","46.04","44.62","4.42","29.13","77.0","0","0","44.84","46.3","5.42","33.82","85.23","2.52","5.54","57.58","58.97","8.07","40.89","92.99","9.65","10.59","58.53","7.41"
"2025-08-30","36.1","84.67","0","0","46.16","44.8","4.47","29.09","77.01","0","0","45.37","46.88","5.55","34.01","85.49","2.83","5.88","58.14","59.48","8.17","40.93","92.98","9.56","10.4","58.68","7.43"
"2025-08-31","35.91","84.41","0","0","46.3","44.98","4.52","29.06","77.03","0","0","45.92","47.47","5.68","34.21","85.74","3.13","6.22","58.71","59.99","8.26","40.95","92.96","9.46","10.2","58.83","7.45"
"2025-09-01","35.72","84.16","0","0","46.44","45.18","4.57","29.04","77.05","0","0","46.48","48.07","5.82","34.4","86.0","3.44","6.55","59.27","60.5","8.36","40.98","92.93","9.36","9.99","58.98","7.47"
"2025-09-02","35.53","83.9","0","0","46.6","45.38","4.62","29.02","77.09","0","0","47.04","48.68","5.95","34.59","86.26","3.74","6.87","59.82","61.0","8.45","40.99","92.89","9.24","9.77","59.12","7.49"
"2025-09-03","35.33","83.65","0","0","46.76","45.6","4.68","29.01","77.13","0","0","47.62","49.29","6.09","34.78","86.51","4.04","7.18","60.37","61.5","8.54","41.0","92.84","9.11","9.54","59.26","7.51"
"2025-09-04","35.14","83.39","0","0","46.94","45.83","4.74","29.0","77.18","0","0","48.21","49.92","6.23","34.98","86.76","4.33","7.49","60.92","62.0","8.63","41.0","92.79","8.97","9.3","59.4","7.53"
"2025-09-05","34.95","83.14","0","0","47.13","46.07","4.8","29.0","77.24","0","0","48.8","50.55","6.37","35.17","87.01","4.62","7.79","61.47","62.49","8.72","41.0","92.72","8.82","9.05","59.54","7.54"
"2025-09-06","34.75","82.89","0","0","47.32","46.33","4.87","29.01","77.3","0","0","49.41","51.18","6.51","35.36","87.26","4.9","8.08","62.01","62.97","8.81","40.99","92.65","8.67","8.8","59.67","7.56"
"2025-09-07","34.56","82.64","0","0","47.53","46.59","4.93","29.02","77.38","0","0","50.02","51.83","6.65","35.56","87.51","5.18","8.36","62.54","63.45","8.9","40.97","92.57","8.5","8.53","59.8","7.58"
"2025-09-08","34.37","82.4","0","0","47.75","46.87","5.0","29.04","77.46","0","0","50.64","52.48","6.79","35.75","87.75","5.45","8.63","63.07","63.92","8.98","40.95","92.48","8.33","8.25","59.93","7.6"
"2025-09-09","34.18","82.15","0","0","47.98","47.16","5.08","29.07","77.55","0","0","51.27","53.14","6.94","35.94","87.99","5.72","8.9","63.6","64.38","9.07","40.92","92.39","8.14","7.97","60.06","7.61"
"2025-09-10","33.98","81.91","0","0","48.22","47.46","5.15","29.1","77.65","0","0","51.91","53.8","7.08","36.13","88.23","5.98","9.15","64.12","64.84","9.15","40.88","92.29","7.95","7.67","60.19","7.63"
"2025-09-11","33.79","81.68","0","0","48.47","47.77","5.23","29.13","77.76","0","0","52.55","54.46","7.22","36.32","88.46","6.24","9.4","64.63","65.3","9.23","40.84","92.18","7.75","7.37","60.31","7.65"
"2025-09-12","33.6","81.45","0","0","48.73","48.09","5.31","29.18","77.87","0","0","53.2","55.14","7.37","36.51","88.7","6.49","9.63","65.14","65.74","9.31","40.79","92.06","7.55","7.06","60.43","7.67"
"2025-09-13","33.42","81.22","0","0","49.0","48.43","5.4","29.23","77.99","0","0","53.86","55.81","7.52","36.7","88.92","6.73","9.86","65.64","66.18","9.39","40.74","91.93","7.33","6.75","60.55","7.68"
"2025-09-14","33.23","80.99","0","0","49.29","48.77","5.48","29.28","78.12","0","0","54.52","56.49","7.66","36.88","89.15","6.96","10.07","66.14","66.61","9.46","40.68","91.8","7.11","6.42","60.67","7.7"
"2025-09-15","33.05","80.77","0","0","49.58","49.13","5.57","29.35","78.25","0","0","55.19","57.17","7.81","37.06","89.36","7.19","10.28","66.63","67.04","9.54","40.61","91.66","6.88","6.09","60.79","7.72"
"2025-09-16","32.87","80.55","0","0","49.89","49.5","5.66","29.41","78.39","0","0","55.86","57.86","7.95","37.24","89.58","7.41","10.47","67.11","67.46","9.61","40.54","91.52","6.64","5.75","60.91","7.74"
"2025-09-17","32.69","80.34","0","0","50.2","49.88","5.76","29.49","78.54","0","0","56.54","58.55","8.1","37.42","89.79","7.63","10.66","67.59","67.87","9.68","40.47","91.36","6.39","5.41","61.03","7.76"
"2025-09-18","32.51","80.13","0","0","50.53","50.27","5.85","29.57","78.7","0","0","57.22","59.24","8.25","37.6","89.99","7.83","10.83","68.06","68.27","9.75","40.38","91.2","6.14","5.06","61.15","7.77"
"2025-09-19","32.33","79.93","0","0","50.87","50.68","5.95","29.65","78.86","0","0","57.91","59.93","8.39","37.77","90.19","8.03","10.99","68.52","68.67","9.82","40.29","91.04","5.88","4.71","61.26","7.79"
"2025-09-20","32.16","79.73","0","0","51.21","51.09","6.05","29.74","79.03","0","0","58.6","60.62","8.54","37.94","90.38","8.21","11.14","68.97","69.06","9.89","40.2","90.86","5.62","4.35","61.38","7.81"
"2025-09-21","31.99","79.54","0","0","51.57","51.51","6.15","29.84","79.2","0","0","59.29","61.32","8.69","38.11","90.57","8.39","11.28","69.41","69.43","9.95","40.1","90.69","5.35","3.99","61.5","7.83"
"2025-09-22","31.83","79.36","0","0","51.94","51.95","6.26","29.94","79.39","0","0","59.99","62.01","8.83","38.27","90.75","8.57","11.4","69.85","69.81","10.01","40.0","90.5","5.08","3.62","61.62","7.85"
"2025-09-23","31.66","79.18","0","0","52.32","52.39","6.37","30.05","79.57","0","0","60.68","62.71","8.98","38.43","90.93","8.73","11.52","70.28","70.17","10.08","39.89","90.31","4.8","3.25","61.73","7.88"
"2025-09-24","31.51","79.0","0","0","52.71","52.85","6.48","30.16","79.76","0","0","61.38","63.4","9.12","38.59","91.1","8.88","11.62","70.7","70.53","10.14","39.77","90.12","4.51","2.88","61.85","7.9"
"2025-09-25","31.35","78.84","0","0","53.12","53.32","6.59","30.27","79.96","0","0","62.08","64.1","9.27","38.74","91.26","9.02","11.71","71.11","70.87","10.19","39.65","89.91","4.22","2.5","61.97","7.92"
"2025-09-26","31.2","78.67","0","0","53.53","53.79","6.7","30.4","80.17","0","0","62.78","64.79","9.41","38.89","91.42","9.16","11.79","71.52","71.21","10.25","39.53","89.71","3.93","2.12","62.09","7.94"
"2025-09-27","31.05","78.52","0","0","53.95","54.28","6.82","30.52","80.37","0","0","63.48","65.48","9.55","39.04","91.57","9.28","11.86","71.91","71.54","10.3","39.4","89.5","3.63","1.74","62.21","7.97"
"2025-09-28","30.91","78.37","0","0","54.38","54.78","6.94","30.65","80.59","0","0","64.19","66.17","9.69","39.18","91.72","9.4","11.91","72.3","71.87","10.36","39.26","89.28","3.32","1.35","62.34","7.99"
"2025-09-29","30.77","78.23","0","0","54.82","55.28","7.05","30.79","80.8","0","0","64.89","66.86","9.83","39.32","91.85","9.5","11.95","72.68","72.18","10.41","39.13","89.06","3.02","0.97","62.46","8.02"
"2025-09-30","30.63","78.1","0","0","55.27","55.79","7.18","30.93","81.03","0","0","65.59","67.54","9.97","39.45","91.98","9.6","11.98","73.05","72.49","10.46","38.98","88.84","2.71","0.58","62.59","8.04"
"2025-10-01","30.5","77.97","0","0","55.73","56.32","7.3","31.07","81.25","0","0","66.29","68.22","10.11","39.58","92.1","9.68","12.0","73.41","72.78","10.5","38.84","88.61","2.4","0.2","62.71","8.07"
"2025-10-02","30.38","77.85","0","0","56.2","56.85","7.42","31.22","81.48","0","0","66.98","68.9","10.25","39.7","92.22","9.76","12.0","73.76","73.07","10.55","38.69","88.38","2.08","0","62.84","8.1"
"2025-10-03","31.55","76.27","0","0","56.68","57.39","7.55","32.67","80.25","0","2.41","67.68","69.57","10.38","41.11","90.86","11.2","14.06","74.1","73.35","10.6","39.82","86.68","3.14","1.49","62.98","8.13"
"2025-10-04","32.72","74.71","0","0","57.17","57.94","7.68","34.11","79.03","1.11","4.86","68.37","70.24","10.52","42.51","89.5","12.63","16.1","74.43","73.63","10.64","40.95","84.98","4.2","3.17","63.11","8.16"
"2025-10-05","33.9","73.15","0","0","57.67","58.5","7.81","35.56","77.81","2.81","7.31","69.06","70.9","10.65","43.91","88.13","14.05","18.13","74.76","73.89","10.68","42.08","83.27","5.26","4.84","63.25","8.19"
"2025-10-06","35.08","71.6","0","0","58.17","59.06","7.94","37.01","76.59","4.5","9.76","69.75","71.56","10.78","45.3","86.75","15.46","20.15","75.07","74.15","10.72","43.21","81.57","6.31","6.52","63.39","8.22"
"2025-10-07","36.27","70.06","0","0","58.68","59.63","8.07","38.47","75.37","6.2","12.2","70.43","72.21","10.91","46.68","85.37","16.86","22.15","75.38","74.39","10.76","44.32","79.86","7.36","8.2","63.53","8.25"
"2025-10-08","37.46","68.53","0","0.57","59.21","60.21","8.21","39.92","74.17","7.89","14.64","71.11","72.86","11.04","48.06","83.98","18.24","24.13","75.67","74.63","10.79","45.44","78.15","8.41","9.88","63.68","8.29"
"2025-10-09","38.65","67.01","0","2.69","59.73","60.8","8.34","41.38","72.96","9.58","17.07","71.78","73.5","11.17","49.43","82.59","19.62","26.1","75.96","74.86","10.83","46.55","76.45","9.46","11.55","63.83","8.32"
"2025-10-10","39.85","65.5","0.98","4.83","60.27","61.39","8.48","42.83","71.76","11.27","19.49","72.45","74.13","11.29","50.79","81.19","20.97","28.06","76.24","75.09","10.86","47.65","74.74","10.5","13.23","63.98","8.36"
"2025-10-11","41.05","64.01","2.36","6.97","60.82","61.99","8.61","44.29","70.57","12.95","21.91","73.12","74.76","11.41","52.14","79.79","22.32","29.99","76.5","75.3","10.9","48.75","73.04","11.54","14.9","64.14","8.4"
"2025-10-12","42.25","62.52","3.74","9.12","61.37","62.59","8.75","45.74","69.38","14.63","24.32","73.77","75.38","11.54","53.49","78.38","23.65","31.91","76.76","75.51","10.93","49.84","71.34","12.58","16.57","64.3","8.44"
"2025-10-13","43.45","61.05","5.12","11.28","61.93","63.2","8.89","47.19","68.2","16.31","26.71","74.43","75.99","11.65","54.82","76.97","24.97","33.81","77.01","75.71","10.96","50.93","69.65","13.61","18.24","64.46","8.48"
"2025-10-14","44.66","59.59","6.52","13.44","62.49","63.82","9.03","48.64","67.02","17.98","29.1","75.07","76.59","11.77","56.14","75.55","26.27","35.7","77.25","75.9","10.98","52.01","67.95","14.64","19.91","64.63","8.52"
"2025-10-15","45.86","58.15","7.92","15.61","63.06","64.44","9.17","50.09","65.85","19.64","31.48","75.71","77.19","11.89","57.45","74.13","27.56","37.56","77.48","76.08","11.01","53.08","66.27","15.67","21.57","64.8","8.56"
"2025-10-16","47.07","56.71","9.32","17.77","63.64","65.06","9.31","51.54","64.68","21.3","33.84","76.34","77.78","12.0","58.76","72.71","28.83","39.41","77.71","76.26","11.04","54.15","64.58","16.7","23.23","64.98","8.6"
"2025-10-17","48.28","55.3","10.73","19.95","64.22","65.69","9.46","52.98","63.52","22.94","36.19","76.97","78.35","12.11","60.05","71.29","30.08","41.23","77.92","76.42","11.06","55.21","62.91","17.72","24.89","65.16","8.65"
"2025-10-18","49.49","53.89","12.14","22.12","64.81","66.32","9.6","54.41","62.37","24.58","38.52","77.58","78.92","12.22","61.32","69.86","31.32","43.04","78.12","76.59","11.09","56.27","61.24","18.74","26.55","65.34","8.69"
"2025-10-19","50.7","52.51","13.55","24.29","65.4","66.96","9.74","55.84","61.22","26.21","40.84","78.19","79.48","12.32","62.59","68.44","32.54","44.82","78.32","76.74","11.11","57.31","59.58","19.76","28.2","65.53","8.74"
"2025-10-20","51.91","51.13","14.97","26.47","66.0","67.6","9.88","57.27","60.08","27.83","43.14","78.79","80.03","12.43","63.84","67.01","33.75","46.58","78.51","76.89","11.13","58.35","57.93","20.77","29.85","65.72","8.79"
"2025-10-21","53.11","49.78","16.39","28.64","66.6","68.24","10.03","58.69","58.95","29.44","45.42","79.38","80.57","12.53","65.09","65.58","34.94","48.33","78.69","77.03","11.15","59.39","56.28","21.78","31.49","65.92","8.84"
"2025-10-22","54.32","48.44","17.81","30.82","67.21","68.88","10.17","60.1","57.82","31.04","47.68","79.96","81.09","12.62","66.31","64.15","36.11","50.05","78.85","77.16","11.17","60.41","54.65","22.78","33.13","66.12","8.89"
"2025-10-23","55.53","47.12","19.24","32.99","67.82","69.53","10.31","61.5","56.7","32.62","49.93","80.54","81.61","12.72","67.53","62.72","37.26","51.75","79.02","77.29","11.18","61.43","53.02","23.79","34.77","66.33","8.95"
"2025-10-24","56.73","45.81","20.66","35.16","68.43","70.18","10.46","62.9","55.59","34.2","52.15","81.1","82.12","12.81","68.72","61.3","38.4","53.42","79.17","77.41","11.2","62.44","51.41","24.78","36.4","66.54","9.0"
"2025-10-25","57.93","44.52","22.09","37.32","69.05","70.83","10.6","64.29","54.48","35.76","54.36","81.65","82.61","12.9","69.91","59.87","39.52","55.08","79.31","77.52","11.22","63.44","49.81","25.78","38.03","66.76","9.06"
"2025-10-26","59.13","43.25","23.52","39.49","69.67","71.48","10.74","65.67","53.38","37.3","56.54","82.19","83.09","12.99","71.08","58.45","40.62","56.71","79.45","77.63","11.23","64.44","48.22","26.77","39.65","66.99","9.11"
"2025-10-27","60.33","42.0","24.94","41.64","70.29","72.13","10.89","67.04","52.29","38.83","58.69","82.72","83.57","13.08","72.23","57.02","41.7","58.31","79.58","77.73","11.25","65.42","46.64","27.76","41.27","67.21","9.17"
"2025-10-28","61.52","40.77","26.36","43.79","70.92","72.78","11.03","68.4","51.21","40.34","60.83","83.24","84.03","13.16","73.37","55.6","42.77","59.9","79.7","77.82","11.26","66.4","45.08","28.74","42.88","67.45","9.23"
"2025-10-29","62.71","39.55","27.79","45.93","71.54","73.43","11.17","69.75","50.13","41.84","62.94","83.75","84.47","13.24","74.5","54.19","43.81","61.46","79.82","77.91","11.27","67.37","43.53","29.72","44.49","67.69","9.29"
"2025-10-30","63.9","38.35","29.21","48.07","72.17","74.08","11.31","71.09","49.06","43.32","65.02","84.25","84.91","13.32","75.61","52.77","44.84","63.0","79.92","78.0","11.29","68.33","41.99","30.69","46.08","67.93","9.36"
"2025-10-31","65.08","37.18","30.63","50.2","72.79","74.73","11.45","72.41","48.0","44.79","67.08","84.73","85.33","13.39","76.7","51.37","45.84","64.51","80.02","78.08","11.3","69.28","40.47","31.66","47.68","68.18","9.42"
"2025-11-01","66.26","36.02","32.04","52.31","73.42","75.37","11.59","73.73","46.95","46.23","69.11","85.21","85.74","13.46","77.77","49.96","46.83","66.0","80.11","78.15","11.31","70.22","38.97","32.63","49.26","68.43","9.49"
"2025-11-02","67.43","34.88","33.45","54.42","74.05","76.02","11.73","75.03","45.91","47.66","71.11","85.67","86.14","13.53","78.83","48.56","47.8","67.46","80.2","78.22","11.32","71.16","37.48","33.59","50.84","68.69","9.55"
"2025-11-03","68.6","33.76","34.86","56.52","74.68","76.66","11.87","76.32","44.87","49.07","73.09","86.12","86.53","13.6","79.87","47.17","48.75","68.9","80.28","78.29","11.33","72.08","36.01","34.55","52.41","68.96","9.62"
"2025-11-04","69.76","32.66","36.26","58.6","75.3","77.3","12.0","77.59","43.85","50.45","75.03","86.55","86.9","13.66","80.89","45.79","49.68","70.32","80.35","78.35","11.34","73.0","34.56","35.5","53.97","69.23","9.69"
"2025-11-05","70.92","31.59","37.65","60.67","75.93","77.93","12.14","78.86","42.83","51.82","76.95","86.97","87.26","13.72","81.9","44.41","50.59","71.7","80.42","78.4","11.35","73.9","33.13","36.44","55.53","69.5","9.76"
"2025-11-06","72.07","30.53","39.04","62.73","76.55","78.57","12.27","80.1","41.82","53.17","78.83","87.38","87.6","13.78","82.88","43.03","51.48","73.07","80.48","78.46","11.35","74.8","31.72","37.38","57.08","69.78","9.83"
"2025-11-07","73.21","29.49","40.42","64.77","77.18","79.2","12.41","81.33","40.82","54.49","80.69","87.78","87.93","13.83","83.85","41.67","52.35","74.41","80.53","78.51","11.36","75.68","30.32","38.32","58.61","70.07","9.91"
"2025-11-08","74.35","28.48","41.8","66.8","77.8","79.82","12.54","82.55","39.83","55.79","82.51","88.17","88.25","13.89","84.8","40.31","53.2","75.72","80.58","78.55","11.37","76.56","28.95","39.25","60.14","70.36","9.98"
"2025-11-09","75.47","27.48","43.16","68.81","78.41","80.44","12.67","83.74","38.85","57.07","84.3","88.54","88.56","13.94","85.74","38.96","54.03","77.01","80.62","78.59","11.38","77.43","27.6","40.18","61.66","70.65","10.06"
"2025-11-10","76.59","26.51","44.52","70.8","79.03","81.05","12.8","84.93","37.88","58.33","86.05","88.89","88.85","13.98","86.65","37.63","54.84","78.27","80.66","78.63","11.39","78.28","26.26","41.1","63.17","70.95","10.13"
"2025-11-11","77.7","25.56","45.87","72.77","79.64","81.66","12.93","86.09","36.92","59.56","87.77","89.24","89.12","14.02","87.54","36.3","55.63","79.5","80.69","78.66","11.39","79.13","24.95","42.01","64.67","71.26","10.21"
"2025-11-12","78.8","24.63","47.21","74.73","80.24","82.27","13.05","87.24","35.97","60.77","89.46","89.56","89.39","14.06","88.42","34.98","56.4","80.71","80.71","78.7","11.4","79.96","23.67","42.92","66.16","71.57","10.29"
"2025-11-13","79.9","23.72","48.53","76.67","80.85","82.86","13.17","88.37","35.03","61.95","91.11","89.88","89.64","14.1","89.27","33.68","57.15","81.9","80.74","78.72","11.41","80.79","22.4","43.82","67.64","71.88","10.37"
"2025-11-14","80.98","22.84","49.85","78.58","81.44","83.45","13.3","89.48","34.09","63.11","92.72","90.18","89.87","14.14","90.11","32.38","57.88","83.05","80.75","78.75","11.41","81.6","21.16","44.72","69.1","72.2","10.45"
"2025-11-15","82.05","21.97","51.15","80.48","82.04","84.03","13.42","90.57","33.17","64.25","94.3","90.47","90.1","14.17","90.93","31.1","58.59","84.18","80.77","78.78","11.42","82.4","19.94","45.61","70.56","72.53","10.53"
"2025-11-16","83.11","21.13","52.45","82.35","82.62","84.61","13.53","91.64","32.26","65.35","95.84","90.74","90.31","14.2","91.72","29.83","59.28","85.29","80.77","78.8","11.43","83.2","18.75","46.49","72.0","72.85","10.62"
"2025-11-17","84.16","20.31","53.73","84.2","83.2","85.18","13.65","92.69","31.36","66.44","97.35","91.0","90.5","14.22","92.5","28.57","59.95","86.37","80.78","78.82","11.43","83.98","17.58","47.37","73.43","73.19","10.7"
"2025-11-18","85.2","19.52","54.99","86.02","83.78","85.73","13.76","93.72","30.47","67.49","98.82","91.24","90.68","14.25","93.26","27.33","60.6","87.42","80.78","78.84","11.44","84.75","16.43","48.24","74.85","73.52","10.79"
"2025-11-19","86.23","18.74","56.25","87.82","84.35","86.28","13.87","94.73","29.59","68.52","100.25","91.47","90.85","14.27","93.99","26.1","61.23","88.45","80.78","78.85","11.45","85.51","15.31","49.1","76.25","73.87","10.87"
"2025-11-20","87.24","17.99","57.48","89.59","84.91","86.83","13.98","95.72","28.73","69.52","101.64","91.69","91.0","14.29","94.71","24.88","61.84","89.44","80.77","78.87","11.46","86.25","14.22","49.96","77.64","74.21","10.96"
"2025-11-21","88.25","17.26","58.7","91.34","85.46","87.36","14.09","96.69","27.87","70.49","102.99","91.89","91.14","14.3","95.4","23.68","62.43","90.42","80.76","78.89","11.46","86.99","13.16","50.8","79.02","74.56","11.05"
"2025-11-22","89.24","16.55","59.91","93.06","86.01","87.88","14.19","97.64","27.03","71.43","104.3","92.07","91.27","14.31","96.08","22.5","63.0","91.36","80.75","78.9","11.47","87.71","12.12","51.64","80.38","74.91","11.13"
"2025-11-23","90.21","15.87","61.1","94.75","86.55","88.39","14.29","98.56","26.19","72.35","105.57","92.25","91.38","14.32","96.73","21.33","63.55","92.29","80.74","78.91","11.48","88.42","11.1","52.48","81.73","75.27","11.22"
"2025-11-24","91.17","15.21","62.27","96.41","87.08","88.89","14.39","99.46","25.37","73.23","106.8","92.4","91.48","14.33","97.37","20.18","64.08","93.18","80.72","78.93","11.49","89.12","10.12","53.3","83.06","75.63","11.31"
"2025-11-25","92.12","14.57","63.43","98.05","87.6","89.38","14.49","100.34","24.56","74.09","108.0","92.55","91.56","14.33","97.98","19.05","64.59","94.05","80.7","78.94","11.5","89.81","9.16","54.12","84.37","75.99","11.4"
"2025-11-26","93.05","13.95","64.56","99.65","88.11","89.86","14.58","101.19","23.77","74.92","109.15","92.67","91.63","14.34","98.57","17.94","65.09","94.89","80.68","78.95","11.51","90.48","8.23","54.92","85.67","76.35","11.49"
"2025-11-27","93.97","13.35","65.68","101.22","88.61","90.33","14.67","102.03","22.98","75.72","110.26","92.79","91.69","14.34","99.14","16.84","65.56","95.7","80.66","78.96","11.52","91.15","7.33","55.72","86.96","76.72","11.58"
"2025-11-28","94.87","12.78","66.78","102.76","89.11","90.79","14.76","102.83","22.21","76.49","111.32","92.89","91.74","14.33","99.69","15.76","66.01","96.49","80.63","78.98","11.53","91.8","6.46","56.51","88.22","77.09","11.67"
"2025-11-29","95.76","12.23","67.86","104.27","89.59","91.23","14.85","103.62","21.45","77.22","112.35","92.98","91.77","14.33","100.22","14.71","66.45","97.26","80.61","78.99","11.54","92.43","5.62","57.29","89.47","77.46","11.76"
"2025-11-30","96.63","11.71","68.91","105.74","90.06","91.66","14.93","104.38","20.71","77.93","113.34","93.05","91.79","14.32","100.73","13.67","66.86","97.99","80.58","79.0","11.55","93.06","4.81","58.06","90.7","77.84","11.86"
"2025-12-01","97.48","11.2","69.95","107.18","90.52","92.08","15.01","105.11","19.97","78.61","114.28","93.1","91.8","14.31","101.22","12.65","67.26","98.7","80.55","79.02","11.56","93.67","4.03","58.82","91.91","78.22","11.95"
"2025-12-02","98.32","10.72","70.97","108.58","90.97","92.49","15.08","105.82","19.25","79.26","115.18","93.15","91.79","14.3","101.68","11.65","67.63","99.39","80.52","79.03","11.57","94.27","3.27","59.57","93.1","78.59","12.04"
"2025-12-03","99.14","10.26","71.96","109.95","91.41","92.88","15.16","106.5","18.55","79.87","116.04","93.18","91.78","14.28","102.13","10.68","67.99","100.05","80.5","79.05","11.59","94.85","2.55","60.31","94.28","78.97","12.13"
"2025-12-04","99.94","9.82","72.93","111.29","91.83","93.26","15.23","107.16","17.85","80.46","116.85","93.2","91.75","14.26","102.55","9.73","68.33","100.68","80.47","79.06","11.6","95.42","1.86","61.04","95.43","79.35","12.22"
"2025-12-05","100.72","9.41","73.87","112.58","92.25","93.63","15.29","107.79","17.18","81.01","117.63","93.2","91.7","14.24","102.96","8.8","68.65","101.29","80.43","79.08","11.61","95.98","1.2","61.76","96.56","79.73","12.32"
"2025-12-06","101.49","9.02","74.8","113.84","92.65","93.98","15.35","108.4","16.51","81.53","118.36","93.19","91.65","14.22","103.34","7.89","68.96","101.87","80.4","79.1","11.63","96.53","0.56","62.47","97.68","80.12","12.41"
"2025-12-07","102.23","8.65","75.7","115.06","93.04","94.32","15.41","108.98","15.86","82.03","119.04","93.16","91.58","14.2","103.7","7.0","69.24","102.42","80.37","79.12","11.64","97.06","0","63.16","98.77","80.5","12.5"
"2025-12-08","102.96","8.3","76.57","116.24","93.41","94.65","15.47","109.53","15.23","82.49","119.69","93.13","91.51","14.17","104.04","6.14","69.51","102.95","80.34","79.14","11.66","97.57","0","63.85","99.84","80.88","12.59"
"2025-12-09","103.66","7.97","77.42","117.38","93.77","94.96","15.52","110.06","14.61","82.91","120.29","93.08","91.42","14.15","104.36","5.31","69.76","103.46","80.31","79.16","11.67","98.08","0","64.52","100.88","81.26","12.68"
"2025-12-10","104.35","7.67","78.24","118.49","94.12","95.25","15.57","110.56","14.0","83.31","120.85","93.02","91.32","14.12","104.66","4.49","69.99","103.94","80.28","79.19","11.69","98.57","0","65.18","101.91","81.64","12.77"
"2025-12-11","105.02","7.39","79.04","119.55","94.46","95.53","15.62","111.04","13.41","83.68","121.36","92.94","91.21","14.09","104.94","3.71","70.2","104.39","80.26","79.22","11.71","99.04","0","65.83","102.91","82.02","12.86"
"2025-12-12","105.66","7.13","79.81","120.57","94.78","95.8","15.66","111.48","12.83","84.01","121.84","92.85","91.09","14.05","105.2","2.95","70.4","104.82","80.23","79.24","11.73","99.5","0","66.46","103.88","82.4","12.95"
"2025-12-13","106.28","6.89","80.55","121.55","95.09","96.05","15.7","111.9","12.28","84.31","122.27","92.75","90.96","14.02","105.44","2.21","70.57","105.22","80.2","79.28","11.75","99.94","0","67.08","104.84","82.78","13.04"
"2025-12-14","106.89","6.67","81.27","122.48","95.38","96.28","15.74","112.3","11.73","84.59","122.65","92.64","90.82","13.98","105.65","1.5","70.74","105.6","80.18","79.31","11.77","100.37","0","67.69","105.77","83.16","13.13"
"2025-12-15","107.47","6.47","81.95","123.38","95.66","96.5","15.77","112.66","11.2","84.83","123.0","92.52","90.67","13.94","105.85","0.82","70.88","105.95","80.15","79.34","11.79","100.79","0","68.28","106.67","83.53","13.22"
"2025-12-16","108.03","6.3","82.61","124.23","95.92","96.71","15.8","113.0","10.69","85.03","123.3","92.38","90.51","13.9","106.03","0.17","71.01","106.28","80.13","79.38","11.81","101.19","0","68.86","107.55","83.91","13.3"
"2025-12-17","108.56","6.14","83.24","125.04","96.17","96.89","15.83","113.31","10.2","85.21","123.56","92.24","90.34","13.86","106.18","0","71.12","106.59","80.11","79.42","11.83","101.57","0","69.43","108.4","84.28","13.39"
"2025-12-18","109.08","6.01","83.84","125.8","96.4","97.07","15.85","113.59","9.72","85.36","123.78","92.08","90.16","13.82","106.32","0","71.21","106.87","80.09","79.46","11.85","101.94","0","69.98","109.22","84.65","13.47"
"2025-12-19","109.57","5.9","84.42","126.52","96.62","97.22","15.87","113.85","9.26","85.47","123.95","91.91","89.97","13.77","106.43","0","71.29","107.12","80.07","79.5","11.87","102.3","0","70.51","110.02","85.01","13.56"
"2025-12-20","110.03","5.81","84.96","127.2","96.82","97.36","15.88","114.08","8.82","85.56","124.09","91.73","89.77","13.73","106.53","0","71.35","107.35","80.05","79.55","11.9","102.64","0","71.03","110.79","85.37","13.64"
"2025-12-21","110.48","5.73","85.47","127.83","97.01","97.48","15.9","114.28","8.39","85.61","124.18","91.54","89.57","13.68","106.61","0","71.4","107.56","80.03","79.6","11.92","102.96","0","71.54","111.54","85.73","13.72"
"2025-12-22","110.9","5.68","85.95","128.42","97.18","97.59","15.9","114.45","7.98","85.63","124.23","91.34","89.35","13.63","106.66","0","71.43","107.74","80.02","79.65","11.95","103.27","0","72.03","112.25","86.08","13.8"
"2025-12-23","111.3","5.65","86.4","128.95","97.34","97.68","15.91","114.59","7.59","85.63","124.24","91.13","89.13","13.58","106.7","0","71.44","107.9","80.01","79.7","11.97","103.56","0","72.5","112.94","86.43","13.88"
"2025-12-24","111.67","5.64","86.82","129.45","97.47","97.76","15.91","114.71","7.22","85.59","124.2","90.92","88.9","13.53","106.71","0","71.44","108.03","80.0","79.76","12.0","103.83","0","72.95","113.59","86.77","13.96"
"2025-12-25","112.02","5.65","87.21","129.9","97.6","97.81","15.91","114.8","6.86","85.52","124.13","90.69","88.67","13.48","106.71","0","71.43","108.14","79.99","79.82","12.02","104.09","0","73.39","114.22","87.11","14.03"
"2025-12-26","112.34","5.68","87.56","130.3","97.7","97.85","15.9","114.86","6.53","85.42","124.02","90.45","88.43","13.43","106.69","0","71.39","108.22","79.99","79.88","12.05","104.33","0","73.81","114.81","87.45","14.11"
"2025-12-27","112.64","5.73","87.89","130.65","97.79","97.88","15.89","114.89","6.21","85.29","123.86","90.21","88.18","13.38","106.65","0","71.35","108.28","79.98","79.94","12.08","104.55","0","74.22","115.38","87.77","14.18"
"2025-12-28","112.91","5.8","88.18","130.96","97.87","97.89","15.88","114.9","5.91","85.14","123.67","89.95","87.92","13.32","106.59","0","71.29","108.32","79.98","80.0","12.11","104.76","0","74.6","115.91","88.1","14.25"
"2025-12-29","113.16","5.89","88.44","131.22","97.93","97.88","15.86","114.88","5.63","84.95","123.43","89.69","87.66","13.27","106.51","0","71.21","108.34","79.99","80.07","12.14","104.95","0","74.97","116.42","88.41","14.32"
"2025-12-30","113.38","5.99","88.67","131.43","97.97","97.86","15.84","114.83","5.37","84.74","123.16","89.42","87.39","13.21","106.41","0","71.12","108.33","79.99","80.14","12.16","105.13","0","75.32","116.89","88.72","14.39"
"2025-12-31","113.57","6.12","88.86","131.59","97.99","97.82","15.82","114.75","5.13","84.49","122.85","89.14","87.12","13.16","106.3","0","71.01","108.29","79.99","80.21","12.19","105.28","0","75.65","117.33","89.03","14.45"
"2026-01-01","113.74","6.26","89.02","131.71","98.0","97.76","15.79","114.65","4.91","84.22","122.5","88.86","86.84","13.1","106.16","0","70.89","108.24","80.0","80.28","12.22","105.42","0","75.96","117.73","89.32","14.52"
"2026-01-02","113.89","6.43","89.15","131.78","97.99","97.69","15.76","114.52","4.71","83.92","122.11","88.56","86.56","13.04","106.01","0","70.76","108.16","80.01","80.36","12.25","105.54","0","76.25","118.1","89.61","14.58"
"2026-01-03","114.0","6.61","89.25","131.8","97.97","97.6","15.73","114.36","4.54","83.59","121.68","88.27","86.28","12.98","105.84","0","70.61","108.06","80.03","80.44","12.28","105.65","0","76.52","118.44","89.89","14.64"
"2026-01-04","114.09","6.81","89.31","131.78","97.93","97.49","15.69","114.18","4.38","83.23","121.22","87.96","85.98","12.92","105.65","0","70.45","107.93","80.04","80.51","12.32","105.74","0","76.77","118.75","90.16","14.7"
"2026-01-05","114.16","7.03","89.34","131.7","97.87","97.37","15.66","113.97","4.24","82.85","120.72","87.65","85.69","12.87","105.45","0","70.27","107.78","80.06","80.59","12.35","105.8","0","77.0","119.02","90.43","14.75"
"2026-01-06","114.2","7.27","89.33","131.58","97.79","97.23","15.61","113.73","4.12","82.44","120.18","87.33","85.39","12.81","105.22","0","70.08","107.61","80.08","80.68","12.38","105.86","0","77.21","119.25","90.68","14.8"
"2026-01-07","114.21","7.52","89.29","131.41","97.7","97.08","15.57","113.47","4.02","82.01","119.61","87.01","85.09","12.75","104.98","0","69.88","107.41","80.1","80.76","12.41","105.89","0","77.4","119.45","90.93","14.85"
"2026-01-08","114.19","7.79","89.22","131.19","97.6","96.91","15.52","113.18","3.95","81.54","119.0","86.68","84.78","12.69","104.72","0","69.66","107.19","80.12","80.84","12.44","105.9","0","77.57","119.62","91.16","14.9"
"2026-01-09","114.15","8.08","89.11","130.92","97.47","96.73","15.46","112.86","3.9","81.06","118.35","86.35","84.47","12.63","104.45","0","69.43","106.95","80.15","80.93","12.47","105.9","0","77.72","119.75","91.39","14.95"
"2026-01-10","114.08","8.39","88.97","130.61","97.34","96.53","15.41","112.52","3.86","80.54","117.68","86.01","84.16","12.57","104.16","0","69.19","106.69","80.17","81.02","12.5","105.88","0","77.84","119.84","91.61","14.99"
"2026-01-11","113.98","8.71","88.8","130.25","97.18","96.31","15.35","112.16","3.85","80.0","116.96","85.67","83.85","12.51","103.85","0","68.93","106.4","80.2","81.11","12.54","105.84","0","77.94","119.9","91.82","15.03"
"2026-01-12","113.86","9.05","88.59","129.84","97.01","96.08","15.29","111.77","3.87","79.44","116.22","85.33","83.53","12.45","103.52","0","68.66","106.09","80.23","81.2","12.57","105.78","0","78.02","119.92","92.02","15.07"
"2026-01-13","113.71","9.41","88.35","129.39","96.82","95.84","15.23","111.35","3.9","78.85","115.44","84.98","83.22","12.39","103.18","0","68.38","105.76","80.27","81.29","12.6","105.7","0","78.08","119.9","92.2","15.11"
"2026-01-14","113.53","9.79","88.08","128.88","96.62","95.58","15.16","110.91","3.96","78.24","114.63","84.63","82.9","12.33","102.82","0","68.08","105.41","80.3","81.38","12.63","105.6","0.27","78.12","119.85","92.38","15.14"
"2026-01-15","113.32","10.18","87.77","128.33","96.4","95.31","15.09","110.44","4.04","77.61","113.78","84.27","82.58","12.27","102.44","0","67.77","105.03","80.34","81.47","12.66","105.48","0.86","78.13","119.76","92.55","15.17"
"2026-01-16","113.09","10.59","87.43","127.74","96.17","95.02","15.02","109.95","4.14","76.95","112.9","83.92","82.26","12.21","102.05","0","67.45","104.63","80.37","81.56","12.69","105.35","1.47","78.11","119.63","92.7","15.2"
"2026-01-17","112.83","11.01","87.05","127.09","95.92","94.72","14.94","109.44","4.26","76.27","112.0","83.56","81.94","12.15","101.65","0","67.12","104.21","80.41","81.65","12.73","105.19","2.1","78.08","119.46","92.84","15.22"
"2026-01-18","112.54","11.45","86.64","126.4","95.66","94.41","14.86","108.9","4.41","75.57","111.06","83.2","81.61","12.09","101.23","0","66.77","103.77","80.45","81.74","12.76","105.02","2.76","78.02","119.25","92.97","15.24"
"2026-01-19","112.23","11.9","86.2","125.67","95.38","94.08","14.78","108.34","4.58","74.85","110.09","82.83","81.29","12.04","100.79","0","66.41","103.3","80.49","81.83","12.79","104.83","3.45","77.93","119.01","93.09","15.26"
"2026-01-20","111.89","12.38","85.73","124.89","95.09","93.74","14.7","107.75","4.78","74.11","109.1","82.47","80.97","11.98","100.34","0","66.04","102.81","80.54","81.92","12.82","104.62","4.16","77.83","118.73","93.2","15.28"
"2026-01-21","111.52","12.86","85.22","124.06","94.78","93.38","14.62","107.15","5.0","73.34","108.07","82.1","80.65","11.92","99.87","0","65.66","102.3","80.58","82.01","12.85","104.38","4.89","77.69","118.41","93.29","15.29"
"2026-01-22","111.12","13.36","84.68","123.19","94.46","93.01","14.53","106.52","5.24","72.56","107.02","81.73","80.33","11.86","99.39","0","65.27","101.77","80.62","82.1","12.88","104.13","5.65","77.54","118.04","93.37","15.3"
"2026-01-23","110.7","13.88","84.11","122.27","94.13","92.63","14.44","105.86","5.5","71.75","105.94","81.36","80.01","11.81","98.89","0","64.86","101.21","80.66","82.19","12.9","103.86","6.43","77.35","117.64","93.44","15.3"
"2026-01-24","110.25","14.42","83.51","121.32","93.78","92.24","14.35","105.19","5.79","70.93","104.83","81.0","79.69","11.75","98.38","0","64.44","100.63","80.71","82.27","12.93","103.57","7.24","77.15","117.21","93.5","15.31"
"2026-01-25","109.77","14.96","82.87","120.31","93.42","91.84","14.25","104.5","6.11","70.09","103.69","80.63","79.37","11.7","97.85","0","64.01","100.03","80.75","82.36","12.96","103.26","8.06","76.91","116.73","93.54","15.31"
"2026-01-26","109.27","15.53","82.2","119.27","93.04","91.42","14.16","103.78","6.44","69.22","102.53","80.26","79.06","11.64","97.31","0","63.56","99.41","80.8","82.44","12.99","102.93","8.91","76.66","116.21","93.57","15.31"
"2026-01-27","108.74","16.1","81.51","118.18","92.66","91.0","14.06","103.04","6.8","68.35","101.34","79.89","78.74","11.59","96.76","0.35","63.11","98.77","80.84","82.52","13.01","102.58","9.78","76.37","115.65","93.58","15.3"
"2026-01-28","108.19","16.69","80.78","117.04","92.25","90.56","13.96","102.29","7.19","67.45","100.13","79.52","78.43","11.53","96.19","1.05","62.64","98.1","80.88","82.6","13.04","102.21","10.67","76.06","115.05","93.59","15.29"
"2026-01-29","107.6","17.3","80.02","115.87","91.84","90.11","13.86","101.51","7.6","66.54","98.9","79.16","78.12","11.48","95.61","1.77","62.16","97.41","80.93","82.68","13.06","101.82","11.58","75.73","114.42","93.58","15.28"
"2026-01-30","107.0","17.92","79.22","114.66","91.42","89.65","13.75","100.71","8.03","65.61","97.64","78.79","77.81","11.43","95.01","2.52","61.67","96.7","80.97","82.75","13.09","101.41","12.52","75.37","113.74","93.55","15.26"
"2026-01-31","106.36","18.56","78.4","113.4","90.98","89.18","13.65","99.9","8.49","64.66","96.36","78.43","77.5","11.38","94.4","3.3","61.17","95.97","81.01","82.82","13.11","100.98","13.47","74.98","113.02","93.51","15.24"
"2026-02-01","105.7","19.2","77.55","112.11","90.53","88.71","13.54","99.06","8.98","63.7","95.05","78.07","77.2","11.33","93.78","4.11","60.66","95.22","81.05","82.89","13.13","100.53","14.44","74.57","112.27","93.46","15.22"
"2026-02-02","105.02","19.87","76.67","110.77","90.07","88.22","13.43","98.21","9.48","62.73","93.72","77.7","76.9","11.28","93.15","4.96","60.13","94.44","81.09","82.96","13.15","100.06","15.43","74.13","111.47","93.39","15.2"
"2026-02-03","104.31","20.54","75.76","109.4","89.6","87.72","13.32","97.34","10.02","61.74","92.38","77.35","76.6","11.23","92.5","5.83","59.59","93.64","81.13","83.02","13.17","99.57","16.44","73.66","110.64","93.31","15.17"
"2026-02-04","103.58","21.23","74.83","107.98","89.12","87.22","13.21","96.45","10.57","60.73","91.01","76.99","76.3","11.18","91.84","6.73","59.04","92.82","81.16","83.08","13.19","99.06","17.46","73.17","109.76","93.21","15.13"
"2026-02-05","102.82","21.94","73.86","106.53","88.63","86.71","13.1","95.54","11.15","59.72","89.62","76.64","76.01","11.13","91.17","7.65","58.48","91.98","81.2","83.13","13.2","98.53","18.51","72.65","108.85","93.1","15.1"
"2026-02-06","102.03","22.65","72.87","105.05","88.13","86.19","12.99","94.62","11.76","58.69","88.21","76.28","75.72","11.09","90.48","8.61","57.91","91.12","81.23","83.18","13.22","97.98","19.57","72.11","107.89","92.98","15.06"
"2026-02-07","101.22","23.38","71.85","103.52","87.62","85.66","12.87","93.68","12.39","57.64","86.79","75.94","75.44","11.04","89.78","9.6","57.32","90.23","81.26","83.23","13.23","97.41","20.64","71.53","106.9","92.84","15.02"
"2026-02-08","100.39","24.13","70.8","101.96","87.1","85.12","12.76","92.72","13.05","56.59","85.34","75.59","75.16","11.0","89.07","10.61","56.73","89.32","81.28","83.27","13.25","96.82","21.74","70.94","105.86","92.68","14.97"
"2026-02-09","99.54","24.88","69.73","100.37","86.57","84.58","12.64","91.75","13.72","55.52","83.88","75.25","74.88","10.95","88.35","11.65","56.12","88.39","81.31","83.31","13.26","96.21","22.84","70.31","104.79","92.51","14.93"
"2026-02-10","98.66","25.65","68.63","98.74","86.04","84.03","12.52","90.76","14.43","54.45","82.4","74.91","74.6","10.91","87.62","12.71","55.5","87.44","81.33","83.34","13.27","95.58","23.97","69.66","103.68","92.33","14.87"
"2026-02-11","97.76","26.43","67.5","97.08","85.49","83.48","12.4","89.76","15.16","53.36","80.9","74.57","74.33","10.87","86.88","13.8","54.87","86.47","81.35","83.36","13.27","94.93","25.11","68.99","102.53","92.13","14.82"
"2026-02-12","96.83","27.23","66.36","95.38","84.94","82.92","12.28","88.75","15.91","52.26","79.39","74.24","74.07","10.83","86.12","14.92","54.23","85.47","81.36","83.39","13.28","94.26","26.26","68.28","101.34","91.92","14.76"
"2026-02-13","95.89","28.03","65.18","93.66","84.38","82.36","12.16","87.72","16.69","51.16","77.86","73.92","73.8","10.79","85.35","16.06","53.57","84.45","81.37","83.4","13.29","93.57","27.42","67.55","100.12","91.69","14.7"
"2026-02-14","94.92","28.85","63.99","91.9","83.81","81.79","12.04","86.67","17.49","50.04","76.32","73.59","73.55","10.75","84.58","17.23","52.91","83.42","81.38","83.41","13.29","92.86","28.6","66.8","98.85","91.45","14.64"
"2026-02-15","93.93","29.68","62.77","90.11","83.24","81.21","11.92","85.62","18.31","48.91","74.76","73.27","73.29","10.71","83.79","18.42","52.23","82.36","81.39","83.41","13.29","92.13","29.79","66.02","97.55","91.19","14.57"
"2026-02-16","92.92","30.53","61.52","88.29","82.66","80.63","11.8","84.55","19.16","47.78","73.19","72.96","73.04","10.67","82.99","19.64","51.54","81.27","81.38","83.41","13.29","91.39","30.99","65.21","96.21","90.92","14.5"
"2026-02-17","91.88","31.38","60.26","86.44","82.08","80.05","11.68","83.47","20.04","46.64","71.61","72.65","72.8","10.63","82.18","20.88","50.84","80.17","81.38","83.4","13.29","90.62","32.21","64.38","94.84","90.64","14.42"
"2026-02-18","90.83","32.25","58.97","84.57","81.48","79.47","11.56","82.37","20.93","45.49","70.01","72.34","72.55","10.6","81.36","22.14","50.13","79.05","81.37","83.38","13.28","89.83","33.43","63.52","93.42","90.34","14.35"
"2026-02-19","89.76","33.13","57.66","82.67","80.89","78.88","11.44","81.27","21.85","44.34","68.41","72.04","72.32","10.56","80.53","23.43","49.4","77.9","81.35","83.36","13.28","89.03","34.67","62.63","91.97","90.02","14.27"
"2026-02-20","88.66","34.02","56.34","80.74","80.29","78.29","11.32","80.15","22.8","43.18","66.79","71.74","72.08","10.53","79.69","24.73","48.67","76.73","81.33","83.33","13.27","88.21","35.92","61.72","90.49","89.7","14.18"
"2026-02-21","87.55","34.92","54.99","78.78","79.69","77.7","11.2","79.03","23.76","42.01","65.16","71.45","71.86","10.5","78.84","26.06","47.92","75.54","81.31","83.29","13.26","87.36","37.17","60.79","88.97","89.35","14.1"
"2026-02-22","86.42","35.84","53.63","76.81","79.08","77.1","11.07","77.89","24.76","40.84","63.52","71.16","71.63","10.46","77.98","27.41","47.16","74.33","81.28","83.25","13.25","86.5","38.44","59.83","87.41","89.0","14.01"
"2026-02-23","85.27","36.76","52.24","74.8","78.47","76.51","10.95","76.75","25.77","39.66","61.86","70.87","71.41","10.43","77.11","28.78","46.39","73.1","81.24","83.19","13.23","85.62","39.71","58.84","85.82","88.63","13.92"
"2026-02-24","84.1","37.7","50.84","72.78","77.85","75.91","10.83","75.6","26.8","38.48","60.2","70.6","71.2","10.4","76.23","30.16","45.61","71.85","81.2","83.13","13.22","84.72","40.99","57.83","84.19","88.25","13.82"
"2026-02-25","82.92","38.65","49.42","70.73","77.23","75.31","10.71","74.43","27.86","37.29","58.53","70.32","70.98","10.37","75.34","31.57","44.82","70.58","81.15","83.06","13.2","83.81","42.28","56.8","82.53","87.85","13.73"
"2026-02-26","81.72","39.61","47.98","68.66","76.62","74.71","10.59","73.26","28.94","36.1","56.86","70.05","70.78","10.34","74.44","33.0","44.01","69.28","81.1","82.98","13.18","82.87","43.58","55.74","80.84","87.44","13.63"
"2026-02-27","80.5","40.58","46.53","66.57","75.99","74.12","10.47","72.08","30.05","34.91","55.17","69.79","70.57","10.31","73.53","34.44","43.2","67.97","81.04","82.9","13.15","81.92","44.88","54.66","79.11","87.02","13.52"
"2026-02-28","79.27","41.56","45.07","64.46","75.37","73.52","10.35","70.9","31.17","33.71","53.48","69.53","70.38","10.29","72.62","35.9","42.37","66.63","80.97","82.8","13.13","80.95","46.19","53.55","77.36","86.58","13.42"
"2026-03-01","78.02","42.55","43.59","62.34","74.75","72.92","10.23","69.7","32.32","32.51","51.78","69.28","70.18","10.26","71.69","37.38","41.53","65.27","80.89","82.7","13.1","79.97","47.51","52.42","75.57","86.13","13.31"
"2026-03-02","76.75","43.55","42.09","60.19","74.12","72.33","10.11","68.51","33.48","31.31","50.07","69.03","69.99","10.23","70.76","38.87","40.67","63.9","80.81","82.59","13.07","78.96","48.83","51.27","73.75","85.67","13.2"
"2026-03-03","75.47","44.56","40.58","58.03","73.5","71.74","10.0","67.3","34.67","30.11","48.36","68.79","69.8","10.21","69.82","40.38","39.81","62.5","80.72","82.47","13.04","77.94","50.16","50.1","71.89","85.2","13.09"
"2026-03-04","74.18","45.58","39.06","55.86","72.88","71.14","9.88","66.09","35.88","28.9","46.64","68.55","69.62","10.18","68.87","41.9","38.94","61.08","80.63","82.34","13.01","76.9","51.49","48.9","70.01","84.72","12.97"
"2026-03-05","72.87","46.62","37.53","53.67","72.25","70.56","9.77","64.87","37.11","27.7","44.92","68.31","69.44","10.16","67.91","43.44","38.05","59.64","80.52","82.2","12.97","75.85","52.82","47.68","68.1","84.22","12.86"
"2026-03-06","71.55","47.66","35.99","51.46","71.63","69.97","9.65","63.65","38.36","26.49","43.19","68.09","69.27","10.13","66.95","44.99","37.15","58.18","80.41","82.05","12.93","74.78","54.16","46.44","66.16","83.71","12.74"
"2026-03-07","70.21","48.71","34.44","49.24","71.01","69.39","9.54","62.43","39.63","25.28","41.46","67.86","69.1","10.11","65.97","46.55","36.24","56.71","80.29","81.89","12.89","73.69","55.5","45.18","64.19","83.19","12.61"
"2026-03-08","68.87","49.78","32.87","47.01","70.39","68.81","9.42","61.2","40.92","24.08","39.72","67.64","68.93","10.09","64.99","48.13","35.32","55.21","80.16","81.72","12.85","72.59","56.85","43.9","62.2","82.66","12.49"
"2026-03-09","67.51","50.85","31.3","44.77","69.77","68.23","9.31","59.96","42.22","22.87","37.98","67.43","68.77","10.07","64.0","49.72","34.39","53.69","80.03","81.54","12.8","71.47","58.19","42.6","60.17","82.12","12.36"
"2026-03-10","66.14","51.93","29.72","42.52","69.15","67.66","9.2","58.73","43.55","21.66","36.24","67.22","68.61","10.04","63.01","51.31","33.44","52.15","79.88","81.35","12.75","70.34","59.54","41.27","58.13","81.56","12.24"
"2026-03-11","64.77","53.02","28.14","40.26","68.54","67.09","9.09","57.49","44.89","20.46","34.49","67.02","68.45","10.02","62.0","52.92","32.49","50.6","79.73","81.15","12.7","69.19","60.89","39.93","56.05","81.0","12.11"
"2026-03-12","63.38","54.13","26.54","38.0","67.93","66.52","8.99","56.25","46.26","19.25","32.75","66.82","68.29","10.0","60.99","54.54","31.52","49.02","79.57","80.94","12.65","68.03","62.25","38.57","53.95","80.43","11.97"
"2026-03-13","61.98","55.24","24.94","35.72","67.32","65.97","8.88","55.01","47.64","18.05","31.0","66.62","68.14","9.98","59.98","56.17","30.54","47.43","79.4","80.72","12.59","66.86","63.6","37.19","51.83","79.85","11.84"
"2026-03-14","60.57","56.36","23.34","33.44","66.72","65.41","8.78","53.76","49.03","16.85","29.25","66.43","67.99","9.96","58.95","57.8","29.56","45.82","79.22","80.5","12.53","65.67","64.95","35.79","49.69","79.26","11.71"
"2026-03-15","59.16","57.49","21.73","31.15","66.12","64.86","8.67","52.51","50.45","15.65","27.5","66.24","67.85","9.94","57.92","59.44","28.56","44.19","79.03","80.26","12.47","64.46","66.31","34.38","47.52","78.66","11.57"
"2026-03-16","57.74","58.62","20.11","28.86","65.53","64.32","8.57","51.27","51.88","14.45","25.75","66.06","67.71","9.92","56.89","61.09","27.54","42.54","78.84","80.01","12.41","63.25","67.66","32.95","45.33","78.05","11.43"
"2026-03-17","56.31","59.77","18.5","26.57","64.94","63.79","8.47","50.02","53.32","13.26","23.99","65.88","67.57","9.9","55.84","62.75","26.52","40.88","78.63","79.75","12.34","62.02","69.01","31.5","43.12","77.43","11.29"
"2026-03-18","54.87","60.92","16.88","24.27","64.35","63.26","8.37","48.78","54.78","12.07","22.24","65.71","67.43","9.88","54.8","64.41","25.49","39.19","78.41","79.48","12.27","60.77","70.36","30.03","40.89","76.81","11.15"
"2026-03-19","53.43","62.09","15.25","21.97","63.77","62.73","8.27","47.53","56.26","10.88","20.49","65.54","67.29","9.86","53.74","66.07","24.44","37.49","78.19","79.2","12.2","59.52","71.71","28.55","38.64","76.17","11.01"
"2026-03-20","51.98","63.26","13.63","19.67","63.2","62.22","8.18","46.28","57.74","9.7","18.74","65.38","67.16","9.84","52.68","67.74","23.39","35.78","77.96","78.91","12.13","58.25","73.06","27.06","36.37","75.53","10.86"
"2026-03-21","50.53","64.44","12.01","17.37","62.63","61.71","8.09","45.04","59.25","8.51","16.99","65.21","67.03","9.82","51.61","69.41","22.32","34.04","77.71","78.6","12.05","56.98","74.4","25.55","34.09","74.89","10.72"
"2026-03-22","49.08","65.63","10.38","15.07","62.07","61.2","7.99","43.8","60.76","7.34","15.24","65.05","66.9","9.8","50.54","71.09","21.25","32.29","77.46","78.29","11.98","55.69","75.75","24.02","31.79","74.23","10.57"
"2026-03-23","47.62","66.82","8.76","12.78","61.52","60.71","7.9","42.55","62.29","6.16","13.49","64.9","66.77","9.78","49.47","72.77","20.16","30.52","77.2","77.97","11.9","54.39","77.09","22.48","29.47","73.57","10.43"
"2026-03-24","46.15","68.02","7.14","10.48","60.97","60.22","7.82","41.32","63.83","5.0","11.75","64.75","66.64","9.76","48.38","74.44","19.07","28.74","76.93","77.64","11.81","53.08","78.42","20.93","27.14","72.91","10.28"
"2026-03-25","44.69","69.23","5.52","8.19","60.43","59.74","7.73","40.08","65.39","3.83","10.01","64.6","66.51","9.74","47.3","76.12","17.96","26.95","76.65","77.3","11.73","51.76","79.76","19.37","24.8","72.24","10.13"
"2026-03-26","43.22","70.45","3.91","5.91","59.89","59.27","7.64","38.85","66.95","2.67","8.27","64.45","66.39","9.72","46.21","77.8","16.84","25.13","76.36","76.94","11.64","50.44","81.09","17.8","22.44","71.56","9.98"
"2026-03-27","41.75","71.67","2.3","3.63","59.37","58.81","7.56","37.61","68.53","1.52","6.53","64.31","66.26","9.69","45.11","79.48","15.72","23.31","76.06","76.58","11.55","49.1","82.41","16.21","20.07","70.88","9.83"
"2026-03-28","40.28","72.91","0.69","1.35","58.85","58.35","7.48","36.39","70.11","0.37","4.8","64.17","66.14","9.67","44.01","81.16","14.58","21.46","75.75","76.21","11.46","47.76","83.74","14.62","17.69","70.2","9.68"
"2026-03-29","38.81","74.14","0","0","58.34","57.91","7.4","35.16","71.71","0","3.07","64.03","66.02","9.65","42.91","82.83","13.43","19.61","75.43","75.83","11.37","46.4","85.05","13.02","15.3","69.51","9.53"
"2026-03-30","37.34","75.39","0","0","57.84","57.47","7.33","33.95","73.31","0","1.34","63.9","65.9","9.63","41.8","84.51","12.28","17.74","75.1","75.43","11.27","45.04","86.36","11.4","12.9","68.82","9.38"
"2026-03-31","35.87","76.64","0","0","57.35","57.04","7.25","32.73","74.92","0","0","63.77","65.77","9.61","40.69","86.18","11.11","15.86","74.76","75.03","11.17","43.67","87.67","9.78","10.5","68.13","9.23"
"2026-04-01","34.41","77.89","0","0","56.86","56.62","7.18","31.52","76.54","0","0","63.63","65.65","9.58","39.57","87.84","9.94","13.96","74.42","74.62","11.07","42.3","88.97","8.15","8.08","67.43","9.08"
"2026-04-02","32.94","79.16","0","0","56.39","56.21","7.11","30.32","78.17","0","0","63.51","65.53","9.56","38.45","89.5","8.76","12.06","74.06","74.2","10.97","40.92","90.27","6.52","5.66","66.73","8.93"
"2026-04-03","32.12","79.69","0","0","55.92","55.81","7.04","29.76","79.07","0","0","63.38","65.4","9.54","37.98","90.43","8.26","11.17","73.7","73.77","10.87","40.18","90.83","5.56","4.27","66.03","8.78"
"2026-04-04","31.96","79.5","0","0","55.46","55.42","6.97","29.86","79.24","0","0","63.25","65.28","9.51","38.15","90.61","8.43","11.31","73.32","73.33","10.76","40.08","90.65","5.29","3.91","65.33","8.63"
"2026-04-05","31.79","79.32","0","0","55.02","55.04","6.91","29.96","79.43","0","0","63.13","65.16","9.49","38.31","90.79","8.6","11.43","72.94","72.88","10.65","39.97","90.46","5.01","3.54","64.63","8.48"
"2026-04-06","31.63","79.14","0","0","54.58","54.66","6.84","30.07","79.61","0","0","63.01","65.03","9.46","38.47","90.97","8.76","11.54","72.54","72.42","10.54","39.86","90.27","4.73","3.17","63.93","8.33"
"2026-04-07","31.47","78.97","0","0","54.15","54.3","6.78","30.18","79.81","0","0","62.88","64.9","9.43","38.62","91.14","8.91","11.64","72.14","71.95","10.43","39.75","90.07","4.45","2.79","63.22","8.18"
"2026-04-08","31.32","78.8","0","0","53.73","53.95","6.72","30.3","80.01","0","0","62.76","64.78","9.41","38.78","91.3","9.05","11.73","71.73","71.48","10.32","39.62","89.87","4.15","2.42","62.52","8.03"
"2026-04-09","31.17","78.64","0","0","53.32","53.6","6.67","30.42","80.21","0","0","62.64","64.65","9.38","38.93","91.46","9.19","11.81","71.31","70.99","10.2","39.5","89.66","3.86","2.04","61.82","7.89"
"2026-04-10","31.02","78.49","0","0","52.93","53.27","6.61","30.55","80.42","0","0","62.52","64.52","9.35","39.07","91.6","9.31","11.87","70.88","70.5","10.08","39.37","89.45","3.56","1.65","61.12","7.74"
"2026-04-11","30.88","78.34","0","0","52.54","52.95","6.56","30.68","80.63","0","0","62.4","64.38","9.32","39.21","91.75","9.42","11.92","70.45","70.0","9.96","39.23","89.23","3.26","1.27","60.42","7.59"
"2026-04-12","30.74","78.2","0","0","52.16","52.63","6.51","30.82","80.85","0","0","62.28","64.25","9.29","39.35","91.88","9.53","11.96","70.0","69.49","9.84","39.09","89.01","2.95","0.88","59.73","7.45"
"2026-04-13","30.6","78.07","0","0","51.79","52.33","6.46","30.96","81.08","0","0","62.16","64.11","9.26","39.48","92.01","9.62","11.98","69.55","68.97","9.72","38.95","88.79","2.64","0.5","59.04","7.3"
"2026-04-14","30.47","77.94","0","0","51.44","52.04","6.41","31.11","81.3","0","0","62.04","63.97","9.22","39.6","92.13","9.7","12.0","69.09","68.45","9.6","38.8","88.56","2.33","0.11","58.35","7.16"
"2026-04-15","30.35","77.82","0","0","51.09","51.75","6.37","31.26","81.53","0","0.04","61.92","63.83","9.19","39.72","92.24","9.78","12.0","68.62","67.92","9.47","38.65","88.32","2.01","0","57.66","7.02"
"2026-04-16","30.23","77.71","0","0","50.76","51.48","6.32","31.41","81.77","0","0.43","61.8","63.69","9.16","39.84","92.35","9.84","11.99","68.14","67.38","9.35","38.5","88.09","1.7","0","56.98","6.88"
"2026-04-17","30.11","77.61","0","0","50.43","51.22","6.28","31.57","82.01","0","0.81","61.68","63.54","9.12","39.95","92.45","9.89","11.96","67.66","66.84","9.22","38.34","87.85","1.38","0","56.3","6.74"
"2026-04-18","30.0","77.52","0","0","50.12","50.96","6.24","31.73","82.25","0","1.2","61.55","63.39","9.08","40.06","92.54","9.93","11.93","67.17","66.29","9.09","38.17","87.61","1.06","0","55.62","6.6"
"2026-04-19","29.9","77.43","0","0","49.82","50.72","6.21","31.89","82.49","0","1.58","61.43","63.24","9.05","40.16","92.62","9.97","11.88","66.67","65.73","8.96","38.01","87.36","0.74","0","54.95","6.46"
"2026-04-20","29.8","77.35","0","0","49.52","50.48","6.17","32.06","82.74","0","1.97","61.3","63.08","9.01","40.26","92.69","9.99","11.82","66.17","65.17","8.83","37.84","87.11","0.41","0","54.29","6.33"
"2026-04-21","29.71","77.28","0","0","49.24","50.26","6.14","32.23","82.98","0","2.35","61.18","62.92","8.97","40.35","92.76","10.0","11.74","65.66","64.6","8.7","37.67","86.86","0.09","0","53.63","6.2"
"2026-04-22","29.62","77.21","0","0","48.97","50.05","6.1","32.4","83.24","0.03","2.73","61.05","62.76","8.93","40.43","92.82","10.0","11.66","65.14","64.03","8.57","37.49","86.61","0","0","52.98","6.06"
"2026-04-23","29.54","77.16","0","0","48.71","49.84","6.07","32.58","83.49","0.36","3.1","60.92","62.59","8.89","40.51","92.87","9.99","11.56","64.62","63.45","8.44","37.32","86.36","0","0","52.34","5.93"
"2026-04-24","29.46","77.11","0","0","48.46","49.65","6.05","32.75","83.74","0.68","3.47","60.79","62.42","8.84","40.59","92.91","9.97","11.45","64.09","62.87","8.3","37.14","86.1","0","0","51.7","5.81"
"2026-04-25","29.39","77.07","0","0","48.22","49.46","6.02","32.93","84.0","1.0","3.84","60.65","62.25","8.8","40.65","92.95","9.94","11.33","63.55","62.29","8.17","36.95","85.85","0","0","51.07","5.68"
"2026-04-26","29.32","77.04","0","0","48.0","49.28","6.0","33.12","84.25","1.32","4.21","60.52","62.07","8.75","40.72","92.97","9.9","11.2","63.01","61.7","8.03","36.77","85.59","0","0","50.44","5.56"
"2026-04-27","29.26","77.02","0","0","47.78","49.12","5.97","33.3","84.51","1.64","4.57","60.38","61.89","8.71","40.77","92.99","9.85","11.05","62.47","61.1","7.9","36.58","85.33","0","0","49.83","5.44"
"2026-04-28","29.21","77.01","0","0","47.57","48.96","5.95","33.49","84.77","1.96","4.92","60.24","61.7","8.66","40.82","93.0","9.79","10.89","61.92","60.5","7.76","36.4","85.07","0","0","49.22","5.32"
"2026-04-29","29.16","77.0","0","0","47.38","48.81","5.93","33.68","85.03","2.27","5.27","60.09","61.51","8.61","40.87","93.0","9.72","10.73","61.36","59.9","7.63","36.21","84.82","0","0","48.63","5.2"
"2026-04-30","29.12","77.0","0","0","47.19","48.67","5.91","33.87","85.29","2.59","5.62","59.95","61.32","8.56","40.9","92.99","9.63","10.55","60.81","59.3","7.49","36.02","84.56","0","0","48.04","5.08"
"2026-05-01","29.08","77.01","0","0","47.02","48.54","5.9","34.06","85.54","2.9","5.96","59.8","61.12","8.51","40.93","92.98","9.54","10.36","60.25","58.7","7.36","35.83","84.3","0","0","47.46","4.97"
"2026-05-02","29.05","77.03","0","0","46.85","48.42","5.88","34.25","85.8","3.2","6.29","59.64","60.92","8.45","40.96","92.95","9.44","10.16","59.68","58.09","7.22","35.63","84.04","0","0","46.89","4.86"
"2026-05-03","29.03","77.06","0","0","46.7","48.3","5.87","34.44","86.06","3.51","6.62","59.49","60.71","8.4","40.98","92.92","9.33","9.95","59.11","57.48","7.08","35.44","83.79","0","0","46.33","4.75"
"2026-05-04","29.02","77.1","0","0","46.56","48.2","5.85","34.63","86.31","3.81","6.94","59.33","60.5","8.34","40.99","92.88","9.21","9.72","58.54","56.87","6.95","35.25","83.53","0","0","45.78","4.65"
"2026-05-05","29.0","77.14","0","0","46.42","48.1","5.84","34.83","86.57","4.1","7.25","59.17","60.28","8.29","41.0","92.83","9.08","9.49","57.97","56.26","6.81","35.05","83.28","0","0","45.25","4.55"
"2026-05-06","29.0","77.19","0","0","46.3","48.01","5.83","35.02","86.82","4.39","7.55","59.0","60.06","8.23","41.0","92.77","8.94","9.25","57.39","55.65","6.68","34.86","83.03","0","0","44.72","4.45"
"2026-05-07","29.0","77.25","0","0","46.18","47.93","5.82","35.21","87.07","4.68","7.85","58.83","59.84","8.17","40.99","92.71","8.79","9.0","56.81","55.04","6.54","34.67","82.78","0","0","44.2","4.35"
"2026-05-08","29.01","77.32","0","0","46.08","47.86","5.82","35.41","87.32","4.96","8.14","58.66","59.61","8.11","40.98","92.63","8.63","8.74","56.24","54.43","6.41","34.47","82.53","0","0","43.7","4.26"
"2026-05-09","29.02","77.4","0","0","45.98","47.8","5.81","35.6","87.56","5.24","8.42","58.48","59.37","8.05","40.96","92.55","8.46","8.47","55.65","53.82","6.27","34.28","82.29","0","0","43.21","4.16"
"2026-05-10","29.05","77.48","0","0","45.9","47.74","5.81","35.79","87.81","5.51","8.69","58.3","59.13","7.98","40.94","92.46","8.29","8.19","55.07","53.22","6.14","34.09","82.05","0","0","42.73","4.08"
"2026-05-11","29.07","77.57","0","0","45.82","47.69","5.8","35.98","88.05","5.78","8.95","58.12","58.89","7.92","40.91","92.37","8.1","7.9","54.49","52.61","6.01","33.9","81.81","0","0","42.26","3.99"
"2026-05-12","29.1","77.67","0","0","45.75","47.64","5.8","36.17","88.28","6.04","9.21","57.93","58.64","7.86","40.87","92.26","7.91","7.61","53.91","52.0","5.87","33.71","81.57","0","0","41.81","3.91"
"2026-05-13","29.14","77.78","0","0","45.69","47.61","5.8","36.36","88.52","6.29","9.45","57.74","58.39","7.79","40.83","92.15","7.71","7.3","53.33","51.4","5.74","33.52","81.34","0","0","41.37","3.83"
"2026-05-14","29.19","77.89","0","0","45.64","47.58","5.8","36.55","88.75","6.54","9.68","57.54","58.13","7.72","40.78","92.03","7.5","6.99","52.75","50.8","5.61","33.34","81.12","0","0","40.94","3.75"
"2026-05-15","29.24","78.02","0","0","45.6","47.55","5.8","36.74","88.97","6.78","9.91","57.34","57.87","7.65","40.73","91.9","7.28","6.67","52.17","50.21","5.48","33.15","80.89","0","0","40.52","3.68"
"2026-05-16","29.3","78.15","0","0","45.56","47.53","5.8","36.92","89.19","7.02","10.12","57.14","57.6","7.58","40.66","91.77","7.06","6.35","51.59","49.61","5.36","32.97","80.67","0","0","40.12","3.61"
"2026-05-17","29.36","78.28","0","0","45.54","47.52","5.8","37.1","89.41","7.24","10.32","56.93","57.33","7.51","40.6","91.63","6.82","6.02","51.02","49.02","5.23","32.79","80.46","0","0","39.74","3.54"
"2026-05-18","29.43","78.43","0","0","45.52","47.52","5.8","37.28","89.62","7.46","10.51","56.72","57.05","7.44","40.53","91.48","6.58","5.68","50.44","48.44","5.11","32.61","80.25","0","0","39.36","3.47"
"2026-05-19","29.5","78.58","0","0","45.51","47.52","5.8","37.46","89.83","7.67","10.7","56.51","56.77","7.37","40.45","91.33","6.34","5.34","49.87","47.86","4.98","32.43","80.04","0","0","39.0","3.41"
"2026-05-20","29.58","78.73","0","0","45.51","47.52","5.81","37.64","90.04","7.87","10.87","56.29","56.49","7.3","40.36","91.17","6.09","4.99","49.3","47.28","4.86","32.26","79.84","0","0","38.66","3.35"
"2026-05-21","29.67","78.9","0","0","45.51","47.53","5.81","37.81","90.23","8.07","11.02","56.06","56.2","7.22","40.27","91.0","5.83","4.63","48.74","46.71","4.74","32.09","79.65","0","0","38.33","3.3"
"2026-05-22","29.76","79.07","0","0","45.52","47.55","5.82","37.98","90.43","8.26","11.17","55.84","55.91","7.15","40.18","90.83","5.56","4.27","48.18","46.15","4.62","31.92","79.46","0","0","38.01","3.25"
"2026-05-23","29.86","79.24","0","0","45.54","47.57","5.82","38.15","90.61","8.43","11.31","55.61","55.61","7.07","40.08","90.65","5.29","3.91","47.62","45.59","4.5","31.75","79.28","0","0","37.71","3.2"
"2026-05-24","29.96","79.43","0","0","45.56","47.59","5.83","38.31","90.79","8.6","11.43","55.37","55.31","6.99","39.97","90.46","5.01","3.54","47.07","45.04","4.39","31.59","79.1","0","0","37.42","3.15"
"2026-05-25","30.07","79.61","0","0","45.59","47.62","5.83","38.47","90.97","8.76","11.54","55.13","55.01","6.91","39.86","90.27","4.73","3.17","46.52","44.49","4.27","31.44","78.93","0","0","37.15","3.11"
"2026-05-26","30.18","79.81","0","0","45.63","47.65","5.84","38.62","91.14","8.91","11.64","54.89","54.7","6.83","39.75","90.07","4.45","2.79","45.97","43.96","4.16","31.28","78.76","0","0","36.89","3.07"
"2026-05-27","30.3","80.01","0","0","45.68","47.69","5.85","38.78","91.3","9.05","11.73","54.64","54.39","6.76","39.62","89.87","4.15","2.42","45.44","43.43","4.05","31.13","78.6","0","0","36.65","3.03"
"2026-05-28","30.42","80.21","0","0","45.72","47.73","5.85","38.93","91.46","9.19","11.81","54.39","54.07","6.68","39.5","89.66","3.86","2.04","44.9","42.91","3.95","30.99","78.45","0","0","36.42","3.0"
"2026-05-29","30.55","80.42","0","0","45.78","47.77","5.86","39.07","91.6","9.31","11.87","54.14","53.76","6.59","39.37","89.45","3.56","1.65","44.38","42.39","3.84","30.84","78.31","0","0","36.21","2.97"
"2026-05-30","30.68","80.63","0","0","45.84","47.82","5.87","39.21","91.75","9.42","11.92","53.88","53.43","6.51","39.23","89.23","3.26","1.27","43.86","41.89","3.74","30.71","78.17","0","0","36.01","2.95"
"2026-05-31","30.82","80.85","0","0","45.9","47.87","5.88","39.35","91.88","9.53","11.96","53.62","53.11","6.43","39.09","89.01","2.95","0.88","43.35","41.39","3.64","30.57","78.04","0","0","35.83","2.92"
"2026-06-01","30.96","81.08","0","0","45.97","47.92","5.88","39.48","92.01","9.62","11.98","53.36","52.78","6.35","38.95","88.79","2.64","0.5","42.85","40.91","3.54","30.45","77.92","0","0","35.67","2.9"
"2026-06-02","31.11","81.3","0","0","46.05","47.98","5.89","39.6","92.13","9.7","12.0","53.09","52.46","6.27","38.8","88.56","2.33","0.11","42.35","40.43","3.45","30.32","77.8","0","0","35.51","2.89"
"2026-06-03","31.26","81.53","0","0.04","46.12","48.03","5.9","39.72","92.24","9.78","12.0","52.82","52.12","6.18","38.65","88.32","2.01","0","41.86","39.97","3.35","30.2","77.69","0","0","35.38","2.87"
"2026-06-04","31.41","81.77","0","0.43","46.21","48.09","5.91","39.84","92.35","9.84","11.99","52.55","51.79","6.1","38.5","88.09","1.7","0","41.38","39.51","3.26","30.09","77.59","0","0","35.26","2.86"
"2026-06-05","31.57","82.01","0","0.81","46.29","48.16","5.92","39.95","92.45","9.89","11.96","52.28","51.45","6.02","38.34","87.85","1.38","0","40.91","39.07","3.17","29.98","77.5","0","0","35.15","2.85"
"2026-06-06","31.73","82.25","0","1.2","46.38","48.22","5.92","40.06","92.54","9.93","11.93","52.0","51.12","5.93","38.17","87.61","1.06","0","40.45","38.63","3.09","29.88","77.41","0","0","35.06","2.85"
"2026-06-07","31.89","82.49","0","1.58","46.48","48.28","5.93","40.16","92.62","9.97","11.88","51.72","50.78","5.85","38.01","87.36","0.74","0","40.0","38.21","3.01","29.78","77.33","0","0","34.99","2.85"
"2026-06-08","32.06","82.74","0","1.97","46.57","48.35","5.94","40.26","92.69","9.99","11.82","51.43","50.44","5.76","37.84","87.11","0.41","0","39.56","37.8","2.93","29.69","77.26","0","0","34.93","2.85"
"2026-06-09","32.23","82.98","0","2.35","46.67","48.41","5.95","40.35","92.76","10.0","11.74","51.15","50.1","5.68","37.67","86.86","0.09","0","39.12","37.4","2.85","29.6","77.2","0","0","34.88","2.85"
"2026-06-10","32.4","83.24","0.03","2.73","46.77","48.48","5.95","40.43","92.82","10.0","11.66","50.86","49.75","5.6","37.49","86.61","0","0","38.7","37.02","2.78","29.52","77.15","0","0","34.85","2.86"
"2026-06-11","32.58","83.49","0.36","3.1","46.88","48.55","5.96","40.51","92.87","9.99","11.56","50.57","49.41","5.51","37.32","86.36","0","0","38.29","36.64","2.71","29.44","77.1","0","0","34.84","2.87"
"2026-06-12","32.75","83.74","0.68","3.47","46.98","48.62","5.97","40.59","92.91","9.97","11.45","50.28","49.07","5.43","37.14","86.1","0","0","37.89","36.28","2.64","29.37","77.07","0","0","34.84","2.89"
"2026-06-13","32.93","84.0","1.0","3.84","47.09","48.69","5.97","40.65","92.95","9.94","11.33","49.99","48.72","5.34","36.95","85.85","0","0","37.51","35.93","2.58","29.31","77.04","0","0","34.85","2.9"
"2026-06-14","33.12","84.25","1.32","4.21","47.2","48.76","5.98","40.72","92.97","9.9","11.2","49.7","48.38","5.26","36.77","85.59","0","0","37.13","35.6","2.52","29.25","77.02","0","0","34.88","2.92"
"2026-06-15","33.3","84.51","1.64","4.57","47.31","48.83","5.98","40.77","92.99","9.85","11.05","49.4","48.04","5.18","36.58","85.33","0","0","36.77","35.28","2.46","29.2","77.0","0","0","34.92","2.94"
"2026-06-16","33.49","84.77","1.96","4.92","47.43","48.9","5.99","40.82","93.0","9.79","10.89","49.11","47.7","5.1","36.4","85.07","0","0","36.41","34.97","2.41","29.15","77.0","0","0","34.98","2.97"
"2026-06-17","33.68","85.03","2.27","5.27","47.54","48.96","5.99","40.87","93.0","9.72","10.73","48.81","47.35","5.01","36.21","84.82","0","0","36.07","34.68","2.36","29.11","77.0","0","0","35.05","3.0"
"2026-06-18","33.87","85.29","2.59","5.62","47.66","49.03","6.0","40.9","92.99","9.63","10.55","48.52","47.01","4.93","36.02","84.56","0","0","35.75","34.4","2.31","29.08","77.02","0","0","35.14","3.03"
"2026-06-19","34.06","85.54","2.9","5.96","47.77","49.1","6.0","40.93","92.98","9.54","10.36","48.22","46.67","4.85","35.83","84.3","0","0","35.44","34.14","2.26","29.05","77.04","0","0","35.24","3.06"
"2026-06-20","34.25","85.8","3.2","6.29","47.89","49.17","6.0","40.96","92.95","9.44","10.16","47.93","46.34","4.77","35.63","84.04","0","0","35.14","33.89","2.22","29.03","77.07","0","0","35.35","3.1"
"2026-06-21","34.44","86.06","3.51","6.62","48.01","49.23","6.01","40.98","92.92","9.33","9.95","47.63","46.0","4.69","35.44","83.79","0","0","34.85","33.66","2.19","29.01","77.1","0","0","35.48","3.13"
"2026-06-22","34.63","86.31","3.81","6.94","48.12","49.3","6.01","40.99","92.88","9.21","9.72","47.34","45.67","4.61","35.25","83.53","0","0","34.58","33.44","2.15","29.0","77.15","0","0","35.62","3.17"
"2026-06-23","34.83","86.57","4.1","7.25","48.24","49.36","6.01","41.0","92.83","9.08","9.49","47.04","45.34","4.54","35.05","83.28","0","0","34.32","33.24","2.12","29.0","77.2","0","0","35.77","3.22"
"2026-06-24","35.02","86.82","4.39","7.55","48.36","49.42","6.01","41.0","92.77","8.94","9.25","46.75","45.01","4.46","34.86","83.03","0","0","34.08","33.05","2.09","29.0","77.27","0","0","35.94","3.26"
"2026-06-25","35.21","87.07","4.68","7.85","48.48","49.48","6.01","40.99","92.71","8.79","9.0","46.46","44.69","4.38","34.67","82.78","0","0","33.85","32.88","2.07","29.01","77.34","0","0","36.11","3.31"
"2026-06-26","35.41","87.32","4.96","8.14","48.59","49.54","6.01","40.98","92.63","8.63","8.74","46.17","44.37","4.31","34.47","82.53","0","0","33.63","32.72","2.05","29.03","77.41","0","0","36.3","3.36"
"2026-06-27","35.6","87.56","5.24","8.42","48.71","49.6","6.01","40.96","92.55","8.46","8.47","45.88","44.05","4.24","34.28","82.29","0","0","33.43","32.58","2.03","29.05","77.5","0","0","36.51","3.41"
"2026-06-28","35.79","87.81","5.51","8.69","48.82","49.65","6.01","40.94","92.46","8.29","8.19","45.59","43.74","4.16","34.09","82.05","0","0","33.25","32.45","2.02","29.08","77.59","0","0","36.72","3.46"
"2026-06-29","35.98","88.05","5.78","8.95","48.94","49.71","6.01","40.91","92.37","8.1","7.9","45.31","43.43","4.09","33.9","81.81","0","0","33.08","32.35","2.01","29.11","77.7","0","0","36.95","3.52"
"2026-06-30","36.17","88.28","6.04","9.21","49.05","49.76","6.01","40.87","92.26","7.91","7.61","45.03","43.12","4.02","33.71","81.57","0","0","32.93","32.25","2.01","29.15","77.8","0","0","37.18","3.58"
"2026-07-01","36.36","88.52","6.29","9.45","49.16","49.81","6.0","40.83","92.15","7.71","7.3","44.75","42.82","3.96","33.52","81.34","0","0","32.79","32.18","2.0","29.2","77.92","0","0","37.43","3.64"
"2026-07-02","36.55","88.75","6.54","9.68","49.27","49.86","6.0","40.78","92.03","7.5","6.99","44.48","42.53","3.89","33.34","81.12","0","0","32.67","32.12","2.0","29.25","78.04","0","0","37.69","3.7"
"2026-07-03","36.74","88.97","6.78","9.91","49.38","49.9","5.99","40.73","91.9","7.28","6.67","44.2","42.24","3.82","33.15","80.89","0","0","32.56","32.07","2.01","29.31","78.18","0","0","37.96","3.76"
"2026-07-04","36.92","89.19","7.02","10.12","49.49","49.95","5.99","40.66","91.77","7.06","6.35","43.94","41.96","3.76","32.97","80.67","0","0","32.47","32.05","2.02","29.38","78.31","0","0","38.24","3.83"
"2026-07-05","37.1","89.41","7.24","10.32","49.59","49.99","5.98","40.6","91.63","6.82","6.02","43.67","41.68","3.7","32.79","80.46","0","0","32.39","32.04","2.03","29.45","78.46","0","0","38.53","3.9"
"2026-07-06","37.28","89.62","7.46","10.51","49.69","50.03","5.98","40.53","91.48","6.58","5.68","43.41","41.41","3.64","32.61","80.25","0","0","32.33","32.04","2.05","29.52","78.61","0","0","38.83","3.96"
"2026-07-07","37.46","89.83","7.67","10.7","49.8","50.06","5.97","40.45","91.33","6.34","5.34","43.16","41.15","3.58","32.43","80.04","0","0","32.29","32.06","2.06","29.6","78.77","0","0","39.14","4.03"
"2026-07-08","37.64","90.04","7.87","10.87","49.9","50.1","5.96","40.36","91.17","6.09","4.99","42.91","40.89","3.53","32.26","79.84","0","0","32.26","32.1","2.09","29.69","78.94","0","0","39.46","4.11"
"2026-07-09","37.81","90.23","8.07","11.02","49.99","50.13","5.96","40.27","91.0","5.83","4.63","42.67","40.64","3.47","32.09","79.65","0","0","32.25","32.16","2.11","29.78","79.11","0","0","39.79","4.18"
"2026-07-10","37.98","90.43","8.26","11.17","50.09","50.16","5.95","40.18","90.83","5.56","4.27","42.43","40.4","3.42","31.92","79.46","0","0","32.26","32.23","2.14","29.88","79.28","0","0","40.12","4.25"
"2026-07-11","38.15","90.61","8.43","11.31","50.18","50.19","5.94","40.08","90.65","5.29","3.91","42.19","40.17","3.37","31.75","79.28","0","0","32.28","32.32","2.18","29.99","79.47","0","0","40.47","4.33"
"2026-07-12","38.31","90.79","8.6","11.43","50.27","50.21","5.93","39.97","90.46","5.01","3.54","41.97","39.94","3.33","31.59","79.1","0","0","32.32","32.42","2.21","30.09","79.66","0","0","40.82","4.41"
"2026-07-13","38.47","90.97","8.76","11.54","50.36","50.24","5.92","39.86","90.27","4.73","3.17","41.75","39.72","3.28","31.44","78.93","0","0","32.38","32.54","2.25","30.21","79.85","0","0","41.18","4.48"
"2026-07-14","38.62","91.14","8.91","11.64","50.45","50.26","5.91","39.75","90.07","4.45","2.79","41.53","39.51","3.24","31.28","78.76","0","0","32.45","32.68","2.29","30.33","80.05","0","0","41.54","4.56"
"2026-07-15","38.78","91.3","9.05","11.73","50.53","50.28","5.9","39.62","89.87","4.15","2.42","41.32","39.31","3.2","31.13","78.6","0","0","32.54","32.83","2.34","30.45","80.26","0","0","41.92","4.64"
"2026-07-16","38.93","91.46","9.19","11.81","50.61","50.29","5.89","39.5","89.66","3.86","2.04","41.12","39.12","3.16","30.99","78.45","0","0","32.64","33.0","2.39","30.58","80.47","0","0","42.3","4.72"
"2026-07-17","39.07","91.6","9.31","11.87","50.69","50.31","5.88","39.37","89.45","3.56","1.65","40.93","38.94","3.12","30.84","78.31","0","0","32.76","33.18","2.44","30.71","80.68","0","0","42.68","4.8"
"2026-07-18","39.21","91.75","9.42","11.92","50.77","50.32","5.86","39.23","89.23","3.26","1.27","40.75","38.77","3.09","30.71","78.17","0","0","32.9","33.39","2.5","30.85","80.9","0","0","43.07","4.89"
"2026-07-19","39.35","91.88","9.53","11.96","50.84","50.33","5.85","39.09","89.01","2.95","0.88","40.57","38.61","3.06","30.57","78.04","0","0","33.05","33.6","2.56","30.99","81.13","0","0","43.47","4.97"
"2026-07-20","39.48","92.01","9.62","11.98","50.91","50.34","5.84","38.95","88.79","2.64","0.5","40.4","38.46","3.03","30.45","77.92","0","0","33.22","33.83","2.62","31.14","81.35","0","0","43.87","5.05"
"2026-07-21","39.6","92.13","9.7","12.0","50.98","50.35","5.83","38.8","88.56","2.33","0.11","40.24","38.32","3.01","30.32","77.8","0","0","33.4","34.08","2.69","31.29","81.58","0","0.13","44.28","5.14"
"2026-07-22","39.72","92.24","9.78","12.0","51.05","50.35","5.81","38.65","88.32","2.01","0","40.09","38.19","2.98","30.2","77.69","0","0","33.61","34.34","2.76","31.44","81.82","0","0.51","44.69","5.22"
"2026-07-23","39.84","92.35","9.84","11.99","51.11","50.35","5.8","38.5","88.09","1.7","0","39.95","38.07","2.96","30.09","77.59","0","0","33.82","34.62","2.83","31.6","82.06","0","0.9","45.11","5.31"
"2026-07-24","39.95","92.45","9.89","11.96","51.18","50.36","5.79","38.34","87.85","1.38","0","39.81","37.97","2.95","29.98","77.5","0","0","34.05","34.91","2.9","31.76","82.3","0","1.29","45.53","5.39"
"2026-07-25","40.06","92.54","9.93","11.93","51.24","50.36","5.77","38.17","87.61","1.06","0","39.69","37.87","2.93","29.88","77.41","0","0","34.3","35.22","2.98","31.93","82.54","0","1.67","45.95","5.48"
"2026-07-26","40.16","92.62","9.97","11.88","51.29","50.36","5.76","38.01","87.36","0.74","0","39.58","37.79","2.92","29.78","77.33","0","0","34.57","35.54","3.06","32.09","82.79","0","2.05","46.38","5.56"
"2026-07-27","40.26","92.69","9.99","11.82","51.35","50.35","5.75","37.84","87.11","0.41","0","39.47","37.71","2.91","29.69","77.26","0","0","34.84","35.87","3.14","32.27","83.04","0","2.43","46.81","5.65"
"2026-07-28","40.35","92.76","10.0","11.74","51.4","50.35","5.73","37.67","86.86","0.09","0","39.38","37.65","2.91","29.6","77.2","0","0","35.14","36.22","3.23","32.44","83.29","0.11","2.81","47.24","5.73"
"2026-07-29","40.43","92.82","10.0","11.66","51.45","50.35","5.72","37.49","86.61","0","0","39.29","37.61","2.9","29.52","77.15","0","0","35.45","36.59","3.32","32.62","83.54","0.43","3.18","47.68","5.82"
"2026-07-30","40.51","92.87","9.99","11.56","51.5","50.34","5.71","37.32","86.36","0","0","39.22","37.57","2.9","29.44","77.1","0","0","35.77","36.96","3.41","32.79","83.8","0.75","3.56","48.12","5.91"
"2026-07-31","40.59","92.91","9.97","11.45","51.55","50.34","5.69","37.14","86.1","0","0","39.16","37.55","2.91","29.37","77.07","0","0","36.11","37.35","3.5","32.97","84.05","1.07","3.92","48.56","5.99"
"2026-08-01","40.65","92.95","9.94","11.33","51.6","50.33","5.68","36.95","85.85","0","0","39.11","37.54","2.91","29.31","77.04","0","0","36.46","37.75","3.6","33.16","84.31","1.39","4.29","48.99","6.08"
"2026-08-02","40.72","92.97","9.9","11.2","51.64","50.32","5.67","36.77","85.59","0","0","39.07","37.54","2.92","29.25","77.02","0","0","36.82","38.17","3.69","33.34","84.57","1.71","4.65","49.44","6.16"
"2026-08-03","40.77","92.99","9.85","11.05","51.68","50.32","5.65","36.58","85.33","0","0","39.04","37.56","2.94","29.2","77.0","0","0","37.2","38.6","3.79","33.53","84.83","2.03","5.0","49.88","6.25"
"2026-08-04","40.82","93.0","9.79","10.89","51.72","50.31","5.64","36.4","85.07","0","0","39.03","37.59","2.95","29.15","77.0","0","0","37.6","39.04","3.9","33.72","85.08","2.34","5.35","50.32","6.33"
"2026-08-05","40.87","93.0","9.72","10.73","51.76","50.3","5.63","36.21","84.82","0","0","39.02","37.63","2.97","29.11","77.0","0","0","38.0","39.49","4.0","33.91","85.34","2.65","5.69","50.76","6.42"
"2026-08-06","40.9","92.99","9.63","10.55","51.8","50.3","5.62","36.02","84.56","0","0","39.03","37.69","2.99","29.08","77.02","0","0","38.42","39.95","4.11","34.1","85.6","2.96","6.03","51.2","6.5"
"2026-08-07","40.93","92.98","9.54","10.36","51.84","50.29","5.6","35.83","84.3","0","0","39.05","37.76","3.02","29.05","77.04","0","0","38.85","40.43","4.22","34.29","85.86","3.27","6.36","51.64","6.59"
"2026-08-08","40.96","92.95","9.44","10.16","51.87","50.28","5.59","35.63","84.04","0","0","39.08","37.84","3.05","29.03","77.07","0","0","39.3","40.91","4.33","34.48","86.11","3.57","6.69","52.09","6.67"
"2026-08-09","40.98","92.92","9.33","9.95","51.91","50.28","5.58","35.44","83.79","0","0","39.13","37.94","3.08","29.01","77.1","0","0","39.76","41.41","4.44","34.68","86.37","3.87","7.01","52.52","6.75"
"2026-08-10","40.99","92.88","9.21","9.72","51.94","50.28","5.57","35.25","83.53","0","0","39.19","38.05","3.11","29.0","77.15","0","0","40.23","41.91","4.56","34.87","86.62","4.17","7.32","52.96","6.83"
"2026-08-11","41.0","92.83","9.08","9.49","51.98","50.27","5.56","35.05","83.28","0","0","39.26","38.17","3.15","29.0","77.2","0","0","40.71","42.43","4.67","35.06","86.87","4.46","7.62","53.4","6.92"
"2026-08-12","41.0","92.77","8.94","9.25","52.01","50.27","5.56","34.86","83.03","0","0","39.34","38.31","3.19","29.0","77.27","0","0","41.2","42.96","4.79","35.26","87.12","4.75","7.91","53.83","7.0"
"2026-08-13","40.99","92.71","8.79","9.0","52.04","50.27","5.55","34.67","82.78","0","0","39.44","38.46","3.23","29.01","77.34","0","0","41.7","43.49","4.91","35.45","87.37","5.03","8.2","54.27","7.08"
"2026-08-14","40.98","92.63","8.63","8.74","52.08","50.28","5.54","34.47","82.53","0","0","39.54","38.63","3.28","29.03","77.41","0","0","42.22","44.04","5.03","35.64","87.62","5.3","8.48","54.7","7.15"
"2026-08-15","40.96","92.55","8.46","8.47","52.11","50.28","5.53","34.28","82.29","0","0","39.67","38.81","3.33","29.05","77.5","0","0","42.74","44.59","5.15","35.83","87.86","5.57","8.75","55.12","7.23"
"2026-08-16","40.94","92.46","8.29","8.19","52.15","50.29","5.53","34.09","82.05","0","0","39.8","39.01","3.39","29.08","77.59","0","0","43.27","45.15","5.27","36.03","88.1","5.84","9.01","55.55","7.31"
"2026-08-17","40.91","92.37","8.1","7.9","52.18","50.3","5.52","33.9","81.81","0","0","39.95","39.22","3.44","29.11","77.7","0","0","43.82","45.72","5.4","36.22","88.33","6.1","9.26","55.97","7.39"
"2026-08-18","40.87","92.26","7.91","7.61","52.21","50.31","5.52","33.71","81.57","0","0","40.11","39.44","3.5","29.15","77.8","0","0","44.37","46.29","5.52","36.41","88.57","6.35","9.5","56.39","7.46"
"2026-08-19","40.83","92.15","7.71","7.3","52.25","50.32","5.52","33.52","81.34","0","0","40.29","39.68","3.57","29.2","77.92","0","0","44.93","46.87","5.65","36.59","88.8","6.6","9.73","56.8","7.53"
"2026-08-20","40.78","92.03","7.5","6.99","52.29","50.34","5.52","33.34","81.12","0","0","40.48","39.93","3.63","29.25","78.04","0","0","45.5","47.46","5.78","36.78","89.02","6.83","9.95","57.22","7.61"
"2026-08-21","40.73","91.9","7.28","6.67","52.32","50.36","5.52","33.15","80.89","0","0","40.68","40.19","3.7","29.31","78.18","0","0","46.08","48.06","5.91","36.96","89.24","7.07","10.17","57.62","7.68"
"2026-08-22","40.66","91.77","7.06","6.35","52.36","50.38","5.52","32.97","80.67","0","0","40.9","40.47","3.77","29.38","78.31","0","0","46.67","48.66","6.04","37.14","89.46","7.29","10.37","58.03","7.75"
"2026-08-23","40.6","91.63","6.82","6.02","52.4","50.41","5.52","32.79","80.46","0","0","41.12","40.77","3.85","29.45","78.46","0","0","47.26","49.26","6.16","37.32","89.67","7.51","10.56","58.42","7.82"
"2026-08-24","40.53","91.48","6.58","5.68","52.45","50.44","5.52","32.61","80.25","0","0","41.37","41.08","3.93","29.52","78.61","0","0","47.87","49.88","6.3","37.5","89.88","7.72","10.73","58.82","7.89"
"2026-08-25","40.45","91.33","6.34","5.34","52.49","50.48","5.53","32.43","80.04","0","0","41.62","41.4","4.01","29.6","78.77","0","0","48.47","50.49","6.43","37.68","90.08","7.92","10.9","59.21","7.96"
"2026-08-26","40.36","91.17","6.09","4.99","52.54","50.52","5.53","32.26","79.84","0","0","41.89","41.73","4.09","29.69","78.94","0","0","49.09","51.11","6.56","37.85","90.28","8.11","11.06","59.59","8.02"
"2026-08-27","40.27","91.0","5.83","4.63","52.59","50.56","5.54","32.09","79.65","0","0","42.18","42.08","4.18","29.78","79.11","0","0","49.71","51.74","6.69","38.02","90.47","8.3","11.2","59.97","8.09"
"2026-08-28","40.18","90.83","5.56","4.27","52.64","50.61","5.55","31.92","79.46","0","0","42.47","42.44","4.27","29.88","79.28","0","0","50.34","52.36","6.82","38.18","90.65","8.47","11.34","60.35","8.15"
"2026-08-29","40.08","90.65","5.29","3.91","52.69","50.67","5.56","31.75","79.28","0","0","42.78","42.82","4.36","29.99","79.47","0","0","50.97","52.99","6.95","38.34","90.83","8.64","11.46","60.72","8.22"
"2026-08-30","39.97","90.46","5.01","3.54","52.75","50.72","5.57","31.59","79.1","0","0","43.11","43.21","4.46","30.09","79.66","0","0","51.6","53.63","7.08","38.5","91.01","8.8","11.57","61.08","8.28"
"2026-08-31","39.86","90.27","4.73","3.17","52.81","50.79","5.59","31.44","78.93","0","0","43.44","43.61","4.56","30.21","79.85","0","0","52.24","54.26","7.22","38.66","91.17","8.95","11.66","61.44","8.34"
"2026-09-01","39.75","90.07","4.45","2.79","52.87","50.86","5.6","31.28","78.76","0","0","43.79","44.02","4.66","30.33","80.05","0","0","52.89","54.9","7.35","38.81","91.33","9.08","11.75","61.79","8.4"
"2026-09-02","39.62","89.87","4.15","2.42","52.94","50.93","5.62","31.13","78.6","0","0","44.15","44.45","4.76","30.45","80.26","0","0","53.53","55.54","7.48","38.96","91.49","9.21","11.82","62.14","8.45"
"2026-09-03","39.5","89.66","3.86","2.04","53.01","51.01","5.64","30.99","78.45","0","0","44.53","44.89","4.87","30.58","80.47","0","0","54.19","56.18","7.61","39.1","91.64","9.34","11.88","62.48","8.51"
"2026-09-04","39.37","89.45","3.56","1.65","53.09","51.1","5.66","30.84","78.31","0","0","44.92","45.34","4.98","30.71","80.68","0","0","54.84","56.82","7.74","39.24","91.78","9.45","11.93","62.81","8.57"
"2026-09-05","39.23","89.23","3.26","1.27","53.17","51.19","5.68","30.71","78.17","0","0","45.32","45.81","5.09","30.85","80.9","0","0","55.49","57.46","7.87","39.37","91.91","9.55","11.97","63.14","8.62"
"2026-09-06","39.09","89.01","2.95","0.88","53.25","51.29","5.7","30.57","78.04","0","0","45.73","46.28","5.2","30.99","81.13","0","0","56.15","58.1","8.0","39.5","92.04","9.64","11.99","63.47","8.67"
"2026-09-07","38.95","88.79","2.64","0.5","53.34","51.4","5.73","30.45","77.92","0","0","46.16","46.77","5.32","31.14","81.35","0","0","56.81","58.74","8.13","39.63","92.16","9.72","12.0","63.78","8.72"
"2026-09-08","38.8","88.56","2.33","0.11","53.43","51.51","5.75","30.32","77.8","0","0","46.59","47.27","5.44","31.29","81.58","0","0.13","57.47","59.38","8.26","39.75","92.27","9.79","12.0","64.09","8.77"
"2026-09-09","38.65","88.32","2.01","0","53.53","51.63","5.78","30.2","77.69","0","0","47.04","47.78","5.56","31.44","81.82","0","0.51","58.13","60.01","8.39","39.87","92.37","9.85","11.98","64.4","8.82"
"2026-09-10","38.5","88.09","1.7","0","53.63","51.76","5.81","30.09","77.59","0","0","47.51","48.3","5.68","31.6","82.06","0","0.9","58.79","60.65","8.52","39.98","92.47","9.9","11.96","64.7","8.87"
"2026-09-11","38.34","87.85","1.38","0","53.74","51.89","5.85","29.98","77.5","0","0","47.98","48.83","5.8","31.76","82.3","0","1.29","59.45","61.28","8.64","40.08","92.56","9.94","11.92","64.99","8.92"
"2026-09-12","38.17","87.61","1.06","0","53.85","52.03","5.88","29.88","77.41","0","0","48.46","49.38","5.93","31.93","82.54","0","1.67","60.12","61.92","8.77","40.18","92.64","9.97","11.87","65.27","8.96"
"2026-09-13","38.01","87.36","0.74","0","53.97","52.18","5.92","29.78","77.33","0","0","48.96","49.93","6.06","32.09","82.79","0","2.05","60.77","62.54","8.9","40.28","92.71","9.99","11.8","65.55","9.01"
"2026-09-14","37.84","87.11","0.41","0","54.09","52.34","5.96","29.69","77.26","0","0","49.46","50.49","6.19","32.27","83.04","0","2.43","61.43","63.17","9.02","40.37","92.78","10.0","11.73","65.83","9.05"
"2026-09-15","37.67","86.86","0.09","0","54.22","52.5","6.0","29.6","77.2","0","0","49.98","51.07","6.32","32.44","83.29","0.11","2.81","62.09","63.79","9.14","40.45","92.83","10.0","11.64","66.09","9.09"
"2026-09-16","37.49","86.61","0","0","54.36","52.67","6.04","29.52","77.15","0","0","50.51","51.65","6.45","32.62","83.54","0.43","3.18","62.74","64.41","9.26","40.53","92.88","9.99","11.54","66.35","9.13"
"2026-09-17","37.32","86.36","0","0","54.5","52.85","6.09","29.44","77.1","0","0","51.05","52.24","6.59","32.79","83.8","0.75","3.56","63.4","65.02","9.38","40.6","92.92","9.96","11.43","66.61","9.17"
"2026-09-18","37.14","86.1","0","0","54.65","53.04","6.13","29.37","77.07","0","0","51.59","52.84","6.73","32.97","84.05","1.07","3.92","64.04","65.63","9.5","40.67","92.95","9.93","11.3","66.85","9.21"
"2026-09-19","36.95","85.85","0","0","54.81","53.23","6.18","29.31","77.04","0","0","52.15","53.45","6.87","33.16","84.31","1.39","4.29","64.69","66.24","9.62","40.73","92.98","9.89","11.16","67.1","9.24"
"2026-09-20","36.77","85.59","0","0","54.97","53.44","6.23","29.25","77.02","0","0","52.72","54.07","7.01","33.34","84.57","1.71","4.65","65.33","66.83","9.73","40.78","92.99","9.84","11.02","67.33","9.28"
"2026-09-21","36.58","85.33","0","0","55.14","53.65","6.29","29.2","77.0","0","0","53.3","54.69","7.15","33.53","84.83","2.03","5.0","65.97","67.43","9.85","40.83","93.0","9.77","10.86","67.56","9.32"
"2026-09-22","36.4","85.07","0","0","55.31","53.87","6.34","29.15","77.0","0","0","53.88","55.32","7.29","33.72","85.08","2.34","5.35","66.6","68.02","9.96","40.87","93.0","9.7","10.69","67.79","9.35"
"2026-09-23","36.21","84.82","0","0","55.49","54.1","6.4","29.11","77.0","0","0","54.47","55.96","7.43","33.91","85.34","2.65","5.69","67.23","68.6","10.07","40.91","92.99","9.61","10.51","68.0","9.38"
"2026-09-24","36.02","84.56","0","0","55.68","54.34","6.46","29.08","77.02","0","0","55.08","56.61","7.58","34.1","85.6","2.96","6.03","67.86","69.17","10.18","40.94","92.97","9.52","10.31","68.21","9.41"
"2026-09-25","35.83","84.3","0","0","55.88","54.59","6.52","29.05","77.04","0","0","55.68","57.26","7.72","34.29","85.86","3.27","6.36","68.47","69.74","10.29","40.96","92.95","9.42","10.11","68.42","9.44"
"2026-09-26","35.63","84.04","0","0","56.09","54.84","6.59","29.03","77.07","0","0","56.3","57.92","7.87","34.48","86.11","3.57","6.69","69.09","70.3","10.39","40.98","92.91","9.3","9.9","68.62","9.47"
"2026-09-27","35.44","83.79","0","0","56.3","55.11","6.65","29.01","77.1","0","0","56.93","58.58","8.02","34.68","86.37","3.87","7.01","69.69","70.85","10.5","40.99","92.87","9.18","9.67","68.81","9.5"
"2026-09-28","35.25","83.53","0","0","56.52","55.38","6.72","29.0","77.15","0","0","57.56","59.25","8.17","34.87","86.62","4.17","7.32","70.29","71.4","10.6","41.0","92.82","9.05","9.44","69.0","9.53"
"2026-09-29","35.05","83.28","0","0","56.74","55.66","6.79","29.0","77.2","0","0","58.19","59.92","8.31","35.06","86.87","4.46","7.62","70.89","71.94","10.7","41.0","92.76","8.91","9.19","69.19","9.56"
"2026-09-30","34.86","83.03","0","0","56.98","55.95","6.86","29.0","77.27","0","0","58.84","60.6","8.46","35.26","87.12","4.75","7.91","71.47","72.47","10.8","40.99","92.69","8.76","8.94","69.37","9.59"
"2026-10-01","34.67","82.78","0","0","57.22","56.25","6.94","29.01","77.34","0","0","59.49","61.28","8.61","35.45","87.37","5.03","8.2","72.05","72.99","10.89","40.98","92.62","8.59","8.68","69.54","9.61"
"2026-10-02","34.47","82.53","0","0","57.47","56.56","7.02","29.03","77.41","0","0","60.14","61.96","8.76","35.64","87.62","5.3","8.48","72.62","73.5","10.99","40.96","92.53","8.43","8.41","69.71","9.64"
"2026-10-03","35.57","80.83","0","0","57.73","56.88","7.1","30.34","76.04","0","0","60.8","62.65","8.91","37.13","86.4","6.95","10.81","73.19","74.01","11.08","42.22","90.98","9.62","10.19","69.87","9.66"
"2026-10-04","36.67","79.12","0","0","58.0","57.2","7.18","31.66","74.67","0","0","61.47","63.34","9.06","38.61","85.17","8.59","13.14","73.74","74.5","11.17","43.48","89.42","10.81","11.97","70.03","9.69"
"2026-10-05","37.77","77.42","0","0","58.27","57.54","7.26","32.98","73.31","0","0","62.14","64.03","9.21","40.09","83.95","10.23","15.45","74.29","74.99","11.26","44.73","87.85","12.0","13.73","70.18","9.71"
"2026-10-06","38.87","75.73","0","0","58.55","57.88","7.34","34.31","71.96","0","0.83","62.81","64.73","9.37","41.57","82.72","11.85","17.76","74.83","75.46","11.34","45.98","86.28","13.17","15.49","70.33","9.73"
"2026-10-07","39.97","74.04","0.43","0.72","58.84","58.23","7.43","35.65","70.61","0","3.2","63.49","65.43","9.52","43.04","81.49","13.47","20.05","75.36","75.93","11.43","47.22","84.7","14.33","17.24","70.48","9.75"
"2026-10-08","41.07","72.35","1.56","2.55","59.14","58.59","7.52","36.98","69.28","0.88","5.57","64.17","66.12","9.67","44.51","80.26","15.08","22.33","75.88","76.39","11.51","48.45","83.11","15.48","18.97","70.62","9.78"
"2026-10-09","42.17","70.67","2.69","4.39","59.44","58.96","7.61","38.33","67.96","2.47","7.95","64.85","66.82","9.82","45.98","79.02","16.68","24.59","76.39","76.83","11.59","49.67","81.52","16.62","20.7","70.76","9.8"
"2026-10-10","43.26","69.0","3.83","6.23","59.76","59.34","7.7","39.67","66.65","4.07","10.33","65.53","67.52","9.96","47.44","77.79","18.27","26.84","76.89","77.27","11.66","50.88","79.93","17.75","22.42","70.89","9.82"
"2026-10-11","44.36","67.34","4.97","8.08","60.08","59.72","7.8","41.02","65.34","5.67","12.71","66.22","68.22","10.11","48.9","76.55","19.85","29.07","77.38","77.69","11.74","52.08","78.33","18.88","24.12","71.02","9.84"
"2026-10-12","45.45","65.69","6.11","9.93","60.41","60.12","7.89","42.37","64.05","7.27","15.09","66.91","68.92","10.26","50.35","75.32","21.42","31.29","77.86","78.11","11.81","53.28","76.73","19.99","25.81","71.14","9.86"
"2026-10-13","46.55","64.04","7.26","11.79","60.74","60.52","7.99","43.72","62.77","8.87","17.46","67.6","69.61","10.41","51.79","74.08","22.98","33.49","78.33","78.52","11.88","54.46","75.13","21.09","27.5","71.27","9.88"
"2026-10-14","47.64","62.41","8.41","13.65","61.09","60.93","8.09","45.07","61.5","10.48","19.84","68.28","70.31","10.56","53.23","72.84","24.52","35.67","78.79","78.91","11.95","55.64","73.53","22.18","29.16","71.39","9.9"
"2026-10-15","48.73","60.79","9.57","15.52","61.44","61.35","8.19","46.43","60.24","12.09","22.22","68.97","71.0","10.7","54.66","71.6","26.05","37.83","79.24","79.29","12.01","56.8","71.92","23.26","30.82","71.5","9.92"
"2026-10-16","49.82","59.17","10.73","17.39","61.8","61.77","8.3","47.78","59.0","13.7","24.59","69.66","71.69","10.85","56.08","70.37","27.57","39.98","79.68","79.67","12.08","57.96","70.32","24.32","32.47","71.62","9.94"
"2026-10-17","50.91","57.57","11.89","19.26","62.17","62.2","8.4","49.14","57.76","15.31","26.96","70.35","72.38","10.99","57.5","69.13","29.07","42.1","80.1","80.03","12.14","59.1","68.71","25.38","34.1","71.73","9.96"
"2026-10-18","51.99","55.98","13.06","21.13","62.55","62.64","8.51","50.49","56.54","16.91","29.32","71.04","73.07","11.13","58.9","67.89","30.55","44.2","80.52","80.38","12.2","60.23","67.11","26.43","35.72","71.84","9.98"
"2026-10-19","53.07","54.41","14.22","23.01","62.93","63.09","8.62","51.84","55.33","18.52","31.68","71.73","73.75","11.28","60.29","66.65","32.02","46.28","80.92","80.72","12.25","61.36","65.51","27.46","37.33","71.94","10.0"
"2026-10-20","54.15","52.84","15.39","24.89","63.32","63.55","8.73","53.2","54.13","20.12","34.03","72.41","74.43","11.42","61.68","65.42","33.48","48.34","81.32","81.05","12.31","62.47","63.91","28.48","38.92","72.05","10.02"
"2026-10-21","55.23","51.3","16.57","26.77","63.72","64.01","8.84","54.55","52.95","21.73","36.37","73.1","75.1","11.56","63.05","64.18","34.92","50.37","81.7","81.36","12.36","63.57","62.31","29.5","40.5","72.15","10.04"
"2026-10-22","56.3","49.76","17.74","28.66","64.12","64.48","8.95","55.89","51.78","23.32","38.7","73.78","75.77","11.69","64.42","62.95","36.34","52.38","82.07","81.67","12.41","64.65","60.71","30.49","42.07","72.25","10.06"
"2026-10-23","57.37","48.25","18.91","30.54","64.53","64.95","9.06","57.24","50.62","24.92","41.02","74.45","76.43","11.83","65.77","61.71","37.74","54.37","82.43","81.96","12.45","65.73","59.12","31.48","43.62","72.35","10.08"
"2026-10-24","58.44","46.74","20.09","32.42","64.95","65.44","9.18","58.58","49.48","26.51","43.33","75.13","77.09","11.96","67.1","60.48","39.12","56.33","82.77","82.25","12.5","66.79","57.54","32.46","45.16","72.45","10.1"
"2026-10-25","59.5","45.26","21.27","34.3","65.37","65.92","9.29","59.92","48.34","28.09","45.63","75.8","77.74","12.1","68.43","59.26","40.49","58.27","83.11","82.52","12.54","67.84","55.95","33.42","46.69","72.54","10.12"
"2026-10-26","60.56","43.79","22.45","36.18","65.81","66.42","9.41","61.25","47.23","29.67","47.92","76.46","78.39","12.23","69.74","58.03","41.84","60.18","83.43","82.78","12.58","68.88","54.38","34.38","48.2","72.64","10.14"
"2026-10-27","61.61","42.34","23.63","38.06","66.24","66.92","9.53","62.58","46.12","31.24","50.19","77.12","79.03","12.36","71.04","56.81","43.17","62.06","83.74","83.03","12.62","69.91","52.81","35.32","49.7","72.73","10.16"
"2026-10-28","62.66","40.9","24.81","39.94","66.69","67.42","9.65","63.9","45.03","32.8","52.45","77.78","79.66","12.48","72.32","55.59","44.47","63.92","84.04","83.27","12.65","70.92","51.25","36.25","51.18","72.83","10.18"
"2026-10-29","63.71","39.49","25.99","41.81","67.14","67.93","9.77","65.22","43.96","34.36","54.69","78.42","80.28","12.61","73.59","54.37","45.76","65.74","84.33","83.49","12.69","71.92","49.69","37.16","52.65","72.92","10.2"
"2026-10-30","64.75","38.09","27.17","43.68","67.59","68.45","9.89","66.53","42.9","35.9","56.91","79.07","80.9","12.73","74.85","53.16","47.03","67.54","84.6","83.71","12.72","72.9","48.15","38.07","54.11","73.02","10.22"
"2026-10-31","65.78","36.72","28.34","45.55","68.05","68.97","10.01","67.83","41.85","37.44","59.12","79.71","81.51","12.85","76.09","51.95","48.27","69.31","84.86","83.91","12.75","73.88","46.61","38.96","55.54","73.11","10.25"
"2026-11-01","66.81","35.36","29.52","47.41","68.52","69.49","10.13","69.13","40.82","38.96","61.31","80.34","82.11","12.97","77.31","50.74","49.49","71.06","85.11","84.11","12.78","74.84","45.09","39.84","56.97","73.2","10.27"
"2026-11-02","67.84","34.03","30.7","49.27","68.99","70.02","10.26","70.42","39.8","40.48","63.47","80.96","82.7","13.09","78.52","49.54","50.69","72.77","85.35","84.29","12.8","75.78","43.57","40.71","58.38","73.3","10.29"
"2026-11-03","68.86","32.71","31.87","51.12","69.47","70.55","10.38","71.69","38.8","41.98","65.62","81.58","83.28","13.2","79.71","48.34","51.87","74.45","85.58","84.46","12.82","76.71","42.06","41.57","59.77","73.39","10.32"
"2026-11-04","69.87","31.42","33.05","52.96","69.95","71.09","10.5","72.97","37.81","43.47","67.75","82.18","83.85","13.31","80.88","47.15","53.03","76.1","85.79","84.62","12.84","77.63","40.57","42.42","61.15","73.49","10.34"
"2026-11-05","70.87","30.15","34.22","54.8","70.43","71.63","10.63","74.23","36.84","44.94","69.85","82.78","84.41","13.42","82.03","45.96","54.16","77.72","85.99","84.77","12.86","78.53","39.09","43.25","62.51","73.58","10.37"
"2026-11-06","71.87","28.9","35.38","56.63","70.92","72.17","10.75","75.48","35.88","46.41","71.93","83.37","84.96","13.53","83.17","44.78","55.27","79.31","86.18","84.91","12.88","79.42","37.62","44.07","63.86","73.68","10.39"
"2026-11-07","72.87","27.67","36.55","58.45","71.42","72.72","10.88","76.72","34.94","47.86","73.98","83.96","85.5","13.63","84.29","43.61","56.35","80.86","86.36","85.03","12.89","80.29","36.16","44.88","65.19","73.78","10.42"
"2026-11-08","73.85","26.46","37.71","60.26","71.92","73.26","11.01","77.95","34.02","49.29","76.01","84.53","86.03","13.73","85.39","42.44","57.41","82.38","86.53","85.15","12.91","81.15","34.72","45.67","66.5","73.88","10.45"
"2026-11-09","74.83","25.28","38.87","62.06","72.42","73.81","11.13","79.17","33.11","50.71","78.02","85.09","86.55","13.83","86.47","41.28","58.45","83.88","86.68","85.26","12.92","81.99","33.3","46.46","67.8","73.98","10.47"
"2026-11-10","75.8","24.13","40.02","63.85","72.92","74.36","11.26","80.37","32.21","52.11","80.0","85.64","87.06","13.93","87.53","40.12","59.46","85.33","86.83","85.36","12.93","82.82","31.88","47.23","69.08","74.08","10.5"
"2026-11-11","76.77","22.99","41.17","65.63","73.43","74.91","11.38","81.57","31.33","53.49","81.95","86.19","87.55","14.02","88.57","38.98","60.45","86.76","86.96","85.44","12.94","83.63","30.49","47.99","70.35","74.18","10.53"
"2026-11-12","77.72","21.88","42.31","67.4","73.94","75.47","11.51","82.75","30.47","54.85","83.87","86.72","88.03","14.11","89.59","37.84","61.41","88.15","87.08","85.52","12.94","84.43","29.11","48.74","71.6","74.29","10.56"
"2026-11-13","78.67","20.8","43.45","69.16","74.45","76.02","11.63","83.91","29.62","56.2","85.76","87.24","88.5","14.2","90.59","36.71","62.35","89.51","87.18","85.59","12.95","85.21","27.75","49.48","72.83","74.4","10.59"
"2026-11-14","79.61","19.74","44.58","70.9","74.96","76.58","11.76","85.07","28.79","57.53","87.62","87.75","88.96","14.28","91.57","35.58","63.26","90.83","87.28","85.64","12.95","85.98","26.4","50.2","74.05","74.5","10.63"
"2026-11-15","80.54","18.71","45.71","72.64","75.48","77.13","11.88","86.21","27.97","58.84","89.45","88.25","89.41","14.36","92.52","34.47","64.15","92.12","87.37","85.69","12.95","86.73","25.08","50.91","75.25","74.62","10.66"
"2026-11-16","81.46","17.7","46.83","74.35","76.0","77.68","12.01","87.33","27.17","60.12","91.25","88.73","89.84","14.44","93.46","33.36","65.01","93.37","87.44","85.73","12.95","87.47","23.77","51.61","76.43","74.73","10.69"
"2026-11-17","82.37","16.71","47.94","76.05","76.51","78.24","12.13","88.44","26.38","61.39","93.02","89.21","90.26","14.52","94.37","32.27","65.84","94.59","87.51","85.76","12.95","88.19","22.48","52.3","77.6","74.85","10.73"
"2026-11-18","83.28","15.76","49.04","77.74","77.03","78.79","12.25","89.53","25.61","62.64","94.75","89.67","90.66","14.59","95.26","31.18","66.65","95.78","87.56","85.78","12.94","88.9","21.22","52.97","78.75","74.97","10.76"
"2026-11-19","84.17","14.83","50.14","79.41","77.55","79.34","12.38","90.61","24.86","63.86","96.45","90.12","91.05","14.66","96.13","30.11","67.43","96.93","87.6","85.79","12.94","89.59","19.97","53.64","79.88","75.09","10.8"
"2026-11-20","85.05","13.92","51.23","81.06","78.07","79.89","12.5","91.67","24.12","65.06","98.12","90.55","91.43","14.72","96.98","29.04","68.18","98.04","87.63","85.8","12.93","90.26","18.74","54.29","80.99","75.21","10.83"
"2026-11-21","85.92","13.04","52.31","82.7","78.59","80.44","12.62","92.71","23.4","66.24","99.75","90.97","91.79","14.79","97.81","27.99","68.91","99.12","87.66","85.79","12.92","90.92","17.54","54.93","82.09","75.34","10.87"
"2026-11-22","86.78","12.19","53.38","84.32","79.11","80.98","12.74","93.73","22.7","67.39","101.34","91.38","92.14","14.85","98.61","26.94","69.61","100.17","87.67","85.78","12.92","91.56","16.36","55.56","83.17","75.47","10.91"
"2026-11-23","87.64","11.37","54.44","85.91","79.62","81.52","12.86","94.74","22.01","68.52","102.9","91.78","92.47","14.9","99.39","25.91","70.29","101.18","87.67","85.76","12.91","92.19","15.2","56.17","84.23","75.6","10.95"
"2026-11-24","88.47","10.57","55.49","87.49","80.14","82.06","12.98","95.73","21.34","69.63","104.42","92.16","92.79","14.95","100.14","24.89","70.94","102.15","87.66","85.73","12.89","92.8","14.06","56.77","85.27","75.73","10.99"
"2026-11-25","89.3","9.81","56.53","89.05","80.66","82.59","13.09","96.69","20.68","70.7","105.9","92.53","93.1","15.0","100.87","23.89","71.56","103.09","87.65","85.7","12.88","93.4","12.95","57.37","86.29","75.87","11.03"
"2026-11-26","90.12","9.06","57.56","90.59","81.17","83.13","13.21","97.64","20.04","71.76","107.34","92.88","93.39","15.05","101.58","22.9","72.16","103.99","87.62","85.65","12.87","93.97","11.86","57.95","87.3","76.01","11.07"
"2026-11-27","90.92","8.35","58.57","92.1","81.68","83.65","13.32","98.57","19.42","72.78","108.74","93.22","93.66","15.09","102.26","21.91","72.72","104.85","87.59","85.6","12.85","94.54","10.8","58.51","88.29","76.16","11.12"
"2026-11-28","91.71","7.66","59.58","93.59","82.19","84.17","13.43","99.48","18.81","73.78","110.11","93.54","93.92","15.13","102.92","20.95","73.27","105.68","87.54","85.55","12.84","95.08","9.76","59.07","89.26","76.3","11.16"
"2026-11-29","92.49","7.01","60.57","95.06","82.69","84.69","13.55","100.37","18.22","74.76","111.43","93.85","94.17","15.17","103.56","20.0","73.78","106.48","87.49","85.48","12.82","95.61","8.75","59.61","90.21","76.46","11.2"
"2026-11-30","93.26","6.38","61.55","96.51","83.19","85.2","13.65","101.24","17.64","75.7","112.71","94.14","94.39","15.2","104.17","19.06","74.27","107.24","87.43","85.41","12.81","96.13","7.76","60.14","91.14","76.61","11.25"
"2026-12-01","94.01","5.78","62.52","97.93","83.69","85.71","13.76","102.08","17.08","76.62","113.95","94.42","94.61","15.23","104.75","18.13","74.73","107.96","87.36","85.34","12.79","96.63","6.8","60.66","92.05","76.77","11.3"
"2026-12-02","94.75","5.2","63.47","99.32","84.18","86.2","13.87","102.91","16.54","77.51","115.15","94.68","94.81","15.26","105.31","17.23","75.17","108.65","87.28","85.26","12.77","97.11","5.87","61.17","92.95","76.92","11.34"
"2026-12-03","95.48","4.66","64.41","100.69","84.67","86.7","13.97","103.71","16.02","78.37","116.31","94.93","94.99","15.28","105.85","16.33","75.57","109.3","87.2","85.17","12.75","97.57","4.97","61.67","93.82","77.09","11.39"
"2026-12-04","96.19","4.14","65.33","102.04","85.15","87.18","14.07","104.49","15.51","79.2","117.42","95.16","95.16","15.3","106.36","15.46","75.96","109.91","87.11","85.08","12.73","98.02","4.09","62.15","94.68","77.25","11.44"
"2026-12-05","96.88","3.65","66.24","103.35","85.63","87.66","14.17","105.24","15.01","80.0","118.49","95.38","95.31","15.32","106.85","14.6","76.31","110.5","87.01","84.98","12.71","98.46","3.24","62.62","95.51","77.42","11.49"
"2026-12-06","97.57","3.19","67.13","104.64","86.11","88.13","14.27","105.98","14.54","80.77","119.52","95.58","95.44","15.33","107.31","13.76","76.64","111.04","86.9","84.88","12.69","98.87","2.42","63.08","96.33","77.59","11.54"
"2026-12-07","98.23","2.76","68.0","105.9","86.57","88.59","14.37","106.68","14.08","81.51","120.5","95.77","95.56","15.34","107.75","12.93","76.94","111.55","86.79","84.77","12.67","99.27","1.63","63.53","97.13","77.77","11.59"
"2026-12-08","98.89","2.35","68.86","107.13","87.03","89.05","14.46","107.37","13.63","82.21","121.44","95.94","95.67","15.35","108.16","12.12","77.22","112.03","86.67","84.66","12.64","99.66","0.87","63.97","97.9","77.95","11.64"
"2026-12-09","99.52","1.97","69.7","108.33","87.49","89.49","14.55","108.03","13.21","82.89","122.34","96.09","95.76","15.36","108.54","11.33","77.47","112.47","86.54","84.54","12.62","100.03","0.14","64.39","98.66","78.13","11.69"
"2026-12-10","100.15","1.63","70.53","109.5","87.94","89.93","14.64","108.67","12.8","83.54","123.19","96.23","95.83","15.36","108.9","10.56","77.7","112.87","86.41","84.42","12.6","100.38","0","64.8","99.39","78.31","11.75"
"2026-12-11","100.75","1.31","71.33","110.64","88.38","90.36","14.73","109.28","12.4","84.15","123.99","96.35","95.89","15.35","109.24","9.81","77.9","113.24","86.27","84.3","12.58","100.72","0","65.2","100.11","78.5","11.8"
"2026-12-12","101.34","1.01","72.12","111.75","88.81","90.77","14.81","109.86","12.02","84.74","124.75","96.46","95.93","15.35","109.55","9.07","78.07","113.58","86.13","84.18","12.55","101.03","0","65.58","100.8","78.68","11.85"
"2026-12-13","101.91","0.75","72.89","112.82","89.23","91.18","14.9","110.42","11.66","85.29","125.46","96.55","95.96","15.34","109.84","8.36","78.22","113.88","85.98","84.05","12.53","101.34","0","65.96","101.48","78.88","11.91"
"2026-12-14","102.47","0.51","73.63","113.87","89.65","91.58","14.97","110.96","11.32","85.8","126.13","96.62","95.97","15.33","110.1","7.67","78.34","114.15","85.83","83.91","12.5","101.62","0","66.32","102.13","79.07","11.96"
"2026-12-15","103.01","0.3","74.36","114.87","90.06","91.96","15.05","111.47","10.99","86.29","126.75","96.68","95.97","15.31","110.34","6.99","78.44","114.39","85.67","83.78","12.48","101.9","0","66.67","102.76","79.27","12.02"
"2026-12-16","103.53","0.12","75.07","115.85","90.46","92.34","15.12","111.95","10.68","86.74","127.32","96.72","95.95","15.3","110.55","6.34","78.52","114.59","85.51","83.64","12.46","102.15","0","67.01","103.37","79.46","12.07"
"2026-12-17","104.03","0","75.76","116.79","90.85","92.7","15.2","112.41","10.38","87.16","127.85","96.75","95.91","15.28","110.73","5.71","78.57","114.75","85.34","83.5","12.43","102.39","0","67.33","103.95","79.66","12.13"
"2026-12-18","104.52","0","76.42","117.69","91.22","93.05","15.26","112.84","10.1","87.55","128.33","96.76","95.86","15.25","110.89","5.1","78.59","114.89","85.17","83.36","12.41","102.61","0","67.64","104.52","79.87","12.19"
"2026-12-19","104.98","0","77.07","118.56","91.59","93.39","15.33","113.24","9.84","87.9","128.76","96.75","95.8","15.22","111.03","4.51","78.59","114.99","85.0","83.22","12.39","102.82","0","67.94","105.06","80.07","12.24"
"2026-12-20","105.43","0","77.69","119.39","91.95","93.72","15.39","113.62","9.59","88.22","129.14","96.73","95.72","15.2","111.14","3.94","78.57","115.06","84.82","83.07","12.36","103.01","0","68.23","105.58","80.28","12.3"
"2026-12-21","105.86","0","78.29","120.19","92.3","94.04","15.45","113.97","9.36","88.5","129.48","96.7","95.63","15.16","111.23","3.4","78.52","115.09","84.64","82.92","12.34","103.18","0","68.5","106.08","80.48","12.36"
"2026-12-22","106.27","0","78.86","120.95","92.64","94.34","15.51","114.29","9.15","88.76","129.77","96.64","95.52","15.13","111.29","2.87","78.46","115.1","84.46","82.78","12.31","103.34","0","68.77","106.56","80.69","12.42"
"2026-12-23","106.67","0","79.42","121.67","92.97","94.63","15.56","114.58","8.96","88.97","130.02","96.58","95.4","15.09","111.33","2.38","78.36","115.07","84.27","82.63","12.29","103.48","0","69.01","107.01","80.9","12.47"
"2026-12-24","107.04","0","79.94","122.35","93.28","94.91","15.61","114.85","8.78","89.16","130.22","96.49","95.27","15.05","111.34","1.9","78.25","115.01","84.08","82.48","12.27","103.6","0","69.25","107.44","81.12","12.53"
"2026-12-25","107.39","0","80.45","122.99","93.59","95.17","15.66","115.08","8.61","89.31","130.37","96.4","95.12","15.01","111.33","1.45","78.11","114.92","83.89","82.33","12.25","103.71","0","69.47","107.85","81.33","12.59"
"2026-12-26","107.72","0","80.93","123.59","93.88","95.42","15.7","115.29","8.47","89.43","130.47","96.28","94.96","14.96","111.3","1.02","77.95","114.8","83.7","82.18","12.22","103.8","0","69.68","108.23","81.54","12.65"
"2026-12-27","108.04","0","81.38","124.16","94.16","95.66","15.74","115.48","8.34","89.51","130.53","96.16","94.78","14.91","111.24","0.62","77.77","114.65","83.5","82.03","12.2","103.88","0","69.88","108.59","81.75","12.7"
"2026-12-28","108.33","0.05","81.81","124.68","94.42","95.88","15.78","115.63","8.23","89.56","130.54","96.01","94.59","14.86","111.15","0.24","77.57","114.46","83.31","81.88","12.18","103.94","0","70.06","108.92","81.97","12.76"
"2026-12-29","108.6","0.22","82.22","125.16","94.68","96.09","15.81","115.76","8.13","89.57","130.5","95.86","94.39","14.81","111.05","0","77.34","114.25","83.11","81.73","12.16","103.99","0","70.23","109.23","82.18","12.82"
"2026-12-30","108.85","0.41","82.59","125.6","94.92","96.28","15.84","115.85","8.05","89.55","130.42","95.69","94.17","14.75","110.92","0","77.1","114.01","82.91","81.58","12.14","104.01","0","70.38","109.52","82.4","12.87"
"2026-12-31","109.08","0.62","82.95","126.0","95.15","96.46","15.87","115.92","7.99","89.5","130.29","95.5","93.95","14.7","110.77","0","76.83","113.74","82.72","81.43","12.12","104.03","0","70.52","109.78","82.61","12.93"
